{
    "gridSize": 100, 
    "nThreads": 4, 
    "metric": "ROC_AUC", 
    "gridPoints": [
        {
            "index": 0, 
            "finishedAt": 1524747886401.0, 
            "score": 0.53648511855696357, 
            "parameters": {
                "reg_alpha": 0.0, 
                "colsample_bytree": 0.75, 
                "colsample_bylevel": 1.0, 
                "learning_rate": 0.01, 
                "max_delta_step": 0.0, 
                "min_child_weight": 0.0, 
                "subsample": 0.75, 
                "reg_lambda": 1.0, 
                "max_depth": 1, 
                "gamma": 0.0
            }, 
            "time": 1664.0
        }, 
        {
            "index": 1, 
            "finishedAt": 1524747887049.0, 
            "score": 0.50637609897275437, 
            "parameters": {
                "reg_alpha": 0.0, 
                "colsample_bytree": 0.75, 
                "colsample_bylevel": 1.0, 
                "learning_rate": 0.01, 
                "max_delta_step": 0.0, 
                "min_child_weight": 0.0, 
                "subsample": 1.0, 
                "reg_lambda": 1.0, 
                "max_depth": 1, 
                "gamma": 0.0
            }, 
            "time": 1825.0
        }, 
        {
            "index": 2, 
            "finishedAt": 1524747887824.0, 
            "score": 0.55767781982363662, 
            "parameters": {
                "reg_alpha": 0.0, 
                "colsample_bytree": 0.75, 
                "colsample_bylevel": 1.0, 
                "learning_rate": 0.01, 
                "max_delta_step": 0.0, 
                "min_child_weight": 0.0, 
                "subsample": 0.75, 
                "reg_lambda": 1.0, 
                "max_depth": 2, 
                "gamma": 0.0
            }, 
            "time": 2544.0
        }, 
        {
            "index": 3, 
            "finishedAt": 1524747888833.0, 
            "score": 0.53027488772614806, 
            "parameters": {
                "reg_alpha": 0.0, 
                "colsample_bytree": 0.75, 
                "colsample_bylevel": 1.0, 
                "learning_rate": 0.01, 
                "max_delta_step": 0.0, 
                "min_child_weight": 0.0, 
                "subsample": 1.0, 
                "reg_lambda": 1.0, 
                "max_depth": 2, 
                "gamma": 0.0
            }, 
            "time": 2942.0
        }, 
        {
            "index": 4, 
            "finishedAt": 1524747889557.0, 
            "score": 0.53151386770576725, 
            "parameters": {
                "reg_alpha": 0.0, 
                "colsample_bytree": 0.75, 
                "colsample_bylevel": 1.0, 
                "learning_rate": 0.01, 
                "max_delta_step": 0.0, 
                "min_child_weight": 0.0, 
                "subsample": 0.75, 
                "reg_lambda": 1.0, 
                "max_depth": 3, 
                "gamma": 0.0
            }, 
            "time": 2662.0
        }, 
        {
            "index": 5, 
            "finishedAt": 1524747890394.0, 
            "score": 0.53588556014556987, 
            "parameters": {
                "reg_alpha": 0.0, 
                "colsample_bytree": 0.75, 
                "colsample_bylevel": 1.0, 
                "learning_rate": 0.01, 
                "max_delta_step": 0.0, 
                "min_child_weight": 0.0, 
                "subsample": 1.0, 
                "reg_lambda": 1.0, 
                "max_depth": 3, 
                "gamma": 0.0
            }, 
            "time": 3146.0
        }, 
        {
            "index": 6, 
            "finishedAt": 1524747892879.0, 
            "score": 0.55480815295333497, 
            "parameters": {
                "reg_alpha": 0.0, 
                "colsample_bytree": 0.75, 
                "colsample_bylevel": 1.0, 
                "learning_rate": 0.01, 
                "max_delta_step": 0.0, 
                "min_child_weight": 0.0, 
                "subsample": 0.75, 
                "reg_lambda": 1.0, 
                "max_depth": 5, 
                "gamma": 0.0
            }, 
            "time": 7184.0
        }, 
        {
            "index": 7, 
            "finishedAt": 1524747895557.0, 
            "score": 0.54926286482825526, 
            "parameters": {
                "reg_alpha": 0.0, 
                "colsample_bytree": 0.75, 
                "colsample_bylevel": 1.0, 
                "learning_rate": 0.01, 
                "max_delta_step": 0.0, 
                "min_child_weight": 0.0, 
                "subsample": 1.0, 
                "reg_lambda": 1.0, 
                "max_depth": 5, 
                "gamma": 0.0
            }, 
            "time": 7270.0
        }, 
        {
            "index": 8, 
            "finishedAt": 1524747902214.0, 
            "score": 0.57502621125131892, 
            "parameters": {
                "reg_alpha": 0.0, 
                "colsample_bytree": 0.75, 
                "colsample_bylevel": 1.0, 
                "learning_rate": 0.01, 
                "max_delta_step": 0.0, 
                "min_child_weight": 0.0, 
                "subsample": 0.75, 
                "reg_lambda": 1.0, 
                "max_depth": 10, 
                "gamma": 0.0
            }, 
            "time": 14820.0
        }, 
        {
            "index": 9, 
            "finishedAt": 1524747903210.0, 
            "score": 0.54820270054931874, 
            "parameters": {
                "reg_alpha": 0.0, 
                "colsample_bytree": 0.75, 
                "colsample_bylevel": 1.0, 
                "learning_rate": 0.01, 
                "max_delta_step": 0.0, 
                "min_child_weight": 0.0, 
                "subsample": 1.0, 
                "reg_lambda": 1.0, 
                "max_depth": 10, 
                "gamma": 0.0
            }, 
            "time": 13917.0
        }, 
        {
            "index": 10, 
            "finishedAt": 1524747900362.0, 
            "score": 0.49740691612536336, 
            "parameters": {
                "reg_alpha": 0.0, 
                "colsample_bytree": 0.75, 
                "colsample_bylevel": 1.0, 
                "learning_rate": 0.05, 
                "max_delta_step": 0.0, 
                "min_child_weight": 0.0, 
                "subsample": 0.75, 
                "reg_lambda": 1.0, 
                "max_depth": 1, 
                "gamma": 0.0
            }, 
            "time": 1574.0
        }, 
        {
            "index": 11, 
            "finishedAt": 1524747901219.0, 
            "score": 0.51678473824623805, 
            "parameters": {
                "reg_alpha": 0.0, 
                "colsample_bytree": 0.75, 
                "colsample_bylevel": 1.0, 
                "learning_rate": 0.05, 
                "max_delta_step": 0.0, 
                "min_child_weight": 0.0, 
                "subsample": 1.0, 
                "reg_lambda": 1.0, 
                "max_depth": 1, 
                "gamma": 0.0
            }, 
            "time": 1089.0
        }, 
        {
            "index": 12, 
            "finishedAt": 1524747902372.0, 
            "score": 0.55281241753483934, 
            "parameters": {
                "reg_alpha": 0.0, 
                "colsample_bytree": 0.75, 
                "colsample_bylevel": 1.0, 
                "learning_rate": 0.05, 
                "max_delta_step": 0.0, 
                "min_child_weight": 0.0, 
                "subsample": 0.75, 
                "reg_lambda": 1.0, 
                "max_depth": 2, 
                "gamma": 0.0
            }, 
            "time": 2353.0
        }, 
        {
            "index": 13, 
            "finishedAt": 1524747903209.0, 
            "score": 0.53595147070553706, 
            "parameters": {
                "reg_alpha": 0.0, 
                "colsample_bytree": 0.75, 
                "colsample_bylevel": 1.0, 
                "learning_rate": 0.05, 
                "max_delta_step": 0.0, 
                "min_child_weight": 0.0, 
                "subsample": 1.0, 
                "reg_lambda": 1.0, 
                "max_depth": 2, 
                "gamma": 0.0
            }, 
            "time": 2293.0
        }, 
        {
            "index": 14, 
            "finishedAt": 1524747905245.0, 
            "score": 0.56760617116822698, 
            "parameters": {
                "reg_alpha": 0.0, 
                "colsample_bytree": 0.75, 
                "colsample_bylevel": 1.0, 
                "learning_rate": 0.05, 
                "max_delta_step": 0.0, 
                "min_child_weight": 0.0, 
                "subsample": 0.75, 
                "reg_lambda": 1.0, 
                "max_depth": 3, 
                "gamma": 0.0
            }, 
            "time": 3787.0
        }, 
        {
            "index": 15, 
            "finishedAt": 1524747905039.0, 
            "score": 0.53842061329816149, 
            "parameters": {
                "reg_alpha": 0.0, 
                "colsample_bytree": 0.75, 
                "colsample_bylevel": 1.0, 
                "learning_rate": 0.05, 
                "max_delta_step": 0.0, 
                "min_child_weight": 0.0, 
                "subsample": 1.0, 
                "reg_lambda": 1.0, 
                "max_depth": 3, 
                "gamma": 0.0
            }, 
            "time": 2489.0
        }, 
        {
            "index": 16, 
            "finishedAt": 1524747909192.0, 
            "score": 0.56207898528303601, 
            "parameters": {
                "reg_alpha": 0.0, 
                "colsample_bytree": 0.75, 
                "colsample_bylevel": 1.0, 
                "learning_rate": 0.05, 
                "max_delta_step": 0.0, 
                "min_child_weight": 0.0, 
                "subsample": 0.75, 
                "reg_lambda": 1.0, 
                "max_depth": 5, 
                "gamma": 0.0
            }, 
            "time": 9244.0
        }, 
        {
            "index": 17, 
            "finishedAt": 1524747910179.0, 
            "score": 0.55000022589998643, 
            "parameters": {
                "reg_alpha": 0.0, 
                "colsample_bytree": 0.75, 
                "colsample_bylevel": 1.0, 
                "learning_rate": 0.05, 
                "max_delta_step": 0.0, 
                "min_child_weight": 0.0, 
                "subsample": 1.0, 
                "reg_lambda": 1.0, 
                "max_depth": 5, 
                "gamma": 0.0
            }, 
            "time": 5988.0
        }, 
        {
            "index": 18, 
            "finishedAt": 1524747932753.0, 
            "score": 0.5716599753304562, 
            "parameters": {
                "reg_alpha": 0.0, 
                "colsample_bytree": 0.75, 
                "colsample_bylevel": 1.0, 
                "learning_rate": 0.05, 
                "max_delta_step": 0.0, 
                "min_child_weight": 0.0, 
                "subsample": 0.75, 
                "reg_lambda": 1.0, 
                "max_depth": 10, 
                "gamma": 0.0
            }, 
            "time": 31417.0
        }, 
        {
            "index": 19, 
            "finishedAt": 1524747935419.0, 
            "score": 0.5632523413239815, 
            "parameters": {
                "reg_alpha": 0.0, 
                "colsample_bytree": 0.75, 
                "colsample_bylevel": 1.0, 
                "learning_rate": 0.05, 
                "max_delta_step": 0.0, 
                "min_child_weight": 0.0, 
                "subsample": 1.0, 
                "reg_lambda": 1.0, 
                "max_depth": 10, 
                "gamma": 0.0
            }, 
            "time": 29602.0
        }, 
        {
            "index": 20, 
            "finishedAt": 1524747914559.0, 
            "score": 0.52169698482846427, 
            "parameters": {
                "reg_alpha": 0.0, 
                "colsample_bytree": 0.75, 
                "colsample_bylevel": 1.0, 
                "learning_rate": 0.1, 
                "max_delta_step": 0.0, 
                "min_child_weight": 0.0, 
                "subsample": 0.75, 
                "reg_lambda": 1.0, 
                "max_depth": 1, 
                "gamma": 0.0
            }, 
            "time": 1032.0
        }, 
        {
            "index": 21, 
            "finishedAt": 1524747915582.0, 
            "score": 0.52338268880544037, 
            "parameters": {
                "reg_alpha": 0.0, 
                "colsample_bytree": 0.75, 
                "colsample_bylevel": 1.0, 
                "learning_rate": 0.1, 
                "max_delta_step": 0.0, 
                "min_child_weight": 0.0, 
                "subsample": 1.0, 
                "reg_lambda": 1.0, 
                "max_depth": 1, 
                "gamma": 0.0
            }, 
            "time": 1188.0
        }, 
        {
            "index": 22, 
            "finishedAt": 1524747916980.0, 
            "score": 0.54674290478942933, 
            "parameters": {
                "reg_alpha": 0.0, 
                "colsample_bytree": 0.75, 
                "colsample_bylevel": 1.0, 
                "learning_rate": 0.1, 
                "max_delta_step": 0.0, 
                "min_child_weight": 0.0, 
                "subsample": 0.75, 
                "reg_lambda": 1.0, 
                "max_depth": 2, 
                "gamma": 0.0
            }, 
            "time": 2443.0
        }, 
        {
            "index": 23, 
            "finishedAt": 1524747918336.0, 
            "score": 0.53240299846196149, 
            "parameters": {
                "reg_alpha": 0.0, 
                "colsample_bytree": 0.75, 
                "colsample_bylevel": 1.0, 
                "learning_rate": 0.1, 
                "max_delta_step": 0.0, 
                "min_child_weight": 0.0, 
                "subsample": 1.0, 
                "reg_lambda": 1.0, 
                "max_depth": 2, 
                "gamma": 0.0
            }, 
            "time": 1882.0
        }, 
        {
            "index": 24, 
            "finishedAt": 1524747920133.0, 
            "score": 0.56440725200114517, 
            "parameters": {
                "reg_alpha": 0.0, 
                "colsample_bytree": 0.75, 
                "colsample_bylevel": 1.0, 
                "learning_rate": 0.1, 
                "max_delta_step": 0.0, 
                "min_child_weight": 0.0, 
                "subsample": 0.75, 
                "reg_lambda": 1.0, 
                "max_depth": 3, 
                "gamma": 0.0
            }, 
            "time": 3441.0
        }, 
        {
            "index": 25, 
            "finishedAt": 1524747921643.0, 
            "score": 0.54047911196104303, 
            "parameters": {
                "reg_alpha": 0.0, 
                "colsample_bytree": 0.75, 
                "colsample_bylevel": 1.0, 
                "learning_rate": 0.1, 
                "max_delta_step": 0.0, 
                "min_child_weight": 0.0, 
                "subsample": 1.0, 
                "reg_lambda": 1.0, 
                "max_depth": 3, 
                "gamma": 0.0
            }, 
            "time": 2699.0
        }, 
        {
            "index": 26, 
            "finishedAt": 1524747937859.0, 
            "score": 0.56263868603860501, 
            "parameters": {
                "reg_alpha": 0.0, 
                "colsample_bytree": 0.75, 
                "colsample_bylevel": 1.0, 
                "learning_rate": 0.1, 
                "max_delta_step": 0.0, 
                "min_child_weight": 0.0, 
                "subsample": 0.75, 
                "reg_lambda": 1.0, 
                "max_depth": 5, 
                "gamma": 0.0
            }, 
            "time": 19461.0
        }, 
        {
            "index": 27, 
            "finishedAt": 1524747928535.0, 
            "score": 0.54516308312367046, 
            "parameters": {
                "reg_alpha": 0.0, 
                "colsample_bytree": 0.75, 
                "colsample_bylevel": 1.0, 
                "learning_rate": 0.1, 
                "max_delta_step": 0.0, 
                "min_child_weight": 0.0, 
                "subsample": 1.0, 
                "reg_lambda": 1.0, 
                "max_depth": 5, 
                "gamma": 0.0
            }, 
            "time": 4044.0
        }, 
        {
            "index": 28, 
            "finishedAt": 1524747956791.0, 
            "score": 0.55607022203072642, 
            "parameters": {
                "reg_alpha": 0.0, 
                "colsample_bytree": 0.75, 
                "colsample_bylevel": 1.0, 
                "learning_rate": 0.1, 
                "max_delta_step": 0.0, 
                "min_child_weight": 0.0, 
                "subsample": 0.75, 
                "reg_lambda": 1.0, 
                "max_depth": 10, 
                "gamma": 0.0
            }, 
            "time": 39151.0
        }, 
        {
            "index": 29, 
            "finishedAt": 1524747960120.0, 
            "score": 0.55893946056666532, 
            "parameters": {
                "reg_alpha": 0.0, 
                "colsample_bytree": 0.75, 
                "colsample_bylevel": 1.0, 
                "learning_rate": 0.1, 
                "max_delta_step": 0.0, 
                "min_child_weight": 0.0, 
                "subsample": 1.0, 
                "reg_lambda": 1.0, 
                "max_depth": 10, 
                "gamma": 0.0
            }, 
            "time": 29187.0
        }, 
        {
            "index": 30, 
            "finishedAt": 1524747945582.0, 
            "score": 0.54749612990573826, 
            "parameters": {
                "reg_alpha": 0.0, 
                "colsample_bytree": 0.75, 
                "colsample_bylevel": 1.0, 
                "learning_rate": 0.3, 
                "max_delta_step": 0.0, 
                "min_child_weight": 0.0, 
                "subsample": 0.75, 
                "reg_lambda": 1.0, 
                "max_depth": 1, 
                "gamma": 0.0
            }, 
            "time": 3310.0
        }, 
        {
            "index": 31, 
            "finishedAt": 1524747945733.0, 
            "score": 0.53767765855429184, 
            "parameters": {
                "reg_alpha": 0.0, 
                "colsample_bytree": 0.75, 
                "colsample_bylevel": 1.0, 
                "learning_rate": 0.3, 
                "max_delta_step": 0.0, 
                "min_child_weight": 0.0, 
                "subsample": 1.0, 
                "reg_lambda": 1.0, 
                "max_depth": 1, 
                "gamma": 0.0
            }, 
            "time": 1206.0
        }, 
        {
            "index": 32, 
            "finishedAt": 1524747951023.0, 
            "score": 0.56188043532000009, 
            "parameters": {
                "reg_alpha": 0.0, 
                "colsample_bytree": 0.75, 
                "colsample_bylevel": 1.0, 
                "learning_rate": 0.3, 
                "max_delta_step": 0.0, 
                "min_child_weight": 0.0, 
                "subsample": 0.75, 
                "reg_lambda": 1.0, 
                "max_depth": 2, 
                "gamma": 0.0
            }, 
            "time": 10246.0
        }, 
        {
            "index": 33, 
            "finishedAt": 1524747957353.0, 
            "score": 0.54608206807260629, 
            "parameters": {
                "reg_alpha": 0.0, 
                "colsample_bytree": 0.75, 
                "colsample_bylevel": 1.0, 
                "learning_rate": 0.3, 
                "max_delta_step": 0.0, 
                "min_child_weight": 0.0, 
                "subsample": 1.0, 
                "reg_lambda": 1.0, 
                "max_depth": 2, 
                "gamma": 0.0
            }, 
            "time": 7113.0
        }, 
        {
            "index": 34, 
            "finishedAt": 1524747963247.0, 
            "score": 0.55443209117716785, 
            "parameters": {
                "reg_alpha": 0.0, 
                "colsample_bytree": 0.75, 
                "colsample_bylevel": 1.0, 
                "learning_rate": 0.3, 
                "max_delta_step": 0.0, 
                "min_child_weight": 0.0, 
                "subsample": 0.75, 
                "reg_lambda": 1.0, 
                "max_depth": 3, 
                "gamma": 0.0
            }, 
            "time": 14148.0
        }, 
        {
            "index": 35, 
            "finishedAt": 1524747968816.0, 
            "score": 0.55619342675755212, 
            "parameters": {
                "reg_alpha": 0.0, 
                "colsample_bytree": 0.75, 
                "colsample_bylevel": 1.0, 
                "learning_rate": 0.3, 
                "max_delta_step": 0.0, 
                "min_child_weight": 0.0, 
                "subsample": 1.0, 
                "reg_lambda": 1.0, 
                "max_depth": 3, 
                "gamma": 0.0
            }, 
            "time": 14622.0
        }, 
        {
            "index": 36, 
            "finishedAt": 1524747972216.0, 
            "score": 0.54830226544361205, 
            "parameters": {
                "reg_alpha": 0.0, 
                "colsample_bytree": 0.75, 
                "colsample_bylevel": 1.0, 
                "learning_rate": 0.3, 
                "max_delta_step": 0.0, 
                "min_child_weight": 0.0, 
                "subsample": 0.75, 
                "reg_lambda": 1.0, 
                "max_depth": 5, 
                "gamma": 0.0
            }, 
            "time": 20793.0
        }, 
        {
            "index": 37, 
            "finishedAt": 1524747979788.0, 
            "score": 0.56571846255662572, 
            "parameters": {
                "reg_alpha": 0.0, 
                "colsample_bytree": 0.75, 
                "colsample_bylevel": 1.0, 
                "learning_rate": 0.3, 
                "max_delta_step": 0.0, 
                "min_child_weight": 0.0, 
                "subsample": 1.0, 
                "reg_lambda": 1.0, 
                "max_depth": 5, 
                "gamma": 0.0
            }, 
            "time": 17614.0
        }, 
        {
            "index": 38, 
            "finishedAt": 1524747983917.0, 
            "score": 0.55360866311662404, 
            "parameters": {
                "reg_alpha": 0.0, 
                "colsample_bytree": 0.75, 
                "colsample_bylevel": 1.0, 
                "learning_rate": 0.3, 
                "max_delta_step": 0.0, 
                "min_child_weight": 0.0, 
                "subsample": 0.75, 
                "reg_lambda": 1.0, 
                "max_depth": 10, 
                "gamma": 0.0
            }, 
            "time": 25440.0
        }, 
        {
            "index": 39, 
            "finishedAt": 1524747995504.0, 
            "score": 0.55452390342763702, 
            "parameters": {
                "reg_alpha": 0.0, 
                "colsample_bytree": 0.75, 
                "colsample_bylevel": 1.0, 
                "learning_rate": 0.3, 
                "max_delta_step": 0.0, 
                "min_child_weight": 0.0, 
                "subsample": 1.0, 
                "reg_lambda": 1.0, 
                "max_depth": 10, 
                "gamma": 0.0
            }, 
            "time": 37178.0
        }, 
        {
            "index": 40, 
            "finishedAt": 1524747985972.0, 
            "score": 0.52831566030215893, 
            "parameters": {
                "reg_alpha": 0.0, 
                "colsample_bytree": 0.75, 
                "colsample_bylevel": 1.0, 
                "learning_rate": 0.5, 
                "max_delta_step": 0.0, 
                "min_child_weight": 0.0, 
                "subsample": 0.75, 
                "reg_lambda": 1.0, 
                "max_depth": 1, 
                "gamma": 0.0
            }, 
            "time": 3008.0
        }, 
        {
            "index": 41, 
            "finishedAt": 1524747988641.0, 
            "score": 0.55161205834091342, 
            "parameters": {
                "reg_alpha": 0.0, 
                "colsample_bytree": 0.75, 
                "colsample_bylevel": 1.0, 
                "learning_rate": 0.5, 
                "max_delta_step": 0.0, 
                "min_child_weight": 0.0, 
                "subsample": 1.0, 
                "reg_lambda": 1.0, 
                "max_depth": 1, 
                "gamma": 0.0
            }, 
            "time": 3910.0
        }, 
        {
            "index": 42, 
            "finishedAt": 1524747992711.0, 
            "score": 0.55863788108357737, 
            "parameters": {
                "reg_alpha": 0.0, 
                "colsample_bytree": 0.75, 
                "colsample_bylevel": 1.0, 
                "learning_rate": 0.5, 
                "max_delta_step": 0.0, 
                "min_child_weight": 0.0, 
                "subsample": 0.75, 
                "reg_lambda": 1.0, 
                "max_depth": 2, 
                "gamma": 0.0
            }, 
            "time": 7748.0
        }, 
        {
            "index": 43, 
            "finishedAt": 1524748000329.0, 
            "score": 0.55687148439996426, 
            "parameters": {
                "reg_alpha": 0.0, 
                "colsample_bytree": 0.75, 
                "colsample_bylevel": 1.0, 
                "learning_rate": 0.5, 
                "max_delta_step": 0.0, 
                "min_child_weight": 0.0, 
                "subsample": 1.0, 
                "reg_lambda": 1.0, 
                "max_depth": 2, 
                "gamma": 0.0
            }, 
            "time": 9776.0
        }, 
        {
            "index": 44, 
            "finishedAt": 1524748000387.0, 
            "score": 0.55130869357532564, 
            "parameters": {
                "reg_alpha": 0.0, 
                "colsample_bytree": 0.75, 
                "colsample_bylevel": 1.0, 
                "learning_rate": 0.5, 
                "max_delta_step": 0.0, 
                "min_child_weight": 0.0, 
                "subsample": 0.75, 
                "reg_lambda": 1.0, 
                "max_depth": 3, 
                "gamma": 0.0
            }, 
            "time": 13044.0
        }, 
        {
            "index": 45, 
            "finishedAt": 1524748010521.0, 
            "score": 0.54399544298108327, 
            "parameters": {
                "reg_alpha": 0.0, 
                "colsample_bytree": 0.75, 
                "colsample_bylevel": 1.0, 
                "learning_rate": 0.5, 
                "max_delta_step": 0.0, 
                "min_child_weight": 0.0, 
                "subsample": 1.0, 
                "reg_lambda": 1.0, 
                "max_depth": 3, 
                "gamma": 0.0
            }, 
            "time": 14886.0
        }, 
        {
            "index": 46, 
            "finishedAt": 1524748010703.0, 
            "score": 0.54209852033210038, 
            "parameters": {
                "reg_alpha": 0.0, 
                "colsample_bytree": 0.75, 
                "colsample_bylevel": 1.0, 
                "learning_rate": 0.5, 
                "max_delta_step": 0.0, 
                "min_child_weight": 0.0, 
                "subsample": 0.75, 
                "reg_lambda": 1.0, 
                "max_depth": 5, 
                "gamma": 0.0
            }, 
            "time": 20619.0
        }, 
        {
            "index": 47, 
            "finishedAt": 1524748020544.0, 
            "score": 0.54759958660628982, 
            "parameters": {
                "reg_alpha": 0.0, 
                "colsample_bytree": 0.75, 
                "colsample_bylevel": 1.0, 
                "learning_rate": 0.5, 
                "max_delta_step": 0.0, 
                "min_child_weight": 0.0, 
                "subsample": 1.0, 
                "reg_lambda": 1.0, 
                "max_depth": 5, 
                "gamma": 0.0
            }, 
            "time": 22360.0
        }, 
        {
            "index": 48, 
            "finishedAt": 1524748023080.0, 
            "score": 0.54857890420879218, 
            "parameters": {
                "reg_alpha": 0.0, 
                "colsample_bytree": 0.75, 
                "colsample_bylevel": 1.0, 
                "learning_rate": 0.5, 
                "max_delta_step": 0.0, 
                "min_child_weight": 0.0, 
                "subsample": 0.75, 
                "reg_lambda": 1.0, 
                "max_depth": 10, 
                "gamma": 0.0
            }, 
            "time": 25736.0
        }, 
        {
            "index": 49, 
            "finishedAt": 1524748030092.0, 
            "score": 0.54419613630021124, 
            "parameters": {
                "reg_alpha": 0.0, 
                "colsample_bytree": 0.75, 
                "colsample_bylevel": 1.0, 
                "learning_rate": 0.5, 
                "max_delta_step": 0.0, 
                "min_child_weight": 0.0, 
                "subsample": 1.0, 
                "reg_lambda": 1.0, 
                "max_depth": 10, 
                "gamma": 0.0
            }, 
            "time": 22309.0
        }, 
        {
            "index": 50, 
            "finishedAt": 1524748023991.0, 
            "score": 0.52703987446723377, 
            "parameters": {
                "reg_alpha": 0.0, 
                "colsample_bytree": 1.0, 
                "colsample_bylevel": 1.0, 
                "learning_rate": 0.01, 
                "max_delta_step": 0.0, 
                "min_child_weight": 0.0, 
                "subsample": 0.75, 
                "reg_lambda": 1.0, 
                "max_depth": 1, 
                "gamma": 0.0
            }, 
            "time": 1355.0
        }, 
        {
            "index": 51, 
            "finishedAt": 1524748024648.0, 
            "score": 0.50135801317215967, 
            "parameters": {
                "reg_alpha": 0.0, 
                "colsample_bytree": 1.0, 
                "colsample_bylevel": 1.0, 
                "learning_rate": 0.01, 
                "max_delta_step": 0.0, 
                "min_child_weight": 0.0, 
                "subsample": 1.0, 
                "reg_lambda": 1.0, 
                "max_depth": 1, 
                "gamma": 0.0
            }, 
            "time": 1268.0
        }, 
        {
            "index": 52, 
            "finishedAt": 1524748026232.0, 
            "score": 0.5328590019885141, 
            "parameters": {
                "reg_alpha": 0.0, 
                "colsample_bytree": 1.0, 
                "colsample_bylevel": 1.0, 
                "learning_rate": 0.01, 
                "max_delta_step": 0.0, 
                "min_child_weight": 0.0, 
                "subsample": 0.75, 
                "reg_lambda": 1.0, 
                "max_depth": 2, 
                "gamma": 0.0
            }, 
            "time": 2400.0
        }, 
        {
            "index": 53, 
            "finishedAt": 1524748027264.0, 
            "score": 0.52248209243962229, 
            "parameters": {
                "reg_alpha": 0.0, 
                "colsample_bytree": 1.0, 
                "colsample_bylevel": 1.0, 
                "learning_rate": 0.01, 
                "max_delta_step": 0.0, 
                "min_child_weight": 0.0, 
                "subsample": 1.0, 
                "reg_lambda": 1.0, 
                "max_depth": 2, 
                "gamma": 0.0
            }, 
            "time": 2322.0
        }, 
        {
            "index": 54, 
            "finishedAt": 1524748028537.0, 
            "score": 0.55191132595504311, 
            "parameters": {
                "reg_alpha": 0.0, 
                "colsample_bytree": 1.0, 
                "colsample_bylevel": 1.0, 
                "learning_rate": 0.01, 
                "max_delta_step": 0.0, 
                "min_child_weight": 0.0, 
                "subsample": 0.75, 
                "reg_lambda": 1.0, 
                "max_depth": 3, 
                "gamma": 0.0
            }, 
            "time": 3295.0
        }, 
        {
            "index": 55, 
            "finishedAt": 1524748029906.0, 
            "score": 0.52600490964897517, 
            "parameters": {
                "reg_alpha": 0.0, 
                "colsample_bytree": 1.0, 
                "colsample_bylevel": 1.0, 
                "learning_rate": 0.01, 
                "max_delta_step": 0.0, 
                "min_child_weight": 0.0, 
                "subsample": 1.0, 
                "reg_lambda": 1.0, 
                "max_depth": 3, 
                "gamma": 0.0
            }, 
            "time": 3342.0
        }, 
        {
            "index": 56, 
            "finishedAt": 1524748031730.0, 
            "score": 0.56007889678309608, 
            "parameters": {
                "reg_alpha": 0.0, 
                "colsample_bytree": 1.0, 
                "colsample_bylevel": 1.0, 
                "learning_rate": 0.01, 
                "max_delta_step": 0.0, 
                "min_child_weight": 0.0, 
                "subsample": 0.75, 
                "reg_lambda": 1.0, 
                "max_depth": 5, 
                "gamma": 0.0
            }, 
            "time": 5258.0
        }, 
        {
            "index": 57, 
            "finishedAt": 1524748034050.0, 
            "score": 0.53236304876306539, 
            "parameters": {
                "reg_alpha": 0.0, 
                "colsample_bytree": 1.0, 
                "colsample_bylevel": 1.0, 
                "learning_rate": 0.01, 
                "max_delta_step": 0.0, 
                "min_child_weight": 0.0, 
                "subsample": 1.0, 
                "reg_lambda": 1.0, 
                "max_depth": 5, 
                "gamma": 0.0
            }, 
            "time": 5809.0
        }, 
        {
            "index": 58, 
            "finishedAt": 1524748041556.0, 
            "score": 0.55613540623362889, 
            "parameters": {
                "reg_alpha": 0.0, 
                "colsample_bytree": 1.0, 
                "colsample_bylevel": 1.0, 
                "learning_rate": 0.01, 
                "max_delta_step": 0.0, 
                "min_child_weight": 0.0, 
                "subsample": 0.75, 
                "reg_lambda": 1.0, 
                "max_depth": 10, 
                "gamma": 0.0
            }, 
            "time": 16742.0
        }, 
        {
            "index": 59, 
            "finishedAt": 1524748045419.0, 
            "score": 0.53480817364188216, 
            "parameters": {
                "reg_alpha": 0.0, 
                "colsample_bytree": 1.0, 
                "colsample_bylevel": 1.0, 
                "learning_rate": 0.01, 
                "max_delta_step": 0.0, 
                "min_child_weight": 0.0, 
                "subsample": 1.0, 
                "reg_lambda": 1.0, 
                "max_depth": 10, 
                "gamma": 0.0
            }, 
            "time": 16373.0
        }, 
        {
            "index": 60, 
            "finishedAt": 1524748038718.0, 
            "score": 0.52028406164127794, 
            "parameters": {
                "reg_alpha": 0.0, 
                "colsample_bytree": 1.0, 
                "colsample_bylevel": 1.0, 
                "learning_rate": 0.05, 
                "max_delta_step": 0.0, 
                "min_child_weight": 0.0, 
                "subsample": 0.75, 
                "reg_lambda": 1.0, 
                "max_depth": 1, 
                "gamma": 0.0
            }, 
            "time": 1444.0
        }, 
        {
            "index": 61, 
            "finishedAt": 1524748040286.0, 
            "score": 0.50644611664732941, 
            "parameters": {
                "reg_alpha": 0.0, 
                "colsample_bytree": 1.0, 
                "colsample_bylevel": 1.0, 
                "learning_rate": 0.05, 
                "max_delta_step": 0.0, 
                "min_child_weight": 0.0, 
                "subsample": 1.0, 
                "reg_lambda": 1.0, 
                "max_depth": 1, 
                "gamma": 0.0
            }, 
            "time": 1325.0
        }, 
        {
            "index": 62, 
            "finishedAt": 1524748041432.0, 
            "score": 0.54054369188482987, 
            "parameters": {
                "reg_alpha": 0.0, 
                "colsample_bytree": 1.0, 
                "colsample_bylevel": 1.0, 
                "learning_rate": 0.05, 
                "max_delta_step": 0.0, 
                "min_child_weight": 0.0, 
                "subsample": 0.75, 
                "reg_lambda": 1.0, 
                "max_depth": 2, 
                "gamma": 0.0
            }, 
            "time": 2239.0
        }, 
        {
            "index": 63, 
            "finishedAt": 1524748042419.0, 
            "score": 0.5400028947731913, 
            "parameters": {
                "reg_alpha": 0.0, 
                "colsample_bytree": 1.0, 
                "colsample_bylevel": 1.0, 
                "learning_rate": 0.05, 
                "max_delta_step": 0.0, 
                "min_child_weight": 0.0, 
                "subsample": 1.0, 
                "reg_lambda": 1.0, 
                "max_depth": 2, 
                "gamma": 0.0
            }, 
            "time": 2585.0
        }, 
        {
            "index": 64, 
            "finishedAt": 1524748044069.0, 
            "score": 0.55844634091752343, 
            "parameters": {
                "reg_alpha": 0.0, 
                "colsample_bytree": 1.0, 
                "colsample_bylevel": 1.0, 
                "learning_rate": 0.05, 
                "max_delta_step": 0.0, 
                "min_child_weight": 0.0, 
                "subsample": 0.75, 
                "reg_lambda": 1.0, 
                "max_depth": 3, 
                "gamma": 0.0
            }, 
            "time": 3951.0
        }, 
        {
            "index": 65, 
            "finishedAt": 1524748045931.0, 
            "score": 0.53948456380086995, 
            "parameters": {
                "reg_alpha": 0.0, 
                "colsample_bytree": 1.0, 
                "colsample_bylevel": 1.0, 
                "learning_rate": 0.05, 
                "max_delta_step": 0.0, 
                "min_child_weight": 0.0, 
                "subsample": 1.0, 
                "reg_lambda": 1.0, 
                "max_depth": 3, 
                "gamma": 0.0
            }, 
            "time": 4231.0
        }, 
        {
            "index": 66, 
            "finishedAt": 1524748048879.0, 
            "score": 0.55389886132566346, 
            "parameters": {
                "reg_alpha": 0.0, 
                "colsample_bytree": 1.0, 
                "colsample_bylevel": 1.0, 
                "learning_rate": 0.05, 
                "max_delta_step": 0.0, 
                "min_child_weight": 0.0, 
                "subsample": 0.75, 
                "reg_lambda": 1.0, 
                "max_depth": 5, 
                "gamma": 0.0
            }, 
            "time": 7909.0
        }, 
        {
            "index": 67, 
            "finishedAt": 1524748049119.0, 
            "score": 0.5447360121645809, 
            "parameters": {
                "reg_alpha": 0.0, 
                "colsample_bytree": 1.0, 
                "colsample_bylevel": 1.0, 
                "learning_rate": 0.05, 
                "max_delta_step": 0.0, 
                "min_child_weight": 0.0, 
                "subsample": 1.0, 
                "reg_lambda": 1.0, 
                "max_depth": 5, 
                "gamma": 0.0
            }, 
            "time": 4827.0
        }, 
        {
            "index": 68, 
            "finishedAt": 1524748082671.0, 
            "score": 0.55291510369996744, 
            "parameters": {
                "reg_alpha": 0.0, 
                "colsample_bytree": 1.0, 
                "colsample_bylevel": 1.0, 
                "learning_rate": 0.05, 
                "max_delta_step": 0.0, 
                "min_child_weight": 0.0, 
                "subsample": 0.75, 
                "reg_lambda": 1.0, 
                "max_depth": 10, 
                "gamma": 0.0
            }, 
            "time": 44606.0
        }, 
        {
            "index": 69, 
            "finishedAt": 1524748078100.0, 
            "score": 0.54071142760969038, 
            "parameters": {
                "reg_alpha": 0.0, 
                "colsample_bytree": 1.0, 
                "colsample_bylevel": 1.0, 
                "learning_rate": 0.05, 
                "max_delta_step": 0.0, 
                "min_child_weight": 0.0, 
                "subsample": 1.0, 
                "reg_lambda": 1.0, 
                "max_depth": 10, 
                "gamma": 0.0
            }, 
            "time": 31516.0
        }, 
        {
            "index": 70, 
            "finishedAt": 1524748055508.0, 
            "score": 0.5225194488174576, 
            "parameters": {
                "reg_alpha": 0.0, 
                "colsample_bytree": 1.0, 
                "colsample_bylevel": 1.0, 
                "learning_rate": 0.1, 
                "max_delta_step": 0.0, 
                "min_child_weight": 0.0, 
                "subsample": 0.75, 
                "reg_lambda": 1.0, 
                "max_depth": 1, 
                "gamma": 0.0
            }, 
            "time": 1256.0
        }, 
        {
            "index": 71, 
            "finishedAt": 1524748056437.0, 
            "score": 0.50933950508108328, 
            "parameters": {
                "reg_alpha": 0.0, 
                "colsample_bytree": 1.0, 
                "colsample_bylevel": 1.0, 
                "learning_rate": 0.1, 
                "max_delta_step": 0.0, 
                "min_child_weight": 0.0, 
                "subsample": 1.0, 
                "reg_lambda": 1.0, 
                "max_depth": 1, 
                "gamma": 0.0
            }, 
            "time": 1237.0
        }, 
        {
            "index": 72, 
            "finishedAt": 1524748058673.0, 
            "score": 0.54778505878710837, 
            "parameters": {
                "reg_alpha": 0.0, 
                "colsample_bytree": 1.0, 
                "colsample_bylevel": 1.0, 
                "learning_rate": 0.1, 
                "max_delta_step": 0.0, 
                "min_child_weight": 0.0, 
                "subsample": 0.75, 
                "reg_lambda": 1.0, 
                "max_depth": 2, 
                "gamma": 0.0
            }, 
            "time": 2808.0
        }, 
        {
            "index": 73, 
            "finishedAt": 1524748059852.0, 
            "score": 0.54847906302305927, 
            "parameters": {
                "reg_alpha": 0.0, 
                "colsample_bytree": 1.0, 
                "colsample_bylevel": 1.0, 
                "learning_rate": 0.1, 
                "max_delta_step": 0.0, 
                "min_child_weight": 0.0, 
                "subsample": 1.0, 
                "reg_lambda": 1.0, 
                "max_depth": 2, 
                "gamma": 0.0
            }, 
            "time": 3153.0
        }, 
        {
            "index": 74, 
            "finishedAt": 1524748062407.0, 
            "score": 0.55876332494224279, 
            "parameters": {
                "reg_alpha": 0.0, 
                "colsample_bytree": 1.0, 
                "colsample_bylevel": 1.0, 
                "learning_rate": 0.1, 
                "max_delta_step": 0.0, 
                "min_child_weight": 0.0, 
                "subsample": 0.75, 
                "reg_lambda": 1.0, 
                "max_depth": 3, 
                "gamma": 0.0
            }, 
            "time": 4839.0
        }, 
        {
            "index": 75, 
            "finishedAt": 1524748065445.0, 
            "score": 0.53728453556554756, 
            "parameters": {
                "reg_alpha": 0.0, 
                "colsample_bytree": 1.0, 
                "colsample_bylevel": 1.0, 
                "learning_rate": 0.1, 
                "max_delta_step": 0.0, 
                "min_child_weight": 0.0, 
                "subsample": 1.0, 
                "reg_lambda": 1.0, 
                "max_depth": 3, 
                "gamma": 0.0
            }, 
            "time": 5499.0
        }, 
        {
            "index": 76, 
            "finishedAt": 1524748082189.0, 
            "score": 0.56414060858350046, 
            "parameters": {
                "reg_alpha": 0.0, 
                "colsample_bytree": 1.0, 
                "colsample_bylevel": 1.0, 
                "learning_rate": 0.1, 
                "max_delta_step": 0.0, 
                "min_child_weight": 0.0, 
                "subsample": 0.75, 
                "reg_lambda": 1.0, 
                "max_depth": 5, 
                "gamma": 0.0
            }, 
            "time": 22419.0
        }, 
        {
            "index": 77, 
            "finishedAt": 1524748094396.0, 
            "score": 0.55532600587788028, 
            "parameters": {
                "reg_alpha": 0.0, 
                "colsample_bytree": 1.0, 
                "colsample_bylevel": 1.0, 
                "learning_rate": 0.1, 
                "max_delta_step": 0.0, 
                "min_child_weight": 0.0, 
                "subsample": 1.0, 
                "reg_lambda": 1.0, 
                "max_depth": 5, 
                "gamma": 0.0
            }, 
            "time": 30454.0
        }, 
        {
            "index": 78, 
            "finishedAt": 1524748108804.0, 
            "score": 0.5582515428384901, 
            "parameters": {
                "reg_alpha": 0.0, 
                "colsample_bytree": 1.0, 
                "colsample_bylevel": 1.0, 
                "learning_rate": 0.1, 
                "max_delta_step": 0.0, 
                "min_child_weight": 0.0, 
                "subsample": 0.75, 
                "reg_lambda": 1.0, 
                "max_depth": 10, 
                "gamma": 0.0
            }, 
            "time": 52344.0
        }, 
        {
            "index": 79, 
            "finishedAt": 1524748109013.0, 
            "score": 0.54918658965727174, 
            "parameters": {
                "reg_alpha": 0.0, 
                "colsample_bytree": 1.0, 
                "colsample_bylevel": 1.0, 
                "learning_rate": 0.1, 
                "max_delta_step": 0.0, 
                "min_child_weight": 0.0, 
                "subsample": 1.0, 
                "reg_lambda": 1.0, 
                "max_depth": 10, 
                "gamma": 0.0
            }, 
            "time": 22729.0
        }, 
        {
            "index": 80, 
            "finishedAt": 1524748100954.0, 
            "score": 0.52424768750948303, 
            "parameters": {
                "reg_alpha": 0.0, 
                "colsample_bytree": 1.0, 
                "colsample_bylevel": 1.0, 
                "learning_rate": 0.3, 
                "max_delta_step": 0.0, 
                "min_child_weight": 0.0, 
                "subsample": 0.75, 
                "reg_lambda": 1.0, 
                "max_depth": 1, 
                "gamma": 0.0
            }, 
            "time": 1406.0
        }, 
        {
            "index": 81, 
            "finishedAt": 1524748102724.0, 
            "score": 0.53745328900315825, 
            "parameters": {
                "reg_alpha": 0.0, 
                "colsample_bytree": 1.0, 
                "colsample_bylevel": 1.0, 
                "learning_rate": 0.3, 
                "max_delta_step": 0.0, 
                "min_child_weight": 0.0, 
                "subsample": 1.0, 
                "reg_lambda": 1.0, 
                "max_depth": 1, 
                "gamma": 0.0
            }, 
            "time": 1545.0
        }, 
        {
            "index": 82, 
            "finishedAt": 1524748106772.0, 
            "score": 0.57032552492284705, 
            "parameters": {
                "reg_alpha": 0.0, 
                "colsample_bytree": 1.0, 
                "colsample_bylevel": 1.0, 
                "learning_rate": 0.3, 
                "max_delta_step": 0.0, 
                "min_child_weight": 0.0, 
                "subsample": 0.75, 
                "reg_lambda": 1.0, 
                "max_depth": 2, 
                "gamma": 0.0
            }, 
            "time": 6004.0
        }, 
        {
            "index": 83, 
            "finishedAt": 1524748110760.0, 
            "score": 0.54711698437899414, 
            "parameters": {
                "reg_alpha": 0.0, 
                "colsample_bytree": 1.0, 
                "colsample_bylevel": 1.0, 
                "learning_rate": 0.3, 
                "max_delta_step": 0.0, 
                "min_child_weight": 0.0, 
                "subsample": 1.0, 
                "reg_lambda": 1.0, 
                "max_depth": 2, 
                "gamma": 0.0
            }, 
            "time": 6622.0
        }, 
        {
            "index": 84, 
            "finishedAt": 1524748117110.0, 
            "score": 0.5550610197362168, 
            "parameters": {
                "reg_alpha": 0.0, 
                "colsample_bytree": 1.0, 
                "colsample_bylevel": 1.0, 
                "learning_rate": 0.3, 
                "max_delta_step": 0.0, 
                "min_child_weight": 0.0, 
                "subsample": 0.75, 
                "reg_lambda": 1.0, 
                "max_depth": 3, 
                "gamma": 0.0
            }, 
            "time": 12871.0
        }, 
        {
            "index": 85, 
            "finishedAt": 1524748120612.0, 
            "score": 0.55351578657389899, 
            "parameters": {
                "reg_alpha": 0.0, 
                "colsample_bytree": 1.0, 
                "colsample_bylevel": 1.0, 
                "learning_rate": 0.3, 
                "max_delta_step": 0.0, 
                "min_child_weight": 0.0, 
                "subsample": 1.0, 
                "reg_lambda": 1.0, 
                "max_depth": 3, 
                "gamma": 0.0
            }, 
            "time": 17009.0
        }, 
        {
            "index": 86, 
            "finishedAt": 1524748129187.0, 
            "score": 0.55373193745861216, 
            "parameters": {
                "reg_alpha": 0.0, 
                "colsample_bytree": 1.0, 
                "colsample_bylevel": 1.0, 
                "learning_rate": 0.3, 
                "max_delta_step": 0.0, 
                "min_child_weight": 0.0, 
                "subsample": 0.75, 
                "reg_lambda": 1.0, 
                "max_depth": 5, 
                "gamma": 0.0
            }, 
            "time": 27083.0
        }, 
        {
            "index": 87, 
            "finishedAt": 1524748139288.0, 
            "score": 0.54281205285032175, 
            "parameters": {
                "reg_alpha": 0.0, 
                "colsample_bytree": 1.0, 
                "colsample_bylevel": 1.0, 
                "learning_rate": 0.3, 
                "max_delta_step": 0.0, 
                "min_child_weight": 0.0, 
                "subsample": 1.0, 
                "reg_lambda": 1.0, 
                "max_depth": 5, 
                "gamma": 0.0
            }, 
            "time": 40302.0
        }, 
        {
            "index": 88, 
            "finishedAt": 1524748149153.0, 
            "score": 0.55344090522098666, 
            "parameters": {
                "reg_alpha": 0.0, 
                "colsample_bytree": 1.0, 
                "colsample_bylevel": 1.0, 
                "learning_rate": 0.3, 
                "max_delta_step": 0.0, 
                "min_child_weight": 0.0, 
                "subsample": 0.75, 
                "reg_lambda": 1.0, 
                "max_depth": 10, 
                "gamma": 0.0
            }, 
            "time": 39233.0
        }, 
        {
            "index": 89, 
            "finishedAt": 1524748165659.0, 
            "score": 0.55276625748421326, 
            "parameters": {
                "reg_alpha": 0.0, 
                "colsample_bytree": 1.0, 
                "colsample_bylevel": 1.0, 
                "learning_rate": 0.3, 
                "max_delta_step": 0.0, 
                "min_child_weight": 0.0, 
                "subsample": 1.0, 
                "reg_lambda": 1.0, 
                "max_depth": 10, 
                "gamma": 0.0
            }, 
            "time": 45612.0
        }, 
        {
            "index": 90, 
            "finishedAt": 1524748149805.0, 
            "score": 0.55430843147362763, 
            "parameters": {
                "reg_alpha": 0.0, 
                "colsample_bytree": 1.0, 
                "colsample_bylevel": 1.0, 
                "learning_rate": 0.5, 
                "max_delta_step": 0.0, 
                "min_child_weight": 0.0, 
                "subsample": 0.75, 
                "reg_lambda": 1.0, 
                "max_depth": 1, 
                "gamma": 0.0
            }, 
            "time": 2866.0
        }, 
        {
            "index": 91, 
            "finishedAt": 1524748153929.0, 
            "score": 0.54926386248303882, 
            "parameters": {
                "reg_alpha": 0.0, 
                "colsample_bytree": 1.0, 
                "colsample_bylevel": 1.0, 
                "learning_rate": 0.5, 
                "max_delta_step": 0.0, 
                "min_child_weight": 0.0, 
                "subsample": 1.0, 
                "reg_lambda": 1.0, 
                "max_depth": 1, 
                "gamma": 0.0
            }, 
            "time": 5251.0
        }, 
        {
            "index": 92, 
            "finishedAt": 1524748157273.0, 
            "score": 0.55493250649560755, 
            "parameters": {
                "reg_alpha": 0.0, 
                "colsample_bytree": 1.0, 
                "colsample_bylevel": 1.0, 
                "learning_rate": 0.5, 
                "max_delta_step": 0.0, 
                "min_child_weight": 0.0, 
                "subsample": 0.75, 
                "reg_lambda": 1.0, 
                "max_depth": 2, 
                "gamma": 0.0
            }, 
            "time": 8684.0
        }, 
        {
            "index": 93, 
            "finishedAt": 1524748163137.0, 
            "score": 0.55619970460401114, 
            "parameters": {
                "reg_alpha": 0.0, 
                "colsample_bytree": 1.0, 
                "colsample_bylevel": 1.0, 
                "learning_rate": 0.5, 
                "max_delta_step": 0.0, 
                "min_child_weight": 0.0, 
                "subsample": 1.0, 
                "reg_lambda": 1.0, 
                "max_depth": 2, 
                "gamma": 0.0
            }, 
            "time": 12687.0
        }, 
        {
            "index": 94, 
            "finishedAt": 1524748171166.0, 
            "score": 0.54304355686792694, 
            "parameters": {
                "reg_alpha": 0.0, 
                "colsample_bytree": 1.0, 
                "colsample_bylevel": 1.0, 
                "learning_rate": 0.5, 
                "max_delta_step": 0.0, 
                "min_child_weight": 0.0, 
                "subsample": 0.75, 
                "reg_lambda": 1.0, 
                "max_depth": 3, 
                "gamma": 0.0
            }, 
            "time": 18390.0
        }, 
        {
            "index": 95, 
            "finishedAt": 1524748178489.0, 
            "score": 0.53856599538323258, 
            "parameters": {
                "reg_alpha": 0.0, 
                "colsample_bytree": 1.0, 
                "colsample_bylevel": 1.0, 
                "learning_rate": 0.5, 
                "max_delta_step": 0.0, 
                "min_child_weight": 0.0, 
                "subsample": 1.0, 
                "reg_lambda": 1.0, 
                "max_depth": 3, 
                "gamma": 0.0
            }, 
            "time": 23518.0
        }, 
        {
            "index": 96, 
            "finishedAt": 1524748183853.0, 
            "score": 0.5494549256660235, 
            "parameters": {
                "reg_alpha": 0.0, 
                "colsample_bytree": 1.0, 
                "colsample_bylevel": 1.0, 
                "learning_rate": 0.5, 
                "max_delta_step": 0.0, 
                "min_child_weight": 0.0, 
                "subsample": 0.75, 
                "reg_lambda": 1.0, 
                "max_depth": 5, 
                "gamma": 0.0
            }, 
            "time": 23061.0
        }, 
        {
            "index": 97, 
            "finishedAt": 1524748190601.0, 
            "score": 0.55375408539489712, 
            "parameters": {
                "reg_alpha": 0.0, 
                "colsample_bytree": 1.0, 
                "colsample_bylevel": 1.0, 
                "learning_rate": 0.5, 
                "max_delta_step": 0.0, 
                "min_child_weight": 0.0, 
                "subsample": 1.0, 
                "reg_lambda": 1.0, 
                "max_depth": 5, 
                "gamma": 0.0
            }, 
            "time": 27369.0
        }, 
        {
            "index": 98, 
            "finishedAt": 1524748198347.0, 
            "score": 0.55565117530429442, 
            "parameters": {
                "reg_alpha": 0.0, 
                "colsample_bytree": 1.0, 
                "colsample_bylevel": 1.0, 
                "learning_rate": 0.5, 
                "max_delta_step": 0.0, 
                "min_child_weight": 0.0, 
                "subsample": 0.75, 
                "reg_lambda": 1.0, 
                "max_depth": 10, 
                "gamma": 0.0
            }, 
            "time": 33005.0
        }, 
        {
            "index": 99, 
            "finishedAt": 1524748201614.0, 
            "score": 0.55080366278802084, 
            "parameters": {
                "reg_alpha": 0.0, 
                "colsample_bytree": 1.0, 
                "colsample_bylevel": 1.0, 
                "learning_rate": 0.5, 
                "max_delta_step": 0.0, 
                "min_child_weight": 0.0, 
                "subsample": 1.0, 
                "reg_lambda": 1.0, 
                "max_depth": 10, 
                "gamma": 0.0
            }, 
            "time": 22243.0
        }
    ], 
    "startedAt": 1524747885655, 
    "nSplits": 3
}