{
    "usedGridSearch": true, 
    "probaAware": true, 
    "gridSize": 100, 
    "rawImportance": {
        "variables": [
            "dummy:AwayTeam:Roma", 
            "dummy:AwayTeam:Sampdoria", 
            "dummy:AwayTeam:Fiorentina", 
            "dummy:AwayTeam:Udinese", 
            "dummy:AwayTeam:Inter", 
            "dummy:AwayTeam:Juventus", 
            "dummy:AwayTeam:Genoa", 
            "dummy:AwayTeam:Milan", 
            "dummy:AwayTeam:Catania", 
            "dummy:AwayTeam:Cagliari", 
            "dummy:AwayTeam:Palermo", 
            "dummy:AwayTeam:Parma", 
            "dummy:AwayTeam:Livorno", 
            "dummy:AwayTeam:Lecce", 
            "dummy:AwayTeam:Cesena", 
            "dummy:WHD:3.2", 
            "dummy:WHD:3", 
            "dummy:WHD:3.3", 
            "dummy:WHD:3.4", 
            "dummy:WHD:3.25", 
            "dummy:WHD:2.9", 
            "dummy:WHD:2.88", 
            "dummy:IWD:3.2", 
            "dummy:IWD:3.3", 
            "dummy:IWD:3.1", 
            "dummy:IWD:3", 
            "dummy:IWD:4.4", 
            "dummy:WHA:3.1", 
            "dummy:WHA:3.2", 
            "dummy:WHA:10", 
            "dummy:WHA:3.8", 
            "dummy:WHA:2.2", 
            "dummy:WHA:2.38", 
            "dummy:WHA:1.67", 
            "dummy:WHA:1.83", 
            "dummy:IWA:3", 
            "dummy:IWA:2.4", 
            "dummy:IWA:2.5", 
            "dummy:IWA:5.4", 
            "dummy:IWA:5.3", 
            "dummy:IWA:2.45", 
            "dummy:WHH:2.3", 
            "dummy:WHH:2.38", 
            "dummy:WHH:3", 
            "dummy:WHH:4.2", 
            "dummy:WHH:5", 
            "dummy:IWH:2.3", 
            "dummy:IWH:1.22", 
            "dummy:IWH:4.3", 
            "dummy:IWH:4.7", 
            "dummy:IWH:3.4", 
            "dummy:LBA:1.8", 
            "dummy:LBA:1.5", 
            "dummy:LBA:4.8", 
            "dummy:BWA:2", 
            "dummy:BWA:8.5", 
            "dummy:BWA:5.2", 
            "dummy:BWA:N/A", 
            "dummy:BWD:3.25", 
            "dummy:LBD:3.2", 
            "dummy:LBD:3", 
            "dummy:LBD:3.4", 
            "dummy:BWH:2.35", 
            "dummy:BWH:2.65", 
            "dummy:BWH:1.67", 
            "dummy:LBH:2.38", 
            "dummy:LBH:4", 
            "dummy:LBH:5", 
            "dummy:VCA:5.5", 
            "dummy:VCA:3.75", 
            "dummy:VCA:3.2", 
            "dummy:VCA:2.5", 
            "dummy:VCA:2.4", 
            "dummy:VCA:2.1", 
            "dummy:VCA:8.5", 
            "dummy:VCA:2.8", 
            "dummy:VCA:N/A", 
            "dummy:VCD:3.2", 
            "dummy:VCD:3.1", 
            "dummy:VCH:4", 
            "dummy:VCH:3.25", 
            "dummy:VCH:3.3", 
            "dummy:Date:2009-05-10", 
            "dummy:B365H:3.1", 
            "dummy:B365H:4.75", 
            "dummy:B365H:1.25", 
            "dummy:B365H:1.66", 
            "dummy:HomeTeam:Chievo", 
            "dummy:HomeTeam:Inter", 
            "dummy:HomeTeam:Sassuolo", 
            "dummy:B365D:3.5", 
            "dummy:B365D:3.25", 
            "dummy:B365A:3.6", 
            "dummy:B365A:3"
        ], 
        "importances": [
            0.0163230262696743, 
            0.006813582964241505, 
            0.02044074982404709, 
            0.01709471456706524, 
            0.00842205248773098, 
            0.03515530750155449, 
            0.006813582964241505, 
            0.01554099004715681, 
            0.006813582964241505, 
            0.009084777906537056, 
            0.024320412427186966, 
            0.00842205248773098, 
            0.007900974713265896, 
            0.007900974713265896, 
            0.006813582964241505, 
            0.01709471456706524, 
            0.014594579115509987, 
            0.023799335584044456, 
            0.009975778870284557, 
            0.007900974713265896, 
            0.009084777906537056, 
            0.01362716592848301, 
            0.006813582964241505, 
            0.01362716592848301, 
            0.011289114132523537, 
            0.014951284043490887, 
            0.007118937559425831, 
            0.007475642021745443, 
            0.006813582964241505, 
            0.007475642021745443, 
            0.007475642021745443, 
            0.00842205248773098, 
            0.00842205248773098, 
            0.007900974713265896, 
            0.007475642021745443, 
            0.007475642021745443, 
            0.007118937559425831, 
            0.006813582964241505, 
            0.009975778870284557, 
            0.011289114132523537, 
            0.011289114132523537, 
            0.011289114132523537, 
            0.007118937559425831, 
            0.007118937559425831, 
            0.009975778870284557, 
            0.01362716592848301, 
            0.007475642021745443, 
            0.006813582964241505, 
            0.00842205248773098, 
            0.009084777906537056, 
            0.009975778870284557, 
            0.00842205248773098, 
            0.007475642021745443, 
            0.009084777906537056, 
            0.007118937559425831, 
            0.007900974713265896, 
            0.018397830426692963, 
            0.007118937559425831, 
            0.009084777906537056, 
            0.007900974713265896, 
            0.018169555813074112, 
            0.006813582964241505, 
            0.006813582964241505, 
            0.007475642021745443, 
            0.00842205248773098, 
            0.00842205248773098, 
            0.009084777906537056, 
            0.007900974713265896, 
            0.01362716592848301, 
            0.009975778870284557, 
            0.02725433185696602, 
            0.007118937559425831, 
            0.006813582964241505, 
            0.007900974713265896, 
            0.009084777906537056, 
            0.01362716592848301, 
            0.007475642021745443, 
            0.01554099004715681, 
            0.007900974713265896, 
            0.009975778870284557, 
            0.006813582964241505, 
            0.009975778870284557, 
            0.009975778870284557, 
            0.02725433185696602, 
            0.018764756619930267, 
            0.007118937559425831, 
            0.007900974713265896, 
            0.009084777906537056, 
            0.011289114132523537, 
            0.007900974713265896, 
            0.007475642021745443, 
            0.011289114132523537, 
            0.011289114132523537, 
            0.007900974713265896
        ]
    }, 
    "modelInputNRows": 1228, 
    "modelInputNCols": 1607, 
    "modelInputMemory": 15787168, 
    "gridCells": [
        {
            "scoreTimeStd": 0.018457157599876168, 
            "scoreTime": 0.064000000000000001, 
            "fitTime": 0.49066666666666664, 
            "score": 0.53648511855696357, 
            "params": {
                "reg_alpha": 0.0, 
                "colsample_bytree": 0.75, 
                "colsample_bylevel": 1.0, 
                "learning_rate": 0.01, 
                "max_delta_step": 0.0, 
                "min_child_weight": 0.0, 
                "subsample": 0.75, 
                "reg_lambda": 1.0, 
                "max_depth": 1, 
                "gamma": 0.0
            }, 
            "fitTimeStd": 0.082269205795499331, 
            "scoreStd": 0.011020362536993324
        }, 
        {
            "scoreTimeStd": 0.04664999702274613, 
            "scoreTime": 0.10166666666666667, 
            "fitTime": 0.50666666666666671, 
            "score": 0.50638021476162232, 
            "params": {
                "reg_alpha": 0.0, 
                "colsample_bytree": 0.75, 
                "colsample_bylevel": 1.0, 
                "learning_rate": 0.01, 
                "max_delta_step": 0.0, 
                "min_child_weight": 0.0, 
                "subsample": 1.0, 
                "reg_lambda": 1.0, 
                "max_depth": 1, 
                "gamma": 0.0
            }, 
            "fitTimeStd": 0.085332031240065734, 
            "scoreStd": 0.010167444333162631
        }, 
        {
            "scoreTimeStd": 0.035928942217784379, 
            "scoreTime": 0.10333333333333333, 
            "fitTime": 0.7446666666666667, 
            "score": 0.55771635074658177, 
            "params": {
                "reg_alpha": 0.0, 
                "colsample_bytree": 0.75, 
                "colsample_bylevel": 1.0, 
                "learning_rate": 0.01, 
                "max_delta_step": 0.0, 
                "min_child_weight": 0.0, 
                "subsample": 0.75, 
                "reg_lambda": 1.0, 
                "max_depth": 2, 
                "gamma": 0.0
            }, 
            "fitTimeStd": 0.072251105335643273, 
            "scoreStd": 0.0096665047913357029
        }, 
        {
            "scoreTimeStd": 0.011728408057172785, 
            "scoreTime": 0.08433333333333333, 
            "fitTime": 0.89633333333333332, 
            "score": 0.5302727577776748, 
            "params": {
                "reg_alpha": 0.0, 
                "colsample_bytree": 0.75, 
                "colsample_bylevel": 1.0, 
                "learning_rate": 0.01, 
                "max_delta_step": 0.0, 
                "min_child_weight": 0.0, 
                "subsample": 1.0, 
                "reg_lambda": 1.0, 
                "max_depth": 2, 
                "gamma": 0.0
            }, 
            "fitTimeStd": 0.20721218325399907, 
            "scoreStd": 0.0006247511579141994
        }, 
        {
            "scoreTimeStd": 0.031541859312489637, 
            "scoreTime": 0.072666666666666671, 
            "fitTime": 0.81466666666666665, 
            "score": 0.53149097153947455, 
            "params": {
                "reg_alpha": 0.0, 
                "colsample_bytree": 0.75, 
                "colsample_bylevel": 1.0, 
                "learning_rate": 0.01, 
                "max_delta_step": 0.0, 
                "min_child_weight": 0.0, 
                "subsample": 0.75, 
                "reg_lambda": 1.0, 
                "max_depth": 3, 
                "gamma": 0.0
            }, 
            "fitTimeStd": 0.14055682915540679, 
            "scoreStd": 0.008461921452659827
        }, 
        {
            "scoreTimeStd": 0.021514852750806567, 
            "scoreTime": 0.051666666666666666, 
            "fitTime": 0.99699999999999989, 
            "score": 0.53590183761699861, 
            "params": {
                "reg_alpha": 0.0, 
                "colsample_bytree": 0.75, 
                "colsample_bylevel": 1.0, 
                "learning_rate": 0.01, 
                "max_delta_step": 0.0, 
                "min_child_weight": 0.0, 
                "subsample": 1.0, 
                "reg_lambda": 1.0, 
                "max_depth": 3, 
                "gamma": 0.0
            }, 
            "fitTimeStd": 0.16144968256394931, 
            "scoreStd": 0.0049769736084115616
        }, 
        {
            "scoreTimeStd": 0.074861353328818617, 
            "scoreTime": 0.10766666666666665, 
            "fitTime": 2.2870000000000004, 
            "score": 0.55482305657763498, 
            "params": {
                "reg_alpha": 0.0, 
                "colsample_bytree": 0.75, 
                "colsample_bylevel": 1.0, 
                "learning_rate": 0.01, 
                "max_delta_step": 0.0, 
                "min_child_weight": 0.0, 
                "subsample": 0.75, 
                "reg_lambda": 1.0, 
                "max_depth": 5, 
                "gamma": 0.0
            }, 
            "fitTimeStd": 0.61624021290402653, 
            "scoreStd": 0.023195551743155386
        }, 
        {
            "scoreTimeStd": 0.02628476533828843, 
            "scoreTime": 0.067333333333333328, 
            "fitTime": 2.3559999999999999, 
            "score": 0.54929677242702091, 
            "params": {
                "reg_alpha": 0.0, 
                "colsample_bytree": 0.75, 
                "colsample_bylevel": 1.0, 
                "learning_rate": 0.01, 
                "max_delta_step": 0.0, 
                "min_child_weight": 0.0, 
                "subsample": 1.0, 
                "reg_lambda": 1.0, 
                "max_depth": 5, 
                "gamma": 0.0
            }, 
            "fitTimeStd": 0.46050407164323742, 
            "scoreStd": 0.0088930291032782958
        }, 
        {
            "scoreTimeStd": 0.0016996731711975933, 
            "scoreTime": 0.033666666666666671, 
            "fitTime": 4.9063333333333334, 
            "score": 0.57502327249314755, 
            "params": {
                "reg_alpha": 0.0, 
                "colsample_bytree": 0.75, 
                "colsample_bylevel": 1.0, 
                "learning_rate": 0.01, 
                "max_delta_step": 0.0, 
                "min_child_weight": 0.0, 
                "n_estimators": 1, 
                "subsample": 0.75, 
                "reg_lambda": 1.0, 
                "max_depth": 10, 
                "gamma": 0.0
            }, 
            "fitTimeStd": 2.2847518221655694, 
            "scoreStd": 0.020570757617793631
        }, 
        {
            "scoreTimeStd": 0.011440668201153676, 
            "scoreTime": 0.052333333333333336, 
            "fitTime": 4.5866666666666669, 
            "score": 0.54820270054931874, 
            "params": {
                "reg_alpha": 0.0, 
                "colsample_bytree": 0.75, 
                "colsample_bylevel": 1.0, 
                "learning_rate": 0.01, 
                "max_delta_step": 0.0, 
                "min_child_weight": 0.0, 
                "subsample": 1.0, 
                "reg_lambda": 1.0, 
                "max_depth": 10, 
                "gamma": 0.0
            }, 
            "fitTimeStd": 2.0409906635966979, 
            "scoreStd": 0.018943047076031116
        }, 
        {
            "scoreTimeStd": 0.0095684667296048829, 
            "scoreTime": 0.042666666666666665, 
            "fitTime": 0.48199999999999998, 
            "score": 0.49738447476199521, 
            "params": {
                "reg_alpha": 0.0, 
                "colsample_bytree": 0.75, 
                "colsample_bylevel": 1.0, 
                "learning_rate": 0.05, 
                "max_delta_step": 0.0, 
                "min_child_weight": 0.0, 
                "subsample": 0.75, 
                "reg_lambda": 1.0, 
                "max_depth": 1, 
                "gamma": 0.0
            }, 
            "fitTimeStd": 0.04266927075386534, 
            "scoreStd": 0.013054270080528795
        }, 
        {
            "scoreTimeStd": 0.0057348835113617538, 
            "scoreTime": 0.043333333333333335, 
            "fitTime": 0.31966666666666671, 
            "score": 0.51677693997442598, 
            "params": {
                "reg_alpha": 0.0, 
                "colsample_bytree": 0.75, 
                "colsample_bylevel": 1.0, 
                "learning_rate": 0.05, 
                "max_delta_step": 0.0, 
                "min_child_weight": 0.0, 
                "subsample": 1.0, 
                "reg_lambda": 1.0, 
                "max_depth": 1, 
                "gamma": 0.0
            }, 
            "fitTimeStd": 0.016048537489614313, 
            "scoreStd": 0.013984105106547816
        }, 
        {
            "scoreTimeStd": 0.014337208778404376, 
            "scoreTime": 0.045666666666666668, 
            "fitTime": 0.73866666666666669, 
            "score": 0.55275898133555401, 
            "params": {
                "reg_alpha": 0.0, 
                "colsample_bytree": 0.75, 
                "colsample_bylevel": 1.0, 
                "learning_rate": 0.05, 
                "max_delta_step": 0.0, 
                "min_child_weight": 0.0, 
                "subsample": 0.75, 
                "reg_lambda": 1.0, 
                "max_depth": 2, 
                "gamma": 0.0
            }, 
            "fitTimeStd": 0.19602777580967679, 
            "scoreStd": 0.014015990986619131
        }, 
        {
            "scoreTimeStd": 0.012283683848458852, 
            "scoreTime": 0.057333333333333326, 
            "fitTime": 0.70699999999999996, 
            "score": 0.53599152232634351, 
            "params": {
                "reg_alpha": 0.0, 
                "colsample_bytree": 0.75, 
                "colsample_bylevel": 1.0, 
                "learning_rate": 0.05, 
                "max_delta_step": 0.0, 
                "min_child_weight": 0.0, 
                "subsample": 1.0, 
                "reg_lambda": 1.0, 
                "max_depth": 2, 
                "gamma": 0.0
            }, 
            "fitTimeStd": 0.088885694387042177, 
            "scoreStd": 0.012096682190582537
        }, 
        {
            "scoreTimeStd": 0.0059066817155564487, 
            "scoreTime": 0.035666666666666666, 
            "fitTime": 1.2266666666666668, 
            "score": 0.56760617116822698, 
            "params": {
                "reg_alpha": 0.0, 
                "colsample_bytree": 0.75, 
                "colsample_bylevel": 1.0, 
                "learning_rate": 0.05, 
                "max_delta_step": 0.0, 
                "min_child_weight": 0.0, 
                "subsample": 0.75, 
                "reg_lambda": 1.0, 
                "max_depth": 3, 
                "gamma": 0.0
            }, 
            "fitTimeStd": 0.57862038985465736, 
            "scoreStd": 0.020608398257028614
        }, 
        {
            "scoreTimeStd": 0.0016329931618554508, 
            "scoreTime": 0.034000000000000002, 
            "fitTime": 0.79566666666666663, 
            "score": 0.53844903191241744, 
            "params": {
                "reg_alpha": 0.0, 
                "colsample_bytree": 0.75, 
                "colsample_bylevel": 1.0, 
                "learning_rate": 0.05, 
                "max_delta_step": 0.0, 
                "min_child_weight": 0.0, 
                "subsample": 1.0, 
                "reg_lambda": 1.0, 
                "max_depth": 3, 
                "gamma": 0.0
            }, 
            "fitTimeStd": 0.031647362537114448, 
            "scoreStd": 0.0077850291249851834
        }, 
        {
            "scoreTimeStd": 0.0082192186706253004, 
            "scoreTime": 0.042666666666666665, 
            "fitTime": 3.0386666666666664, 
            "score": 0.56208306559041743, 
            "params": {
                "reg_alpha": 0.0, 
                "colsample_bytree": 0.75, 
                "colsample_bylevel": 1.0, 
                "learning_rate": 0.05, 
                "max_delta_step": 0.0, 
                "min_child_weight": 0.0, 
                "subsample": 0.75, 
                "reg_lambda": 1.0, 
                "max_depth": 5, 
                "gamma": 0.0
            }, 
            "fitTimeStd": 1.0867874166040425, 
            "scoreStd": 0.0063789714413346734
        }, 
        {
            "scoreTimeStd": 0.00047140452079103207, 
            "scoreTime": 0.034333333333333334, 
            "fitTime": 1.9616666666666667, 
            "score": 0.55003587321948477, 
            "params": {
                "reg_alpha": 0.0, 
                "colsample_bytree": 0.75, 
                "colsample_bylevel": 1.0, 
                "learning_rate": 0.05, 
                "max_delta_step": 0.0, 
                "min_child_weight": 0.0, 
                "subsample": 1.0, 
                "reg_lambda": 1.0, 
                "max_depth": 5, 
                "gamma": 0.0
            }, 
            "fitTimeStd": 0.71425967889059017, 
            "scoreStd": 0.0089362776368767782
        }, 
        {
            "scoreTimeStd": 0.0028674417556808756, 
            "scoreTime": 0.037333333333333336, 
            "fitTime": 10.435, 
            "score": 0.5716599753304562, 
            "params": {
                "reg_alpha": 0.0, 
                "colsample_bytree": 0.75, 
                "colsample_bylevel": 1.0, 
                "learning_rate": 0.05, 
                "max_delta_step": 0.0, 
                "min_child_weight": 0.0, 
                "subsample": 0.75, 
                "reg_lambda": 1.0, 
                "max_depth": 10, 
                "gamma": 0.0
            }, 
            "fitTimeStd": 9.724842140963867, 
            "scoreStd": 0.025152492558072378
        }, 
        {
            "scoreTimeStd": 0.0047842333648024397, 
            "scoreTime": 0.040666666666666663, 
            "fitTime": 9.826666666666668, 
            "score": 0.56326757776202563, 
            "params": {
                "reg_alpha": 0.0, 
                "colsample_bytree": 0.75, 
                "colsample_bylevel": 1.0, 
                "learning_rate": 0.05, 
                "max_delta_step": 0.0, 
                "min_child_weight": 0.0, 
                "subsample": 1.0, 
                "reg_lambda": 1.0, 
                "max_depth": 10, 
                "gamma": 0.0
            }, 
            "fitTimeStd": 9.370572459685814, 
            "scoreStd": 0.02589223909903593
        }, 
        {
            "scoreTimeStd": 0.00081649658092772682, 
            "scoreTime": 0.032000000000000001, 
            "fitTime": 0.312, 
            "score": 0.5217003344335106, 
            "params": {
                "reg_alpha": 0.0, 
                "colsample_bytree": 0.75, 
                "colsample_bylevel": 1.0, 
                "learning_rate": 0.1, 
                "max_delta_step": 0.0, 
                "min_child_weight": 0.0, 
                "subsample": 0.75, 
                "reg_lambda": 1.0, 
                "max_depth": 1, 
                "gamma": 0.0
            }, 
            "fitTimeStd": 0.018055470085267804, 
            "scoreStd": 0.00086472779542468166
        }, 
        {
            "scoreTimeStd": 0.0068475461947247107, 
            "scoreTime": 0.034333333333333334, 
            "fitTime": 0.36166666666666664, 
            "score": 0.5234328465982705, 
            "params": {
                "reg_alpha": 0.0, 
                "colsample_bytree": 0.75, 
                "colsample_bylevel": 1.0, 
                "learning_rate": 0.1, 
                "max_delta_step": 0.0, 
                "min_child_weight": 0.0, 
                "subsample": 1.0, 
                "reg_lambda": 1.0, 
                "max_depth": 1, 
                "gamma": 0.0
            }, 
            "fitTimeStd": 0.058630670775248313, 
            "scoreStd": 0.012605479706042757
        }, 
        {
            "scoreTimeStd": 0.014817407180595245, 
            "scoreTime": 0.053666666666666668, 
            "fitTime": 0.76066666666666671, 
            "score": 0.54676416673555528, 
            "params": {
                "reg_alpha": 0.0, 
                "colsample_bytree": 0.75, 
                "colsample_bylevel": 1.0, 
                "learning_rate": 0.1, 
                "max_delta_step": 0.0, 
                "min_child_weight": 0.0, 
                "subsample": 0.75, 
                "reg_lambda": 1.0, 
                "max_depth": 2, 
                "gamma": 0.0
            }, 
            "fitTimeStd": 0.24159792125669366, 
            "scoreStd": 0.018550233285779625
        }, 
        {
            "scoreTimeStd": 0.0064807406984078598, 
            "scoreTime": 0.035999999999999997, 
            "fitTime": 0.59133333333333338, 
            "score": 0.53238884737139802, 
            "params": {
                "reg_alpha": 0.0, 
                "colsample_bytree": 0.75, 
                "colsample_bylevel": 1.0, 
                "learning_rate": 0.1, 
                "max_delta_step": 0.0, 
                "min_child_weight": 0.0, 
                "subsample": 1.0, 
                "reg_lambda": 1.0, 
                "max_depth": 2, 
                "gamma": 0.0
            }, 
            "fitTimeStd": 0.091324817121208754, 
            "scoreStd": 0.0070778257070872631
        }, 
        {
            "scoreTimeStd": 0.0038586123009300751, 
            "scoreTime": 0.034666666666666672, 
            "fitTime": 1.1123333333333332, 
            "score": 0.56442894506770303, 
            "params": {
                "reg_alpha": 0.0, 
                "colsample_bytree": 0.75, 
                "colsample_bylevel": 1.0, 
                "learning_rate": 0.1, 
                "max_delta_step": 0.0, 
                "min_child_weight": 0.0, 
                "subsample": 0.75, 
                "reg_lambda": 1.0, 
                "max_depth": 3, 
                "gamma": 0.0
            }, 
            "fitTimeStd": 0.071111805552164814, 
            "scoreStd": 0.0086328706111785166
        }, 
        {
            "scoreTimeStd": 0.0030912061651652343, 
            "scoreTime": 0.033666666666666671, 
            "fitTime": 0.86599999999999999, 
            "score": 0.54049486727837259, 
            "params": {
                "reg_alpha": 0.0, 
                "colsample_bytree": 0.75, 
                "colsample_bylevel": 1.0, 
                "learning_rate": 0.1, 
                "max_delta_step": 0.0, 
                "min_child_weight": 0.0, 
                "subsample": 1.0, 
                "reg_lambda": 1.0, 
                "max_depth": 3, 
                "gamma": 0.0
            }, 
            "fitTimeStd": 0.16147032751148632, 
            "scoreStd": 0.0057868443396515788
        }, 
        {
            "scoreTimeStd": 0.015577761927397233, 
            "scoreTime": 0.043000000000000003, 
            "fitTime": 6.444, 
            "score": 0.56265834906405565, 
            "params": {
                "reg_alpha": 0.0, 
                "colsample_bytree": 0.75, 
                "colsample_bylevel": 1.0, 
                "learning_rate": 0.1, 
                "max_delta_step": 0.0, 
                "min_child_weight": 0.0, 
                "subsample": 0.75, 
                "reg_lambda": 1.0, 
                "max_depth": 5, 
                "gamma": 0.0
            }, 
            "fitTimeStd": 6.3711509687549137, 
            "scoreStd": 0.01691526541240641
        }, 
        {
            "scoreTimeStd": 0.0069442222186665518, 
            "scoreTime": 0.035333333333333335, 
            "fitTime": 1.3126666666666666, 
            "score": 0.54520042894430376, 
            "params": {
                "reg_alpha": 0.0, 
                "colsample_bytree": 0.75, 
                "colsample_bylevel": 1.0, 
                "learning_rate": 0.1, 
                "max_delta_step": 0.0, 
                "min_child_weight": 0.0, 
                "subsample": 1.0, 
                "reg_lambda": 1.0, 
                "max_depth": 5, 
                "gamma": 0.0
            }, 
            "fitTimeStd": 0.24938101148421246, 
            "scoreStd": 0.010412326034815058
        }, 
        {
            "scoreTimeStd": 0.0029439202887759485, 
            "scoreTime": 0.039000000000000007, 
            "fitTime": 13.011333333333333, 
            "score": 0.55610579487507572, 
            "params": {
                "reg_alpha": 0.0, 
                "colsample_bytree": 0.75, 
                "colsample_bylevel": 1.0, 
                "learning_rate": 0.1, 
                "max_delta_step": 0.0, 
                "min_child_weight": 0.0, 
                "subsample": 0.75, 
                "reg_lambda": 1.0, 
                "max_depth": 10, 
                "gamma": 0.0
            }, 
            "fitTimeStd": 8.4717905361788119, 
            "scoreStd": 0.021982148693418833
        }, 
        {
            "scoreTimeStd": 0.013912424503139471, 
            "scoreTime": 0.045333333333333337, 
            "fitTime": 9.6836666666666673, 
            "score": 0.55893946056666532, 
            "params": {
                "reg_alpha": 0.0, 
                "colsample_bytree": 0.75, 
                "colsample_bylevel": 1.0, 
                "learning_rate": 0.1, 
                "max_delta_step": 0.0, 
                "min_child_weight": 0.0, 
                "subsample": 1.0, 
                "reg_lambda": 1.0, 
                "max_depth": 10, 
                "gamma": 0.0
            }, 
            "fitTimeStd": 8.7973511670022333, 
            "scoreStd": 0.021243952821589394
        }, 
        {
            "scoreTimeStd": 0.0035590260840104369, 
            "scoreTime": 0.034000000000000002, 
            "fitTime": 1.0693333333333335, 
            "score": 0.54749612990573826, 
            "params": {
                "reg_alpha": 0.0, 
                "colsample_bytree": 0.75, 
                "colsample_bylevel": 1.0, 
                "learning_rate": 0.3, 
                "max_delta_step": 0.0, 
                "min_child_weight": 0.0, 
                "subsample": 0.75, 
                "reg_lambda": 1.0, 
                "max_depth": 1, 
                "gamma": 0.0
            }, 
            "fitTimeStd": 1.0074245491460998, 
            "scoreStd": 0.0025501028843026704
        }, 
        {
            "scoreTimeStd": 0.0074087035902976224, 
            "scoreTime": 0.035666666666666666, 
            "fitTime": 0.36633333333333334, 
            "score": 0.53767765855429184, 
            "params": {
                "reg_alpha": 0.0, 
                "colsample_bytree": 0.75, 
                "colsample_bylevel": 1.0, 
                "learning_rate": 0.3, 
                "max_delta_step": 0.0, 
                "min_child_weight": 0.0, 
                "subsample": 1.0, 
                "reg_lambda": 1.0, 
                "max_depth": 1, 
                "gamma": 0.0
            }, 
            "fitTimeStd": 0.01307244770075173, 
            "scoreStd": 0.010986921709383791
        }, 
        {
            "scoreTimeStd": 0.0080553639823963807, 
            "scoreTime": 0.044333333333333336, 
            "fitTime": 3.371, 
            "score": 0.56186726974119916, 
            "params": {
                "reg_alpha": 0.0, 
                "colsample_bytree": 0.75, 
                "colsample_bylevel": 1.0, 
                "learning_rate": 0.3, 
                "max_delta_step": 0.0, 
                "min_child_weight": 0.0, 
                "subsample": 0.75, 
                "reg_lambda": 1.0, 
                "max_depth": 2, 
                "gamma": 0.0
            }, 
            "fitTimeStd": 1.7424404341803674, 
            "scoreStd": 0.012900854650250279
        }, 
        {
            "scoreTimeStd": 0.0024944382578492939, 
            "scoreTime": 0.037666666666666675, 
            "fitTime": 2.3333333333333335, 
            "score": 0.54611644258553138, 
            "params": {
                "reg_alpha": 0.0, 
                "colsample_bytree": 0.75, 
                "colsample_bylevel": 1.0, 
                "learning_rate": 0.3, 
                "max_delta_step": 0.0, 
                "min_child_weight": 0.0, 
                "subsample": 1.0, 
                "reg_lambda": 1.0, 
                "max_depth": 2, 
                "gamma": 0.0
            }, 
            "fitTimeStd": 2.3323053449799884, 
            "scoreStd": 0.0086731759673231643
        }, 
        {
            "scoreTimeStd": 0.010274023338281629, 
            "scoreTime": 0.046333333333333337, 
            "fitTime": 4.6696666666666671, 
            "score": 0.55446380504466897, 
            "params": {
                "reg_alpha": 0.0, 
                "colsample_bytree": 0.75, 
                "colsample_bylevel": 1.0, 
                "learning_rate": 0.3, 
                "max_delta_step": 0.0, 
                "min_child_weight": 0.0, 
                "subsample": 0.75, 
                "reg_lambda": 1.0, 
                "max_depth": 3, 
                "gamma": 0.0
            }, 
            "fitTimeStd": 1.6454578559038076, 
            "scoreStd": 0.024583639379816741
        }, 
        {
            "scoreTimeStd": 0.0071180521680208738, 
            "scoreTime": 0.035999999999999997, 
            "fitTime": 4.8380000000000001, 
            "score": 0.55619342675755212, 
            "params": {
                "reg_alpha": 0.0, 
                "colsample_bytree": 0.75, 
                "colsample_bylevel": 1.0, 
                "learning_rate": 0.3, 
                "max_delta_step": 0.0, 
                "min_child_weight": 0.0, 
                "subsample": 1.0, 
                "reg_lambda": 1.0, 
                "max_depth": 3, 
                "gamma": 0.0
            }, 
            "fitTimeStd": 3.8136646417848543, 
            "scoreStd": 0.014790929850826055
        }, 
        {
            "scoreTimeStd": 0.0044969125210773475, 
            "scoreTime": 0.035666666666666673, 
            "fitTime": 6.8953333333333333, 
            "score": 0.54834882859776068, 
            "params": {
                "reg_alpha": 0.0, 
                "colsample_bytree": 0.75, 
                "colsample_bylevel": 1.0, 
                "learning_rate": 0.3, 
                "max_delta_step": 0.0, 
                "min_child_weight": 0.0, 
                "subsample": 0.75, 
                "reg_lambda": 1.0, 
                "max_depth": 5, 
                "gamma": 0.0
            }, 
            "fitTimeStd": 4.0806731743127331, 
            "scoreStd": 0.024384247433401153
        }, 
        {
            "scoreTimeStd": 0.0033993463423951896, 
            "scoreTime": 0.039333333333333331, 
            "fitTime": 5.8319999999999999, 
            "score": 0.56571846255662572, 
            "params": {
                "reg_alpha": 0.0, 
                "colsample_bytree": 0.75, 
                "colsample_bylevel": 1.0, 
                "learning_rate": 0.3, 
                "max_delta_step": 0.0, 
                "min_child_weight": 0.0, 
                "subsample": 1.0, 
                "reg_lambda": 1.0, 
                "max_depth": 5, 
                "gamma": 0.0
            }, 
            "fitTimeStd": 5.5805451943933457, 
            "scoreStd": 0.034311691028074243
        }, 
        {
            "scoreTimeStd": 0.0068475461947247115, 
            "scoreTime": 0.039333333333333338, 
            "fitTime": 8.440666666666667, 
            "score": 0.55364205356043839, 
            "params": {
                "reg_alpha": 0.0, 
                "colsample_bytree": 0.75, 
                "colsample_bylevel": 1.0, 
                "learning_rate": 0.3, 
                "max_delta_step": 0.0, 
                "min_child_weight": 0.0, 
                "subsample": 0.75, 
                "reg_lambda": 1.0, 
                "max_depth": 10, 
                "gamma": 0.0
            }, 
            "fitTimeStd": 4.4425252828643407, 
            "scoreStd": 0.037955497612517035
        }, 
        {
            "scoreTimeStd": 0.0020548046676563242, 
            "scoreTime": 0.037666666666666668, 
            "fitTime": 12.354999999999999, 
            "score": 0.55452390342763702, 
            "params": {
                "reg_alpha": 0.0, 
                "colsample_bytree": 0.75, 
                "colsample_bylevel": 1.0, 
                "learning_rate": 0.3, 
                "max_delta_step": 0.0, 
                "min_child_weight": 0.0, 
                "subsample": 1.0, 
                "reg_lambda": 1.0, 
                "max_depth": 10, 
                "gamma": 0.0
            }, 
            "fitTimeStd": 2.8839591998963283, 
            "scoreStd": 0.027905684762568377
        }, 
        {
            "scoreTimeStd": 0.0061282587702834119, 
            "scoreTime": 0.044666666666666667, 
            "fitTime": 0.95799999999999985, 
            "score": 0.52826930447163933, 
            "params": {
                "reg_alpha": 0.0, 
                "colsample_bytree": 0.75, 
                "colsample_bylevel": 1.0, 
                "learning_rate": 0.5, 
                "max_delta_step": 0.0, 
                "min_child_weight": 0.0, 
                "subsample": 0.75, 
                "reg_lambda": 1.0, 
                "max_depth": 1, 
                "gamma": 0.0
            }, 
            "fitTimeStd": 0.7057851419990836, 
            "scoreStd": 0.017408393498533473
        }, 
        {
            "scoreTimeStd": 0.0094280904158206315, 
            "scoreTime": 0.039666666666666663, 
            "fitTime": 1.2636666666666667, 
            "score": 0.55161205834091342, 
            "params": {
                "reg_alpha": 0.0, 
                "colsample_bytree": 0.75, 
                "colsample_bylevel": 1.0, 
                "learning_rate": 0.5, 
                "max_delta_step": 0.0, 
                "min_child_weight": 0.0, 
                "subsample": 1.0, 
                "reg_lambda": 1.0, 
                "max_depth": 1, 
                "gamma": 0.0
            }, 
            "fitTimeStd": 1.035390532869388, 
            "scoreStd": 0.023810960105933632
        }, 
        {
            "scoreTimeStd": 0.0082865352631040345, 
            "scoreTime": 0.043000000000000003, 
            "fitTime": 2.5396666666666667, 
            "score": 0.55869602907895233, 
            "params": {
                "reg_alpha": 0.0, 
                "colsample_bytree": 0.75, 
                "colsample_bylevel": 1.0, 
                "learning_rate": 0.5, 
                "max_delta_step": 0.0, 
                "min_child_weight": 0.0, 
                "subsample": 0.75, 
                "reg_lambda": 1.0, 
                "max_depth": 2, 
                "gamma": 0.0
            }, 
            "fitTimeStd": 1.3965968956319821, 
            "scoreStd": 0.02297994149179718
        }, 
        {
            "scoreTimeStd": 0.011897712198383164, 
            "scoreTime": 0.045666666666666668, 
            "fitTime": 3.2129999999999996, 
            "score": 0.55696068602388016, 
            "params": {
                "reg_alpha": 0.0, 
                "colsample_bytree": 0.75, 
                "colsample_bylevel": 1.0, 
                "learning_rate": 0.5, 
                "max_delta_step": 0.0, 
                "min_child_weight": 0.0, 
                "subsample": 1.0, 
                "reg_lambda": 1.0, 
                "max_depth": 2, 
                "gamma": 0.0
            }, 
            "fitTimeStd": 3.0402649007391886, 
            "scoreStd": 0.035758736896501678
        }, 
        {
            "scoreTimeStd": 0.042129430198958179, 
            "scoreTime": 0.071333333333333332, 
            "fitTime": 4.2766666666666664, 
            "score": 0.55130869357532575, 
            "params": {
                "reg_alpha": 0.0, 
                "colsample_bytree": 0.75, 
                "colsample_bylevel": 1.0, 
                "learning_rate": 0.5, 
                "max_delta_step": 0.0, 
                "min_child_weight": 0.0, 
                "subsample": 0.75, 
                "reg_lambda": 1.0, 
                "max_depth": 3, 
                "gamma": 0.0
            }, 
            "fitTimeStd": 2.3866479049541898, 
            "scoreStd": 0.02946378891676028
        }, 
        {
            "scoreTimeStd": 0.0016329931618554536, 
            "scoreTime": 0.045000000000000005, 
            "fitTime": 4.9170000000000007, 
            "score": 0.54409146519826801, 
            "params": {
                "reg_alpha": 0.0, 
                "colsample_bytree": 0.75, 
                "colsample_bylevel": 1.0, 
                "learning_rate": 0.5, 
                "max_delta_step": 0.0, 
                "min_child_weight": 0.0, 
                "subsample": 1.0, 
                "reg_lambda": 1.0, 
                "max_depth": 3, 
                "gamma": 0.0
            }, 
            "fitTimeStd": 4.0804575723808236, 
            "scoreStd": 0.024658499200656492
        }, 
        {
            "scoreTimeStd": 0.0016996731711975933, 
            "scoreTime": 0.037333333333333336, 
            "fitTime": 6.8356666666666674, 
            "score": 0.54218897155436974, 
            "params": {
                "reg_alpha": 0.0, 
                "colsample_bytree": 0.75, 
                "colsample_bylevel": 1.0, 
                "learning_rate": 0.5, 
                "max_delta_step": 0.0, 
                "min_child_weight": 0.0, 
                "subsample": 0.75, 
                "reg_lambda": 1.0, 
                "max_depth": 5, 
                "gamma": 0.0
            }, 
            "fitTimeStd": 3.9003612083441137, 
            "scoreStd": 0.025644349004694596
        }, 
        {
            "scoreTimeStd": 0.0021602468994692866, 
            "scoreTime": 0.034000000000000002, 
            "fitTime": 7.4193333333333333, 
            "score": 0.54763334628871152, 
            "params": {
                "reg_alpha": 0.0, 
                "colsample_bytree": 0.75, 
                "colsample_bylevel": 1.0, 
                "learning_rate": 0.5, 
                "max_delta_step": 0.0, 
                "min_child_weight": 0.0, 
                "subsample": 1.0, 
                "reg_lambda": 1.0, 
                "max_depth": 5, 
                "gamma": 0.0
            }, 
            "fitTimeStd": 4.3059116211191428, 
            "scoreStd": 0.016103376981866094
        }, 
        {
            "scoreTimeStd": 0.00081649658092772389, 
            "scoreTime": 0.042000000000000003, 
            "fitTime": 8.5366666666666671, 
            "score": 0.54862744385277984, 
            "params": {
                "reg_alpha": 0.0, 
                "colsample_bytree": 0.75, 
                "colsample_bylevel": 1.0, 
                "learning_rate": 0.5, 
                "max_delta_step": 0.0, 
                "min_child_weight": 0.0, 
                "subsample": 0.75, 
                "reg_lambda": 1.0, 
                "max_depth": 10, 
                "gamma": 0.0
            }, 
            "fitTimeStd": 3.7220826905854145, 
            "scoreStd": 0.03400574219797152
        }, 
        {
            "scoreTimeStd": 0.021740898478827105, 
            "scoreTime": 0.062, 
            "fitTime": 7.3743333333333334, 
            "score": 0.54421516856086394, 
            "params": {
                "reg_alpha": 0.0, 
                "colsample_bytree": 0.75, 
                "colsample_bylevel": 1.0, 
                "learning_rate": 0.5, 
                "max_delta_step": 0.0, 
                "min_child_weight": 0.0, 
                "subsample": 1.0, 
                "reg_lambda": 1.0, 
                "max_depth": 10, 
                "gamma": 0.0
            }, 
            "fitTimeStd": 4.0519834100790142, 
            "scoreStd": 0.021608170835998974
        }, 
        {
            "scoreTimeStd": 0.011085526098877261, 
            "scoreTime": 0.03833333333333333, 
            "fitTime": 0.41333333333333333, 
            "score": 0.52707339321966451, 
            "params": {
                "reg_alpha": 0.0, 
                "colsample_bytree": 1.0, 
                "colsample_bylevel": 1.0, 
                "learning_rate": 0.01, 
                "max_delta_step": 0.0, 
                "min_child_weight": 0.0, 
                "subsample": 0.75, 
                "reg_lambda": 1.0, 
                "max_depth": 1, 
                "gamma": 0.0
            }, 
            "fitTimeStd": 0.018354533197248269, 
            "scoreStd": 0.0099013666207726815
        }, 
        {
            "scoreTimeStd": 0.00081649658092772389, 
            "scoreTime": 0.042000000000000003, 
            "fitTime": 0.38066666666666671, 
            "score": 0.50135329103064652, 
            "params": {
                "reg_alpha": 0.0, 
                "colsample_bytree": 1.0, 
                "colsample_bylevel": 1.0, 
                "learning_rate": 0.01, 
                "max_delta_step": 0.0, 
                "min_child_weight": 0.0, 
                "subsample": 1.0, 
                "reg_lambda": 1.0, 
                "max_depth": 1, 
                "gamma": 0.0
            }, 
            "fitTimeStd": 0.030901276492871436, 
            "scoreStd": 0.0069576781711915142
        }, 
        {
            "scoreTimeStd": 0.0054365021434333617, 
            "scoreTime": 0.036333333333333336, 
            "fitTime": 0.7636666666666666, 
            "score": 0.53282868961304952, 
            "params": {
                "reg_alpha": 0.0, 
                "colsample_bytree": 1.0, 
                "colsample_bylevel": 1.0, 
                "learning_rate": 0.01, 
                "max_delta_step": 0.0, 
                "min_child_weight": 0.0, 
                "subsample": 0.75, 
                "reg_lambda": 1.0, 
                "max_depth": 2, 
                "gamma": 0.0
            }, 
            "fitTimeStd": 0.061353257633333685, 
            "scoreStd": 0.0082169905432047854
        }, 
        {
            "scoreTimeStd": 0.0016996731711975933, 
            "scoreTime": 0.051333333333333335, 
            "fitTime": 0.72266666666666668, 
            "score": 0.52248209243962229, 
            "params": {
                "reg_alpha": 0.0, 
                "colsample_bytree": 1.0, 
                "colsample_bylevel": 1.0, 
                "learning_rate": 0.01, 
                "max_delta_step": 0.0, 
                "min_child_weight": 0.0, 
                "subsample": 1.0, 
                "reg_lambda": 1.0, 
                "max_depth": 2, 
                "gamma": 0.0
            }, 
            "fitTimeStd": 0.15548061686982795, 
            "scoreStd": 0.0087036516950796533
        }, 
        {
            "scoreTimeStd": 0.0075424723326565071, 
            "scoreTime": 0.035333333333333335, 
            "fitTime": 1.0629999999999999, 
            "score": 0.551910908130397, 
            "params": {
                "reg_alpha": 0.0, 
                "colsample_bytree": 1.0, 
                "colsample_bylevel": 1.0, 
                "learning_rate": 0.01, 
                "max_delta_step": 0.0, 
                "min_child_weight": 0.0, 
                "subsample": 0.75, 
                "reg_lambda": 1.0, 
                "max_depth": 3, 
                "gamma": 0.0
            }, 
            "fitTimeStd": 0.089431538061245472, 
            "scoreStd": 0.0040582968577612035
        }, 
        {
            "scoreTimeStd": 0.0065996632910744436, 
            "scoreTime": 0.039666666666666663, 
            "fitTime": 1.0743333333333334, 
            "score": 0.52600490964897517, 
            "params": {
                "reg_alpha": 0.0, 
                "colsample_bytree": 1.0, 
                "colsample_bylevel": 1.0, 
                "learning_rate": 0.01, 
                "max_delta_step": 0.0, 
                "min_child_weight": 0.0, 
                "subsample": 1.0, 
                "reg_lambda": 1.0, 
                "max_depth": 3, 
                "gamma": 0.0
            }, 
            "fitTimeStd": 0.26398653164297775, 
            "scoreStd": 0.011587137906359438
        }, 
        {
            "scoreTimeStd": 0.015173075568988054, 
            "scoreTime": 0.051666666666666659, 
            "fitTime": 1.7009999999999998, 
            "score": 0.5600919026324751, 
            "params": {
                "reg_alpha": 0.0, 
                "colsample_bytree": 1.0, 
                "colsample_bylevel": 1.0, 
                "learning_rate": 0.01, 
                "max_delta_step": 0.0, 
                "min_child_weight": 0.0, 
                "subsample": 0.75, 
                "reg_lambda": 1.0, 
                "max_depth": 5, 
                "gamma": 0.0
            }, 
            "fitTimeStd": 0.060898823196073884, 
            "scoreStd": 0.022932362420746755
        }, 
        {
            "scoreTimeStd": 0.00047140452079103207, 
            "scoreTime": 0.033333333333333333, 
            "fitTime": 1.9029999999999998, 
            "score": 0.53236304876306539, 
            "params": {
                "reg_alpha": 0.0, 
                "colsample_bytree": 1.0, 
                "colsample_bylevel": 1.0, 
                "learning_rate": 0.01, 
                "max_delta_step": 0.0, 
                "min_child_weight": 0.0, 
                "subsample": 1.0, 
                "reg_lambda": 1.0, 
                "max_depth": 5, 
                "gamma": 0.0
            }, 
            "fitTimeStd": 0.89034936962969768, 
            "scoreStd": 0.02680149075604395
        }, 
        {
            "scoreTimeStd": 0.0088065632090819374, 
            "scoreTime": 0.040666666666666663, 
            "fitTime": 5.5399999999999991, 
            "score": 0.55613540623362889, 
            "params": {
                "reg_alpha": 0.0, 
                "colsample_bytree": 1.0, 
                "colsample_bylevel": 1.0, 
                "learning_rate": 0.01, 
                "max_delta_step": 0.0, 
                "min_child_weight": 0.0, 
                "subsample": 0.75, 
                "reg_lambda": 1.0, 
                "max_depth": 10, 
                "gamma": 0.0
            }, 
            "fitTimeStd": 3.0076595552023502, 
            "scoreStd": 0.019506367996700049
        }, 
        {
            "scoreTimeStd": 0.0074087035902976241, 
            "scoreTime": 0.042666666666666665, 
            "fitTime": 5.415, 
            "score": 0.53480817364188216, 
            "params": {
                "reg_alpha": 0.0, 
                "colsample_bytree": 1.0, 
                "colsample_bylevel": 1.0, 
                "learning_rate": 0.01, 
                "max_delta_step": 0.0, 
                "min_child_weight": 0.0, 
                "subsample": 1.0, 
                "reg_lambda": 1.0, 
                "max_depth": 10, 
                "gamma": 0.0
            }, 
            "fitTimeStd": 3.8065050461895709, 
            "scoreStd": 0.02063710783715924
        }, 
        {
            "scoreTimeStd": 0.0012472191289246456, 
            "scoreTime": 0.034666666666666672, 
            "fitTime": 0.44666666666666671, 
            "score": 0.52028406164127794, 
            "params": {
                "reg_alpha": 0.0, 
                "colsample_bytree": 1.0, 
                "colsample_bylevel": 1.0, 
                "learning_rate": 0.05, 
                "max_delta_step": 0.0, 
                "min_child_weight": 0.0, 
                "subsample": 0.75, 
                "reg_lambda": 1.0, 
                "max_depth": 1, 
                "gamma": 0.0
            }, 
            "fitTimeStd": 0.10146044658990132, 
            "scoreStd": 0.010788353085164721
        }, 
        {
            "scoreTimeStd": 0.0089814623902049837, 
            "scoreTime": 0.040000000000000001, 
            "fitTime": 0.40166666666666667, 
            "score": 0.50645334696720501, 
            "params": {
                "reg_alpha": 0.0, 
                "colsample_bytree": 1.0, 
                "colsample_bylevel": 1.0, 
                "learning_rate": 0.05, 
                "max_delta_step": 0.0, 
                "min_child_weight": 0.0, 
                "subsample": 1.0, 
                "reg_lambda": 1.0, 
                "max_depth": 1, 
                "gamma": 0.0
            }, 
            "fitTimeStd": 0.033489633553617094, 
            "scoreStd": 0.0038065616731007054
        }, 
        {
            "scoreTimeStd": 0.0057154760664940808, 
            "scoreTime": 0.036999999999999998, 
            "fitTime": 0.70933333333333337, 
            "score": 0.54054057423923141, 
            "params": {
                "reg_alpha": 0.0, 
                "colsample_bytree": 1.0, 
                "colsample_bylevel": 1.0, 
                "learning_rate": 0.05, 
                "max_delta_step": 0.0, 
                "min_child_weight": 0.0, 
                "subsample": 0.75, 
                "reg_lambda": 1.0, 
                "max_depth": 2, 
                "gamma": 0.0
            }, 
            "fitTimeStd": 0.11594634774565156, 
            "scoreStd": 0.0070706105706210215
        }, 
        {
            "scoreTimeStd": 0.021602468994692869, 
            "scoreTime": 0.060999999999999999, 
            "fitTime": 0.80066666666666675, 
            "score": 0.54000289477319119, 
            "params": {
                "reg_alpha": 0.0, 
                "colsample_bytree": 1.0, 
                "colsample_bylevel": 1.0, 
                "learning_rate": 0.05, 
                "max_delta_step": 0.0, 
                "min_child_weight": 0.0, 
                "subsample": 1.0, 
                "reg_lambda": 1.0, 
                "max_depth": 2, 
                "gamma": 0.0
            }, 
            "fitTimeStd": 0.19844450665670288, 
            "scoreStd": 0.011162908537448219
        }, 
        {
            "scoreTimeStd": 0.0012472191289246482, 
            "scoreTime": 0.03266666666666667, 
            "fitTime": 1.2843333333333333, 
            "score": 0.55845165679341913, 
            "params": {
                "reg_alpha": 0.0, 
                "colsample_bytree": 1.0, 
                "colsample_bylevel": 1.0, 
                "learning_rate": 0.05, 
                "max_delta_step": 0.0, 
                "min_child_weight": 0.0, 
                "subsample": 0.75, 
                "reg_lambda": 1.0, 
                "max_depth": 3, 
                "gamma": 0.0
            }, 
            "fitTimeStd": 0.30963347507801686, 
            "scoreStd": 0.0091330275003064613
        }, 
        {
            "scoreTimeStd": 0.0040276819911981912, 
            "scoreTime": 0.034333333333333334, 
            "fitTime": 1.3760000000000001, 
            "score": 0.53948456380086995, 
            "params": {
                "reg_alpha": 0.0, 
                "colsample_bytree": 1.0, 
                "colsample_bylevel": 1.0, 
                "learning_rate": 0.05, 
                "max_delta_step": 0.0, 
                "min_child_weight": 0.0, 
                "subsample": 1.0, 
                "reg_lambda": 1.0, 
                "max_depth": 3, 
                "gamma": 0.0
            }, 
            "fitTimeStd": 0.50131626744002644, 
            "scoreStd": 0.016904139855101221
        }, 
        {
            "scoreTimeStd": 0.0075865377844940261, 
            "scoreTime": 0.040666666666666663, 
            "fitTime": 2.5956666666666663, 
            "score": 0.55389719054715736, 
            "params": {
                "reg_alpha": 0.0, 
                "colsample_bytree": 1.0, 
                "colsample_bylevel": 1.0, 
                "learning_rate": 0.05, 
                "max_delta_step": 0.0, 
                "min_child_weight": 0.0, 
                "subsample": 0.75, 
                "reg_lambda": 1.0, 
                "max_depth": 5, 
                "gamma": 0.0
            }, 
            "fitTimeStd": 0.55284737696964992, 
            "scoreStd": 0.022111025798528219
        }, 
        {
            "scoreTimeStd": 0.0038586123009300751, 
            "scoreTime": 0.034666666666666672, 
            "fitTime": 1.5743333333333336, 
            "score": 0.54477850579848308, 
            "params": {
                "reg_alpha": 0.0, 
                "colsample_bytree": 1.0, 
                "colsample_bylevel": 1.0, 
                "learning_rate": 0.05, 
                "max_delta_step": 0.0, 
                "min_child_weight": 0.0, 
                "subsample": 1.0, 
                "reg_lambda": 1.0, 
                "max_depth": 5, 
                "gamma": 0.0
            }, 
            "fitTimeStd": 0.18422148505414765, 
            "scoreStd": 0.011891550427944464
        }, 
        {
            "scoreTimeStd": 0.0041899350299921785, 
            "scoreTime": 0.040333333333333332, 
            "fitTime": 14.828333333333333, 
            "score": 0.55289573241144241, 
            "params": {
                "reg_alpha": 0.0, 
                "colsample_bytree": 1.0, 
                "colsample_bylevel": 1.0, 
                "learning_rate": 0.05, 
                "max_delta_step": 0.0, 
                "min_child_weight": 0.0, 
                "subsample": 0.75, 
                "reg_lambda": 1.0, 
                "max_depth": 10, 
                "gamma": 0.0
            }, 
            "fitTimeStd": 13.404296856688241, 
            "scoreStd": 0.024708084077729158
        }, 
        {
            "scoreTimeStd": 0.0020548046676563247, 
            "scoreTime": 0.034666666666666672, 
            "fitTime": 10.470666666666666, 
            "score": 0.54071142760969026, 
            "params": {
                "reg_alpha": 0.0, 
                "colsample_bytree": 1.0, 
                "colsample_bylevel": 1.0, 
                "learning_rate": 0.05, 
                "max_delta_step": 0.0, 
                "min_child_weight": 0.0, 
                "subsample": 1.0, 
                "reg_lambda": 1.0, 
                "max_depth": 10, 
                "gamma": 0.0
            }, 
            "fitTimeStd": 11.44061432888209, 
            "scoreStd": 0.023682895596955821
        }, 
        {
            "scoreTimeStd": 0.00081649658092772682, 
            "scoreTime": 0.031, 
            "fitTime": 0.38766666666666666, 
            "score": 0.5225194488174576, 
            "params": {
                "reg_alpha": 0.0, 
                "colsample_bytree": 1.0, 
                "colsample_bylevel": 1.0, 
                "learning_rate": 0.1, 
                "max_delta_step": 0.0, 
                "min_child_weight": 0.0, 
                "subsample": 0.75, 
                "reg_lambda": 1.0, 
                "max_depth": 1, 
                "gamma": 0.0
            }, 
            "fitTimeStd": 0.04549236810230433, 
            "scoreStd": 0.009334553709826391
        }, 
        {
            "scoreTimeStd": 0.0049888765156985895, 
            "scoreTime": 0.036666666666666674, 
            "fitTime": 0.37566666666666659, 
            "score": 0.50933950508108328, 
            "params": {
                "reg_alpha": 0.0, 
                "colsample_bytree": 1.0, 
                "colsample_bylevel": 1.0, 
                "learning_rate": 0.1, 
                "max_delta_step": 0.0, 
                "min_child_weight": 0.0, 
                "subsample": 1.0, 
                "reg_lambda": 1.0, 
                "max_depth": 1, 
                "gamma": 0.0
            }, 
            "fitTimeStd": 0.024984439601924677, 
            "scoreStd": 0.0017568897030679949
        }, 
        {
            "scoreTimeStd": 0.04779353745248642, 
            "scoreTime": 0.088666666666666658, 
            "fitTime": 0.84733333333333327, 
            "score": 0.54775877877956347, 
            "params": {
                "reg_alpha": 0.0, 
                "colsample_bytree": 1.0, 
                "colsample_bylevel": 1.0, 
                "learning_rate": 0.1, 
                "max_delta_step": 0.0, 
                "min_child_weight": 0.0, 
                "subsample": 0.75, 
                "reg_lambda": 1.0, 
                "max_depth": 2, 
                "gamma": 0.0
            }, 
            "fitTimeStd": 0.30599491644288618, 
            "scoreStd": 0.006586569607989823
        }, 
        {
            "scoreTimeStd": 0.0037416573867739391, 
            "scoreTime": 0.039, 
            "fitTime": 1.012, 
            "score": 0.54847906302305927, 
            "params": {
                "reg_alpha": 0.0, 
                "colsample_bytree": 1.0, 
                "colsample_bylevel": 1.0, 
                "learning_rate": 0.1, 
                "max_delta_step": 0.0, 
                "min_child_weight": 0.0, 
                "subsample": 1.0, 
                "reg_lambda": 1.0, 
                "max_depth": 2, 
                "gamma": 0.0
            }, 
            "fitTimeStd": 0.20021987913291728, 
            "scoreStd": 0.010846385904391114
        }, 
        {
            "scoreTimeStd": 0.0024944382578492934, 
            "scoreTime": 0.035333333333333335, 
            "fitTime": 1.5776666666666666, 
            "score": 0.55876332494224279, 
            "params": {
                "reg_alpha": 0.0, 
                "colsample_bytree": 1.0, 
                "colsample_bylevel": 1.0, 
                "learning_rate": 0.1, 
                "max_delta_step": 0.0, 
                "min_child_weight": 0.0, 
                "subsample": 0.75, 
                "reg_lambda": 1.0, 
                "max_depth": 3, 
                "gamma": 0.0
            }, 
            "fitTimeStd": 0.5812666246129129, 
            "scoreStd": 0.014144287811136066
        }, 
        {
            "scoreTimeStd": 0.020607442021431641, 
            "scoreTime": 0.049000000000000009, 
            "fitTime": 1.784, 
            "score": 0.53733746147976047, 
            "params": {
                "reg_alpha": 0.0, 
                "colsample_bytree": 1.0, 
                "colsample_bylevel": 1.0, 
                "learning_rate": 0.1, 
                "max_delta_step": 0.0, 
                "min_child_weight": 0.0, 
                "subsample": 1.0, 
                "reg_lambda": 1.0, 
                "max_depth": 3, 
                "gamma": 0.0
            }, 
            "fitTimeStd": 0.69120812109426688, 
            "scoreStd": 0.015231614271750118
        }, 
        {
            "scoreTimeStd": 0.0024944382578492934, 
            "scoreTime": 0.034666666666666672, 
            "fitTime": 7.4383333333333326, 
            "score": 0.56419222197460095, 
            "params": {
                "reg_alpha": 0.0, 
                "colsample_bytree": 1.0, 
                "colsample_bylevel": 1.0, 
                "learning_rate": 0.1, 
                "max_delta_step": 0.0, 
                "min_child_weight": 0.0, 
                "subsample": 0.75, 
                "reg_lambda": 1.0, 
                "max_depth": 5, 
                "gamma": 0.0
            }, 
            "fitTimeStd": 5.0879003091211947, 
            "scoreStd": 0.022345593025166165
        }, 
        {
            "scoreTimeStd": 0.0016996731711975933, 
            "scoreTime": 0.035333333333333335, 
            "fitTime": 10.116, 
            "score": 0.55537564841763054, 
            "params": {
                "reg_alpha": 0.0, 
                "colsample_bytree": 1.0, 
                "colsample_bylevel": 1.0, 
                "learning_rate": 0.1, 
                "max_delta_step": 0.0, 
                "min_child_weight": 0.0, 
                "subsample": 1.0, 
                "reg_lambda": 1.0, 
                "max_depth": 5, 
                "gamma": 0.0
            }, 
            "fitTimeStd": 6.4170242844068044, 
            "scoreStd": 0.012845257105431496
        }, 
        {
            "scoreTimeStd": 0.0097410927974683047, 
            "scoreTime": 0.042666666666666665, 
            "fitTime": 17.405333333333335, 
            "score": 0.55830799016913979, 
            "params": {
                "reg_alpha": 0.0, 
                "colsample_bytree": 1.0, 
                "colsample_bylevel": 1.0, 
                "learning_rate": 0.1, 
                "max_delta_step": 0.0, 
                "min_child_weight": 0.0, 
                "subsample": 0.75, 
                "reg_lambda": 1.0, 
                "max_depth": 10, 
                "gamma": 0.0
            }, 
            "fitTimeStd": 6.350724805528543, 
            "scoreStd": 0.035231499490710548
        }, 
        {
            "scoreTimeStd": 0.02027039439401436, 
            "scoreTime": 0.047333333333333338, 
            "fitTime": 7.5289999999999999, 
            "score": 0.54918658965727185, 
            "params": {
                "reg_alpha": 0.0, 
                "colsample_bytree": 1.0, 
                "colsample_bylevel": 1.0, 
                "learning_rate": 0.1, 
                "max_delta_step": 0.0, 
                "min_child_weight": 0.0, 
                "subsample": 1.0, 
                "reg_lambda": 1.0, 
                "max_depth": 10, 
                "gamma": 0.0
            }, 
            "fitTimeStd": 4.9699046939218725, 
            "scoreStd": 0.028484824034603506
        }, 
        {
            "scoreTimeStd": 0.00094280904158206415, 
            "scoreTime": 0.03266666666666667, 
            "fitTime": 0.436, 
            "score": 0.52425265329947857, 
            "params": {
                "reg_alpha": 0.0, 
                "colsample_bytree": 1.0, 
                "colsample_bylevel": 1.0, 
                "learning_rate": 0.3, 
                "max_delta_step": 0.0, 
                "min_child_weight": 0.0, 
                "subsample": 0.75, 
                "reg_lambda": 1.0, 
                "max_depth": 1, 
                "gamma": 0.0
            }, 
            "fitTimeStd": 0.067488270585833426, 
            "scoreStd": 0.0068005854311690775
        }, 
        {
            "scoreTimeStd": 0.0040276819911981877, 
            "scoreTime": 0.037333333333333336, 
            "fitTime": 0.47766666666666668, 
            "score": 0.53746214403093606, 
            "params": {
                "reg_alpha": 0.0, 
                "colsample_bytree": 1.0, 
                "colsample_bylevel": 1.0, 
                "learning_rate": 0.3, 
                "max_delta_step": 0.0, 
                "min_child_weight": 0.0, 
                "subsample": 1.0, 
                "reg_lambda": 1.0, 
                "max_depth": 1, 
                "gamma": 0.0
            }, 
            "fitTimeStd": 0.07996804917521054, 
            "scoreStd": 0.0064950568586891163
        }, 
        {
            "scoreTimeStd": 0.0048989794855663574, 
            "scoreTime": 0.042000000000000003, 
            "fitTime": 1.9593333333333334, 
            "score": 0.57032552492284705, 
            "params": {
                "reg_alpha": 0.0, 
                "colsample_bytree": 1.0, 
                "colsample_bylevel": 1.0, 
                "learning_rate": 0.3, 
                "max_delta_step": 0.0, 
                "min_child_weight": 0.0, 
                "subsample": 0.75, 
                "reg_lambda": 1.0, 
                "max_depth": 2, 
                "gamma": 0.0
            }, 
            "fitTimeStd": 1.3155319160788999, 
            "scoreStd": 0.025685719111495232
        }, 
        {
            "scoreTimeStd": 0.013199326582148885, 
            "scoreTime": 0.041333333333333333, 
            "fitTime": 2.1659999999999999, 
            "score": 0.54711698437899425, 
            "params": {
                "reg_alpha": 0.0, 
                "colsample_bytree": 1.0, 
                "colsample_bylevel": 1.0, 
                "learning_rate": 0.3, 
                "max_delta_step": 0.0, 
                "min_child_weight": 0.0, 
                "subsample": 1.0, 
                "reg_lambda": 1.0, 
                "max_depth": 2, 
                "gamma": 0.0
            }, 
            "fitTimeStd": 1.5932585059137974, 
            "scoreStd": 0.014017426643267552
        }, 
        {
            "scoreTimeStd": 0.0040276819911981912, 
            "scoreTime": 0.036333333333333336, 
            "fitTime": 4.2540000000000004, 
            "score": 0.55506101973621669, 
            "params": {
                "reg_alpha": 0.0, 
                "colsample_bytree": 1.0, 
                "colsample_bylevel": 1.0, 
                "learning_rate": 0.3, 
                "max_delta_step": 0.0, 
                "min_child_weight": 0.0, 
                "subsample": 0.75, 
                "reg_lambda": 1.0, 
                "max_depth": 3, 
                "gamma": 0.0
            }, 
            "fitTimeStd": 2.9779389964649492, 
            "scoreStd": 0.001095082861790728
        }, 
        {
            "scoreTimeStd": 0.011085526098877261, 
            "scoreTime": 0.042333333333333334, 
            "fitTime": 5.6273333333333326, 
            "score": 0.55357291049606283, 
            "params": {
                "reg_alpha": 0.0, 
                "colsample_bytree": 1.0, 
                "colsample_bylevel": 1.0, 
                "learning_rate": 0.3, 
                "max_delta_step": 0.0, 
                "min_child_weight": 0.0, 
                "subsample": 1.0, 
                "reg_lambda": 1.0, 
                "max_depth": 3, 
                "gamma": 0.0
            }, 
            "fitTimeStd": 3.3447884171581848, 
            "scoreStd": 0.016794088019190197
        }, 
        {
            "scoreTimeStd": 0.00081649658092772682, 
            "scoreTime": 0.034000000000000002, 
            "fitTime": 8.9936666666666678, 
            "score": 0.55373193745861216, 
            "params": {
                "reg_alpha": 0.0, 
                "colsample_bytree": 1.0, 
                "colsample_bylevel": 1.0, 
                "learning_rate": 0.3, 
                "max_delta_step": 0.0, 
                "min_child_weight": 0.0, 
                "subsample": 0.75, 
                "reg_lambda": 1.0, 
                "max_depth": 5, 
                "gamma": 0.0
            }, 
            "fitTimeStd": 4.522425406300866, 
            "scoreStd": 0.029775043497132777
        }, 
        {
            "scoreTimeStd": 0.012569805089976533, 
            "scoreTime": 0.046999999999999993, 
            "fitTime": 13.387, 
            "score": 0.54289978980761056, 
            "params": {
                "reg_alpha": 0.0, 
                "colsample_bytree": 1.0, 
                "colsample_bylevel": 1.0, 
                "learning_rate": 0.3, 
                "max_delta_step": 0.0, 
                "min_child_weight": 0.0, 
                "subsample": 1.0, 
                "reg_lambda": 1.0, 
                "max_depth": 5, 
                "gamma": 0.0
            }, 
            "fitTimeStd": 8.594112092977765, 
            "scoreStd": 0.027983858683248701
        }, 
        {
            "scoreTimeStd": 0.01131370849898476, 
            "scoreTime": 0.042000000000000003, 
            "fitTime": 13.035666666666666, 
            "score": 0.55348107808593694, 
            "params": {
                "reg_alpha": 0.0, 
                "colsample_bytree": 1.0, 
                "colsample_bylevel": 1.0, 
                "learning_rate": 0.3, 
                "max_delta_step": 0.0, 
                "min_child_weight": 0.0, 
                "subsample": 0.75, 
                "reg_lambda": 1.0, 
                "max_depth": 10, 
                "gamma": 0.0
            }, 
            "fitTimeStd": 5.7446003245559991, 
            "scoreStd": 0.024792635058868858
        }, 
        {
            "scoreTimeStd": 0.010873004286866727, 
            "scoreTime": 0.041666666666666664, 
            "fitTime": 15.162333333333335, 
            "score": 0.55282292512559039, 
            "params": {
                "reg_alpha": 0.0, 
                "colsample_bytree": 1.0, 
                "colsample_bylevel": 1.0, 
                "learning_rate": 0.3, 
                "max_delta_step": 0.0, 
                "min_child_weight": 0.0, 
                "subsample": 1.0, 
                "reg_lambda": 1.0, 
                "max_depth": 10, 
                "gamma": 0.0
            }, 
            "fitTimeStd": 7.8581315138453176, 
            "scoreStd": 0.02371527165436425
        }, 
        {
            "scoreTimeStd": 0.00047140452079103207, 
            "scoreTime": 0.033333333333333333, 
            "fitTime": 0.92200000000000004, 
            "score": 0.55428615821817517, 
            "params": {
                "reg_alpha": 0.0, 
                "colsample_bytree": 1.0, 
                "colsample_bylevel": 1.0, 
                "learning_rate": 0.5, 
                "max_delta_step": 0.0, 
                "min_child_weight": 0.0, 
                "subsample": 0.75, 
                "reg_lambda": 1.0, 
                "max_depth": 1, 
                "gamma": 0.0
            }, 
            "fitTimeStd": 0.63320296903915407, 
            "scoreStd": 0.0081772230944543306
        }, 
        {
            "scoreTimeStd": 0.002357022603955157, 
            "scoreTime": 0.037333333333333336, 
            "fitTime": 1.7130000000000001, 
            "score": 0.54926386248303882, 
            "params": {
                "reg_alpha": 0.0, 
                "colsample_bytree": 1.0, 
                "colsample_bylevel": 1.0, 
                "learning_rate": 0.5, 
                "max_delta_step": 0.0, 
                "min_child_weight": 0.0, 
                "subsample": 1.0, 
                "reg_lambda": 1.0, 
                "max_depth": 1, 
                "gamma": 0.0
            }, 
            "fitTimeStd": 1.6299269922300201, 
            "scoreStd": 0.022236512583013183
        }, 
        {
            "scoreTimeStd": 0.0074087035902976241, 
            "scoreTime": 0.043333333333333335, 
            "fitTime": 2.8513333333333333, 
            "score": 0.55500698971410312, 
            "params": {
                "reg_alpha": 0.0, 
                "colsample_bytree": 1.0, 
                "colsample_bylevel": 1.0, 
                "learning_rate": 0.5, 
                "max_delta_step": 0.0, 
                "min_child_weight": 0.0, 
                "subsample": 0.75, 
                "reg_lambda": 1.0, 
                "max_depth": 2, 
                "gamma": 0.0
            }, 
            "fitTimeStd": 1.2631519658730255, 
            "scoreStd": 0.029884397786752392
        }, 
        {
            "scoreTimeStd": 0.011614167593456234, 
            "scoreTime": 0.053666666666666668, 
            "fitTime": 4.1753333333333336, 
            "score": 0.55626959063222992, 
            "params": {
                "reg_alpha": 0.0, 
                "colsample_bytree": 1.0, 
                "colsample_bylevel": 1.0, 
                "learning_rate": 0.5, 
                "max_delta_step": 0.0, 
                "min_child_weight": 0.0, 
                "subsample": 1.0, 
                "reg_lambda": 1.0, 
                "max_depth": 2, 
                "gamma": 0.0
            }, 
            "fitTimeStd": 2.2624482805629444, 
            "scoreStd": 0.017931229122279315
        }, 
        {
            "scoreTimeStd": 0.0033993463423951913, 
            "scoreTime": 0.030666666666666665, 
            "fitTime": 6.0993333333333339, 
            "score": 0.54309522504459318, 
            "params": {
                "reg_alpha": 0.0, 
                "colsample_bytree": 1.0, 
                "colsample_bylevel": 1.0, 
                "learning_rate": 0.5, 
                "max_delta_step": 0.0, 
                "min_child_weight": 0.0, 
                "subsample": 0.75, 
                "reg_lambda": 1.0, 
                "max_depth": 3, 
                "gamma": 0.0
            }, 
            "fitTimeStd": 3.031353089885036, 
            "scoreStd": 0.032382398047137058
        }, 
        {
            "scoreTimeStd": 0.020237478982214053, 
            "scoreTime": 0.050666666666666672, 
            "fitTime": 7.7886666666666668, 
            "score": 0.53856599538323258, 
            "params": {
                "reg_alpha": 0.0, 
                "colsample_bytree": 1.0, 
                "colsample_bylevel": 1.0, 
                "learning_rate": 0.5, 
                "max_delta_step": 0.0, 
                "min_child_weight": 0.0, 
                "subsample": 1.0, 
                "reg_lambda": 1.0, 
                "max_depth": 3, 
                "gamma": 0.0
            }, 
            "fitTimeStd": 5.3623726920915225, 
            "scoreStd": 0.015407799363435615
        }, 
        {
            "scoreTimeStd": 0.0040276819911981912, 
            "scoreTime": 0.036333333333333336, 
            "fitTime": 7.6506666666666661, 
            "score": 0.5494549256660235, 
            "params": {
                "reg_alpha": 0.0, 
                "colsample_bytree": 1.0, 
                "colsample_bylevel": 1.0, 
                "learning_rate": 0.5, 
                "max_delta_step": 0.0, 
                "min_child_weight": 0.0, 
                "subsample": 0.75, 
                "reg_lambda": 1.0, 
                "max_depth": 5, 
                "gamma": 0.0
            }, 
            "fitTimeStd": 4.8520789587786206, 
            "scoreStd": 0.02982677134833097
        }, 
        {
            "scoreTimeStd": 0.0057154760664940843, 
            "scoreTime": 0.044000000000000004, 
            "fitTime": 9.0790000000000006, 
            "score": 0.55383162264314167, 
            "params": {
                "reg_alpha": 0.0, 
                "colsample_bytree": 1.0, 
                "colsample_bylevel": 1.0, 
                "learning_rate": 0.5, 
                "max_delta_step": 0.0, 
                "min_child_weight": 0.0, 
                "subsample": 1.0, 
                "reg_lambda": 1.0, 
                "max_depth": 5, 
                "gamma": 0.0
            }, 
            "fitTimeStd": 5.1347485495072362, 
            "scoreStd": 0.036475063299763036
        }, 
        {
            "scoreTimeStd": 0.0062360956446232355, 
            "scoreTime": 0.04533333333333333, 
            "fitTime": 10.956333333333333, 
            "score": 0.55566797202164775, 
            "params": {
                "reg_alpha": 0.0, 
                "colsample_bytree": 1.0, 
                "colsample_bylevel": 1.0, 
                "learning_rate": 0.5, 
                "max_delta_step": 0.0, 
                "min_child_weight": 0.0, 
                "subsample": 0.75, 
                "reg_lambda": 1.0, 
                "max_depth": 10, 
                "gamma": 0.0
            }, 
            "fitTimeStd": 4.9096722452273278, 
            "scoreStd": 0.028056385024059879
        }, 
        {
            "scoreTimeStd": 0.0045460605656619532, 
            "scoreTime": 0.036999999999999998, 
            "fitTime": 7.3773333333333335, 
            "score": 0.5509058851012496, 
            "params": {
                "reg_alpha": 0.0, 
                "colsample_bytree": 1.0, 
                "colsample_bylevel": 1.0, 
                "learning_rate": 0.5, 
                "max_delta_step": 0.0, 
                "min_child_weight": 0.0, 
                "subsample": 1.0, 
                "reg_lambda": 1.0, 
                "max_depth": 10, 
                "gamma": 0.0
            }, 
            "fitTimeStd": 3.5524179871681145, 
            "scoreStd": 0.033605692937578875
        }
    ], 
    "gridBestScore": 0.57502327249314755, 
    "modelInputIsSparse": false, 
    "nBoostedEstimators": 4
}