{
  "state": "DONE",
  "preSearchDescription": {
    "gridLength": 100,
    "importantParams": [
      {
        "name": "trees",
        "val": "300"
      },
      {
        "name": "max_depth",
        "vals": [
          "1",
          "2",
          "3",
          "5",
          "10"
        ]
      }
    ]
  },
  "postSearchDescription": {
    "importantParams": [
      {
        "name": "trees",
        "val": "1"
      },
      {
        "name": "max_depth",
        "val": "10"
      }
    ]
  },
  "modelId": "m1",
  "progress": {
    "top_level_todo": [],
    "stack": [],
    "top_level_done": [
      {
        "name": "Loading train set",
        "time": 17
      },
      {
        "name": "Loading test set",
        "time": 9
      },
      {
        "name": "Collecting statistics",
        "time": 57
      },
      {
        "name": "Preprocessing train set",
        "time": 86
      },
      {
        "name": "Preprocessing test set",
        "time": 80
      },
      {
        "name": "Grid searching",
        "time": 317003
      },
      {
        "name": "Fitting model",
        "time": 220
      },
      {
        "name": "Saving model",
        "time": 5
      },
      {
        "name": "Scoring model",
        "time": 103
      }
    ]
  },
  "startTime": 1524747885369,
  "endTime": 1524748202954,
  "preprocessingTime": 252,
  "trainingTime": 317333
}