{
    "metrics": {
        "rmse": 6.417457566613876, 
        "pearson": 0.77719971777065666, 
        "mae": 1.1205511015918224, 
        "r2": 0.58627824869604561, 
        "mape": 0.48053693920589763, 
        "mse": 41.183761619289683, 
        "evs": 0.58629058559285063, 
        "rmsle": 0
    }, 
    "scatterPlotData": {
        "y": [
            1.0718, 
            1.0457, 
            1.2714, 
            2.95, 
            1.6344, 
            2.0376, 
            2.6469, 
            1.3199, 
            1.3403, 
            1.027, 
            1.0308, 
            3.2551, 
            1.0661, 
            1.2065, 
            1.5034, 
            5.5348, 
            1.6466, 
            2.783, 
            1.6458, 
            1.0211, 
            1.6102, 
            1.124, 
            2.878, 
            1.0938, 
            1.0412, 
            1.5595, 
            3.72, 
            3.9234, 
            1.0808, 
            2.0752, 
            1.0721, 
            1.752, 
            3.6559, 
            1.0651, 
            1.7618, 
            1.0586, 
            1.3712, 
            1.2776, 
            1.1812, 
            0.9797, 
            2.264, 
            1.065, 
            1.4612, 
            5.2797, 
            1.0704, 
            1.4138, 
            1.0417, 
            1.3619, 
            2.3253, 
            1.44, 
            4.2505, 
            1.4592, 
            1.1795, 
            1.0457, 
            1.2329, 
            1.5117, 
            1.3999, 
            1.3265, 
            1.0716, 
            1.0479, 
            3.6833, 
            1.0373, 
            1.5543, 
            1.9901, 
            18.7824, 
            520.3221, 
            1.2765, 
            1.6078, 
            2.3952, 
            1.0676, 
            1.4531, 
            1.8554, 
            1.027, 
            1.8495, 
            1.7088, 
            2.195, 
            2.2004, 
            1.0246, 
            1.2419, 
            1.0261, 
            1.3397, 
            1.0478, 
            5.2759, 
            1.1845, 
            2.9801, 
            1.032, 
            1.0983, 
            3.2057, 
            1.8495, 
            1.0545, 
            0.9879, 
            2.0533, 
            1.0869, 
            3.8912, 
            1.0678, 
            1.1187, 
            1.2674, 
            1.9091, 
            7.4119, 
            1.1371, 
            1.513, 
            3.8698, 
            1.0615, 
            1.2832, 
            10.5194, 
            1.0496, 
            1.4371, 
            1.8324, 
            1.6343, 
            1.9532, 
            3.3848, 
            3.0848, 
            1.9685, 
            1.1116, 
            6.1722, 
            2.8139, 
            1.0643, 
            2.2137, 
            2.8242, 
            1.3613, 
            2.8135, 
            3.871, 
            1.1551, 
            1.0229, 
            1.1165, 
            3.0208, 
            1.105, 
            1.3103, 
            1.0055, 
            1.5351, 
            1.7459, 
            1.9364, 
            2.589, 
            1.1121, 
            3.1957, 
            1.1654, 
            2.4369, 
            1.0436, 
            4.403, 
            1.0948, 
            1.106, 
            1.267, 
            1.0638, 
            7.8612, 
            1.0483, 
            1.1952, 
            1.1705, 
            1.0389, 
            1.7101, 
            1.2985, 
            4.1054, 
            2.5903, 
            1.9792, 
            1.7989, 
            1.2099, 
            1.0314, 
            1.8323, 
            2.5494, 
            1.055, 
            1.0698, 
            1.0116, 
            5.0541, 
            1.0494, 
            1.7293, 
            0.9959, 
            1.1736, 
            1.8707, 
            2.4724, 
            1.3653, 
            1.0709, 
            0.9755, 
            1.0094, 
            7.4033, 
            1.2321, 
            2.9239, 
            1.0888, 
            3.3552, 
            1.7437, 
            1.3096, 
            10.7286, 
            6.249, 
            1.0641, 
            2.3681, 
            1.3687, 
            1.9342, 
            1.951, 
            2.283, 
            1.1164, 
            1.0125, 
            2.6833, 
            1.4197, 
            1.1764, 
            2.0163, 
            3.2367, 
            1.0789, 
            1.0225, 
            1.3196, 
            4.603, 
            2.3217, 
            4.1249, 
            1.243, 
            2.4418, 
            3.0234, 
            1.0477, 
            1.6708, 
            1.0048, 
            1.1017, 
            2.6718, 
            1.0666, 
            3.0468, 
            1.0373, 
            2.5411, 
            1.1387, 
            1.0357, 
            1.0104, 
            3.587, 
            2.123, 
            1.9503, 
            6.202, 
            1.2955, 
            1.2563, 
            2.3054, 
            2.5606, 
            3.0145, 
            3.1822, 
            2.6897, 
            1.7136, 
            1.1394, 
            2.1272, 
            1.6072, 
            3.2983, 
            2.1729, 
            2.7566, 
            7.3839, 
            1.2514, 
            1.5116, 
            1.613, 
            1.3096, 
            1.0768, 
            3.9339, 
            3.1053, 
            1.1453, 
            1.0587, 
            1.329, 
            1.0651, 
            1.0002, 
            1.034, 
            1.0514, 
            1.3875, 
            8.6624, 
            1.9975, 
            1.3009, 
            2.5705, 
            1.4409, 
            1.3133, 
            1.2369, 
            1.0143, 
            4.8745, 
            3.1411, 
            11.4831, 
            1.437, 
            1.054, 
            1.0676, 
            5.8402, 
            1.8572, 
            5.5386, 
            2.5641, 
            1.7733, 
            1.947, 
            1.5813, 
            1.0254, 
            1.1035, 
            1.4541, 
            1.0197, 
            1.3241, 
            1.0392, 
            2.8796, 
            1.159, 
            1.0485, 
            1.2352, 
            1.5315, 
            1.3511, 
            4.063, 
            1.578, 
            1.0328, 
            3.5506, 
            2.7691, 
            2.0927, 
            3.2474, 
            1.0295, 
            1.3837, 
            1.3146, 
            1.0738, 
            1.8032, 
            1.1919, 
            1.6025, 
            1.0358, 
            1.4287, 
            1.4159, 
            1.1726, 
            3.2676, 
            1.5899, 
            1.8022, 
            2.761, 
            1.8703, 
            1.6926, 
            1.0747, 
            2.6984, 
            1.1911, 
            1.5511, 
            1.9682, 
            2.5911, 
            1.9103, 
            1.6395, 
            1.9277, 
            1.0408, 
            1.059, 
            1.0427, 
            1.8993, 
            1.4562, 
            1.8944, 
            1.5704, 
            2.1186, 
            1.0762, 
            1.2104, 
            2.0819, 
            1.059, 
            1.0959, 
            1.6101, 
            1.1171, 
            1.0507, 
            1.1178, 
            1.5099, 
            1.987, 
            1.345, 
            1.0419, 
            2.5569, 
            1.0352, 
            1.1147, 
            1.2005, 
            1.3159, 
            2.0261, 
            1.6146, 
            1.0851, 
            3.3214, 
            1.0026, 
            1.5094, 
            1.1125, 
            1.7252, 
            1.2366, 
            1.0534, 
            1.0361, 
            1.0673, 
            2.0625, 
            1.2591, 
            1.9571, 
            7.3576, 
            1.2931, 
            1.0952, 
            3.6669, 
            6.1525, 
            0.9775, 
            1.0984, 
            1.4826, 
            1.0146, 
            1.01, 
            2.012, 
            1.067, 
            1.0979, 
            1.3021, 
            2.3574, 
            1.0301, 
            1.2763, 
            1.5034, 
            1.079, 
            1.0022, 
            1.3524, 
            0.9915, 
            1.7845, 
            2.2717, 
            0.8718, 
            1.4065, 
            5.1156, 
            2.0205, 
            1.0875, 
            1.5497, 
            1.433, 
            1.0843, 
            2.0278, 
            1.0452, 
            1.056, 
            2.2209, 
            1.2962, 
            2.0855, 
            1.0648, 
            2.9211, 
            1.0475, 
            2.2072, 
            7.3606, 
            7.6845, 
            1.3336, 
            1.3894, 
            4.538, 
            1.2818, 
            2.5815, 
            2.3655, 
            1.218, 
            1.1579, 
            1.2754, 
            1.0841, 
            1.0101, 
            1.9952, 
            1.2377, 
            1.0727, 
            2.0448, 
            1.0485, 
            5.5321, 
            1.1271, 
            1.7406, 
            1.2022, 
            2.084, 
            1.1603, 
            2.06, 
            1.9736, 
            1.0822, 
            3.2325, 
            2.2898, 
            3.4953, 
            1.7007, 
            1.0598, 
            1.0066, 
            1.4576, 
            1.4307, 
            1.0348, 
            1.0245, 
            1.6999, 
            1.4617, 
            1.541, 
            1.2083, 
            2.2133, 
            5.1221, 
            1.0591, 
            1.3952, 
            1.0881, 
            1.2735, 
            1.4403, 
            2.5594, 
            4.2203, 
            1.345, 
            1.0449, 
            5.204, 
            1.2969, 
            1.6342, 
            1.0445, 
            1.1675, 
            2.6399, 
            1.0459, 
            13.0946, 
            1.3994, 
            2.2608, 
            1.1135, 
            1.6299, 
            1.9576, 
            1.2169, 
            1.4923, 
            1.3937, 
            2.4015, 
            1.7888, 
            1.2766, 
            1.1092, 
            1.2889, 
            1.0764, 
            1.1254, 
            2.42, 
            2.1465, 
            2.8544, 
            1.6381, 
            9.2056, 
            1.026, 
            2.406, 
            1.0664, 
            1.0332, 
            5.4426, 
            2.1796, 
            1.9355, 
            1.021, 
            1.636, 
            2.4528, 
            3.3021, 
            1.0358, 
            1.3677, 
            1.0223, 
            4.2402, 
            2.0104, 
            1.1866, 
            2.2249, 
            1.2608, 
            1.012, 
            1.8201, 
            1.2677, 
            1.0417, 
            1.2414, 
            2.3713, 
            3.741, 
            1.3754, 
            2.2925, 
            1.0259, 
            1.3466, 
            1.1262, 
            1.0723, 
            1.0928, 
            5.292, 
            1.1904, 
            1.0642, 
            1.3239, 
            1.1468, 
            1.1864, 
            1.1042, 
            2.4886, 
            1.0642, 
            4.1344, 
            1.7185, 
            1.353, 
            1.2692, 
            3.8972, 
            1.1585, 
            1.0837, 
            2.2829, 
            1.4047, 
            1.2917, 
            1.1328, 
            3.4067, 
            1.0811, 
            1.2796, 
            2.4935, 
            1.0954, 
            2.2203, 
            2.8901, 
            1.0285, 
            2.6571, 
            1.0528, 
            1.2101, 
            1.0588, 
            1.7105, 
            1.0297, 
            1.0466, 
            1.2128, 
            1.0455, 
            2.741, 
            2.244, 
            1.0129, 
            1.3272, 
            28.5166, 
            1.5276, 
            1.0731, 
            1.1429, 
            2.3494, 
            1.3697, 
            1.3302, 
            1.1068, 
            1.5638, 
            2.649, 
            1.0543, 
            2.1861, 
            1.0338, 
            1.2311, 
            1.0231, 
            4.0424, 
            1.0802, 
            1.3577, 
            5.6421, 
            1.2389, 
            2.0325, 
            1.8023, 
            9.6082, 
            1.2405, 
            3.3624, 
            1.3146, 
            2.6957, 
            1.0848, 
            3.7818, 
            2.4011, 
            1.2729, 
            1.0394, 
            1.5095, 
            2.7512, 
            1.0837, 
            7.0304, 
            1.2843, 
            1.1283, 
            1.2403, 
            1.1134, 
            2.271, 
            2.1506, 
            4.5202, 
            1.0423, 
            1.0746, 
            1.5495, 
            1.0314, 
            1.0047, 
            1.0036, 
            1.5413, 
            4.1265, 
            1.7907, 
            1.7347, 
            6.4195, 
            3.2723, 
            1.0461, 
            1.1508, 
            6.7652, 
            1.1828, 
            1.4871, 
            1.3718, 
            1.943, 
            2.2203, 
            2.2352, 
            1.0072, 
            1.6695, 
            1.0463, 
            1.1021, 
            1.0199, 
            1.5283, 
            11.0894, 
            1.7688, 
            0.7782, 
            2.4118, 
            1.7579, 
            7.8082, 
            1.2467, 
            1.4339, 
            1.0239, 
            1.101, 
            1.0596, 
            1.0251, 
            1.4235, 
            1.3592, 
            8.969, 
            1.0759, 
            2.5015, 
            1.0404, 
            3.0455, 
            1.7911, 
            2.6722, 
            1.2463, 
            5.7897, 
            1.4208, 
            1.5261, 
            6.5712, 
            1.834, 
            2.5099, 
            1.0633, 
            1.0506, 
            4.8062, 
            2.3091, 
            4.8405, 
            2.3364, 
            2.4966, 
            1.092, 
            1.077, 
            1.3257, 
            1.0865, 
            3.3235, 
            1.2205, 
            1.0012, 
            1.355, 
            1.0375, 
            1.3325, 
            3.8095, 
            1.812, 
            2.6716, 
            4.5702, 
            1.4718, 
            6.8131, 
            1.0419, 
            13.9463, 
            1.0594, 
            0.9787, 
            1.397, 
            2.1041, 
            1.0666, 
            1.0239, 
            1.4133, 
            1.0471, 
            2.9135, 
            2.3797, 
            0.992, 
            1.5309, 
            1.0594, 
            1.2814, 
            1.2943, 
            3.693, 
            1.2271, 
            1.084, 
            1.653, 
            3.4948, 
            1.5202, 
            1.5055, 
            2.7542, 
            1.5644, 
            4.7436, 
            1.0019, 
            2.517, 
            1.0875, 
            1.4901, 
            2.6222, 
            1.0905, 
            1.0181, 
            1.0286, 
            0.9751, 
            1.3044, 
            1.0395, 
            1.2101, 
            1.217, 
            1.024, 
            1.1338, 
            1.9607, 
            1.8659, 
            1.048, 
            1.004, 
            1.006, 
            3.2324, 
            1.8779, 
            1.4266, 
            1.647, 
            1.0962, 
            1.7176, 
            2.0343, 
            1.8135, 
            1.5152, 
            1.7102, 
            1.8522, 
            1.042, 
            5.0819, 
            0.9634, 
            1.0328, 
            1.2752, 
            6.0122, 
            1.1203, 
            2.6669, 
            1.1361, 
            3.2564, 
            3.0784, 
            3.0134, 
            1.06, 
            1.521, 
            1.0127, 
            1.1273, 
            1.0554, 
            1.0223, 
            1.7072, 
            5.5836, 
            1.0017, 
            16.0981, 
            1.0264, 
            1.3541, 
            1.1657, 
            1.1829, 
            1.9377, 
            2.1704, 
            1.2667, 
            1.0449, 
            1.0617, 
            0.9839, 
            5.9382, 
            1.7225, 
            2.9262, 
            1.2151, 
            1.0607, 
            1.8175, 
            1.0469, 
            1.9573, 
            1.2351, 
            1.0809, 
            1.0621, 
            1.3782, 
            1.0865, 
            1.1891, 
            1.3427, 
            1.2917, 
            1.6464, 
            1.4962, 
            1.0686, 
            1.2903, 
            1.2699, 
            5.9808, 
            1.4711, 
            1.9473, 
            1.0262, 
            1.3535, 
            1.0466, 
            3.2107, 
            1.2567, 
            1.0664, 
            3.9267, 
            1.2405, 
            1.0355, 
            3.5669, 
            1.0478, 
            1.296, 
            1.0325, 
            10.8203, 
            1.2344, 
            1.1091, 
            5.0486, 
            1.6207, 
            1.4553, 
            1.0468, 
            1.8743, 
            6.9506, 
            4.4711, 
            1.1781, 
            1.2255, 
            4.6815, 
            15.2173, 
            1.4334, 
            1.0704, 
            1.6962, 
            1.0585, 
            1.0223, 
            1.0427, 
            2.3665, 
            1.3935, 
            1.59, 
            1.3856, 
            1.393, 
            1.5315, 
            19.8962, 
            3.6915, 
            1.6217, 
            1.8398, 
            1.2444, 
            0.9107, 
            1.0645, 
            1.1985, 
            1.9145, 
            1.0375, 
            1.0533, 
            1.0599, 
            1.3091, 
            1.8059, 
            1.274, 
            2.0843, 
            1.022, 
            3.3686, 
            2.3917, 
            1.2111, 
            1.915, 
            3.577, 
            1.791, 
            1.2976, 
            1.0463, 
            1.0771, 
            2.2661, 
            3.6678, 
            1.0308, 
            2.9485, 
            3.2163, 
            2.2287, 
            1.671, 
            1.345, 
            1.6527, 
            3.0712, 
            1.0222, 
            1.0595, 
            1.5657, 
            1.3986, 
            1.3548, 
            1.6619, 
            1.9225, 
            1.2237, 
            1.0666, 
            3.4831, 
            1.5489, 
            1.5345, 
            1.6149, 
            1.6119, 
            1.2238, 
            1.6213, 
            2.1928, 
            1.1933, 
            1.5099, 
            1.1308, 
            2.1956, 
            1.0508, 
            1.0507, 
            2.0724, 
            0.9886, 
            1.9912, 
            1.254, 
            1.2742, 
            0.5688, 
            1.5594, 
            1.0828, 
            1.4237, 
            13.1314, 
            1.5289, 
            1.0167, 
            2.0635, 
            1.4201, 
            1.4233, 
            1.0242, 
            1.0295, 
            1.0929, 
            2.3546, 
            1.1196, 
            1.8215, 
            1.6306, 
            1.4268, 
            1.255, 
            4.6737, 
            10.1877, 
            1.7646, 
            1.0679, 
            1.2745, 
            1.0352, 
            1.8358, 
            1.9449, 
            9.4772, 
            3.4176, 
            1.9438, 
            2.1838, 
            1.5762, 
            2.1018, 
            3.1251, 
            1.6225, 
            2.0681, 
            1.2469, 
            3.4375, 
            2.1459, 
            1.7737, 
            1.2607, 
            1.7958, 
            3.205, 
            1.4264, 
            0.9987, 
            1.4735, 
            1.5045, 
            1.0332, 
            1.0685, 
            1.9686, 
            2.3899, 
            2.2726, 
            1.092, 
            1.008, 
            2.864, 
            3.5809, 
            1.7177, 
            1.033, 
            3.1624, 
            1.6246, 
            1.1285, 
            2.2938, 
            1.0916, 
            1.0041, 
            4.0064, 
            3.8209, 
            27.2696, 
            1.5212, 
            2.1224, 
            1.0757, 
            1.0443, 
            2.3883, 
            1.2795, 
            1.3659, 
            2.4477, 
            1.5557, 
            1.4764, 
            1.0252, 
            2.0591, 
            2.5638, 
            1.8049, 
            1.5377, 
            1.077, 
            3.222, 
            1.8146, 
            7.4098, 
            1.6764, 
            2.0561, 
            1.0634, 
            1.0783, 
            1.0193, 
            1.0528, 
            2.1972, 
            1.0324, 
            2.521, 
            1.3549, 
            1.0411, 
            0.8926, 
            1.0776, 
            2.5199, 
            1.6381, 
            1.4864, 
            1.6547, 
            1.0913, 
            1.0605, 
            2.4164, 
            1.6586, 
            1.0616, 
            1.0449, 
            1.1603
        ], 
        "x": [
            1.0, 
            1.0, 
            1.0, 
            3.0, 
            3.0, 
            2.0, 
            5.0, 
            1.0, 
            1.0, 
            1.0, 
            1.0, 
            2.0, 
            1.0, 
            1.0, 
            2.0, 
            2.0, 
            2.0, 
            2.0, 
            1.0, 
            1.0, 
            1.0, 
            1.0, 
            3.0, 
            1.0, 
            1.0, 
            1.0, 
            15.0, 
            2.0, 
            1.0, 
            1.0, 
            1.0, 
            2.0, 
            2.0, 
            1.0, 
            1.0, 
            1.0, 
            1.0, 
            1.0, 
            1.0, 
            1.0, 
            3.0, 
            1.0, 
            1.0, 
            18.0, 
            1.0, 
            1.0, 
            1.0, 
            1.0, 
            2.0, 
            1.0, 
            9.0, 
            2.0, 
            1.0, 
            1.0, 
            2.0, 
            1.0, 
            2.0, 
            1.0, 
            1.0, 
            1.0, 
            5.0, 
            1.0, 
            1.0, 
            1.0, 
            35.0, 
            795.0, 
            2.0, 
            1.0, 
            2.0, 
            1.0, 
            1.0, 
            1.0, 
            1.0, 
            1.0, 
            2.0, 
            2.0, 
            2.0, 
            1.0, 
            1.0, 
            1.0, 
            1.0, 
            1.0, 
            7.0, 
            1.0, 
            2.0, 
            1.0, 
            1.0, 
            1.0, 
            3.0, 
            1.0, 
            1.0, 
            1.0, 
            1.0, 
            1.0, 
            1.0, 
            1.0, 
            1.0, 
            1.0, 
            10.0, 
            1.0, 
            2.0, 
            9.0, 
            1.0, 
            1.0, 
            1.0, 
            1.0, 
            1.0, 
            2.0, 
            1.0, 
            1.0, 
            2.0, 
            3.0, 
            1.0, 
            1.0, 
            3.0, 
            1.0, 
            1.0, 
            1.0, 
            6.0, 
            1.0, 
            5.0, 
            2.0, 
            1.0, 
            1.0, 
            1.0, 
            1.0, 
            1.0, 
            2.0, 
            1.0, 
            3.0, 
            1.0, 
            1.0, 
            1.0, 
            1.0, 
            8.0, 
            1.0, 
            1.0, 
            1.0, 
            7.0, 
            1.0, 
            1.0, 
            1.0, 
            1.0, 
            14.0, 
            1.0, 
            1.0, 
            1.0, 
            1.0, 
            1.0, 
            1.0, 
            4.0, 
            1.0, 
            1.0, 
            1.0, 
            1.0, 
            1.0, 
            1.0, 
            2.0, 
            1.0, 
            1.0, 
            1.0, 
            3.0, 
            1.0, 
            2.0, 
            1.0, 
            1.0, 
            2.0, 
            3.0, 
            1.0, 
            1.0, 
            1.0, 
            1.0, 
            1.0, 
            2.0, 
            1.0, 
            1.0, 
            8.0, 
            1.0, 
            2.0, 
            21.0, 
            3.0, 
            1.0, 
            1.0, 
            2.0, 
            6.0, 
            5.0, 
            2.0, 
            1.0, 
            1.0, 
            2.0, 
            1.0, 
            1.0, 
            1.0, 
            1.0, 
            1.0, 
            1.0, 
            1.0, 
            6.0, 
            2.0, 
            1.0, 
            2.0, 
            4.0, 
            2.0, 
            1.0, 
            1.0, 
            1.0, 
            1.0, 
            2.0, 
            1.0, 
            3.0, 
            1.0, 
            2.0, 
            1.0, 
            1.0, 
            1.0, 
            1.0, 
            2.0, 
            2.0, 
            9.0, 
            1.0, 
            1.0, 
            1.0, 
            1.0, 
            5.0, 
            5.0, 
            1.0, 
            2.0, 
            1.0, 
            4.0, 
            1.0, 
            3.0, 
            3.0, 
            1.0, 
            4.0, 
            1.0, 
            2.0, 
            1.0, 
            1.0, 
            1.0, 
            1.0, 
            4.0, 
            1.0, 
            1.0, 
            1.0, 
            1.0, 
            1.0, 
            1.0, 
            1.0, 
            2.0, 
            12.0, 
            3.0, 
            1.0, 
            3.0, 
            1.0, 
            1.0, 
            1.0, 
            1.0, 
            4.0, 
            4.0, 
            1.0, 
            1.0, 
            1.0, 
            1.0, 
            9.0, 
            1.0, 
            5.0, 
            1.0, 
            1.0, 
            1.0, 
            1.0, 
            1.0, 
            1.0, 
            1.0, 
            1.0, 
            1.0, 
            1.0, 
            3.0, 
            1.0, 
            1.0, 
            1.0, 
            1.0, 
            1.0, 
            4.0, 
            2.0, 
            1.0, 
            3.0, 
            1.0, 
            2.0, 
            1.0, 
            1.0, 
            3.0, 
            1.0, 
            1.0, 
            2.0, 
            1.0, 
            1.0, 
            1.0, 
            2.0, 
            1.0, 
            1.0, 
            2.0, 
            1.0, 
            1.0, 
            5.0, 
            4.0, 
            1.0, 
            1.0, 
            1.0, 
            1.0, 
            1.0, 
            2.0, 
            1.0, 
            6.0, 
            1.0, 
            2.0, 
            1.0, 
            1.0, 
            1.0, 
            1.0, 
            1.0, 
            1.0, 
            1.0, 
            1.0, 
            1.0, 
            1.0, 
            5.0, 
            1.0, 
            1.0, 
            1.0, 
            1.0, 
            1.0, 
            1.0, 
            1.0, 
            2.0, 
            2.0, 
            1.0, 
            1.0, 
            1.0, 
            1.0, 
            1.0, 
            1.0, 
            2.0, 
            2.0, 
            1.0, 
            1.0, 
            1.0, 
            2.0, 
            1.0, 
            2.0, 
            1.0, 
            1.0, 
            1.0, 
            1.0, 
            1.0, 
            2.0, 
            2.0, 
            11.0, 
            2.0, 
            1.0, 
            2.0, 
            8.0, 
            1.0, 
            1.0, 
            1.0, 
            1.0, 
            0.0, 
            2.0, 
            1.0, 
            1.0, 
            1.0, 
            2.0, 
            1.0, 
            1.0, 
            1.0, 
            1.0, 
            1.0, 
            1.0, 
            1.0, 
            1.0, 
            1.0, 
            1.0, 
            1.0, 
            11.0, 
            2.0, 
            1.0, 
            1.0, 
            1.0, 
            1.0, 
            1.0, 
            1.0, 
            1.0, 
            9.0, 
            1.0, 
            2.0, 
            1.0, 
            2.0, 
            1.0, 
            2.0, 
            8.0, 
            6.0, 
            1.0, 
            1.0, 
            1.0, 
            1.0, 
            3.0, 
            3.0, 
            1.0, 
            1.0, 
            2.0, 
            1.0, 
            1.0, 
            1.0, 
            1.0, 
            1.0, 
            2.0, 
            1.0, 
            4.0, 
            1.0, 
            2.0, 
            1.0, 
            2.0, 
            1.0, 
            2.0, 
            1.0, 
            1.0, 
            5.0, 
            15.0, 
            1.0, 
            2.0, 
            1.0, 
            1.0, 
            1.0, 
            1.0, 
            1.0, 
            1.0, 
            1.0, 
            1.0, 
            1.0, 
            1.0, 
            1.0, 
            3.0, 
            2.0, 
            1.0, 
            0.0, 
            2.0, 
            2.0, 
            1.0, 
            3.0, 
            1.0, 
            1.0, 
            12.0, 
            1.0, 
            3.0, 
            1.0, 
            1.0, 
            2.0, 
            1.0, 
            15.0, 
            1.0, 
            3.0, 
            1.0, 
            1.0, 
            2.0, 
            1.0, 
            1.0, 
            1.0, 
            2.0, 
            2.0, 
            2.0, 
            1.0, 
            2.0, 
            1.0, 
            1.0, 
            4.0, 
            1.0, 
            3.0, 
            1.0, 
            1.0, 
            1.0, 
            1.0, 
            1.0, 
            1.0, 
            5.0, 
            3.0, 
            2.0, 
            1.0, 
            1.0, 
            1.0, 
            1.0, 
            1.0, 
            1.0, 
            1.0, 
            12.0, 
            2.0, 
            1.0, 
            7.0, 
            1.0, 
            1.0, 
            1.0, 
            1.0, 
            1.0, 
            1.0, 
            12.0, 
            6.0, 
            2.0, 
            3.0, 
            1.0, 
            1.0, 
            2.0, 
            1.0, 
            1.0, 
            6.0, 
            1.0, 
            1.0, 
            2.0, 
            1.0, 
            1.0, 
            1.0, 
            1.0, 
            1.0, 
            3.0, 
            2.0, 
            2.0, 
            2.0, 
            9.0, 
            1.0, 
            1.0, 
            7.0, 
            1.0, 
            1.0, 
            1.0, 
            18.0, 
            1.0, 
            1.0, 
            2.0, 
            1.0, 
            4.0, 
            1.0, 
            1.0, 
            1.0, 
            1.0, 
            1.0, 
            1.0, 
            1.0, 
            1.0, 
            1.0, 
            1.0, 
            1.0, 
            2.0, 
            1.0, 
            1.0, 
            2.0, 
            2.0, 
            2.0, 
            1.0, 
            1.0, 
            2.0, 
            1.0, 
            1.0, 
            1.0, 
            2.0, 
            1.0, 
            1.0, 
            1.0, 
            1.0, 
            1.0, 
            1.0, 
            12.0, 
            1.0, 
            1.0, 
            4.0, 
            1.0, 
            7.0, 
            1.0, 
            2.0, 
            2.0, 
            1.0, 
            1.0, 
            1.0, 
            1.0, 
            2.0, 
            3.0, 
            1.0, 
            1.0, 
            1.0, 
            2.0, 
            1.0, 
            30.0, 
            1.0, 
            1.0, 
            1.0, 
            1.0, 
            5.0, 
            2.0, 
            14.0, 
            1.0, 
            1.0, 
            3.0, 
            1.0, 
            1.0, 
            1.0, 
            1.0, 
            3.0, 
            4.0, 
            3.0, 
            1.0, 
            5.0, 
            1.0, 
            1.0, 
            5.0, 
            1.0, 
            2.0, 
            1.0, 
            4.0, 
            2.0, 
            1.0, 
            1.0, 
            1.0, 
            1.0, 
            1.0, 
            1.0, 
            2.0, 
            10.0, 
            2.0, 
            1.0, 
            7.0, 
            1.0, 
            1.0, 
            1.0, 
            1.0, 
            1.0, 
            1.0, 
            1.0, 
            1.0, 
            1.0, 
            1.0, 
            4.0, 
            1.0, 
            1.0, 
            1.0, 
            2.0, 
            3.0, 
            5.0, 
            2.0, 
            4.0, 
            2.0, 
            1.0, 
            9.0, 
            2.0, 
            4.0, 
            1.0, 
            1.0, 
            4.0, 
            2.0, 
            7.0, 
            2.0, 
            3.0, 
            1.0, 
            1.0, 
            1.0, 
            1.0, 
            1.0, 
            1.0, 
            1.0, 
            1.0, 
            1.0, 
            2.0, 
            6.0, 
            2.0, 
            1.0, 
            4.0, 
            2.0, 
            5.0, 
            1.0, 
            19.0, 
            1.0, 
            1.0, 
            1.0, 
            1.0, 
            1.0, 
            1.0, 
            1.0, 
            1.0, 
            3.0, 
            1.0, 
            1.0, 
            3.0, 
            1.0, 
            1.0, 
            2.0, 
            5.0, 
            1.0, 
            1.0, 
            3.0, 
            1.0, 
            1.0, 
            5.0, 
            4.0, 
            1.0, 
            3.0, 
            1.0, 
            4.0, 
            1.0, 
            1.0, 
            1.0, 
            1.0, 
            1.0, 
            1.0, 
            1.0, 
            1.0, 
            1.0, 
            1.0, 
            1.0, 
            1.0, 
            1.0, 
            2.0, 
            2.0, 
            1.0, 
            1.0, 
            1.0, 
            1.0, 
            1.0, 
            1.0, 
            1.0, 
            1.0, 
            4.0, 
            2.0, 
            2.0, 
            1.0, 
            1.0, 
            3.0, 
            1.0, 
            8.0, 
            1.0, 
            1.0, 
            1.0, 
            9.0, 
            2.0, 
            1.0, 
            1.0, 
            1.0, 
            1.0, 
            3.0, 
            1.0, 
            1.0, 
            1.0, 
            1.0, 
            1.0, 
            1.0, 
            1.0, 
            1.0, 
            1.0, 
            12.0, 
            1.0, 
            1.0, 
            1.0, 
            1.0, 
            1.0, 
            1.0, 
            1.0, 
            1.0, 
            1.0, 
            1.0, 
            1.0, 
            3.0, 
            1.0, 
            1.0, 
            1.0, 
            1.0, 
            1.0, 
            1.0, 
            1.0, 
            1.0, 
            1.0, 
            2.0, 
            1.0, 
            2.0, 
            1.0, 
            1.0, 
            1.0, 
            1.0, 
            1.0, 
            1.0, 
            2.0, 
            1.0, 
            3.0, 
            1.0, 
            1.0, 
            1.0, 
            1.0, 
            2.0, 
            1.0, 
            1.0, 
            4.0, 
            1.0, 
            1.0, 
            2.0, 
            1.0, 
            1.0, 
            1.0, 
            2.0, 
            1.0, 
            1.0, 
            11.0, 
            1.0, 
            1.0, 
            1.0, 
            1.0, 
            6.0, 
            2.0, 
            1.0, 
            1.0, 
            18.0, 
            2.0, 
            2.0, 
            1.0, 
            1.0, 
            1.0, 
            1.0, 
            1.0, 
            5.0, 
            1.0, 
            1.0, 
            2.0, 
            1.0, 
            1.0, 
            7.0, 
            1.0, 
            2.0, 
            2.0, 
            1.0, 
            1.0, 
            1.0, 
            1.0, 
            1.0, 
            1.0, 
            1.0, 
            1.0, 
            4.0, 
            1.0, 
            1.0, 
            4.0, 
            1.0, 
            1.0, 
            3.0, 
            1.0, 
            1.0, 
            6.0, 
            2.0, 
            1.0, 
            1.0, 
            1.0, 
            1.0, 
            3.0, 
            1.0, 
            5.0, 
            13.0, 
            2.0, 
            2.0, 
            1.0, 
            2.0, 
            1.0, 
            1.0, 
            1.0, 
            1.0, 
            1.0, 
            1.0, 
            1.0, 
            1.0, 
            1.0, 
            1.0, 
            3.0, 
            1.0, 
            2.0, 
            1.0, 
            1.0, 
            1.0, 
            2.0, 
            3.0, 
            2.0, 
            1.0, 
            1.0, 
            1.0, 
            1.0, 
            1.0, 
            2.0, 
            1.0, 
            1.0, 
            1.0, 
            1.0, 
            1.0, 
            1.0, 
            1.0, 
            2.0, 
            9.0, 
            1.0, 
            1.0, 
            1.0, 
            1.0, 
            1.0, 
            1.0, 
            1.0, 
            1.0, 
            1.0, 
            1.0, 
            1.0, 
            1.0, 
            1.0, 
            1.0, 
            9.0, 
            1.0, 
            1.0, 
            1.0, 
            1.0, 
            1.0, 
            1.0, 
            3.0, 
            1.0, 
            5.0, 
            2.0, 
            1.0, 
            3.0, 
            3.0, 
            2.0, 
            1.0, 
            1.0, 
            1.0, 
            5.0, 
            8.0, 
            1.0, 
            1.0, 
            2.0, 
            2.0, 
            1.0, 
            1.0, 
            1.0, 
            1.0, 
            1.0, 
            1.0, 
            1.0, 
            2.0, 
            2.0, 
            1.0, 
            1.0, 
            1.0, 
            4.0, 
            1.0, 
            1.0, 
            1.0, 
            3.0, 
            1.0, 
            2.0, 
            1.0, 
            1.0, 
            1.0, 
            1.0, 
            9.0, 
            2.0, 
            3.0, 
            1.0, 
            1.0, 
            2.0, 
            2.0, 
            2.0, 
            1.0, 
            2.0, 
            1.0, 
            1.0, 
            1.0, 
            4.0, 
            2.0, 
            1.0, 
            1.0, 
            8.0, 
            1.0, 
            10.0, 
            2.0, 
            2.0, 
            1.0, 
            1.0, 
            1.0, 
            1.0, 
            1.0, 
            1.0, 
            2.0, 
            1.0, 
            1.0, 
            1.0, 
            1.0, 
            10.0, 
            1.0, 
            1.0, 
            1.0, 
            1.0, 
            1.0, 
            1.0, 
            2.0, 
            1.0, 
            1.0, 
            1.0
        ]
    }, 
    "processed_feature_names": [
        "item_category_id", 
        "item_cnt_month_avg", 
        "item_cnt_prev_month", 
        "item_id", 
        "shop_id", 
        "dummy:shop_name:\u041c\u043e\u0441\u043a\u0432\u0430 \u0422\u0426 \"\u0421\u0435\u043c\u0435\u043d\u043e\u0432\u0441\u043a\u0438\u0439\"", 
        "dummy:shop_name:\u041c\u043e\u0441\u043a\u0432\u0430 \u0422\u0420\u041a \"\u0410\u0442\u0440\u0438\u0443\u043c\"", 
        "dummy:shop_name:\u0425\u0438\u043c\u043a\u0438 \u0422\u0426 \"\u041c\u0435\u0433\u0430\"", 
        "dummy:shop_name:\u041c\u043e\u0441\u043a\u0432\u0430 \u0422\u0426 \"\u041c\u0415\u0413\u0410 \u0422\u0435\u043f\u043b\u044b\u0439 \u0421\u0442\u0430\u043d\" II", 
        "dummy:shop_name:\u042f\u043a\u0443\u0442\u0441\u043a \u041e\u0440\u0434\u0436\u043e\u043d\u0438\u043a\u0438\u0434\u0437\u0435, 56", 
        "dummy:shop_name:\u0421\u041f\u0431 \u0422\u041a \"\u041d\u0435\u0432\u0441\u043a\u0438\u0439 \u0426\u0435\u043d\u0442\u0440\"", 
        "dummy:shop_name:\u041c\u043e\u0441\u043a\u0432\u0430 \u0422\u0426 \"\u041c\u0415\u0413\u0410 \u0411\u0435\u043b\u0430\u044f \u0414\u0430\u0447\u0430 II\"", 
        "dummy:shop_name:\u0412\u043e\u0440\u043e\u043d\u0435\u0436 (\u041f\u043b\u0435\u0445\u0430\u043d\u043e\u0432\u0441\u043a\u0430\u044f, 13)", 
        "dummy:shop_name:\u0427\u0435\u0445\u043e\u0432 \u0422\u0420\u0426 \"\u041a\u0430\u0440\u043d\u0430\u0432\u0430\u043b\"", 
        "dummy:shop_name:\u042f\u043a\u0443\u0442\u0441\u043a \u0422\u0426 \"\u0426\u0435\u043d\u0442\u0440\u0430\u043b\u044c\u043d\u044b\u0439\"", 
        "dummy:shop_name:\u041c\u043e\u0441\u043a\u0432\u0430 \u041c\u0422\u0420\u0426 \"\u0410\u0444\u0438 \u041c\u043e\u043b\u043b\"", 
        "dummy:shop_name:\u0421\u0435\u0440\u0433\u0438\u0435\u0432 \u041f\u043e\u0441\u0430\u0434 \u0422\u0426 \"7\u042f\"", 
        "dummy:shop_name:\u041a\u0443\u0440\u0441\u043a \u0422\u0426 \"\u041f\u0443\u0448\u043a\u0438\u043d\u0441\u043a\u0438\u0439\"", 
        "dummy:shop_name:\u0422\u044e\u043c\u0435\u043d\u044c \u0422\u0426 \"\u0413\u0443\u0434\u0432\u0438\u043d\"", 
        "dummy:shop_name:\u041d.\u041d\u043e\u0432\u0433\u043e\u0440\u043e\u0434 \u0422\u0420\u0426 \"\u0424\u0430\u043d\u0442\u0430\u0441\u0442\u0438\u043a\u0430\"", 
        "dummy:shop_name:\u0412\u043e\u0440\u043e\u043d\u0435\u0436 \u0422\u0420\u0426 \"\u041c\u0430\u043a\u0441\u0438\u043c\u0438\u0440\"", 
        "dummy:shop_name:\u041c\u043e\u0441\u043a\u0432\u0430 \u0422\u0426 \"\u0410\u0440\u0435\u0430\u043b\" (\u0411\u0435\u043b\u044f\u0435\u0432\u043e)", 
        "dummy:shop_name:\u0421\u0443\u0440\u0433\u0443\u0442 \u0422\u0420\u0426 \"\u0421\u0438\u0442\u0438 \u041c\u043e\u043b\u043b\"", 
        "dummy:shop_name:\u041a\u0430\u043b\u0443\u0433\u0430 \u0422\u0420\u0426 \"XXI \u0432\u0435\u043a\"", 
        "dummy:shop_name:\u041c\u043e\u0441\u043a\u0432\u0430 \u0422\u0426 \"\u041f\u0435\u0440\u043b\u043e\u0432\u0441\u043a\u0438\u0439\"", 
        "dummy:shop_name:\u041a\u043e\u043b\u043e\u043c\u043d\u0430 \u0422\u0426 \"\u0420\u0438\u043e\"", 
        "dummy:shop_name:\u0423\u0444\u0430 \u0422\u0426 \"\u0421\u0435\u043c\u044c\u044f\" 2", 
        "dummy:shop_name:\u041a\u0440\u0430\u0441\u043d\u043e\u044f\u0440\u0441\u043a \u0422\u0426 \"\u0418\u044e\u043d\u044c\"", 
        "dummy:shop_name:\u0422\u044e\u043c\u0435\u043d\u044c \u0422\u0426 \"\u0417\u0435\u043b\u0435\u043d\u044b\u0439 \u0411\u0435\u0440\u0435\u0433\"", 
        "dummy:shop_name:\u041c\u043e\u0441\u043a\u0432\u0430 \u0422\u041a \"\u0411\u0443\u0434\u0435\u043d\u043e\u0432\u0441\u043a\u0438\u0439\" (\u043f\u0430\u0432.\u041a7)", 
        "dummy:shop_name:\u0423\u0444\u0430 \u0422\u041a \"\u0426\u0435\u043d\u0442\u0440\u0430\u043b\u044c\u043d\u044b\u0439\"", 
        "dummy:shop_name:\u041c\u043e\u0441\u043a\u0432\u0430 \u0422\u0426 \"\u041d\u043e\u0432\u044b\u0439 \u0432\u0435\u043a\" (\u041d\u043e\u0432\u043e\u043a\u043e\u0441\u0438\u043d\u043e)", 
        "dummy:shop_name:\u0421\u0430\u043c\u0430\u0440\u0430 \u0422\u0426 \"\u041c\u0435\u043b\u043e\u0434\u0438\u044f\"", 
        "dummy:shop_name:\u041e\u043c\u0441\u043a \u0422\u0426 \"\u041c\u0435\u0433\u0430\"", 
        "dummy:shop_name:\u041d\u043e\u0432\u043e\u0441\u0438\u0431\u0438\u0440\u0441\u043a \u0422\u0426 \"\u041c\u0435\u0433\u0430\"", 
        "dummy:shop_name:\u0420\u043e\u0441\u0442\u043e\u0432\u041d\u0430\u0414\u043e\u043d\u0443 \u0422\u0426 \"\u041c\u0435\u0433\u0430\"", 
        "dummy:shop_name:\u042f\u0440\u043e\u0441\u043b\u0430\u0432\u043b\u044c \u0422\u0426 \"\u0410\u043b\u044c\u0442\u0430\u0438\u0440\"", 
        "dummy:shop_name:\u041c\u043e\u0441\u043a\u0432\u0430 \u041c\u0430\u0433\u0430\u0437\u0438\u043d \u042121", 
        "dummy:shop_name:\u0412\u043e\u043b\u043e\u0433\u0434\u0430 \u0422\u0420\u0426 \"\u041c\u0430\u0440\u043c\u0435\u043b\u0430\u0434\"", 
        "dummy:shop_name:\u0412\u043e\u043b\u0436\u0441\u043a\u0438\u0439 \u0422\u0426 \"\u0412\u043e\u043b\u0433\u0430 \u041c\u043e\u043b\u043b\"", 
        "dummy:shop_name:\u0421\u0430\u043c\u0430\u0440\u0430 \u0422\u0426 \"\u041f\u0430\u0440\u043a\u0425\u0430\u0443\u0441\"", 
        "dummy:shop_name:\u041a\u0430\u0437\u0430\u043d\u044c \u0422\u0426 \"\u041f\u0430\u0440\u043a\u0425\u0430\u0443\u0441\" II", 
        "dummy:shop_name:\u0421\u041f\u0431 \u0422\u041a \"\u0421\u0435\u043d\u043d\u0430\u044f\"", 
        "dummy:shop_name:\u0418\u043d\u0442\u0435\u0440\u043d\u0435\u0442-\u043c\u0430\u0433\u0430\u0437\u0438\u043d \u0427\u0421", 
        "dummy:shop_name:\u0411\u0430\u043b\u0430\u0448\u0438\u0445\u0430 \u0422\u0420\u041a \"\u041e\u043a\u0442\u044f\u0431\u0440\u044c-\u041a\u0438\u043d\u043e\u043c\u0438\u0440\"", 
        "dummy:shop_name:\u0410\u0434\u044b\u0433\u0435\u044f \u0422\u0426 \"\u041c\u0435\u0433\u0430\"", 
        "dummy:shop_name:\u041a\u0440\u0430\u0441\u043d\u043e\u044f\u0440\u0441\u043a \u0422\u0426 \"\u0412\u0437\u043b\u0435\u0442\u043a\u0430 \u041f\u043b\u0430\u0437\u0430\"", 
        "dummy:shop_name:\u0416\u0443\u043a\u043e\u0432\u0441\u043a\u0438\u0439 \u0443\u043b. \u0427\u043a\u0430\u043b\u043e\u0432\u0430 39\u043c?", 
        "dummy:shop_name:\u0422\u043e\u043c\u0441\u043a \u0422\u0420\u0426 \"\u0418\u0437\u0443\u043c\u0440\u0443\u0434\u043d\u044b\u0439 \u0413\u043e\u0440\u043e\u0434\"", 
        "dummy:shop_name:\u0426\u0438\u0444\u0440\u043e\u0432\u043e\u0439 \u0441\u043a\u043b\u0430\u0434 1\u0421-\u041e\u043d\u043b\u0430\u0439\u043d", 
        "dummy:shop_name:\u041a\u0430\u0437\u0430\u043d\u044c \u0422\u0426 \"\u0411\u0435\u0445\u0435\u0442\u043b\u0435\"", 
        "dummy:shop_name:\u0422\u044e\u043c\u0435\u043d\u044c \u0422\u0420\u0426 \"\u041a\u0440\u0438\u0441\u0442\u0430\u043b\u043b\"", 
        "dummy:shop_name:\u0420\u043e\u0441\u0442\u043e\u0432\u041d\u0430\u0414\u043e\u043d\u0443 \u0422\u0420\u041a \"\u041c\u0435\u0433\u0430\u0446\u0435\u043d\u0442\u0440 \u0413\u043e\u0440\u0438\u0437\u043e\u043d\u0442\"", 
        "dummy:shop_name:\u041c\u043e\u0441\u043a\u0432\u0430 \u0422\u0426 \"\u0421\u0435\u0440\u0435\u0431\u0440\u044f\u043d\u044b\u0439 \u0414\u043e\u043c\"", 
        "dummy:shop_name:!\u042f\u043a\u0443\u0442\u0441\u043a \u041e\u0440\u0434\u0436\u043e\u043d\u0438\u043a\u0438\u0434\u0437\u0435, 56 \u0444\u0440\u0430\u043d", 
        "dummy:shop_name:\u041c\u043e\u0441\u043a\u0432\u0430 \u0422\u041a \"\u0411\u0443\u0434\u0435\u043d\u043e\u0432\u0441\u043a\u0438\u0439\" (\u043f\u0430\u0432.\u04102)", 
        "dummy:shop_name:\u041d.\u041d\u043e\u0432\u0433\u043e\u0440\u043e\u0434 \u0422\u0420\u0426 \"\u0420\u0418\u041e\"", 
        "dummy:shop_name:\u041c\u044b\u0442\u0438\u0449\u0438 \u0422\u0420\u041a \"XL-3\"", 
        "dummy:shop_name:!\u042f\u043a\u0443\u0442\u0441\u043a \u0422\u0426 \"\u0426\u0435\u043d\u0442\u0440\u0430\u043b\u044c\u043d\u044b\u0439\" \u0444\u0440\u0430\u043d", 
        "dummy:shop_name:\u0412\u043e\u0440\u043e\u043d\u0435\u0436 \u0422\u0420\u0426 \u0421\u0438\u0442\u0438-\u041f\u0430\u0440\u043a \"\u0413\u0440\u0430\u0434\"", 
        "dummy:shop_name:\u0420\u043e\u0441\u0442\u043e\u0432\u041d\u0430\u0414\u043e\u043d\u0443 \u0422\u0420\u041a \"\u041c\u0435\u0433\u0430\u0446\u0435\u043d\u0442\u0440 \u0413\u043e\u0440\u0438\u0437\u043e\u043d\u0442\" \u041e\u0441\u0442\u0440\u043e\u0432\u043d\u043e\u0439", 
        "dummy:shop_name:\u0412\u044b\u0435\u0437\u0434\u043d\u0430\u044f \u0422\u043e\u0440\u0433\u043e\u0432\u043b\u044f", 
        "dummy:shop_name:\u041c\u043e\u0441\u043a\u0432\u0430 \"\u0420\u0430\u0441\u043f\u0440\u043e\u0434\u0430\u0436\u0430\"", 
        "dummy:shop_name:\u0416\u0443\u043a\u043e\u0432\u0441\u043a\u0438\u0439 \u0443\u043b. \u0427\u043a\u0430\u043b\u043e\u0432\u0430 39\u043c\u00b2", 
        "dummy:shop_name:N/A"
    ], 
    "regression_performance": {
        "max_error": 5.1451474344730261, 
        "median_error": -0.09167227149009705, 
        "error_distribution": [
            {
                "count": 6150, 
                "bin_max": -3.103712066292764, 
                "bin_id": 0, 
                "bin_min": -4.029417410267591
            }, 
            {
                "count": 4177, 
                "bin_max": -2.1871721217632318, 
                "bin_id": 1, 
                "bin_min": -3.103712066292764
            }, 
            {
                "count": 10235, 
                "bin_max": -1.2706321772336997, 
                "bin_id": 2, 
                "bin_min": -2.1871721217632318
            }, 
            {
                "count": 41821, 
                "bin_max": -0.35409223270416756, 
                "bin_id": 3, 
                "bin_min": -1.2706321772336997
            }, 
            {
                "count": 105322, 
                "bin_max": 0.56244771182536457, 
                "bin_id": 4, 
                "bin_min": -0.35409223270416756
            }, 
            {
                "count": 16981, 
                "bin_max": 1.4789876563548967, 
                "bin_id": 5, 
                "bin_min": 0.56244771182536457
            }, 
            {
                "count": 5680, 
                "bin_max": 2.3955276008844288, 
                "bin_id": 6, 
                "bin_min": 1.4789876563548967
            }, 
            {
                "count": 2782, 
                "bin_max": 3.312067545413961, 
                "bin_id": 7, 
                "bin_min": 2.3955276008844288
            }, 
            {
                "count": 1579, 
                "bin_max": 4.2286074899434931, 
                "bin_id": 8, 
                "bin_min": 3.312067545413961
            }, 
            {
                "count": 5117, 
                "bin_max": 5.1451474344730261, 
                "bin_id": 9, 
                "bin_min": 4.2286074899434931
            }
        ], 
        "min_error": -4.0202520108222961, 
        "average_error": -0.09673311673907446, 
        "std_error": 1.3823129325811312, 
        "p75_error": 0.008231163024902344, 
        "p90_error": 1.0371698439121246, 
        "p25_error": -0.4970937967300415
    }
}