{
  "state": "DONE",
  "preSearchDescription": {
    "gridLength": 1,
    "importantParams": []
  },
  "postSearchDescription": {
    "importantParams": []
  },
  "modelId": "m1",
  "progress": {
    "top_level_todo": [],
    "stack": [],
    "top_level_done": [
      {
        "name": "Loading train set",
        "time": 16394
      },
      {
        "name": "Loading test set",
        "time": 4496
      },
      {
        "name": "Collecting statistics",
        "time": 3209
      },
      {
        "name": "Preprocessing train set",
        "time": 6592
      },
      {
        "name": "Preprocessing test set",
        "time": 1783
      },
      {
        "name": "Fitting model",
        "time": 43855
      },
      {
        "name": "Saving model",
        "time": 6
      },
      {
        "name": "Scoring model",
        "time": 16337
      }
    ]
  },
  "startTime": 1523114436817,
  "endTime": 1523114529618,
  "preprocessingTime": 32485,
  "trainingTime": 60316
}