{
  "type": "evaluation",
  "neverRecomputeExistingPartitions": false,
  "optionalDependencies": false,
  "customMeta": {
    "kv": {}
  },
  "redispatchPartitioning": false,
  "inputs": {
    "main": {
      "items": [
        {
          "ref": "HR_comma_sep_prepared",
          "deps": []
        }
      ]
    },
    "model": {
      "items": [
        {
          "ref": "eadbYmPP",
          "deps": []
        }
      ]
    }
  },
  "outputs": {
    "main": {
      "items": [
        {
          "ref": "model_test",
          "appendMode": false
        }
      ]
    },
    "metrics": {
      "items": [
        {
          "ref": "test",
          "appendMode": true
        }
      ]
    }
  },
  "versionTag": {
    "versionNumber": 1,
    "lastModifiedBy": {
      "login": "admin"
    },
    "lastModifiedOn": 1493655825668
  },
  "creationTag": {
    "versionNumber": 0,
    "lastModifiedBy": {
      "login": "admin"
    },
    "lastModifiedOn": 1493655822274
  },
  "tags": [],
  "checklists": {
    "checklists": []
  }
}