{
    "rawImportance": {
        "variables": [], 
        "importances": []
    }, 
    "probaAware": true, 
    "modelInputNRows": 123977, 
    "partialDependencies": [
        {
            "featureBins": [
                0.0
            ], 
            "data": [
                [
                    2.8390978487171708e-14
                ], 
                [
                    -1.824108438211354e-14
                ], 
                [
                    1.6266200032809586e-14
                ], 
                [
                    3.0870304220205657e-14
                ], 
                [
                    -5.3062584381281686e-14
                ]
            ], 
            "feature": "dummy:Phrase_delimited:N/A"
        }, 
        {
            "featureBins": [
                1.0
            ], 
            "data": [
                [
                    2.8390978487171708e-14
                ], 
                [
                    -1.824108438211354e-14
                ], 
                [
                    1.6266200032809586e-14
                ], 
                [
                    3.0870304220205657e-14
                ], 
                [
                    -5.3062584381281686e-14
                ]
            ], 
            "feature": "dummy:Phrase_delimited:__Others__"
        }
    ], 
    "modelInputNCols": 2, 
    "modelInputMemory": 1983632, 
    "modelInputIsSparse": false
}