{
    "densityData": {
        "1": {
            "incorrect": [
                0.025704649938185054, 
                0.044419041726917734, 
                0.074613600601279861, 
                0.12183109084529317, 
                0.19337021904710414, 
                0.29834060581921873, 
                0.44743140841497364, 
                0.65227673484428472, 
                0.92433336922748099, 
                1.273258829751112, 
                1.7048888997275302, 
                2.2190484848334138, 
                2.807558545862519, 
                3.4528854673545979, 
                4.1278779348184518, 
                4.7969240393445238, 
                5.4186382464973164, 
                5.949888079163042, 
                6.3506584553078671, 
                6.5890080536404572, 
                6.6452701633259021, 
                6.5147321866658556, 
                6.2082874063249713, 
                5.7509339869736911, 
                5.1784080933663406, 
                4.5325800688932603, 
                3.8564350233661533, 
                3.18946524235285, 
                2.5641359682858882, 
                2.0038054316385829, 
                1.5221637318509451, 
                1.123979815044019, 
                0.80676486431781325, 
                0.56289418392117707, 
                0.38176654584457576, 
                0.25168671791866204, 
                0.1612924534243334, 
                0.10047525574682585, 
                0.06084088381511632, 
                0.035811559180533616, 
                0.020490014573781884, 
                0.011396004874970164, 
                0.0061610439533444075, 
                0.0032377798021505973, 
                0.0016539852553416957, 
                0.00082131031922218212, 
                0.00039643706025366921, 
                0.00018600839106497927, 
                8.4836383591195617e-05, 
                3.7611710072110298e-05, 
                1.6208966848029357e-05, 
                6.7901428341856736e-06, 
                2.7649915452503922e-06, 
                1.0944603359421713e-06, 
                4.2111195234434603e-07, 
                1.575021298011515e-07, 
                5.726201353745128e-08, 
                2.0236626747036672e-08, 
                6.951858908169036e-09, 
                2.3214273607842716e-09, 
                7.5353003928422837e-10, 
                2.3775921760657306e-10, 
                7.2923159624574186e-11, 
                2.174127021954877e-11, 
                6.3007996721406464e-12, 
                1.774997523871305e-12, 
                4.8606142179984204e-13, 
                1.2938260052951834e-13, 
                3.3477415365850348e-14, 
                8.4201395104664902e-15, 
                2.0586284737726393e-15, 
                4.8924679040113547e-16, 
                1.1302364699063029e-16, 
                2.5380604989379998e-17, 
                5.5402064039487375e-18, 
                1.1755503674436862e-18, 
                2.4246433180422374e-19, 
                4.8612258640899211e-20, 
                9.474036675048959e-21, 
                1.7947982813493214e-21, 
                3.3051224194031326e-22, 
                5.9163080244965488e-23, 
                1.0294501597435065e-23, 
                1.7412101716063729e-24, 
                2.8627827216853336e-25, 
                4.5752718202453707e-26, 
                7.1078251564923745e-27, 
                1.0733661450233089e-27, 
                1.5756159616539984e-28, 
                2.2482477739201507e-29, 
                3.11838185035329e-30, 
                4.2044165583325037e-31, 
                5.5102779130252292e-32, 
                7.019926909138508e-33, 
                8.6932666118858923e-34, 
                1.0464650531703966e-34, 
                1.2244971588312449e-35, 
                1.3927788258185677e-36, 
                1.5399189069124135e-37, 
                1.6550261816635622e-38
            ], 
            "incorrectMedian": 0.20000000000000001, 
            "correct": [
                0.0, 
                0.0, 
                0.0, 
                0.0, 
                0.0, 
                0.0, 
                0.0, 
                0.0, 
                0.0, 
                0.0, 
                0.0, 
                0.0, 
                0.0, 
                0.0, 
                0.0, 
                0.0, 
                0.0, 
                0.0, 
                0.0, 
                0.0, 
                0.0, 
                0.0, 
                0.0, 
                0.0, 
                0.0, 
                0.0, 
                0.0, 
                0.0, 
                0.0, 
                0.0, 
                0.0, 
                0.0, 
                0.0, 
                0.0, 
                0.0, 
                0.0, 
                0.0, 
                0.0, 
                0.0, 
                0.0, 
                0.0, 
                0.0, 
                0.0, 
                0.0, 
                0.0, 
                0.0, 
                0.0, 
                0.0, 
                0.0, 
                0.0, 
                0.0, 
                0.0, 
                0.0, 
                0.0, 
                0.0, 
                0.0, 
                0.0, 
                0.0, 
                0.0, 
                0.0, 
                0.0, 
                0.0, 
                0.0, 
                0.0, 
                0.0, 
                0.0, 
                0.0, 
                0.0, 
                0.0, 
                0.0, 
                0.0, 
                0.0, 
                0.0, 
                0.0, 
                0.0, 
                0.0, 
                0.0, 
                0.0, 
                0.0, 
                0.0, 
                0.0, 
                0.0, 
                0.0, 
                0.0, 
                0.0, 
                0.0, 
                0.0, 
                0.0, 
                0.0, 
                0.0, 
                0.0, 
                0.0, 
                0.0, 
                0.0, 
                0.0, 
                0.0, 
                0.0, 
                0.0, 
                0.0, 
                0.0
            ], 
            "correctMedian": 0.20000000000000001
        }, 
        "0": {
            "incorrect": [
                0.0, 
                0.0, 
                0.0, 
                0.0, 
                0.0, 
                0.0, 
                0.0, 
                0.0, 
                0.0, 
                0.0, 
                0.0, 
                0.0, 
                0.0, 
                0.0, 
                0.0, 
                0.0, 
                0.0, 
                0.0, 
                0.0, 
                0.0, 
                0.0, 
                0.0, 
                0.0, 
                0.0, 
                0.0, 
                0.0, 
                0.0, 
                0.0, 
                0.0, 
                0.0, 
                0.0, 
                0.0, 
                0.0, 
                0.0, 
                0.0, 
                0.0, 
                0.0, 
                0.0, 
                0.0, 
                0.0, 
                0.0, 
                0.0, 
                0.0, 
                0.0, 
                0.0, 
                0.0, 
                0.0, 
                0.0, 
                0.0, 
                0.0, 
                0.0, 
                0.0, 
                0.0, 
                0.0, 
                0.0, 
                0.0, 
                0.0, 
                0.0, 
                0.0, 
                0.0, 
                0.0, 
                0.0, 
                0.0, 
                0.0, 
                0.0, 
                0.0, 
                0.0, 
                0.0, 
                0.0, 
                0.0, 
                0.0, 
                0.0, 
                0.0, 
                0.0, 
                0.0, 
                0.0, 
                0.0, 
                0.0, 
                0.0, 
                0.0, 
                0.0, 
                0.0, 
                0.0, 
                0.0, 
                0.0, 
                0.0, 
                0.0, 
                0.0, 
                0.0, 
                0.0, 
                0.0, 
                0.0, 
                0.0, 
                0.0, 
                0.0, 
                0.0, 
                0.0, 
                0.0, 
                0.0, 
                0.0
            ], 
            "incorrectMedian": 0.19999999999999998, 
            "correct": [
                0.025704649938185133, 
                0.044419041726917775, 
                0.074613600601279931, 
                0.12183109084529327, 
                0.1933702190471043, 
                0.29834060581921956, 
                0.44743140841497403, 
                0.65227673484428528, 
                0.92433336922748344, 
                1.2732588297511132, 
                1.7048888997275318, 
                2.219048484833416, 
                2.8075585458625212, 
                3.452885467354601, 
                4.1278779348184553, 
                4.7969240393445283, 
                5.4186382464973217, 
                5.9498880791630473, 
                6.3506584553078609, 
                6.5890080536404634, 
                6.6452701633259084, 
                6.514732186665861, 
                6.2082874063249776, 
                5.7509339869736857, 
                5.178408093366345, 
                4.5325800688932558, 
                3.8564350233661497, 
                3.1894652423528469, 
                2.5641359682858904, 
                2.0038054316385847, 
                1.5221637318509464, 
                1.1239798150440201, 
                0.80676486431781258, 
                0.56289418392117652, 
                0.38176654584457542, 
                0.2516867179186616, 
                0.16129245342433327, 
                0.10047525574682557, 
                0.060840883815116271, 
                0.035811559180533539, 
                0.020490014573781856, 
                0.011396004874970164, 
                0.0061610439533443962, 
                0.0032377798021505856, 
                0.0016539852553416928, 
                0.00082131031922217626, 
                0.00039643706025366921, 
                0.00018600839106497859, 
                8.4836383591195319e-05, 
                3.7611710072110298e-05, 
                1.6208966848029269e-05, 
                6.7901428341856499e-06, 
                2.7649915452503824e-06, 
                1.0944603359421675e-06, 
                4.211119523443438e-07, 
                1.5750212980115065e-07, 
                5.7262013537451075e-08, 
                2.0236626747036527e-08, 
                6.9518589081690112e-09, 
                2.3214273607842472e-09, 
                7.5353003928422568e-10, 
                2.3775921760657136e-10, 
                7.2923159624573669e-11, 
                2.1741270219548692e-11, 
                6.300799672140602e-12, 
                1.774997523871286e-12, 
                4.8606142179984033e-13, 
                1.2938260052951743e-13, 
                3.3477415365850108e-14, 
                8.4201395104664318e-15, 
                2.0586284737726393e-15, 
                4.8924679040112857e-16, 
                1.1302364699063029e-16, 
                2.5380604989379998e-17, 
                5.5402064039485804e-18, 
                1.1755503674436694e-18, 
                2.4246433180422374e-19, 
                4.8612258640898524e-20, 
                9.474036675048825e-21, 
                1.7947982813493214e-21, 
                3.3051224194031326e-22, 
                5.9163080244964218e-23, 
                1.029450159743492e-23, 
                1.7412101716063729e-24, 
                2.8627827216852524e-25, 
                4.5752718202452737e-26, 
                7.1078251564923745e-27, 
                1.0733661450233089e-27, 
                1.575615961653976e-28, 
                2.2482477739200868e-29, 
                3.11838185035329e-30, 
                4.2044165583324442e-31, 
                5.5102779130251515e-32, 
                7.019926909138508e-33, 
                8.6932666118858923e-34, 
                1.0464650531703667e-34, 
                1.2244971588312449e-35, 
                1.3927788258185677e-36, 
                1.5399189069123699e-37, 
                1.6550261816635622e-38
            ], 
            "correctMedian": 0.19999999999999998
        }, 
        "3": {
            "incorrect": [
                0.0, 
                0.0, 
                0.0, 
                0.0, 
                0.0, 
                0.0, 
                0.0, 
                0.0, 
                0.0, 
                0.0, 
                0.0, 
                0.0, 
                0.0, 
                0.0, 
                0.0, 
                0.0, 
                0.0, 
                0.0, 
                0.0, 
                0.0, 
                0.0, 
                0.0, 
                0.0, 
                0.0, 
                0.0, 
                0.0, 
                0.0, 
                0.0, 
                0.0, 
                0.0, 
                0.0, 
                0.0, 
                0.0, 
                0.0, 
                0.0, 
                0.0, 
                0.0, 
                0.0, 
                0.0, 
                0.0, 
                0.0, 
                0.0, 
                0.0, 
                0.0, 
                0.0, 
                0.0, 
                0.0, 
                0.0, 
                0.0, 
                0.0, 
                0.0, 
                0.0, 
                0.0, 
                0.0, 
                0.0, 
                0.0, 
                0.0, 
                0.0, 
                0.0, 
                0.0, 
                0.0, 
                0.0, 
                0.0, 
                0.0, 
                0.0, 
                0.0, 
                0.0, 
                0.0, 
                0.0, 
                0.0, 
                0.0, 
                0.0, 
                0.0, 
                0.0, 
                0.0, 
                0.0, 
                0.0, 
                0.0, 
                0.0, 
                0.0, 
                0.0, 
                0.0, 
                0.0, 
                0.0, 
                0.0, 
                0.0, 
                0.0, 
                0.0, 
                0.0, 
                0.0, 
                0.0, 
                0.0, 
                0.0, 
                0.0, 
                0.0, 
                0.0, 
                0.0, 
                0.0, 
                0.0, 
                0.0
            ], 
            "incorrectMedian": 0.19999999999999998, 
            "correct": [
                0.025704649938185144, 
                0.04441904172691781, 
                0.07461360060128, 
                0.12183109084529338, 
                0.1933702190471045, 
                0.29834060581921978, 
                0.44743140841497364, 
                0.65227673484428594, 
                0.92433336922748266, 
                1.273258829751112, 
                1.7048888997275302, 
                2.2190484848334138, 
                2.807558545862519, 
                3.4528854673545979, 
                4.1278779348184518, 
                4.7969240393445238, 
                5.4186382464973164, 
                5.949888079163042, 
                6.3506584553078671, 
                6.5890080536404687, 
                6.6452701633259021, 
                6.5147321866658556, 
                6.2082874063249713, 
                5.7509339869736911, 
                5.1784080933663406, 
                4.5325800688932603, 
                3.8564350233661462, 
                3.1894652423528442, 
                2.5641359682858882, 
                2.0038054316385829, 
                1.5221637318509451, 
                1.123979815044019, 
                0.8067648643178118, 
                0.56289418392117607, 
                0.38176654584457576, 
                0.2516867179186616, 
                0.16129245342433313, 
                0.10047525574682567, 
                0.060840883815116216, 
                0.035811559180533553, 
                0.020490014573781846, 
                0.011396004874970164, 
                0.0061610439533443962, 
                0.0032377798021505856, 
                0.0016539852553416928, 
                0.00082131031922217626, 
                0.00039643706025366921, 
                0.00018600839106497859, 
                8.4836383591195319e-05, 
                3.7611710072110298e-05, 
                1.6208966848029269e-05, 
                6.790142834185638e-06, 
                2.7649915452503824e-06, 
                1.0944603359421675e-06, 
                4.2111195234434306e-07, 
                1.5750212980115038e-07, 
                5.7262013537450876e-08, 
                2.0236626747036527e-08, 
                6.9518589081689864e-09, 
                2.3214273607842389e-09, 
                7.5353003928422299e-10, 
                2.3775921760657136e-10, 
                7.2923159624573669e-11, 
                2.1741270219548692e-11, 
                6.300799672140602e-12, 
                1.774997523871286e-12, 
                4.8606142179984033e-13, 
                1.2938260052951743e-13, 
                3.3477415365850108e-14, 
                8.4201395104664318e-15, 
                2.0586284737726393e-15, 
                4.8924679040112857e-16, 
                1.1302364699063029e-16, 
                2.5380604989379998e-17, 
                5.5402064039485804e-18, 
                1.1755503674436694e-18, 
                2.4246433180422374e-19, 
                4.8612258640898524e-20, 
                9.474036675048825e-21, 
                1.7947982813493214e-21, 
                3.3051224194031326e-22, 
                5.9163080244964218e-23, 
                1.029450159743492e-23, 
                1.7412101716063729e-24, 
                2.8627827216852524e-25, 
                4.5752718202452737e-26, 
                7.1078251564923745e-27, 
                1.0733661450233089e-27, 
                1.575615961653976e-28, 
                2.2482477739200868e-29, 
                3.11838185035329e-30, 
                4.2044165583324442e-31, 
                5.5102779130252292e-32, 
                7.0199269091386079e-33, 
                8.6932666118860154e-34, 
                1.0464650531703667e-34, 
                1.2244971588312449e-35, 
                1.3927788258185876e-36, 
                1.5399189069123699e-37, 
                1.6550261816635622e-38
            ], 
            "correctMedian": 0.19999999999999998
        }, 
        "2": {
            "incorrect": [
                0.0, 
                0.0, 
                0.0, 
                0.0, 
                0.0, 
                0.0, 
                0.0, 
                0.0, 
                0.0, 
                0.0, 
                0.0, 
                0.0, 
                0.0, 
                0.0, 
                0.0, 
                0.0, 
                0.0, 
                0.0, 
                0.0, 
                0.0, 
                0.0, 
                0.0, 
                0.0, 
                0.0, 
                0.0, 
                0.0, 
                0.0, 
                0.0, 
                0.0, 
                0.0, 
                0.0, 
                0.0, 
                0.0, 
                0.0, 
                0.0, 
                0.0, 
                0.0, 
                0.0, 
                0.0, 
                0.0, 
                0.0, 
                0.0, 
                0.0, 
                0.0, 
                0.0, 
                0.0, 
                0.0, 
                0.0, 
                0.0, 
                0.0, 
                0.0, 
                0.0, 
                0.0, 
                0.0, 
                0.0, 
                0.0, 
                0.0, 
                0.0, 
                0.0, 
                0.0, 
                0.0, 
                0.0, 
                0.0, 
                0.0, 
                0.0, 
                0.0, 
                0.0, 
                0.0, 
                0.0, 
                0.0, 
                0.0, 
                0.0, 
                0.0, 
                0.0, 
                0.0, 
                0.0, 
                0.0, 
                0.0, 
                0.0, 
                0.0, 
                0.0, 
                0.0, 
                0.0, 
                0.0, 
                0.0, 
                0.0, 
                0.0, 
                0.0, 
                0.0, 
                0.0, 
                0.0, 
                0.0, 
                0.0, 
                0.0, 
                0.0, 
                0.0, 
                0.0, 
                0.0, 
                0.0, 
                0.0
            ], 
            "incorrectMedian": 0.20000000000000001, 
            "correct": [
                0.0, 
                0.0, 
                0.0, 
                0.0, 
                0.0, 
                0.0, 
                0.0, 
                0.0, 
                0.0, 
                0.0, 
                0.0, 
                0.0, 
                0.0, 
                0.0, 
                0.0, 
                0.0, 
                0.0, 
                0.0, 
                0.0, 
                0.0, 
                0.0, 
                0.0, 
                0.0, 
                0.0, 
                0.0, 
                0.0, 
                0.0, 
                0.0, 
                0.0, 
                0.0, 
                0.0, 
                0.0, 
                0.0, 
                0.0, 
                0.0, 
                0.0, 
                0.0, 
                0.0, 
                0.0, 
                0.0, 
                0.0, 
                0.0, 
                0.0, 
                0.0, 
                0.0, 
                0.0, 
                0.0, 
                0.0, 
                0.0, 
                0.0, 
                0.0, 
                0.0, 
                0.0, 
                0.0, 
                0.0, 
                0.0, 
                0.0, 
                0.0, 
                0.0, 
                0.0, 
                0.0, 
                0.0, 
                0.0, 
                0.0, 
                0.0, 
                0.0, 
                0.0, 
                0.0, 
                0.0, 
                0.0, 
                0.0, 
                0.0, 
                0.0, 
                0.0, 
                0.0, 
                0.0, 
                0.0, 
                0.0, 
                0.0, 
                0.0, 
                0.0, 
                0.0, 
                0.0, 
                0.0, 
                0.0, 
                0.0, 
                0.0, 
                0.0, 
                0.0, 
                0.0, 
                0.0, 
                0.0, 
                0.0, 
                0.0, 
                0.0, 
                0.0, 
                0.0, 
                0.0, 
                0.0, 
                0.0
            ], 
            "correctMedian": 0.20000000000000001
        }, 
        "4": {
            "incorrect": [
                0.025704649938185054, 
                0.044419041726917734, 
                0.074613600601279861, 
                0.12183109084529317, 
                0.19337021904710414, 
                0.29834060581921873, 
                0.44743140841497364, 
                0.65227673484428472, 
                0.92433336922748266, 
                1.273258829751112, 
                1.7048888997275302, 
                2.2190484848334098, 
                2.807558545862519, 
                3.4528854673545979, 
                4.1278779348184518, 
                4.7969240393445238, 
                5.4186382464973164, 
                5.949888079163042, 
                6.3506584553078671, 
                6.5890080536404572, 
                6.6452701633259021, 
                6.5147321866658556, 
                6.2082874063249713, 
                5.7509339869736911, 
                5.1784080933663406, 
                4.5325800688932603, 
                3.8564350233661462, 
                3.18946524235285, 
                2.5641359682858882, 
                2.0038054316385865, 
                1.5221637318509478, 
                1.123979815044019, 
                0.80676486431781325, 
                0.56289418392117707, 
                0.38176654584457576, 
                0.25168671791866204, 
                0.1612924534243334, 
                0.10047525574682585, 
                0.06084088381511632, 
                0.035811559180533616, 
                0.020490014573781884, 
                0.011396004874970164, 
                0.0061610439533444075, 
                0.0032377798021505973, 
                0.0016539852553416957, 
                0.00082131031922218212, 
                0.00039643706025366921, 
                0.00018600839106497927, 
                8.4836383591195617e-05, 
                3.7611710072110298e-05, 
                1.6208966848029357e-05, 
                6.7901428341856736e-06, 
                2.7649915452503922e-06, 
                1.0944603359421713e-06, 
                4.2111195234434603e-07, 
                1.575021298011515e-07, 
                5.726201353745128e-08, 
                2.0236626747036672e-08, 
                6.951858908169036e-09, 
                2.3214273607842716e-09, 
                7.5353003928422837e-10, 
                2.3775921760657306e-10, 
                7.2923159624574186e-11, 
                2.1741270219548847e-11, 
                6.3007996721406246e-12, 
                1.7749975238712987e-12, 
                4.8606142179984204e-13, 
                1.2938260052951834e-13, 
                3.3477415365850348e-14, 
                8.4201395104664902e-15, 
                2.0586284737726393e-15, 
                4.8924679040113547e-16, 
                1.1302364699063029e-16, 
                2.5380604989379998e-17, 
                5.5402064039487375e-18, 
                1.1755503674436862e-18, 
                2.4246433180422374e-19, 
                4.8612258640899211e-20, 
                9.474036675048959e-21, 
                1.7947982813493214e-21, 
                3.3051224194031326e-22, 
                5.9163080244965488e-23, 
                1.0294501597435065e-23, 
                1.7412101716063729e-24, 
                2.8627827216853336e-25, 
                4.5752718202453707e-26, 
                7.1078251564923745e-27, 
                1.0733661450233089e-27, 
                1.5756159616539984e-28, 
                2.2482477739201507e-29, 
                3.11838185035329e-30, 
                4.2044165583325037e-31, 
                5.5102779130252292e-32, 
                7.0199269091386079e-33, 
                8.6932666118860154e-34, 
                1.0464650531703966e-34, 
                1.2244971588312449e-35, 
                1.3927788258185876e-36, 
                1.5399189069124135e-37, 
                1.6550261816635622e-38
            ], 
            "incorrectMedian": 0.20000000000000001, 
            "correct": [
                0.0, 
                0.0, 
                0.0, 
                0.0, 
                0.0, 
                0.0, 
                0.0, 
                0.0, 
                0.0, 
                0.0, 
                0.0, 
                0.0, 
                0.0, 
                0.0, 
                0.0, 
                0.0, 
                0.0, 
                0.0, 
                0.0, 
                0.0, 
                0.0, 
                0.0, 
                0.0, 
                0.0, 
                0.0, 
                0.0, 
                0.0, 
                0.0, 
                0.0, 
                0.0, 
                0.0, 
                0.0, 
                0.0, 
                0.0, 
                0.0, 
                0.0, 
                0.0, 
                0.0, 
                0.0, 
                0.0, 
                0.0, 
                0.0, 
                0.0, 
                0.0, 
                0.0, 
                0.0, 
                0.0, 
                0.0, 
                0.0, 
                0.0, 
                0.0, 
                0.0, 
                0.0, 
                0.0, 
                0.0, 
                0.0, 
                0.0, 
                0.0, 
                0.0, 
                0.0, 
                0.0, 
                0.0, 
                0.0, 
                0.0, 
                0.0, 
                0.0, 
                0.0, 
                0.0, 
                0.0, 
                0.0, 
                0.0, 
                0.0, 
                0.0, 
                0.0, 
                0.0, 
                0.0, 
                0.0, 
                0.0, 
                0.0, 
                0.0, 
                0.0, 
                0.0, 
                0.0, 
                0.0, 
                0.0, 
                0.0, 
                0.0, 
                0.0, 
                0.0, 
                0.0, 
                0.0, 
                0.0, 
                0.0, 
                0.0, 
                0.0, 
                0.0, 
                0.0, 
                0.0, 
                0.0, 
                0.0
            ], 
            "correctMedian": 0.20000000000000001
        }
    }, 
    "confusion": {
        "totalRows": 30982, 
        "perActual": {
            "1": {
                "perPredicted": {
                    "1": 0, 
                    "0": 0, 
                    "3": 0, 
                    "2": 5434, 
                    "4": 0
                }, 
                "actualClassCount": 5434.0
            }, 
            "0": {
                "perPredicted": {
                    "1": 0, 
                    "0": 0, 
                    "3": 0, 
                    "2": 1417, 
                    "4": 0
                }, 
                "actualClassCount": 1417.0
            }, 
            "3": {
                "perPredicted": {
                    "1": 0, 
                    "0": 0, 
                    "3": 0, 
                    "2": 6527, 
                    "4": 0
                }, 
                "actualClassCount": 6527.0
            }, 
            "2": {
                "perPredicted": {
                    "1": 0, 
                    "0": 0, 
                    "3": 0, 
                    "2": 15760, 
                    "4": 0
                }, 
                "actualClassCount": 15760.0
            }, 
            "4": {
                "perPredicted": {
                    "1": 0, 
                    "0": 0, 
                    "3": 0, 
                    "2": 1844, 
                    "4": 0
                }, 
                "actualClassCount": 1844.0
            }
        }
    }, 
    "metrics": {
        "f1": 0.13486799880193404, 
        "recall": 0.20000000000000001, 
        "precision": 0.10173649215673616, 
        "logLoss": 1.6094379124341005, 
        "mrocAUC": 0.5, 
        "hammingLoss": 0.49131753921631915, 
        "accuracy": 0.50868246078368085
    }, 
    "oneVsAllRocAUC": {
        "1": 0.5, 
        "0": 0.5, 
        "3": 0.5, 
        "2": 0.5, 
        "4": 0.5
    }, 
    "classes": [
        "0", 
        "2", 
        "3", 
        "4", 
        "1"
    ], 
    "oneVsAllRocCurves": {
        "1": [
            {
                "y": 0.0, 
                "x": 0.0, 
                "p": 1.2
            }, 
            {
                "y": 1.0, 
                "x": 1.0, 
                "p": 0.20000000000000001
            }
        ], 
        "0": [
            {
                "y": 0.0, 
                "x": 0.0, 
                "p": 1.2
            }, 
            {
                "y": 1.0, 
                "x": 1.0, 
                "p": 0.19999999999999998
            }
        ], 
        "3": [
            {
                "y": 0.0, 
                "x": 0.0, 
                "p": 1.2
            }, 
            {
                "y": 1.0, 
                "x": 1.0, 
                "p": 0.19999999999999998
            }
        ], 
        "2": [
            {
                "y": 0.0, 
                "x": 0.0, 
                "p": 1.2
            }, 
            {
                "y": 1.0, 
                "x": 1.0, 
                "p": 0.20000000000000001
            }
        ], 
        "4": [
            {
                "y": 0.0, 
                "x": 0.0, 
                "p": 1.2
            }, 
            {
                "y": 1.0, 
                "x": 1.0, 
                "p": 0.20000000000000001
            }
        ]
    }
}