{
  "state": "DONE",
  "preSearchDescription": {
    "gridLength": 1,
    "importantParams": [
      {
        "name": "trees",
        "vals": [
          "100"
        ]
      },
      {
        "name": "learning_rate",
        "vals": [
          "0.1"
        ]
      },
      {
        "name": "max_depth",
        "vals": [
          "3"
        ]
      }
    ]
  },
  "postSearchDescription": {
    "importantParams": [
      {
        "name": "trees",
        "val": "100"
      },
      {
        "name": "learning_rate",
        "val": "0.1"
      },
      {
        "name": "max_depth",
        "val": "3"
      }
    ]
  },
  "modelId": "m1",
  "progress": {
    "top_level_todo": [],
    "stack": [],
    "top_level_done": [
      {
        "name": "Loading train set",
        "time": 344
      },
      {
        "name": "Loading test set",
        "time": 89
      },
      {
        "name": "Collecting statistics",
        "time": 411
      },
      {
        "name": "Preprocessing train set",
        "time": 490
      },
      {
        "name": "Preprocessing test set",
        "time": 134
      },
      {
        "name": "Fitting model",
        "time": 13192381
      },
      {
        "name": "Saving model",
        "time": 62
      },
      {
        "name": "Scoring model",
        "time": 17948
      }
    ]
  },
  "startTime": 1493808076986,
  "endTime": 1493821288852,
  "preprocessingTime": 1474,
  "trainingTime": 13210392
}