{
    "trainingTime": 1762, 
    "state": "DONE", 
    "startTime": 1493822874245, 
    "preprocessingTime": 454, 
    "progress": {
        "top_level_todo": [], 
        "stack": [], 
        "top_level_done": [
            {
                "name": "Loading train set", 
                "time": 268
            }, 
            {
                "name": "Loading test set", 
                "time": 6
            }, 
            {
                "name": "Collecting statistics", 
                "time": 26
            }, 
            {
                "name": "Preprocessing train set", 
                "time": 84
            }, 
            {
                "name": "Preprocessing test set", 
                "time": 68
            }, 
            {
                "name": "Fitting model", 
                "time": 764
            }, 
            {
                "name": "Saving model", 
                "time": 85
            }, 
            {
                "name": "Scoring model", 
                "time": 912
            }
        ]
    }, 
    "endTime": 1493822876461, 
    "modelId": "NA"
}