{
    "metrics": {
        "nbClusters": 5, 
        "silhouette": 0.49442531385327898, 
        "inertia": 81539.049889006579
    }, 
    "reduce_vars": [], 
    "train_nb_features": 58, 
    "train_nb_records": 80226, 
    "variables_importance": {
        "variables": [
            "ImageId", 
            "RowId", 
            "dummy:FeatureName_0:nose_tip_y", 
            "dummy:FeatureName_0:left_eye_center_y", 
            "dummy:FeatureName_0:left_eye_center_x", 
            "dummy:FeatureName_0:right_eye_center_x", 
            "dummy:FeatureName_0:right_eye_center_y", 
            "dummy:FeatureName_0:mouth_center_bottom_lip_x", 
            "dummy:FeatureName_0:mouth_center_bottom_lip_y", 
            "dummy:FeatureName_0:mouth_left_corner_y", 
            "dummy:FeatureName_0:mouth_left_corner_x", 
            "dummy:FeatureName_0:mouth_center_top_lip_x", 
            "dummy:FeatureName_0:mouth_center_top_lip_y", 
            "dummy:FeatureName_0:left_eye_outer_corner_y", 
            "dummy:FeatureName_0:left_eye_outer_corner_x", 
            "dummy:FeatureName_0:right_eye_inner_corner_x", 
            "dummy:FeatureName_0:right_eye_inner_corner_y", 
            "dummy:FeatureName_0:left_eye_inner_corner_x", 
            "dummy:FeatureName_0:left_eye_inner_corner_y", 
            "dummy:FeatureName_0:right_eye_outer_corner_y", 
            "dummy:FeatureName_0:right_eye_outer_corner_x", 
            "dummy:FeatureName_0:mouth_right_corner_y", 
            "dummy:FeatureName_0:mouth_right_corner_x", 
            "dummy:FeatureName_0:left_eyebrow_inner_end_x", 
            "dummy:FeatureName_0:right_eyebrow_inner_end_x", 
            "dummy:FeatureName_0:left_eyebrow_inner_end_y", 
            "dummy:FeatureName_0:right_eyebrow_inner_end_y", 
            "dummy:FeatureName_0:N/A", 
            "dummy:FeatureName_0:__Others__", 
            "dummy:FeatureName:nose_tip_y", 
            "dummy:FeatureName:left_eye_center_y", 
            "dummy:FeatureName:left_eye_center_x", 
            "dummy:FeatureName:right_eye_center_x", 
            "dummy:FeatureName:right_eye_center_y", 
            "dummy:FeatureName:mouth_center_bottom_lip_x", 
            "dummy:FeatureName:mouth_center_bottom_lip_y", 
            "dummy:FeatureName:mouth_left_corner_y", 
            "dummy:FeatureName:mouth_left_corner_x", 
            "dummy:FeatureName:mouth_center_top_lip_x", 
            "dummy:FeatureName:mouth_center_top_lip_y", 
            "dummy:FeatureName:left_eye_outer_corner_y", 
            "dummy:FeatureName:left_eye_outer_corner_x", 
            "dummy:FeatureName:right_eye_inner_corner_x", 
            "dummy:FeatureName:right_eye_inner_corner_y", 
            "dummy:FeatureName:left_eye_inner_corner_x", 
            "dummy:FeatureName:left_eye_inner_corner_y", 
            "dummy:FeatureName:right_eye_outer_corner_y", 
            "dummy:FeatureName:right_eye_outer_corner_x", 
            "dummy:FeatureName:mouth_right_corner_y", 
            "dummy:FeatureName:mouth_right_corner_x", 
            "dummy:FeatureName:left_eyebrow_inner_end_x", 
            "dummy:FeatureName:right_eyebrow_inner_end_x", 
            "dummy:FeatureName:left_eyebrow_inner_end_y", 
            "dummy:FeatureName:right_eyebrow_inner_end_y", 
            "dummy:FeatureName:N/A", 
            "dummy:FeatureName:__Others__"
        ], 
        "importances": [
            0.24196371582951923, 
            0.33558306874178556, 
            0.00028114336950259966, 
            0.00054550943530499681, 
            0.0019580856383332569, 
            0.0059442380752954696, 
            0.0077290489758237877, 
            0.0064576088288256298, 
            0.0066647774291400605, 
            0.00044611592565021313, 
            0.0010031288491565455, 
            4.4462504033021885e-05, 
            0.00048522016281084349, 
            0.00049907133129235262, 
            0.00017064030809047013, 
            0.00022231491244791398, 
            0.00017250196972988131, 
            0.00051457054952418245, 
            0.00048725073057720469, 
            0.00045093836000978995, 
            0.00054938205685148918, 
            0.00060189588075586469, 
            0.00068484057308339447, 
            0.00078244036946047092, 
            1.5206372007659857e-05, 
            6.5145964224583059e-05, 
            0.00052103603553846811, 
            0.15832250525321759, 
            0.010148634378258158, 
            0.00033796789226499149, 
            0.00047516423228268623, 
            0.0023428389411890333, 
            0.010430392032229719, 
            0.0076354905208135789, 
            0.010051940412212324, 
            0.0080898939364622228, 
            0.00056655196396989825, 
            0.00023046419500121596, 
            0.0003560223766629788, 
            0.0011152845198101969, 
            0.00043258583506008925, 
            0.00066363885155710861, 
            0.00060459543210386374, 
            0.00070909822127620246, 
            0.00034297501920248907, 
            0.00068964890608391976, 
            0.00030361707893973241, 
            0.00037715798269714087, 
            0.000267359015716459, 
            0.0003135370338252195, 
            0.00031636116557307481, 
            0.00054076372681672842, 
            0.00080822582832168314, 
            0.00041624851868140016, 
            0.1563687229088439, 
            0.011898954642151521
        ]
    }, 
    "cluster_description": [
        {
            "variable": "dummy:FeatureName_0:nose_tip_x", 
            "var": 0.01, 
            "values": [
                {
                    "cluster": "cluster_0", 
                    "col": 0, 
                    "value": 0.0
                }, 
                {
                    "cluster": "cluster_1", 
                    "col": 1, 
                    "value": 0.0
                }, 
                {
                    "cluster": "cluster_2", 
                    "col": 2, 
                    "value": 0.0
                }, 
                {
                    "cluster": "cluster_3", 
                    "col": 3, 
                    "value": 0.0
                }, 
                {
                    "cluster": "cluster_4", 
                    "col": 4, 
                    "value": 0.0
                }, 
                {
                    "cluster": "cluster_outliers", 
                    "col": 6, 
                    "value": 0.18033781733589563
                }
            ]
        }, 
        {
            "variable": "dummy:FeatureName_0:nose_tip_y", 
            "var": 0.01, 
            "values": [
                {
                    "cluster": "cluster_0", 
                    "col": 0, 
                    "value": 0.0
                }, 
                {
                    "cluster": "cluster_1", 
                    "col": 1, 
                    "value": 0.0
                }, 
                {
                    "cluster": "cluster_2", 
                    "col": 2, 
                    "value": 0.017127799736495388
                }, 
                {
                    "cluster": "cluster_3", 
                    "col": 3, 
                    "value": 0.0
                }, 
                {
                    "cluster": "cluster_4", 
                    "col": 4, 
                    "value": 0.0
                }, 
                {
                    "cluster": "cluster_outliers", 
                    "col": 6, 
                    "value": 0.17705067260038435
                }
            ]
        }, 
        {
            "variable": "dummy:FeatureName_0:left_eye_center_y", 
            "var": 0.0, 
            "values": [
                {
                    "cluster": "cluster_0", 
                    "col": 0, 
                    "value": 0.0
                }, 
                {
                    "cluster": "cluster_1", 
                    "col": 1, 
                    "value": 0.0
                }, 
                {
                    "cluster": "cluster_2", 
                    "col": 2, 
                    "value": 0.026877470355731226
                }, 
                {
                    "cluster": "cluster_3", 
                    "col": 3, 
                    "value": 0.0
                }, 
                {
                    "cluster": "cluster_4", 
                    "col": 4, 
                    "value": 0.0
                }, 
                {
                    "cluster": "cluster_outliers", 
                    "col": 6, 
                    "value": 0.17507838575907758
                }
            ]
        }, 
        {
            "variable": "dummy:FeatureName_0:left_eye_center_x", 
            "var": 0.0, 
            "values": [
                {
                    "cluster": "cluster_0", 
                    "col": 0, 
                    "value": 0.0
                }, 
                {
                    "cluster": "cluster_1", 
                    "col": 1, 
                    "value": 0.097709128774730994
                }, 
                {
                    "cluster": "cluster_2", 
                    "col": 2, 
                    "value": 0.042424242424242427
                }, 
                {
                    "cluster": "cluster_3", 
                    "col": 3, 
                    "value": 0.0
                }, 
                {
                    "cluster": "cluster_4", 
                    "col": 4, 
                    "value": 0.014648633463097483
                }, 
                {
                    "cluster": "cluster_outliers", 
                    "col": 6, 
                    "value": 0.12516435723677558
                }
            ]
        }, 
        {
            "variable": "dummy:FeatureName_0:right_eye_center_x", 
            "var": 0.01, 
            "values": [
                {
                    "cluster": "cluster_0", 
                    "col": 0, 
                    "value": 0.0
                }, 
                {
                    "cluster": "cluster_1", 
                    "col": 1, 
                    "value": 0.2809788267962513
                }, 
                {
                    "cluster": "cluster_2", 
                    "col": 2, 
                    "value": 0.037417654808959158
                }, 
                {
                    "cluster": "cluster_3", 
                    "col": 3, 
                    "value": 0.0
                }, 
                {
                    "cluster": "cluster_4", 
                    "col": 4, 
                    "value": 0.047517758959746359
                }, 
                {
                    "cluster": "cluster_outliers", 
                    "col": 6, 
                    "value": 0.031303732173561243
                }
            ]
        }, 
        {
            "variable": "dummy:FeatureName_0:right_eye_center_y", 
            "var": 0.01, 
            "values": [
                {
                    "cluster": "cluster_0", 
                    "col": 0, 
                    "value": 0.0
                }, 
                {
                    "cluster": "cluster_1", 
                    "col": 1, 
                    "value": 0.17424505380076363
                }, 
                {
                    "cluster": "cluster_2", 
                    "col": 2, 
                    "value": 0.021607378129117259
                }, 
                {
                    "cluster": "cluster_3", 
                    "col": 3, 
                    "value": 0.0
                }, 
                {
                    "cluster": "cluster_4", 
                    "col": 4, 
                    "value": 0.0
                }, 
                {
                    "cluster": "cluster_outliers", 
                    "col": 6, 
                    "value": 0.12531607160918379
                }
            ]
        }, 
        {
            "variable": "dummy:FeatureName_0:mouth_center_bottom_lip_x", 
            "var": 0.01, 
            "values": [
                {
                    "cluster": "cluster_0", 
                    "col": 0, 
                    "value": 0.0
                }, 
                {
                    "cluster": "cluster_1", 
                    "col": 1, 
                    "value": 0.17389795209996528
                }, 
                {
                    "cluster": "cluster_2", 
                    "col": 2, 
                    "value": 0.025032938076416336
                }, 
                {
                    "cluster": "cluster_3", 
                    "col": 3, 
                    "value": 0.0
                }, 
                {
                    "cluster": "cluster_4", 
                    "col": 4, 
                    "value": 0.0
                }, 
                {
                    "cluster": "cluster_outliers", 
                    "col": 6, 
                    "value": 0.12435521391726509
                }
            ]
        }, 
        {
            "variable": "dummy:FeatureName_0:mouth_center_bottom_lip_y", 
            "var": 0.01, 
            "values": [
                {
                    "cluster": "cluster_0", 
                    "col": 0, 
                    "value": 0.0
                }, 
                {
                    "cluster": "cluster_1", 
                    "col": 1, 
                    "value": 0.27316903852828878
                }, 
                {
                    "cluster": "cluster_2", 
                    "col": 2, 
                    "value": 0.0461133069828722
                }, 
                {
                    "cluster": "cluster_3", 
                    "col": 3, 
                    "value": 0.0
                }, 
                {
                    "cluster": "cluster_4", 
                    "col": 4, 
                    "value": 0.047196693020829156
                }, 
                {
                    "cluster": "cluster_outliers", 
                    "col": 6, 
                    "value": 0.031910589663194093
                }
            ]
        }, 
        {
            "variable": "dummy:FeatureName_0:mouth_left_corner_y", 
            "var": 0.0, 
            "values": [
                {
                    "cluster": "cluster_0", 
                    "col": 0, 
                    "value": 0.0
                }, 
                {
                    "cluster": "cluster_1", 
                    "col": 1, 
                    "value": 0.0
                }, 
                {
                    "cluster": "cluster_2", 
                    "col": 2, 
                    "value": 0.042424242424242427
                }, 
                {
                    "cluster": "cluster_3", 
                    "col": 3, 
                    "value": 0.0
                }, 
                {
                    "cluster": "cluster_4", 
                    "col": 4, 
                    "value": 0.040895773969579004
                }, 
                {
                    "cluster": "cluster_outliers", 
                    "col": 6, 
                    "value": 0.0
                }
            ]
        }, 
        {
            "variable": "dummy:FeatureName_0:mouth_left_corner_x", 
            "var": 0.0, 
            "values": [
                {
                    "cluster": "cluster_0", 
                    "col": 0, 
                    "value": 0.0
                }, 
                {
                    "cluster": "cluster_1", 
                    "col": 1, 
                    "value": 0.0
                }, 
                {
                    "cluster": "cluster_2", 
                    "col": 2, 
                    "value": 0.042424242424242427
                }, 
                {
                    "cluster": "cluster_3", 
                    "col": 3, 
                    "value": 0.0
                }, 
                {
                    "cluster": "cluster_4", 
                    "col": 4, 
                    "value": 0.040895773969579004
                }, 
                {
                    "cluster": "cluster_outliers", 
                    "col": 6, 
                    "value": 0.0
                }
            ]
        }, 
        {
            "variable": "dummy:FeatureName_0:mouth_center_top_lip_x", 
            "var": 0.0, 
            "values": [
                {
                    "cluster": "cluster_0", 
                    "col": 0, 
                    "value": 0.0
                }, 
                {
                    "cluster": "cluster_1", 
                    "col": 1, 
                    "value": 0.0
                }, 
                {
                    "cluster": "cluster_2", 
                    "col": 2, 
                    "value": 0.043478260869565216
                }, 
                {
                    "cluster": "cluster_3", 
                    "col": 3, 
                    "value": 0.0
                }, 
                {
                    "cluster": "cluster_4", 
                    "col": 4, 
                    "value": 0.040735241000120402
                }, 
                {
                    "cluster": "cluster_outliers", 
                    "col": 6, 
                    "value": 0.0
                }
            ]
        }, 
        {
            "variable": "dummy:FeatureName_0:mouth_center_top_lip_y", 
            "var": 0.0, 
            "values": [
                {
                    "cluster": "cluster_0", 
                    "col": 0, 
                    "value": 0.0
                }, 
                {
                    "cluster": "cluster_1", 
                    "col": 1, 
                    "value": 0.0
                }, 
                {
                    "cluster": "cluster_2", 
                    "col": 2, 
                    "value": 0.042687747035573126
                }, 
                {
                    "cluster": "cluster_3", 
                    "col": 3, 
                    "value": 0.0
                }, 
                {
                    "cluster": "cluster_4", 
                    "col": 4, 
                    "value": 0.04085564072721435
                }, 
                {
                    "cluster": "cluster_outliers", 
                    "col": 6, 
                    "value": 0.0
                }
            ]
        }, 
        {
            "variable": "dummy:FeatureName_0:left_eye_outer_corner_y", 
            "var": 0.0, 
            "values": [
                {
                    "cluster": "cluster_0", 
                    "col": 0, 
                    "value": 0.0
                }, 
                {
                    "cluster": "cluster_1", 
                    "col": 1, 
                    "value": 0.0
                }, 
                {
                    "cluster": "cluster_2", 
                    "col": 2, 
                    "value": 0.042160737812911728
                }, 
                {
                    "cluster": "cluster_3", 
                    "col": 3, 
                    "value": 0.0
                }, 
                {
                    "cluster": "cluster_4", 
                    "col": 4, 
                    "value": 0.04085564072721435
                }, 
                {
                    "cluster": "cluster_outliers", 
                    "col": 6, 
                    "value": 0.0
                }
            ]
        }, 
        {
            "variable": "dummy:FeatureName_0:left_eye_outer_corner_x", 
            "var": 0.0, 
            "values": [
                {
                    "cluster": "cluster_0", 
                    "col": 0, 
                    "value": 0.0
                }, 
                {
                    "cluster": "cluster_1", 
                    "col": 1, 
                    "value": 0.0
                }, 
                {
                    "cluster": "cluster_2", 
                    "col": 2, 
                    "value": 0.043478260869565216
                }, 
                {
                    "cluster": "cluster_3", 
                    "col": 3, 
                    "value": 0.0
                }, 
                {
                    "cluster": "cluster_4", 
                    "col": 4, 
                    "value": 0.040654974515391101
                }, 
                {
                    "cluster": "cluster_outliers", 
                    "col": 6, 
                    "value": 0.0
                }
            ]
        }, 
        {
            "variable": "dummy:FeatureName_0:right_eye_inner_corner_x", 
            "var": 0.0, 
            "values": [
                {
                    "cluster": "cluster_0", 
                    "col": 0, 
                    "value": 0.0
                }, 
                {
                    "cluster": "cluster_1", 
                    "col": 1, 
                    "value": 0.0
                }, 
                {
                    "cluster": "cluster_2", 
                    "col": 2, 
                    "value": 0.044005270092226614
                }, 
                {
                    "cluster": "cluster_3", 
                    "col": 3, 
                    "value": 0.0
                }, 
                {
                    "cluster": "cluster_4", 
                    "col": 4, 
                    "value": 0.0405747080306618
                }, 
                {
                    "cluster": "cluster_outliers", 
                    "col": 6, 
                    "value": 0.0
                }
            ]
        }, 
        {
            "variable": "dummy:FeatureName_0:right_eye_inner_corner_y", 
            "var": 0.0, 
            "values": [
                {
                    "cluster": "cluster_0", 
                    "col": 0, 
                    "value": 0.0
                }, 
                {
                    "cluster": "cluster_1", 
                    "col": 1, 
                    "value": 0.0
                }, 
                {
                    "cluster": "cluster_2", 
                    "col": 2, 
                    "value": 0.044795783926218712
                }, 
                {
                    "cluster": "cluster_3", 
                    "col": 3, 
                    "value": 0.0
                }, 
                {
                    "cluster": "cluster_4", 
                    "col": 4, 
                    "value": 0.040454308303567846
                }, 
                {
                    "cluster": "cluster_outliers", 
                    "col": 6, 
                    "value": 0.0
                }
            ]
        }, 
        {
            "variable": "dummy:FeatureName_0:left_eye_inner_corner_x", 
            "var": 0.0, 
            "values": [
                {
                    "cluster": "cluster_0", 
                    "col": 0, 
                    "value": 0.0
                }, 
                {
                    "cluster": "cluster_1", 
                    "col": 1, 
                    "value": 0.0
                }, 
                {
                    "cluster": "cluster_2", 
                    "col": 2, 
                    "value": 0.040316205533596841
                }, 
                {
                    "cluster": "cluster_3", 
                    "col": 3, 
                    "value": 0.0
                }, 
                {
                    "cluster": "cluster_4", 
                    "col": 4, 
                    "value": 0.041056306939037605
                }, 
                {
                    "cluster": "cluster_outliers", 
                    "col": 6, 
                    "value": 0.0
                }
            ]
        }, 
        {
            "variable": "dummy:FeatureName_0:left_eye_inner_corner_y", 
            "var": 0.0, 
            "values": [
                {
                    "cluster": "cluster_0", 
                    "col": 0, 
                    "value": 0.0
                }, 
                {
                    "cluster": "cluster_1", 
                    "col": 1, 
                    "value": 0.0
                }, 
                {
                    "cluster": "cluster_2", 
                    "col": 2, 
                    "value": 0.044005270092226614
                }, 
                {
                    "cluster": "cluster_3", 
                    "col": 3, 
                    "value": 0.0
                }, 
                {
                    "cluster": "cluster_4", 
                    "col": 4, 
                    "value": 0.040494441545932493
                }, 
                {
                    "cluster": "cluster_outliers", 
                    "col": 6, 
                    "value": 0.0
                }
            ]
        }, 
        {
            "variable": "dummy:FeatureName_0:right_eye_outer_corner_y", 
            "var": 0.0, 
            "values": [
                {
                    "cluster": "cluster_0", 
                    "col": 0, 
                    "value": 0.0
                }, 
                {
                    "cluster": "cluster_1", 
                    "col": 1, 
                    "value": 0.0
                }, 
                {
                    "cluster": "cluster_2", 
                    "col": 2, 
                    "value": 0.046903820816864297
                }, 
                {
                    "cluster": "cluster_3", 
                    "col": 3, 
                    "value": 0.0
                }, 
                {
                    "cluster": "cluster_4", 
                    "col": 4, 
                    "value": 0.040052975879921342
                }, 
                {
                    "cluster": "cluster_outliers", 
                    "col": 6, 
                    "value": 0.0
                }
            ]
        }, 
        {
            "variable": "dummy:FeatureName_0:right_eye_outer_corner_x", 
            "var": 0.0, 
            "values": [
                {
                    "cluster": "cluster_0", 
                    "col": 0, 
                    "value": 0.0
                }, 
                {
                    "cluster": "cluster_1", 
                    "col": 1, 
                    "value": 0.0
                }, 
                {
                    "cluster": "cluster_2", 
                    "col": 2, 
                    "value": 0.045322793148880103
                }, 
                {
                    "cluster": "cluster_3", 
                    "col": 3, 
                    "value": 0.0
                }, 
                {
                    "cluster": "cluster_4", 
                    "col": 4, 
                    "value": 0.040293775334109244
                }, 
                {
                    "cluster": "cluster_outliers", 
                    "col": 6, 
                    "value": 0.0
                }
            ]
        }, 
        {
            "variable": "dummy:FeatureName_0:mouth_right_corner_y", 
            "var": 0.0, 
            "values": [
                {
                    "cluster": "cluster_0", 
                    "col": 0, 
                    "value": 0.0
                }, 
                {
                    "cluster": "cluster_1", 
                    "col": 1, 
                    "value": 0.0
                }, 
                {
                    "cluster": "cluster_2", 
                    "col": 2, 
                    "value": 0.044005270092226614
                }, 
                {
                    "cluster": "cluster_3", 
                    "col": 3, 
                    "value": 0.0
                }, 
                {
                    "cluster": "cluster_4", 
                    "col": 4, 
                    "value": 0.040414175061203192
                }, 
                {
                    "cluster": "cluster_outliers", 
                    "col": 6, 
                    "value": 0.0
                }
            ]
        }, 
        {
            "variable": "dummy:FeatureName_0:mouth_right_corner_x", 
            "var": 0.0, 
            "values": [
                {
                    "cluster": "cluster_0", 
                    "col": 0, 
                    "value": 0.0
                }, 
                {
                    "cluster": "cluster_1", 
                    "col": 1, 
                    "value": 0.0
                }, 
                {
                    "cluster": "cluster_2", 
                    "col": 2, 
                    "value": 0.04137022397891963
                }, 
                {
                    "cluster": "cluster_3", 
                    "col": 3, 
                    "value": 0.0
                }, 
                {
                    "cluster": "cluster_4", 
                    "col": 4, 
                    "value": 0.040815507484849703
                }, 
                {
                    "cluster": "cluster_outliers", 
                    "col": 6, 
                    "value": 0.0
                }
            ]
        }, 
        {
            "variable": "dummy:FeatureName_0:left_eyebrow_inner_end_x", 
            "var": 0.0, 
            "values": [
                {
                    "cluster": "cluster_0", 
                    "col": 0, 
                    "value": 0.0
                }, 
                {
                    "cluster": "cluster_1", 
                    "col": 1, 
                    "value": 0.0
                }, 
                {
                    "cluster": "cluster_2", 
                    "col": 2, 
                    "value": 0.040052700922266142
                }, 
                {
                    "cluster": "cluster_3", 
                    "col": 3, 
                    "value": 0.0
                }, 
                {
                    "cluster": "cluster_4", 
                    "col": 4, 
                    "value": 0.04085564072721435
                }, 
                {
                    "cluster": "cluster_outliers", 
                    "col": 6, 
                    "value": 0.0
                }
            ]
        }, 
        {
            "variable": "dummy:FeatureName_0:right_eyebrow_inner_end_x", 
            "var": 0.0, 
            "values": [
                {
                    "cluster": "cluster_0", 
                    "col": 0, 
                    "value": 0.0
                }, 
                {
                    "cluster": "cluster_1", 
                    "col": 1, 
                    "value": 0.0
                }, 
                {
                    "cluster": "cluster_2", 
                    "col": 2, 
                    "value": 0.045059288537549404
                }, 
                {
                    "cluster": "cluster_3", 
                    "col": 3, 
                    "value": 0.0
                }, 
                {
                    "cluster": "cluster_4", 
                    "col": 4, 
                    "value": 0.040093109122285989
                }, 
                {
                    "cluster": "cluster_outliers", 
                    "col": 6, 
                    "value": 0.0
                }
            ]
        }, 
        {
            "variable": "dummy:FeatureName_0:left_eyebrow_inner_end_y", 
            "var": 0.0, 
            "values": [
                {
                    "cluster": "cluster_0", 
                    "col": 0, 
                    "value": 0.0
                }, 
                {
                    "cluster": "cluster_1", 
                    "col": 1, 
                    "value": 0.0
                }, 
                {
                    "cluster": "cluster_2", 
                    "col": 2, 
                    "value": 0.043741765480895915
                }, 
                {
                    "cluster": "cluster_3", 
                    "col": 3, 
                    "value": 0.0
                }, 
                {
                    "cluster": "cluster_4", 
                    "col": 4, 
                    "value": 0.040293775334109244
                }, 
                {
                    "cluster": "cluster_outliers", 
                    "col": 6, 
                    "value": 0.0
                }
            ]
        }, 
        {
            "variable": "dummy:FeatureName_0:right_eyebrow_inner_end_y", 
            "var": 0.0, 
            "values": [
                {
                    "cluster": "cluster_0", 
                    "col": 0, 
                    "value": 0.0
                }, 
                {
                    "cluster": "cluster_1", 
                    "col": 1, 
                    "value": 0.0
                }, 
                {
                    "cluster": "cluster_2", 
                    "col": 2, 
                    "value": 0.039525691699604744
                }, 
                {
                    "cluster": "cluster_3", 
                    "col": 3, 
                    "value": 0.0
                }, 
                {
                    "cluster": "cluster_4", 
                    "col": 4, 
                    "value": 0.040935907211943651
                }, 
                {
                    "cluster": "cluster_outliers", 
                    "col": 6, 
                    "value": 0.0
                }
            ]
        }, 
        {
            "variable": "dummy:FeatureName_0:N/A", 
            "var": 0.27, 
            "values": [
                {
                    "cluster": "cluster_0", 
                    "col": 0, 
                    "value": 1.0
                }, 
                {
                    "cluster": "cluster_1", 
                    "col": 1, 
                    "value": 0.0
                }, 
                {
                    "cluster": "cluster_2", 
                    "col": 2, 
                    "value": 0.0
                }, 
                {
                    "cluster": "cluster_3", 
                    "col": 3, 
                    "value": 1.0
                }, 
                {
                    "cluster": "cluster_4", 
                    "col": 4, 
                    "value": 0.0
                }, 
                {
                    "cluster": "cluster_outliers", 
                    "col": 6, 
                    "value": 0.0
                }
            ]
        }, 
        {
            "variable": "dummy:FeatureName_0:__Others__", 
            "var": 0.0, 
            "values": [
                {
                    "cluster": "cluster_0", 
                    "col": 0, 
                    "value": 0.0
                }, 
                {
                    "cluster": "cluster_1", 
                    "col": 1, 
                    "value": 0.0
                }, 
                {
                    "cluster": "cluster_2", 
                    "col": 2, 
                    "value": 0.0076416337285902507
                }, 
                {
                    "cluster": "cluster_3", 
                    "col": 3, 
                    "value": 0.0
                }, 
                {
                    "cluster": "cluster_4", 
                    "col": 4, 
                    "value": 0.15940923867239234
                }, 
                {
                    "cluster": "cluster_outliers", 
                    "col": 6, 
                    "value": 0.029483159704662688
                }
            ]
        }, 
        {
            "variable": "dummy:FeatureName:nose_tip_x", 
            "var": 0.01, 
            "values": [
                {
                    "cluster": "cluster_0", 
                    "col": 0, 
                    "value": 0.0
                }, 
                {
                    "cluster": "cluster_1", 
                    "col": 1, 
                    "value": 0.0
                }, 
                {
                    "cluster": "cluster_2", 
                    "col": 2, 
                    "value": 0.0
                }, 
                {
                    "cluster": "cluster_3", 
                    "col": 3, 
                    "value": 0.0
                }, 
                {
                    "cluster": "cluster_4", 
                    "col": 4, 
                    "value": 0.0
                }, 
                {
                    "cluster": "cluster_outliers", 
                    "col": 6, 
                    "value": 0.18033781733589563
                }
            ]
        }, 
        {
            "variable": "dummy:FeatureName:nose_tip_y", 
            "var": 0.01, 
            "values": [
                {
                    "cluster": "cluster_0", 
                    "col": 0, 
                    "value": 0.0
                }, 
                {
                    "cluster": "cluster_1", 
                    "col": 1, 
                    "value": 0.0
                }, 
                {
                    "cluster": "cluster_2", 
                    "col": 2, 
                    "value": 0.017127799736495388
                }, 
                {
                    "cluster": "cluster_3", 
                    "col": 3, 
                    "value": 0.0
                }, 
                {
                    "cluster": "cluster_4", 
                    "col": 4, 
                    "value": 0.0
                }, 
                {
                    "cluster": "cluster_outliers", 
                    "col": 6, 
                    "value": 0.17705067260038435
                }
            ]
        }, 
        {
            "variable": "dummy:FeatureName:left_eye_center_y", 
            "var": 0.0, 
            "values": [
                {
                    "cluster": "cluster_0", 
                    "col": 0, 
                    "value": 0.0
                }, 
                {
                    "cluster": "cluster_1", 
                    "col": 1, 
                    "value": 0.0
                }, 
                {
                    "cluster": "cluster_2", 
                    "col": 2, 
                    "value": 0.026877470355731226
                }, 
                {
                    "cluster": "cluster_3", 
                    "col": 3, 
                    "value": 0.0
                }, 
                {
                    "cluster": "cluster_4", 
                    "col": 4, 
                    "value": 0.0
                }, 
                {
                    "cluster": "cluster_outliers", 
                    "col": 6, 
                    "value": 0.17507838575907758
                }
            ]
        }, 
        {
            "variable": "dummy:FeatureName:left_eye_center_x", 
            "var": 0.0, 
            "values": [
                {
                    "cluster": "cluster_0", 
                    "col": 0, 
                    "value": 0.0
                }, 
                {
                    "cluster": "cluster_1", 
                    "col": 1, 
                    "value": 0.097709128774730994
                }, 
                {
                    "cluster": "cluster_2", 
                    "col": 2, 
                    "value": 0.042424242424242427
                }, 
                {
                    "cluster": "cluster_3", 
                    "col": 3, 
                    "value": 0.0
                }, 
                {
                    "cluster": "cluster_4", 
                    "col": 4, 
                    "value": 0.014648633463097483
                }, 
                {
                    "cluster": "cluster_outliers", 
                    "col": 6, 
                    "value": 0.12516435723677558
                }
            ]
        }, 
        {
            "variable": "dummy:FeatureName:right_eye_center_x", 
            "var": 0.01, 
            "values": [
                {
                    "cluster": "cluster_0", 
                    "col": 0, 
                    "value": 0.0
                }, 
                {
                    "cluster": "cluster_1", 
                    "col": 1, 
                    "value": 0.2809788267962513
                }, 
                {
                    "cluster": "cluster_2", 
                    "col": 2, 
                    "value": 0.037417654808959158
                }, 
                {
                    "cluster": "cluster_3", 
                    "col": 3, 
                    "value": 0.0
                }, 
                {
                    "cluster": "cluster_4", 
                    "col": 4, 
                    "value": 0.047517758959746359
                }, 
                {
                    "cluster": "cluster_outliers", 
                    "col": 6, 
                    "value": 0.031303732173561243
                }
            ]
        }, 
        {
            "variable": "dummy:FeatureName:right_eye_center_y", 
            "var": 0.01, 
            "values": [
                {
                    "cluster": "cluster_0", 
                    "col": 0, 
                    "value": 0.0
                }, 
                {
                    "cluster": "cluster_1", 
                    "col": 1, 
                    "value": 0.17424505380076363
                }, 
                {
                    "cluster": "cluster_2", 
                    "col": 2, 
                    "value": 0.021607378129117259
                }, 
                {
                    "cluster": "cluster_3", 
                    "col": 3, 
                    "value": 0.0
                }, 
                {
                    "cluster": "cluster_4", 
                    "col": 4, 
                    "value": 0.0
                }, 
                {
                    "cluster": "cluster_outliers", 
                    "col": 6, 
                    "value": 0.12531607160918379
                }
            ]
        }, 
        {
            "variable": "dummy:FeatureName:mouth_center_bottom_lip_x", 
            "var": 0.01, 
            "values": [
                {
                    "cluster": "cluster_0", 
                    "col": 0, 
                    "value": 0.0
                }, 
                {
                    "cluster": "cluster_1", 
                    "col": 1, 
                    "value": 0.17389795209996528
                }, 
                {
                    "cluster": "cluster_2", 
                    "col": 2, 
                    "value": 0.025032938076416336
                }, 
                {
                    "cluster": "cluster_3", 
                    "col": 3, 
                    "value": 0.0
                }, 
                {
                    "cluster": "cluster_4", 
                    "col": 4, 
                    "value": 0.0
                }, 
                {
                    "cluster": "cluster_outliers", 
                    "col": 6, 
                    "value": 0.12435521391726509
                }
            ]
        }, 
        {
            "variable": "dummy:FeatureName:mouth_center_bottom_lip_y", 
            "var": 0.01, 
            "values": [
                {
                    "cluster": "cluster_0", 
                    "col": 0, 
                    "value": 0.0
                }, 
                {
                    "cluster": "cluster_1", 
                    "col": 1, 
                    "value": 0.27316903852828878
                }, 
                {
                    "cluster": "cluster_2", 
                    "col": 2, 
                    "value": 0.0461133069828722
                }, 
                {
                    "cluster": "cluster_3", 
                    "col": 3, 
                    "value": 0.0
                }, 
                {
                    "cluster": "cluster_4", 
                    "col": 4, 
                    "value": 0.047196693020829156
                }, 
                {
                    "cluster": "cluster_outliers", 
                    "col": 6, 
                    "value": 0.031910589663194093
                }
            ]
        }, 
        {
            "variable": "dummy:FeatureName:mouth_left_corner_y", 
            "var": 0.0, 
            "values": [
                {
                    "cluster": "cluster_0", 
                    "col": 0, 
                    "value": 0.0
                }, 
                {
                    "cluster": "cluster_1", 
                    "col": 1, 
                    "value": 0.0
                }, 
                {
                    "cluster": "cluster_2", 
                    "col": 2, 
                    "value": 0.042424242424242427
                }, 
                {
                    "cluster": "cluster_3", 
                    "col": 3, 
                    "value": 0.0
                }, 
                {
                    "cluster": "cluster_4", 
                    "col": 4, 
                    "value": 0.040895773969579004
                }, 
                {
                    "cluster": "cluster_outliers", 
                    "col": 6, 
                    "value": 0.0
                }
            ]
        }, 
        {
            "variable": "dummy:FeatureName:mouth_left_corner_x", 
            "var": 0.0, 
            "values": [
                {
                    "cluster": "cluster_0", 
                    "col": 0, 
                    "value": 0.0
                }, 
                {
                    "cluster": "cluster_1", 
                    "col": 1, 
                    "value": 0.0
                }, 
                {
                    "cluster": "cluster_2", 
                    "col": 2, 
                    "value": 0.042424242424242427
                }, 
                {
                    "cluster": "cluster_3", 
                    "col": 3, 
                    "value": 0.0
                }, 
                {
                    "cluster": "cluster_4", 
                    "col": 4, 
                    "value": 0.040895773969579004
                }, 
                {
                    "cluster": "cluster_outliers", 
                    "col": 6, 
                    "value": 0.0
                }
            ]
        }, 
        {
            "variable": "dummy:FeatureName:mouth_center_top_lip_x", 
            "var": 0.0, 
            "values": [
                {
                    "cluster": "cluster_0", 
                    "col": 0, 
                    "value": 0.0
                }, 
                {
                    "cluster": "cluster_1", 
                    "col": 1, 
                    "value": 0.0
                }, 
                {
                    "cluster": "cluster_2", 
                    "col": 2, 
                    "value": 0.043478260869565216
                }, 
                {
                    "cluster": "cluster_3", 
                    "col": 3, 
                    "value": 0.0
                }, 
                {
                    "cluster": "cluster_4", 
                    "col": 4, 
                    "value": 0.040735241000120402
                }, 
                {
                    "cluster": "cluster_outliers", 
                    "col": 6, 
                    "value": 0.0
                }
            ]
        }, 
        {
            "variable": "dummy:FeatureName:mouth_center_top_lip_y", 
            "var": 0.0, 
            "values": [
                {
                    "cluster": "cluster_0", 
                    "col": 0, 
                    "value": 0.0
                }, 
                {
                    "cluster": "cluster_1", 
                    "col": 1, 
                    "value": 0.0
                }, 
                {
                    "cluster": "cluster_2", 
                    "col": 2, 
                    "value": 0.042687747035573126
                }, 
                {
                    "cluster": "cluster_3", 
                    "col": 3, 
                    "value": 0.0
                }, 
                {
                    "cluster": "cluster_4", 
                    "col": 4, 
                    "value": 0.04085564072721435
                }, 
                {
                    "cluster": "cluster_outliers", 
                    "col": 6, 
                    "value": 0.0
                }
            ]
        }, 
        {
            "variable": "dummy:FeatureName:left_eye_outer_corner_y", 
            "var": 0.0, 
            "values": [
                {
                    "cluster": "cluster_0", 
                    "col": 0, 
                    "value": 0.0
                }, 
                {
                    "cluster": "cluster_1", 
                    "col": 1, 
                    "value": 0.0
                }, 
                {
                    "cluster": "cluster_2", 
                    "col": 2, 
                    "value": 0.042160737812911728
                }, 
                {
                    "cluster": "cluster_3", 
                    "col": 3, 
                    "value": 0.0
                }, 
                {
                    "cluster": "cluster_4", 
                    "col": 4, 
                    "value": 0.04085564072721435
                }, 
                {
                    "cluster": "cluster_outliers", 
                    "col": 6, 
                    "value": 0.0
                }
            ]
        }, 
        {
            "variable": "dummy:FeatureName:left_eye_outer_corner_x", 
            "var": 0.0, 
            "values": [
                {
                    "cluster": "cluster_0", 
                    "col": 0, 
                    "value": 0.0
                }, 
                {
                    "cluster": "cluster_1", 
                    "col": 1, 
                    "value": 0.0
                }, 
                {
                    "cluster": "cluster_2", 
                    "col": 2, 
                    "value": 0.043478260869565216
                }, 
                {
                    "cluster": "cluster_3", 
                    "col": 3, 
                    "value": 0.0
                }, 
                {
                    "cluster": "cluster_4", 
                    "col": 4, 
                    "value": 0.040654974515391101
                }, 
                {
                    "cluster": "cluster_outliers", 
                    "col": 6, 
                    "value": 0.0
                }
            ]
        }, 
        {
            "variable": "dummy:FeatureName:right_eye_inner_corner_x", 
            "var": 0.0, 
            "values": [
                {
                    "cluster": "cluster_0", 
                    "col": 0, 
                    "value": 0.0
                }, 
                {
                    "cluster": "cluster_1", 
                    "col": 1, 
                    "value": 0.0
                }, 
                {
                    "cluster": "cluster_2", 
                    "col": 2, 
                    "value": 0.044005270092226614
                }, 
                {
                    "cluster": "cluster_3", 
                    "col": 3, 
                    "value": 0.0
                }, 
                {
                    "cluster": "cluster_4", 
                    "col": 4, 
                    "value": 0.0405747080306618
                }, 
                {
                    "cluster": "cluster_outliers", 
                    "col": 6, 
                    "value": 0.0
                }
            ]
        }, 
        {
            "variable": "dummy:FeatureName:right_eye_inner_corner_y", 
            "var": 0.0, 
            "values": [
                {
                    "cluster": "cluster_0", 
                    "col": 0, 
                    "value": 0.0
                }, 
                {
                    "cluster": "cluster_1", 
                    "col": 1, 
                    "value": 0.0
                }, 
                {
                    "cluster": "cluster_2", 
                    "col": 2, 
                    "value": 0.044795783926218712
                }, 
                {
                    "cluster": "cluster_3", 
                    "col": 3, 
                    "value": 0.0
                }, 
                {
                    "cluster": "cluster_4", 
                    "col": 4, 
                    "value": 0.040454308303567846
                }, 
                {
                    "cluster": "cluster_outliers", 
                    "col": 6, 
                    "value": 0.0
                }
            ]
        }, 
        {
            "variable": "dummy:FeatureName:left_eye_inner_corner_x", 
            "var": 0.0, 
            "values": [
                {
                    "cluster": "cluster_0", 
                    "col": 0, 
                    "value": 0.0
                }, 
                {
                    "cluster": "cluster_1", 
                    "col": 1, 
                    "value": 0.0
                }, 
                {
                    "cluster": "cluster_2", 
                    "col": 2, 
                    "value": 0.040316205533596841
                }, 
                {
                    "cluster": "cluster_3", 
                    "col": 3, 
                    "value": 0.0
                }, 
                {
                    "cluster": "cluster_4", 
                    "col": 4, 
                    "value": 0.041056306939037605
                }, 
                {
                    "cluster": "cluster_outliers", 
                    "col": 6, 
                    "value": 0.0
                }
            ]
        }, 
        {
            "variable": "dummy:FeatureName:left_eye_inner_corner_y", 
            "var": 0.0, 
            "values": [
                {
                    "cluster": "cluster_0", 
                    "col": 0, 
                    "value": 0.0
                }, 
                {
                    "cluster": "cluster_1", 
                    "col": 1, 
                    "value": 0.0
                }, 
                {
                    "cluster": "cluster_2", 
                    "col": 2, 
                    "value": 0.044005270092226614
                }, 
                {
                    "cluster": "cluster_3", 
                    "col": 3, 
                    "value": 0.0
                }, 
                {
                    "cluster": "cluster_4", 
                    "col": 4, 
                    "value": 0.040494441545932493
                }, 
                {
                    "cluster": "cluster_outliers", 
                    "col": 6, 
                    "value": 0.0
                }
            ]
        }, 
        {
            "variable": "dummy:FeatureName:right_eye_outer_corner_y", 
            "var": 0.0, 
            "values": [
                {
                    "cluster": "cluster_0", 
                    "col": 0, 
                    "value": 0.0
                }, 
                {
                    "cluster": "cluster_1", 
                    "col": 1, 
                    "value": 0.0
                }, 
                {
                    "cluster": "cluster_2", 
                    "col": 2, 
                    "value": 0.046903820816864297
                }, 
                {
                    "cluster": "cluster_3", 
                    "col": 3, 
                    "value": 0.0
                }, 
                {
                    "cluster": "cluster_4", 
                    "col": 4, 
                    "value": 0.040052975879921342
                }, 
                {
                    "cluster": "cluster_outliers", 
                    "col": 6, 
                    "value": 0.0
                }
            ]
        }, 
        {
            "variable": "dummy:FeatureName:right_eye_outer_corner_x", 
            "var": 0.0, 
            "values": [
                {
                    "cluster": "cluster_0", 
                    "col": 0, 
                    "value": 0.0
                }, 
                {
                    "cluster": "cluster_1", 
                    "col": 1, 
                    "value": 0.0
                }, 
                {
                    "cluster": "cluster_2", 
                    "col": 2, 
                    "value": 0.045322793148880103
                }, 
                {
                    "cluster": "cluster_3", 
                    "col": 3, 
                    "value": 0.0
                }, 
                {
                    "cluster": "cluster_4", 
                    "col": 4, 
                    "value": 0.040293775334109244
                }, 
                {
                    "cluster": "cluster_outliers", 
                    "col": 6, 
                    "value": 0.0
                }
            ]
        }, 
        {
            "variable": "dummy:FeatureName:mouth_right_corner_y", 
            "var": 0.0, 
            "values": [
                {
                    "cluster": "cluster_0", 
                    "col": 0, 
                    "value": 0.0
                }, 
                {
                    "cluster": "cluster_1", 
                    "col": 1, 
                    "value": 0.0
                }, 
                {
                    "cluster": "cluster_2", 
                    "col": 2, 
                    "value": 0.044005270092226614
                }, 
                {
                    "cluster": "cluster_3", 
                    "col": 3, 
                    "value": 0.0
                }, 
                {
                    "cluster": "cluster_4", 
                    "col": 4, 
                    "value": 0.040414175061203192
                }, 
                {
                    "cluster": "cluster_outliers", 
                    "col": 6, 
                    "value": 0.0
                }
            ]
        }, 
        {
            "variable": "dummy:FeatureName:mouth_right_corner_x", 
            "var": 0.0, 
            "values": [
                {
                    "cluster": "cluster_0", 
                    "col": 0, 
                    "value": 0.0
                }, 
                {
                    "cluster": "cluster_1", 
                    "col": 1, 
                    "value": 0.0
                }, 
                {
                    "cluster": "cluster_2", 
                    "col": 2, 
                    "value": 0.04137022397891963
                }, 
                {
                    "cluster": "cluster_3", 
                    "col": 3, 
                    "value": 0.0
                }, 
                {
                    "cluster": "cluster_4", 
                    "col": 4, 
                    "value": 0.040815507484849703
                }, 
                {
                    "cluster": "cluster_outliers", 
                    "col": 6, 
                    "value": 0.0
                }
            ]
        }, 
        {
            "variable": "dummy:FeatureName:left_eyebrow_inner_end_x", 
            "var": 0.0, 
            "values": [
                {
                    "cluster": "cluster_0", 
                    "col": 0, 
                    "value": 0.0
                }, 
                {
                    "cluster": "cluster_1", 
                    "col": 1, 
                    "value": 0.0
                }, 
                {
                    "cluster": "cluster_2", 
                    "col": 2, 
                    "value": 0.040052700922266142
                }, 
                {
                    "cluster": "cluster_3", 
                    "col": 3, 
                    "value": 0.0
                }, 
                {
                    "cluster": "cluster_4", 
                    "col": 4, 
                    "value": 0.04085564072721435
                }, 
                {
                    "cluster": "cluster_outliers", 
                    "col": 6, 
                    "value": 0.0
                }
            ]
        }, 
        {
            "variable": "dummy:FeatureName:right_eyebrow_inner_end_x", 
            "var": 0.0, 
            "values": [
                {
                    "cluster": "cluster_0", 
                    "col": 0, 
                    "value": 0.0
                }, 
                {
                    "cluster": "cluster_1", 
                    "col": 1, 
                    "value": 0.0
                }, 
                {
                    "cluster": "cluster_2", 
                    "col": 2, 
                    "value": 0.045059288537549404
                }, 
                {
                    "cluster": "cluster_3", 
                    "col": 3, 
                    "value": 0.0
                }, 
                {
                    "cluster": "cluster_4", 
                    "col": 4, 
                    "value": 0.040093109122285989
                }, 
                {
                    "cluster": "cluster_outliers", 
                    "col": 6, 
                    "value": 0.0
                }
            ]
        }, 
        {
            "variable": "dummy:FeatureName:left_eyebrow_inner_end_y", 
            "var": 0.0, 
            "values": [
                {
                    "cluster": "cluster_0", 
                    "col": 0, 
                    "value": 0.0
                }, 
                {
                    "cluster": "cluster_1", 
                    "col": 1, 
                    "value": 0.0
                }, 
                {
                    "cluster": "cluster_2", 
                    "col": 2, 
                    "value": 0.043741765480895915
                }, 
                {
                    "cluster": "cluster_3", 
                    "col": 3, 
                    "value": 0.0
                }, 
                {
                    "cluster": "cluster_4", 
                    "col": 4, 
                    "value": 0.040293775334109244
                }, 
                {
                    "cluster": "cluster_outliers", 
                    "col": 6, 
                    "value": 0.0
                }
            ]
        }, 
        {
            "variable": "dummy:FeatureName:right_eyebrow_inner_end_y", 
            "var": 0.0, 
            "values": [
                {
                    "cluster": "cluster_0", 
                    "col": 0, 
                    "value": 0.0
                }, 
                {
                    "cluster": "cluster_1", 
                    "col": 1, 
                    "value": 0.0
                }, 
                {
                    "cluster": "cluster_2", 
                    "col": 2, 
                    "value": 0.039525691699604744
                }, 
                {
                    "cluster": "cluster_3", 
                    "col": 3, 
                    "value": 0.0
                }, 
                {
                    "cluster": "cluster_4", 
                    "col": 4, 
                    "value": 0.040935907211943651
                }, 
                {
                    "cluster": "cluster_outliers", 
                    "col": 6, 
                    "value": 0.0
                }
            ]
        }, 
        {
            "variable": "dummy:FeatureName:N/A", 
            "var": 0.27, 
            "values": [
                {
                    "cluster": "cluster_0", 
                    "col": 0, 
                    "value": 1.0
                }, 
                {
                    "cluster": "cluster_1", 
                    "col": 1, 
                    "value": 0.0
                }, 
                {
                    "cluster": "cluster_2", 
                    "col": 2, 
                    "value": 0.0
                }, 
                {
                    "cluster": "cluster_3", 
                    "col": 3, 
                    "value": 1.0
                }, 
                {
                    "cluster": "cluster_4", 
                    "col": 4, 
                    "value": 0.0
                }, 
                {
                    "cluster": "cluster_outliers", 
                    "col": 6, 
                    "value": 0.0
                }
            ]
        }, 
        {
            "variable": "dummy:FeatureName:__Others__", 
            "var": 0.0, 
            "values": [
                {
                    "cluster": "cluster_0", 
                    "col": 0, 
                    "value": 0.0
                }, 
                {
                    "cluster": "cluster_1", 
                    "col": 1, 
                    "value": 0.0
                }, 
                {
                    "cluster": "cluster_2", 
                    "col": 2, 
                    "value": 0.0076416337285902507
                }, 
                {
                    "cluster": "cluster_3", 
                    "col": 3, 
                    "value": 0.0
                }, 
                {
                    "cluster": "cluster_4", 
                    "col": 4, 
                    "value": 0.15940923867239234
                }, 
                {
                    "cluster": "cluster_outliers", 
                    "col": 6, 
                    "value": 0.029483159704662688
                }
            ]
        }, 
        {
            "variable": "RowId", 
            "var": 763405453.17, 
            "values": [
                {
                    "cluster": "cluster_0", 
                    "col": 0, 
                    "value": 11070.837429012588
                }, 
                {
                    "cluster": "cluster_1", 
                    "col": 1, 
                    "value": 23759.0
                }, 
                {
                    "cluster": "cluster_2", 
                    "col": 2, 
                    "value": 68788.276416337292
                }, 
                {
                    "cluster": "cluster_3", 
                    "col": 3, 
                    "value": 70892.111391062193
                }, 
                {
                    "cluster": "cluster_4", 
                    "col": 4, 
                    "value": 8687.6778905967822
                }, 
                {
                    "cluster": "cluster_outliers", 
                    "col": 6, 
                    "value": 33303.611459492262
                }
            ]
        }, 
        {
            "variable": "ImageId", 
            "var": 260043.57, 
            "values": [
                {
                    "cluster": "cluster_0", 
                    "col": 0, 
                    "value": 0.0
                }, 
                {
                    "cluster": "cluster_1", 
                    "col": 1, 
                    "value": 1292.6331135022563
                }, 
                {
                    "cluster": "cluster_2", 
                    "col": 2, 
                    "value": 459.32542819499344
                }, 
                {
                    "cluster": "cluster_3", 
                    "col": 3, 
                    "value": 0.0
                }, 
                {
                    "cluster": "cluster_4", 
                    "col": 4, 
                    "value": 277.26772885981461
                }, 
                {
                    "cluster": "cluster_outliers", 
                    "col": 6, 
                    "value": 850.83346819055328
                }
            ]
        }, 
        {
            "variable": "cluster_size", 
            "var": 181950233.87, 
            "values": [
                {
                    "cluster": "cluster_0", 
                    "col": 0, 
                    "value": 38211
                }, 
                {
                    "cluster": "cluster_4", 
                    "col": 4, 
                    "value": 24917
                }, 
                {
                    "cluster": "cluster_outliers", 
                    "col": 6, 
                    "value": 19774
                }, 
                {
                    "cluster": "cluster_3", 
                    "col": 3, 
                    "value": 7541
                }, 
                {
                    "cluster": "cluster_1", 
                    "col": 1, 
                    "value": 5762
                }, 
                {
                    "cluster": "cluster_2", 
                    "col": 2, 
                    "value": 3795
                }
            ]
        }
    ], 
    "train_nb_outliers": 19774, 
    "summary": {
        "clusters": []
    }
}