{
  "steps": [
    {
      "type": "ColumnsSelector",
      "params": {
        "keep": false,
        "appliesTo": "COLUMNS",
        "columns": [
          "Phrase",
          "PhraseId",
          "SentenceId"
        ]
      },
      "metaType": "PROCESSOR",
      "preview": false,
      "disabled": false,
      "alwaysShowComment": false
    }
  ],
  "maxProcessedMemTableBytes": -1,
  "columnsSelection": {
    "mode": "ALL"
  },
  "coloring": {
    "scheme": "MEANING_AND_STATUS",
    "individualColumns": [],
    "valueColoringMode": "HASH"
  },
  "sorting": [],
  "analysisColumnData": {},
  "explorationSampling": {
    "selection": {
      "maxStoredBytes": 104857600,
      "filter": {
        "distinct": false,
        "enabled": false
      },
      "partitionSelectionMethod": "ALL",
      "latestPartitionsN": 1,
      "samplingMethod": "HEAD_SEQUENTIAL",
      "maxRecords": 10000,
      "targetRatio": 0.02,
      "withinFirstN": -1,
      "maxReadUncompressedBytes": -1
    },
    "autoRefreshSample": false,
    "_refreshTrigger": 0
  },
  "vizSampling": {
    "autoRefreshSample": false,
    "_refreshTrigger": 0
  },
  "exploreUIParams": {
    "autoRefresh": true
  },
  "globalSearchQuery": "",
  "explorationFilters": [],
  "previewMode": "ALL_ROWS"
}