{
  "inputDatasetSmartName": "HR_comma_sep",
  "script": {
    "steps": [
      {
        "type": "StringTransformer",
        "params": {
          "mode": "TO_LOWER",
          "truncate_limit": 0,
          "appliesTo": "SINGLE_COLUMN",
          "columns": [
            "sales"
          ]
        },
        "metaType": "PROCESSOR",
        "preview": false,
        "disabled": false,
        "alwaysShowComment": false
      },
      {
        "type": "StringTransformer",
        "params": {
          "mode": "TO_LOWER",
          "truncate_limit": 0,
          "appliesTo": "SINGLE_COLUMN",
          "columns": [
            "salary"
          ]
        },
        "metaType": "PROCESSOR",
        "preview": false,
        "disabled": false,
        "alwaysShowComment": false
      },
      {
        "type": "ColumnRenamer",
        "params": {
          "renamings": [
            {
              "from": "sales",
              "to": "department"
            }
          ]
        },
        "metaType": "PROCESSOR",
        "preview": false,
        "disabled": false,
        "alwaysShowComment": false
      }
    ],
    "tags": [],
    "columnsSelection": {
      "mode": "ALL"
    },
    "coloring": {
      "scheme": "MEANING_AND_STATUS",
      "individualColumns": [],
      "valueColoringMode": "HASH"
    },
    "analysisColumnData": {},
    "explorationSampling": {
      "selection": {
        "samplingMethod": "HEAD_SEQUENTIAL",
        "partitionSelectionMethod": "ALL",
        "maxRecords": 10000,
        "targetRatio": 0.02
      },
      "autoRefreshSample": false,
      "_refreshTrigger": 0
    },
    "vizSampling": {
      "autoRefreshSample": false,
      "_refreshTrigger": 0
    },
    "exploreUIParams": {
      "autoRefresh": true
    },
    "globalSearchQuery": "",
    "explorationFilters": [],
    "previewMode": "ALL_ROWS",
    "charts": [],
    "chartsEngine": "LINO"
  },
  "versionTag": {
    "versionNumber": 2,
    "lastModifiedBy": {
      "login": "admin",
      "displayName": "Nandish Balaraju"
    },
    "lastModifiedOn": 1493822140389
  },
  "creationTag": {
    "versionNumber": 0,
    "lastModifiedBy": {
      "login": "admin",
      "displayName": "Nandish Balaraju"
    },
    "lastModifiedOn": 1493456022146
  },
  "name": "Analyze HR_comma_sep",
  "tags": [],
  "checklists": {
    "checklists": []
  }
}