{
    "usedGridSearch": true, 
    "probaAware": true, 
    "gridSize": 12, 
    "rawImportance": {
        "variables": [
            "dummy:AwayTeam:Bologna", 
            "dummy:AwayTeam:Roma", 
            "dummy:AwayTeam:Lazio", 
            "dummy:AwayTeam:Sampdoria", 
            "dummy:AwayTeam:Fiorentina", 
            "dummy:AwayTeam:Udinese", 
            "dummy:AwayTeam:Inter", 
            "dummy:AwayTeam:Juventus", 
            "dummy:AwayTeam:Napoli", 
            "dummy:AwayTeam:Genoa", 
            "dummy:AwayTeam:Chievo", 
            "dummy:AwayTeam:Milan", 
            "dummy:AwayTeam:Catania", 
            "dummy:AwayTeam:Cagliari", 
            "dummy:AwayTeam:Palermo", 
            "dummy:AwayTeam:Atalanta", 
            "dummy:AwayTeam:Parma", 
            "dummy:AwayTeam:Bari", 
            "dummy:AwayTeam:Livorno", 
            "dummy:AwayTeam:Lecce", 
            "dummy:AwayTeam:Torino", 
            "dummy:AwayTeam:Siena", 
            "dummy:AwayTeam:Verona", 
            "dummy:AwayTeam:Brescia", 
            "dummy:AwayTeam:Sassuolo", 
            "dummy:AwayTeam:Reggina", 
            "dummy:AwayTeam:Cesena", 
            "dummy:WHD:3.1", 
            "dummy:WHD:3.2", 
            "dummy:WHD:3", 
            "dummy:WHD:3.3", 
            "dummy:WHD:3.4", 
            "dummy:WHD:3.25", 
            "dummy:WHD:3.5", 
            "dummy:WHD:2.9", 
            "dummy:WHD:2.88", 
            "dummy:WHD:3.6", 
            "dummy:WHD:4", 
            "dummy:WHD:3.75", 
            "dummy:WHD:4.5", 
            "dummy:WHD:4.2", 
            "dummy:WHD:5", 
            "dummy:WHD:4.33", 
            "dummy:WHD:5.5", 
            "dummy:WHD:2.8", 
            "dummy:WHD:3.8", 
            "dummy:WHD:4.1", 
            "dummy:WHD:2.25", 
            "dummy:WHD:4.75", 
            "dummy:WHD:2.62", 
            "dummy:WHD:2.87", 
            "dummy:WHD:1.8", 
            "dummy:WHD:2.05", 
            "dummy:WHD:N/A", 
            "dummy:IWD:3.2", 
            "dummy:IWD:3.3", 
            "dummy:IWD:3.1", 
            "dummy:IWD:3", 
            "dummy:IWD:3.5", 
            "dummy:IWD:3.4", 
            "dummy:IWD:2.9", 
            "dummy:IWD:3.6", 
            "dummy:IWD:4", 
            "dummy:IWD:5", 
            "dummy:IWD:3.9", 
            "dummy:IWD:3.25", 
            "dummy:IWD:3.7", 
            "dummy:IWD:4.8", 
            "dummy:IWD:3.45", 
            "dummy:IWD:4.4", 
            "dummy:IWD:4.1", 
            "dummy:IWD:3.15", 
            "dummy:IWD:3.8", 
            "dummy:IWD:2.8", 
            "dummy:IWD:4.6", 
            "dummy:IWD:4.5", 
            "dummy:IWD:4.3", 
            "dummy:IWD:5.3", 
            "dummy:IWD:4.7", 
            "dummy:IWD:6", 
            "dummy:IWD:2.7", 
            "dummy:IWD:2.6", 
            "dummy:IWD:1.8", 
            "dummy:IWD:N/A", 
            "dummy:WHA:5", 
            "dummy:WHA:6", 
            "dummy:WHA:3", 
            "dummy:WHA:5.5", 
            "dummy:WHA:4", 
            "dummy:WHA:4.2", 
            "dummy:WHA:4.5", 
            "dummy:WHA:3.6", 
            "dummy:WHA:8", 
            "dummy:WHA:3.1", 
            "dummy:WHA:3.5", 
            "dummy:WHA:2.8", 
            "dummy:WHA:7.5", 
            "dummy:WHA:6.5", 
            "dummy:WHA:3.2", 
            "dummy:WHA:2.3", 
            "dummy:WHA:3.3", 
            "dummy:WHA:3.4", 
            "dummy:WHA:7", 
            "dummy:WHA:2.9", 
            "dummy:WHA:2.62", 
            "dummy:WHA:4.33", 
            "dummy:WHA:10", 
            "dummy:WHA:2.5", 
            "dummy:WHA:3.75", 
            "dummy:WHA:2.4", 
            "dummy:WHA:9", 
            "dummy:WHA:2.25", 
            "dummy:WHA:11", 
            "dummy:WHA:3.25", 
            "dummy:WHA:1.91", 
            "dummy:WHA:3.8", 
            "dummy:WHA:2.7", 
            "dummy:WHA:2", 
            "dummy:WHA:4.8", 
            "dummy:WHA:2.1", 
            "dummy:WHA:1.8", 
            "dummy:WHA:2.15", 
            "dummy:WHA:2.88", 
            "dummy:WHA:1.95", 
            "dummy:WHA:2.6", 
            "dummy:WHA:1.44", 
            "dummy:WHA:2.38", 
            "dummy:WHA:1.67", 
            "dummy:WHA:12", 
            "dummy:WHA:1.73", 
            "dummy:WHA:2.05", 
            "dummy:WHA:1.83", 
            "dummy:WHA:1.75", 
            "dummy:WHA:15", 
            "dummy:WHA:4.75", 
            "dummy:WHA:1.5", 
            "dummy:WHA:1.62", 
            "dummy:WHA:4.4", 
            "dummy:WHA:1.85", 
            "dummy:WHA:1.4", 
            "dummy:WHA:1.7", 
            "dummy:WHA:2.37", 
            "dummy:WHA:1.6", 
            "dummy:WHA:1.36", 
            "dummy:WHA:1.9", 
            "dummy:WHA:6.8", 
            "dummy:WHA:N/A", 
            "dummy:IWA:3.4", 
            "dummy:IWA:3", 
            "dummy:IWA:3.6", 
            "dummy:IWA:4.2", 
            "dummy:IWA:2", 
            "dummy:IWA:4", 
            "dummy:IWA:3.2", 
            "dummy:IWA:2.1", 
            "dummy:IWA:7", 
            "dummy:IWA:3.3", 
            "dummy:IWA:2.3", 
            "dummy:IWA:2.6", 
            "dummy:IWA:4.5", 
            "dummy:IWA:2.4", 
            "dummy:IWA:2.9", 
            "dummy:IWA:2.5", 
            "dummy:IWA:2.8", 
            "dummy:IWA:3.7", 
            "dummy:IWA:1.9", 
            "dummy:IWA:2.2", 
            "dummy:IWA:3.1", 
            "dummy:IWA:7.5", 
            "dummy:IWA:7.3", 
            "dummy:IWA:3.9", 
            "dummy:IWA:4.7", 
            "dummy:IWA:4.4", 
            "dummy:IWA:3.5", 
            "dummy:IWA:5", 
            "dummy:IWA:1.8", 
            "dummy:IWA:2.85", 
            "dummy:IWA:1.75", 
            "dummy:IWA:5.5", 
            "dummy:IWA:6.5", 
            "dummy:IWA:8.5", 
            "dummy:IWA:2.65", 
            "dummy:IWA:4.6", 
            "dummy:IWA:2.55", 
            "dummy:IWA:5.4", 
            "dummy:IWA:6", 
            "dummy:IWA:4.9", 
            "dummy:IWA:5.6", 
            "dummy:IWA:1.85", 
            "dummy:IWA:6.3", 
            "dummy:IWA:1.7", 
            "dummy:IWA:5.2", 
            "dummy:IWA:4.1", 
            "dummy:IWA:10", 
            "dummy:IWA:5.3", 
            "dummy:IWA:8", 
            "dummy:IWA:9", 
            "dummy:IWA:1.4", 
            "dummy:IWA:11", 
            "dummy:IWA:1.45", 
            "dummy:IWA:1.5", 
            "dummy:IWA:1.6", 
            "dummy:IWA:1.65", 
            "dummy:IWA:10.5", 
            "dummy:IWA:3.45", 
            "dummy:IWA:5.8", 
            "dummy:IWA:6.1", 
            "dummy:IWA:7.8", 
            "dummy:IWA:3.35", 
            "dummy:IWA:2.45", 
            "dummy:IWA:1.95", 
            "dummy:IWA:8.3", 
            "dummy:IWA:N/A", 
            "dummy:WHH:2.5", 
            "dummy:WHH:1.44", 
            "dummy:WHH:2.4", 
            "dummy:WHH:2", 
            "dummy:WHH:2.1", 
            "dummy:WHH:1.8", 
            "dummy:WHH:1.67", 
            "dummy:WHH:1.4", 
            "dummy:WHH:2.25", 
            "dummy:WHH:2.3", 
            "dummy:WHH:1.91", 
            "dummy:WHH:1.5", 
            "dummy:WHH:2.2", 
            "dummy:WHH:2.05", 
            "dummy:WHH:1.62", 
            "dummy:WHH:3.1", 
            "dummy:WHH:1.36", 
            "dummy:WHH:1.83", 
            "dummy:WHH:1.7", 
            "dummy:WHH:2.15", 
            "dummy:WHH:1.95", 
            "dummy:WHH:2.38", 
            "dummy:WHH:2.9", 
            "dummy:WHH:2.6", 
            "dummy:WHH:1.57", 
            "dummy:WHH:3", 
            "dummy:WHH:2.62", 
            "dummy:WHH:3.6", 
            "dummy:WHH:1.3", 
            "dummy:WHH:4", 
            "dummy:WHH:4.33", 
            "dummy:WHH:1.75", 
            "dummy:WHH:3.3", 
            "dummy:WHH:2.7", 
            "dummy:WHH:3.5", 
            "dummy:WHH:1.25", 
            "dummy:WHH:1.85", 
            "dummy:WHH:4.5", 
            "dummy:WHH:4.2", 
            "dummy:WHH:3.75", 
            "dummy:WHH:2.8", 
            "dummy:WHH:1.53", 
            "dummy:WHH:1.33", 
            "dummy:WHH:3.4", 
            "dummy:WHH:2.75", 
            "dummy:WHH:1.29", 
            "dummy:WHH:5", 
            "dummy:WHH:1.6", 
            "dummy:WHH:1.2", 
            "dummy:WHH:1.22", 
            "dummy:WHH:6", 
            "dummy:WHH:6.5", 
            "dummy:WHH:1.17", 
            "dummy:WHH:3.8", 
            "dummy:WHH:5.5", 
            "dummy:WHH:2.88", 
            "dummy:WHH:8", 
            "dummy:WHH:7", 
            "dummy:WHH:4.6", 
            "dummy:WHH:4.75", 
            "dummy:WHH:1.9", 
            "dummy:WHH:1.45", 
            "dummy:WHH:8.5", 
            "dummy:WHH:N/A", 
            "dummy:IWH:2.1", 
            "dummy:IWH:2", 
            "dummy:IWH:2.3", 
            "dummy:IWH:2.2", 
            "dummy:IWH:1.8", 
            "dummy:IWH:2.4", 
            "dummy:IWH:1.7", 
            "dummy:IWH:1.85", 
            "dummy:IWH:1.75", 
            "dummy:IWH:2.5", 
            "dummy:IWH:2.6", 
            "dummy:IWH:1.6", 
            "dummy:IWH:1.4", 
            "dummy:IWH:1.45", 
            "dummy:IWH:1.5", 
            "dummy:IWH:1.65", 
            "dummy:IWH:1.35", 
            "dummy:IWH:1.55", 
            "dummy:IWH:1.25", 
            "dummy:IWH:3", 
            "dummy:IWH:3.3", 
            "dummy:IWH:3.2", 
            "dummy:IWH:2.8", 
            "dummy:IWH:2.9", 
            "dummy:IWH:3.6", 
            "dummy:IWH:1.3", 
            "dummy:IWH:2.7", 
            "dummy:IWH:1.22", 
            "dummy:IWH:2.55", 
            "dummy:IWH:4.3", 
            "dummy:IWH:2.85", 
            "dummy:IWH:4.7", 
            "dummy:IWH:3.4", 
            "dummy:IWH:4", 
            "dummy:IWH:3.9", 
            "dummy:IWH:1.33", 
            "dummy:IWH:3.7", 
            "dummy:IWH:3.1", 
            "dummy:IWH:7", 
            "dummy:IWH:1.37", 
            "dummy:IWH:3.8", 
            "dummy:IWH:5.5", 
            "dummy:IWH:1.95", 
            "dummy:IWH:4.5", 
            "dummy:IWH:4.2", 
            "dummy:IWH:5", 
            "dummy:IWH:3.5", 
            "dummy:IWH:2.25", 
            "dummy:IWH:2.95", 
            "dummy:IWH:2.35", 
            "dummy:IWH:5.2", 
            "dummy:IWH:2.15", 
            "dummy:IWH:1.27", 
            "dummy:IWH:4.9", 
            "dummy:IWH:2.45", 
            "dummy:IWH:1.57", 
            "dummy:IWH:1.32", 
            "dummy:IWH:4.6", 
            "dummy:IWH:4.8", 
            "dummy:IWH:N/A", 
            "dummy:LBA:5", 
            "dummy:LBA:4.5", 
            "dummy:LBA:3", 
            "dummy:LBA:4", 
            "dummy:LBA:3.5", 
            "dummy:LBA:4.33", 
            "dummy:LBA:3.2", 
            "dummy:LBA:2.88", 
            "dummy:LBA:8", 
            "dummy:LBA:2.5", 
            "dummy:LBA:5.5", 
            "dummy:LBA:6", 
            "dummy:LBA:3.75", 
            "dummy:LBA:7", 
            "dummy:LBA:2.75", 
            "dummy:LBA:2.8", 
            "dummy:LBA:2.38", 
            "dummy:LBA:9", 
            "dummy:LBA:6.5", 
            "dummy:LBA:2.6", 
            "dummy:LBA:2.1", 
            "dummy:LBA:2", 
            "dummy:LBA:2.25", 
            "dummy:LBA:1.91", 
            "dummy:LBA:10", 
            "dummy:LBA:2.2", 
            "dummy:LBA:11", 
            "dummy:LBA:2.62", 
            "dummy:LBA:1.8", 
            "dummy:LBA:12", 
            "dummy:LBA:1.83", 
            "dummy:LBA:2.3", 
            "dummy:LBA:2.4", 
            "dummy:LBA:3.1", 
            "dummy:LBA:7.5", 
            "dummy:LBA:1.44", 
            "dummy:LBA:1.73", 
            "dummy:LBA:3.3", 
            "dummy:LBA:1.67", 
            "dummy:LBA:1.5", 
            "dummy:LBA:1.62", 
            "dummy:LBA:3.25", 
            "dummy:LBA:2.9", 
            "dummy:LBA:1.57", 
            "dummy:LBA:1.4", 
            "dummy:LBA:3.8", 
            "dummy:LBA:1.95", 
            "dummy:LBA:1.9", 
            "dummy:LBA:2.87", 
            "dummy:LBA:2.15", 
            "dummy:LBA:1.66", 
            "dummy:LBA:1.53", 
            "dummy:LBA:2.05", 
            "dummy:LBA:8.5", 
            "dummy:LBA:1.7", 
            "dummy:LBA:1.29", 
            "dummy:LBA:N/A", 
            "dummy:BWA:5", 
            "dummy:BWA:2.95", 
            "dummy:BWA:3.1", 
            "dummy:BWA:3.5", 
            "dummy:BWA:5.25", 
            "dummy:BWA:6", 
            "dummy:BWA:2.85", 
            "dummy:BWA:3.2", 
            "dummy:BWA:3", 
            "dummy:BWA:2.2", 
            "dummy:BWA:7", 
            "dummy:BWA:4", 
            "dummy:BWA:1.95", 
            "dummy:BWA:4.75", 
            "dummy:BWA:3.9", 
            "dummy:BWA:2.4", 
            "dummy:BWA:2.9", 
            "dummy:BWA:3.25", 
            "dummy:BWA:9", 
            "dummy:BWA:2", 
            "dummy:BWA:2.25", 
            "dummy:BWA:3.6", 
            "dummy:BWA:2.5", 
            "dummy:BWA:3.4", 
            "dummy:BWA:2.65", 
            "dummy:BWA:2.55", 
            "dummy:BWA:3.8", 
            "dummy:BWA:2.7", 
            "dummy:BWA:10", 
            "dummy:BWA:5.75", 
            "dummy:BWA:3.3", 
            "dummy:BWA:4.25", 
            "dummy:BWA:3.75", 
            "dummy:BWA:2.45", 
            "dummy:BWA:1.8", 
            "dummy:BWA:2.35", 
            "dummy:BWA:2.1", 
            "dummy:BWA:1.75", 
            "dummy:BWA:3.15", 
            "dummy:BWA:6.5", 
            "dummy:BWA:1.85", 
            "dummy:BWA:3.55", 
            "dummy:BWA:4.1", 
            "dummy:BWA:1.7", 
            "dummy:BWA:8", 
            "dummy:BWA:8.5", 
            "dummy:BWA:7.5", 
            "dummy:BWA:11", 
            "dummy:BWA:4.2", 
            "dummy:BWA:3.65", 
            "dummy:BWA:2.05", 
            "dummy:BWA:5.5", 
            "dummy:BWA:3.7", 
            "dummy:BWA:2.8", 
            "dummy:BWA:7.75", 
            "dummy:BWA:2.3", 
            "dummy:BWA:3.35", 
            "dummy:BWA:3.85", 
            "dummy:BWA:8.25", 
            "dummy:BWA:6.75", 
            "dummy:BWA:1.9", 
            "dummy:BWA:11.5", 
            "dummy:BWA:1.65", 
            "dummy:BWA:1.55", 
            "dummy:BWA:4.15", 
            "dummy:BWA:1.6", 
            "dummy:BWA:5.9", 
            "dummy:BWA:3.05", 
            "dummy:BWA:9.5", 
            "dummy:BWA:5.45", 
            "dummy:BWA:4.8", 
            "dummy:BWA:5.2", 
            "dummy:BWA:4.85", 
            "dummy:BWA:13", 
            "dummy:BWA:1.5", 
            "dummy:BWA:1.45", 
            "dummy:BWA:1.91", 
            "dummy:BWA:4.45", 
            "dummy:BWA:9.75", 
            "dummy:BWA:5.55", 
            "dummy:BWA:1.72", 
            "dummy:BWA:N/A", 
            "dummy:BWA:__Others__", 
            "dummy:BWD:3.2", 
            "dummy:BWD:3.1", 
            "dummy:BWD:3", 
            "dummy:BWD:3.3", 
            "dummy:BWD:3.4", 
            "dummy:BWD:3.15", 
            "dummy:BWD:3.25", 
            "dummy:BWD:3.5", 
            "dummy:BWD:3.05", 
            "dummy:BWD:2.95", 
            "dummy:BWD:2.9", 
            "dummy:BWD:3.45", 
            "dummy:BWD:3.6", 
            "dummy:BWD:3.35", 
            "dummy:BWD:3.65", 
            "dummy:BWD:3.75", 
            "dummy:BWD:2.85", 
            "dummy:BWD:5", 
            "dummy:BWD:4.75", 
            "dummy:BWD:4.25", 
            "dummy:BWD:3.8", 
            "dummy:BWD:2.8", 
            "dummy:BWD:3.55", 
            "dummy:BWD:3.9", 
            "dummy:BWD:4.2", 
            "dummy:BWD:4.33", 
            "dummy:BWD:5.25", 
            "dummy:BWD:2.75", 
            "dummy:BWD:3.85", 
            "dummy:BWD:4.1", 
            "dummy:BWD:6", 
            "dummy:BWD:4.15", 
            "dummy:BWD:3.95", 
            "dummy:BWD:6.5", 
            "dummy:BWD:4.65", 
            "dummy:BWD:2.3", 
            "dummy:BWD:1.65", 
            "dummy:BWD:4.95", 
            "dummy:BWD:N/A", 
            "dummy:LBD:3.2", 
            "dummy:LBD:3", 
            "dummy:LBD:3.5", 
            "dummy:LBD:3.3", 
            "dummy:LBD:3.25", 
            "dummy:LBD:3.4", 
            "dummy:LBD:3.75", 
            "dummy:LBD:2.88", 
            "dummy:LBD:4.5", 
            "dummy:LBD:3.1", 
            "dummy:LBD:3.6", 
            "dummy:LBD:4", 
            "dummy:LBD:5", 
            "dummy:LBD:4.33", 
            "dummy:LBD:4.2", 
            "dummy:LBD:2.8", 
            "dummy:LBD:5.5", 
            "dummy:LBD:4.8", 
            "dummy:LBD:2.75", 
            "dummy:LBD:1.91", 
            "dummy:LBD:1.65", 
            "dummy:LBD:1.9", 
            "dummy:LBD:N/A", 
            "dummy:BWH:2.05", 
            "dummy:BWH:1.75", 
            "dummy:BWH:1.65", 
            "dummy:BWH:2.3", 
            "dummy:BWH:2", 
            "dummy:BWH:2.4", 
            "dummy:BWH:1.45", 
            "dummy:BWH:1.95", 
            "dummy:BWH:1.6", 
            "dummy:BWH:2.25", 
            "dummy:BWH:1.7", 
            "dummy:BWH:1.8", 
            "dummy:BWH:2.2", 
            "dummy:BWH:2.35", 
            "dummy:BWH:1.4", 
            "dummy:BWH:2.5", 
            "dummy:BWH:1.9", 
            "dummy:BWH:1.5", 
            "dummy:BWH:2.15", 
            "dummy:BWH:1.85", 
            "dummy:BWH:1.35", 
            "dummy:BWH:1.25", 
            "dummy:BWH:1.55", 
            "dummy:BWH:3.1", 
            "dummy:BWH:2.6", 
            "dummy:BWH:2.7", 
            "dummy:BWH:2.55", 
            "dummy:BWH:1.3", 
            "dummy:BWH:3", 
            "dummy:BWH:2.65", 
            "dummy:BWH:2.75", 
            "dummy:BWH:3.2", 
            "dummy:BWH:2.85", 
            "dummy:BWH:1.72", 
            "dummy:BWH:3.9", 
            "dummy:BWH:3.75", 
            "dummy:BWH:2.8", 
            "dummy:BWH:3.6", 
            "dummy:BWH:5.5", 
            "dummy:BWH:1.91", 
            "dummy:BWH:2.95", 
            "dummy:BWH:2.9", 
            "dummy:BWH:3.3", 
            "dummy:BWH:4", 
            "dummy:BWH:4.4", 
            "dummy:BWH:3.15", 
            "dummy:BWH:1.38", 
            "dummy:BWH:3.8", 
            "dummy:BWH:3.4", 
            "dummy:BWH:3.05", 
            "dummy:BWH:1.15", 
            "dummy:BWH:3.95", 
            "dummy:BWH:4.1", 
            "dummy:BWH:4.5", 
            "dummy:BWH:3.25", 
            "dummy:BWH:3.35", 
            "dummy:BWH:4.75", 
            "dummy:BWH:1.57", 
            "dummy:BWH:7", 
            "dummy:BWH:4.3", 
            "dummy:BWH:1.83", 
            "dummy:BWH:4.6", 
            "dummy:BWH:5", 
            "dummy:BWH:1.53", 
            "dummy:BWH:1.18", 
            "dummy:BWH:4.25", 
            "dummy:BWH:1.68", 
            "dummy:BWH:3.5", 
            "dummy:BWH:6", 
            "dummy:BWH:1.62", 
            "dummy:BWH:4.55", 
            "dummy:BWH:1.28", 
            "dummy:BWH:1.32", 
            "dummy:BWH:5.15", 
            "dummy:BWH:1.26", 
            "dummy:BWH:6.25", 
            "dummy:BWH:6.35", 
            "dummy:BWH:4.65", 
            "dummy:BWH:3.7", 
            "dummy:BWH:1.44", 
            "dummy:BWH:N/A", 
            "dummy:BWH:__Others__", 
            "dummy:LBH:2.25", 
            "dummy:LBH:2.1", 
            "dummy:LBH:2", 
            "dummy:LBH:1.8", 
            "dummy:LBH:1.67", 
            "dummy:LBH:2.2", 
            "dummy:LBH:1.91", 
            "dummy:LBH:1.83", 
            "dummy:LBH:2.5", 
            "dummy:LBH:1.4", 
            "dummy:LBH:1.5", 
            "dummy:LBH:2.38", 
            "dummy:LBH:1.44", 
            "dummy:LBH:2.6", 
            "dummy:LBH:2.4", 
            "dummy:LBH:1.57", 
            "dummy:LBH:1.62", 
            "dummy:LBH:3.75", 
            "dummy:LBH:4", 
            "dummy:LBH:2.75", 
            "dummy:LBH:1.36", 
            "dummy:LBH:3", 
            "dummy:LBH:1.33", 
            "dummy:LBH:5", 
            "dummy:LBH:2.3", 
            "dummy:LBH:1.25", 
            "dummy:LBH:3.2", 
            "dummy:LBH:2.8", 
            "dummy:LBH:3.5", 
            "dummy:LBH:2.88", 
            "dummy:LBH:2.62", 
            "dummy:LBH:1.2", 
            "dummy:LBH:1.9", 
            "dummy:LBH:4.5", 
            "dummy:LBH:4.33", 
            "dummy:LBH:3.1", 
            "dummy:LBH:3.4", 
            "dummy:LBH:6", 
            "dummy:LBH:3.6", 
            "dummy:LBH:7", 
            "dummy:LBH:5.5", 
            "dummy:LBH:1.22", 
            "dummy:LBH:1.3", 
            "dummy:LBH:2.9", 
            "dummy:LBH:1.85", 
            "dummy:LBH:1.29", 
            "dummy:LBH:2.05", 
            "dummy:LBH:1.7", 
            "dummy:LBH:2.15", 
            "dummy:LBH:3.3", 
            "dummy:LBH:6.5", 
            "dummy:LBH:2.7", 
            "dummy:LBH:1.61", 
            "dummy:LBH:4.8", 
            "dummy:LBH:4.2", 
            "dummy:LBH:1.17", 
            "dummy:LBH:8", 
            "dummy:LBH:7.5", 
            "dummy:LBH:1.86", 
            "dummy:LBH:N/A", 
            "dummy:VCA:5.5", 
            "dummy:VCA:4", 
            "dummy:VCA:5", 
            "dummy:VCA:3", 
            "dummy:VCA:4.5", 
            "dummy:VCA:3.5", 
            "dummy:VCA:3.75", 
            "dummy:VCA:3.4", 
            "dummy:VCA:6", 
            "dummy:VCA:7", 
            "dummy:VCA:3.6", 
            "dummy:VCA:6.5", 
            "dummy:VCA:3.2", 
            "dummy:VCA:8", 
            "dummy:VCA:4.33", 
            "dummy:VCA:9", 
            "dummy:VCA:3.3", 
            "dummy:VCA:2.5", 
            "dummy:VCA:2.9", 
            "dummy:VCA:2.4", 
            "dummy:VCA:2.1", 
            "dummy:VCA:2", 
            "dummy:VCA:2.3", 
            "dummy:VCA:7.5", 
            "dummy:VCA:4.75", 
            "dummy:VCA:2.88", 
            "dummy:VCA:8.5", 
            "dummy:VCA:2.2", 
            "dummy:VCA:10", 
            "dummy:VCA:5.25", 
            "dummy:VCA:2.75", 
            "dummy:VCA:12", 
            "dummy:VCA:2.25", 
            "dummy:VCA:1.8", 
            "dummy:VCA:2.62", 
            "dummy:VCA:2.15", 
            "dummy:VCA:2.8", 
            "dummy:VCA:2.38", 
            "dummy:VCA:2.7", 
            "dummy:VCA:1.83", 
            "dummy:VCA:15", 
            "dummy:VCA:1.85", 
            "dummy:VCA:11", 
            "dummy:VCA:3.25", 
            "dummy:VCA:1.95", 
            "dummy:VCA:1.75", 
            "dummy:VCA:2.05", 
            "dummy:VCA:4.2", 
            "dummy:VCA:9.5", 
            "dummy:VCA:4.8", 
            "dummy:VCA:1.73", 
            "dummy:VCA:1.7", 
            "dummy:VCA:1.91", 
            "dummy:VCA:13", 
            "dummy:VCA:1.44", 
            "dummy:VCA:2.35", 
            "dummy:VCA:4.35", 
            "dummy:VCA:1.57", 
            "dummy:VCA:2.45", 
            "dummy:VCA:17", 
            "dummy:VCA:2.55", 
            "dummy:VCA:1.5", 
            "dummy:VCA:1.6", 
            "dummy:VCA:1.9", 
            "dummy:VCA:1.45", 
            "dummy:VCA:1.55", 
            "dummy:VCA:5.2", 
            "dummy:VCA:N/A", 
            "dummy:VCD:3", 
            "dummy:VCD:3.2", 
            "dummy:VCD:3.4", 
            "dummy:VCD:3.1", 
            "dummy:VCD:3.25", 
            "dummy:VCD:3.5", 
            "dummy:VCD:3.3", 
            "dummy:VCD:3.6", 
            "dummy:VCD:4", 
            "dummy:VCD:3.12", 
            "dummy:VCD:3.75", 
            "dummy:VCD:2.9", 
            "dummy:VCD:5", 
            "dummy:VCD:4.5", 
            "dummy:VCD:3.8", 
            "dummy:VCD:4.75", 
            "dummy:VCD:4.33", 
            "dummy:VCD:4.6", 
            "dummy:VCD:4.2", 
            "dummy:VCD:2.88", 
            "dummy:VCD:4.4", 
            "dummy:VCD:6", 
            "dummy:VCD:4.8", 
            "dummy:VCD:8", 
            "dummy:VCD:3.9", 
            "dummy:VCD:2.8", 
            "dummy:VCD:7", 
            "dummy:VCD:3.7", 
            "dummy:VCD:5.4", 
            "dummy:VCD:N/A", 
            "dummy:VCH:2", 
            "dummy:VCH:2.1", 
            "dummy:VCH:2.5", 
            "dummy:VCH:2.3", 
            "dummy:VCH:2.25", 
            "dummy:VCH:1.4", 
            "dummy:VCH:2.2", 
            "dummy:VCH:1.5", 
            "dummy:VCH:3", 
            "dummy:VCH:1.73", 
            "dummy:VCH:1.9", 
            "dummy:VCH:1.7", 
            "dummy:VCH:1.75", 
            "dummy:VCH:2.4", 
            "dummy:VCH:1.67", 
            "dummy:VCH:4", 
            "dummy:VCH:1.8", 
            "dummy:VCH:1.85", 
            "dummy:VCH:1.83", 
            "dummy:VCH:1.62", 
            "dummy:VCH:1.45", 
            "dummy:VCH:1.44", 
            "dummy:VCH:1.57", 
            "dummy:VCH:1.36", 
            "dummy:VCH:3.75", 
            "dummy:VCH:2.38", 
            "dummy:VCH:2.62", 
            "dummy:VCH:1.6", 
            "dummy:VCH:2.15", 
            "dummy:VCH:1.3", 
            "dummy:VCH:1.25", 
            "dummy:VCH:1.2", 
            "dummy:VCH:3.2", 
            "dummy:VCH:2.6", 
            "dummy:VCH:5", 
            "dummy:VCH:2.8", 
            "dummy:VCH:3.1", 
            "dummy:VCH:3.25", 
            "dummy:VCH:2.75", 
            "dummy:VCH:3.5", 
            "dummy:VCH:1.95", 
            "dummy:VCH:3.3", 
            "dummy:VCH:2.88", 
            "dummy:VCH:1.33", 
            "dummy:VCH:2.9", 
            "dummy:VCH:3.6", 
            "dummy:VCH:4.5", 
            "dummy:VCH:4.33", 
            "dummy:VCH:3.4", 
            "dummy:VCH:4.2", 
            "dummy:VCH:2.45", 
            "dummy:VCH:5.5", 
            "dummy:VCH:1.65", 
            "dummy:VCH:4.35", 
            "dummy:VCH:2.35", 
            "dummy:VCH:4.75", 
            "dummy:VCH:6", 
            "dummy:VCH:7", 
            "dummy:VCH:1.29", 
            "dummy:VCH:7.5", 
            "dummy:VCH:1.53", 
            "dummy:VCH:3.12", 
            "dummy:VCH:2.7", 
            "dummy:VCH:3.8", 
            "dummy:VCH:4.4", 
            "dummy:VCH:8.5", 
            "dummy:VCH:1.35", 
            "dummy:VCH:1.364", 
            "dummy:VCH:3.9", 
            "dummy:VCH:3.15", 
            "dummy:VCH:1.12", 
            "dummy:VCH:N/A", 
            "dummy:B365H:2.1", 
            "dummy:B365H:2.5", 
            "dummy:B365H:1.44", 
            "dummy:B365H:2.2", 
            "dummy:B365H:1.8", 
            "dummy:B365H:1.91", 
            "dummy:B365H:1.75", 
            "dummy:B365H:2", 
            "dummy:B365H:1.67", 
            "dummy:B365H:2.3", 
            "dummy:B365H:1.4", 
            "dummy:B365H:1.57", 
            "dummy:B365H:3.1", 
            "dummy:B365H:2.05", 
            "dummy:B365H:1.83", 
            "dummy:B365H:2.25", 
            "dummy:B365H:1.62", 
            "dummy:B365H:3", 
            "dummy:B365H:2.38", 
            "dummy:B365H:1.36", 
            "dummy:B365H:1.73", 
            "dummy:B365H:1.33", 
            "dummy:B365H:4", 
            "dummy:B365H:1.5", 
            "dummy:B365H:3.5", 
            "dummy:B365H:1.53", 
            "dummy:B365H:4.5", 
            "dummy:B365H:1.85", 
            "dummy:B365H:3.6", 
            "dummy:B365H:4.75", 
            "dummy:B365H:3.2", 
            "dummy:B365H:4.33", 
            "dummy:B365H:1.22", 
            "dummy:B365H:3.4", 
            "dummy:B365H:1.29", 
            "dummy:B365H:1.95", 
            "dummy:B365H:3.8", 
            "dummy:B365H:2.15", 
            "dummy:B365H:2.7", 
            "dummy:B365H:2.8", 
            "dummy:B365H:2.63", 
            "dummy:B365H:2.6", 
            "dummy:B365H:5", 
            "dummy:B365H:1.65", 
            "dummy:B365H:1.25", 
            "dummy:B365H:6", 
            "dummy:B365H:2.88", 
            "dummy:B365H:5.5", 
            "dummy:B365H:7", 
            "dummy:B365H:2.9", 
            "dummy:B365H:1.9", 
            "dummy:B365H:3.75", 
            "dummy:B365H:1.6", 
            "dummy:B365H:1.2", 
            "dummy:B365H:1.7", 
            "dummy:B365H:3.3", 
            "dummy:B365H:2.62", 
            "dummy:B365H:1.66", 
            "dummy:B365H:6.5", 
            "dummy:B365H:7.5", 
            "dummy:B365H:4.2", 
            "dummy:B365H:8.5", 
            "dummy:B365H:3.9", 
            "dummy:B365H:2.45", 
            "dummy:B365H:2.35", 
            "dummy:B365H:N/A", 
            "dummy:HomeTeam:Sampdoria", 
            "dummy:HomeTeam:Lazio", 
            "dummy:HomeTeam:Chievo", 
            "dummy:HomeTeam:Napoli", 
            "dummy:HomeTeam:Inter", 
            "dummy:HomeTeam:Genoa", 
            "dummy:HomeTeam:Udinese", 
            "dummy:HomeTeam:Cagliari", 
            "dummy:HomeTeam:Roma", 
            "dummy:HomeTeam:Milan", 
            "dummy:HomeTeam:Juventus", 
            "dummy:HomeTeam:Catania", 
            "dummy:HomeTeam:Bologna", 
            "dummy:HomeTeam:Fiorentina", 
            "dummy:HomeTeam:Atalanta", 
            "dummy:HomeTeam:Parma", 
            "dummy:HomeTeam:Palermo", 
            "dummy:HomeTeam:Bari", 
            "dummy:HomeTeam:Livorno", 
            "dummy:HomeTeam:Siena", 
            "dummy:HomeTeam:Lecce", 
            "dummy:HomeTeam:Torino", 
            "dummy:HomeTeam:Reggina", 
            "dummy:HomeTeam:Verona", 
            "dummy:HomeTeam:Sassuolo", 
            "dummy:HomeTeam:Cesena", 
            "dummy:HomeTeam:Brescia", 
            "dummy:B365D:3.1", 
            "dummy:B365D:3.2", 
            "dummy:B365D:3", 
            "dummy:B365D:3.4", 
            "dummy:B365D:3.3", 
            "dummy:B365D:3.5", 
            "dummy:B365D:3.25", 
            "dummy:B365D:3.6", 
            "dummy:B365D:3.75", 
            "dummy:B365D:4", 
            "dummy:B365D:4.33", 
            "dummy:B365D:4.5", 
            "dummy:B365D:4.2", 
            "dummy:B365D:4.75", 
            "dummy:B365D:3.8", 
            "dummy:B365D:5", 
            "dummy:B365D:6", 
            "dummy:B365D:2.9", 
            "dummy:B365D:5.5", 
            "dummy:B365D:2.88", 
            "dummy:B365D:6.5", 
            "dummy:B365D:2.8", 
            "dummy:B365D:5.75", 
            "dummy:B365D:2.1", 
            "dummy:B365D:2.87", 
            "dummy:B365D:1.62", 
            "dummy:B365D:1.83", 
            "dummy:B365D:1.53", 
            "dummy:B365D:1.8", 
            "dummy:B365A:5.5", 
            "dummy:B365A:5", 
            "dummy:B365A:3.4", 
            "dummy:B365A:3.1", 
            "dummy:B365A:6", 
            "dummy:B365A:4.5", 
            "dummy:B365A:7", 
            "dummy:B365A:4", 
            "dummy:B365A:4.75", 
            "dummy:B365A:3.2", 
            "dummy:B365A:3.6", 
            "dummy:B365A:7.5", 
            "dummy:B365A:3.5", 
            "dummy:B365A:4.33", 
            "dummy:B365A:8", 
            "dummy:B365A:3.75", 
            "dummy:B365A:3", 
            "dummy:B365A:4.2", 
            "dummy:B365A:2", 
            "dummy:B365A:6.5", 
            "dummy:B365A:2.4", 
            "dummy:B365A:2.5", 
            "dummy:B365A:9", 
            "dummy:B365A:2.9", 
            "dummy:B365A:2.88", 
            "dummy:B365A:5.25", 
            "dummy:B365A:1.91", 
            "dummy:B365A:2.3", 
            "dummy:B365A:3.8", 
            "dummy:B365A:12", 
            "dummy:B365A:10", 
            "dummy:B365A:2.2", 
            "dummy:B365A:1.8", 
            "dummy:B365A:2.1", 
            "dummy:B365A:2.38", 
            "dummy:B365A:3.3", 
            "dummy:B365A:2.25", 
            "dummy:B365A:2.8", 
            "dummy:B365A:2.75", 
            "dummy:B365A:2.6", 
            "dummy:B365A:8.5", 
            "dummy:B365A:11", 
            "dummy:B365A:3.25", 
            "dummy:B365A:1.83", 
            "dummy:B365A:2.63", 
            "dummy:B365A:13", 
            "dummy:B365A:1.75", 
            "dummy:B365A:2.05", 
            "dummy:B365A:1.44", 
            "dummy:B365A:1.4", 
            "dummy:B365A:2.7", 
            "dummy:B365A:2.15", 
            "dummy:B365A:9.5", 
            "dummy:B365A:1.85", 
            "dummy:B365A:1.57", 
            "dummy:B365A:1.53", 
            "dummy:B365A:1.73", 
            "dummy:B365A:1.67", 
            "dummy:B365A:1.5", 
            "dummy:B365A:1.36", 
            "dummy:B365A:2.87", 
            "dummy:B365A:4.1", 
            "dummy:B365A:2.45", 
            "dummy:B365A:1.61"
        ], 
        "importances": [
            0.002001866444514235, 
            0.0037299904252950187, 
            0.0023516443022003329, 
            0.0012230377448405657, 
            0.0011654820788041217, 
            0.0014682560747060868, 
            0.0049699381574734997, 
            0.0098719782627047295, 
            0.0022970652483177596, 
            0.0014607855920178098, 
            0.0011562786904895611, 
            0.0017882308342564417, 
            0.0091650283197150257, 
            0.0003409791001736305, 
            0.0027382609162205128, 
            0.00071378031279751566, 
            0.0024832043467565104, 
            0.00043509392395556955, 
            0.0037984369157039615, 
            0.0010017745152033047, 
            0.00023978206326619604, 
            0.0013847577221316909, 
            0.00054616739480391413, 
            0.00016418519113649838, 
            0.00015041339248213765, 
            0.00081237164300407988, 
            0.00073288457560014009, 
            0.0049650117415794247, 
            0.0050303275861286034, 
            0.0012454110539697545, 
            0.0023956309066702282, 
            0.0021923275469873534, 
            0.0010231042766740985, 
            0.0012842631917289423, 
            0.0024689161336920139, 
            0.00095935663713743447, 
            0.0020696453736866842, 
            0.00010378136629772711, 
            0.0012971229033112003, 
            0.0010752841581844834, 
            0.00091363100901543589, 
            0.00030255384337534802, 
            0.00025695162491662171, 
            0.0001238481275024268, 
            0.0007010183938160171, 
            0.0017870183484378862, 
            0.00021167145031015237, 
            0.00078217685523011978, 
            0.00019335629738672608, 
            0.00012049370947371933, 
            0.00020193039628600297, 
            0.00020494634184575354, 
            0.00025400119559271727, 
            0.0006324792754840283, 
            0.0023162585648306452, 
            0.0027378769055686199, 
            0.0036090971265345397, 
            0.0017508592547697288, 
            0.00060421734477917471, 
            0.001779348968629804, 
            0.00090748923570031141, 
            0.001618911664337222, 
            0.003886346920916597, 
            0.00051347354523811385, 
            0.0023236062268757367, 
            0.00067557973356757066, 
            0.00082837398900866628, 
            0.00058772635258510933, 
            0.00011351064971830192, 
            0.00011367594540615667, 
            0.0004547336483781954, 
            0.00053137751261851944, 
            0.00071240932336677281, 
            0.00039675582658373, 
            0.00048981372844633805, 
            9.7333171461240942e-05, 
            0.0010969448250570829, 
            0.00039357584102035878, 
            2.1461230912860234e-05, 
            0.00013227116345226845, 
            0.0003503619277147634, 
            0.00025285755948660488, 
            1.780206421906788e-06, 
            0.0010123621816701099, 
            0.00193432712236701, 
            0.00070920301773894079, 
            0.0014840323472971324, 
            0.0016992792656521719, 
            0.00045343781492979699, 
            4.7884526585423437e-05, 
            0.0011959163351466342, 
            0.00098949587134832115, 
            0.001009402174770756, 
            0.00058887487679068181, 
            0.0012846440331383568, 
            4.5559722129230303e-05, 
            0.00010015267144603133, 
            0.0013324610282848782, 
            0.00024378748418786217, 
            0.00032482381282684052, 
            0.00068374590014240965, 
            0.00050043740739383379, 
            0.00051807868939764763, 
            9.2324168470205741e-05, 
            0.00043512340795206524, 
            0.00036778580535845915, 
            0.0024127559223249533, 
            0.00073930194007234195, 
            0.00061601334601293651, 
            0.0014330182527491355, 
            0.0010022798764422302, 
            0.0009128306950581445, 
            0.00052490414350822286, 
            7.0660743607646139e-05, 
            0.00053637091967106813, 
            0.00073855263473074579, 
            0.00099167922097588676, 
            0.00079637099385218959, 
            0.00038293158556468277, 
            0.00028439943294063084, 
            0.0010637848153910875, 
            0.00077022795236510579, 
            0.00018893157153325999, 
            0.0011926908550858497, 
            0.000698210854801186, 
            0.0040829777214819582, 
            0.0020499114468464346, 
            5.9789216442613594e-06, 
            0.0012169167162485381, 
            0.00012209388716539728, 
            0.0015555292391410669, 
            0.0030616517071378937, 
            0.00010697761902335282, 
            0.0006762399454391531, 
            3.0129269854545179e-05, 
            0.0016569888834445158, 
            0.00053828994694437552, 
            0.00065390765120331036, 
            0.0044229274776156789, 
            0.0003777910424136545, 
            0.00036666277064133462, 
            0.00031064129970265978, 
            0.00018927354622038197, 
            0.00044856978015602762, 
            0.00073220193615116563, 
            0.00015517399746652546, 
            0.00019496351180018371, 
            0.00058696713909597614, 
            0.0017949747390389654, 
            0.00024941779509285043, 
            0.00028322344304783576, 
            0.003614268037643472, 
            0.00023369949355257357, 
            0.0014638747033327564, 
            0.0021484006842884228, 
            0.00019739745895880914, 
            0.00090288175721766142, 
            0.0017423574727083676, 
            0.00077073333305870345, 
            0.00041239630865915887, 
            0.0032735985962003659, 
            0.0017901876024693972, 
            0.0021315733002122135, 
            0.00011436763040815464, 
            0.0016819878497547475, 
            0.00015044026867513867, 
            0.00015844451443510258, 
            0.00042717209197403182, 
            0.00023216580620105527, 
            0.0026765320737183124, 
            0.00085582353956549951, 
            0.00058677444590061469, 
            0.00052569408960111358, 
            0.00019412917498759743, 
            0.00035870164808747649, 
            0.00072155099888091619, 
            0.00035046621361911959, 
            0.0032068683964361151, 
            2.0820133750748186e-05, 
            0.00016786058112309589, 
            0.0022782789383571254, 
            6.4157873663960961e-06, 
            0.0032277917950755673, 
            0.001410132070123579, 
            0.00021996065608803289, 
            0.00078939907274670957, 
            0.00014269077716287253, 
            0.00056767830171702404, 
            0.0010714417736870305, 
            0.00024118128003419837, 
            0.00046153795727484076, 
            0.00021851631568657509, 
            0.00055338702521533906, 
            0.0006302535092337049, 
            5.7678543392876254e-05, 
            0.00013217036530470411, 
            6.880048192580519e-05, 
            0.0012397734163396689, 
            0.00070543452406071519, 
            0.006787640844394793, 
            0.0028001880859540758, 
            0.00081205916111328066, 
            0.00041917192713501321, 
            0.00019543588111941201, 
            0.00025822589518961146, 
            0.00013078703700521318, 
            2.7423504005107572e-05, 
            1.729802845328323e-05, 
            0.00012951920989901357, 
            8.8142145119172807e-05, 
            0.00059047196684258328, 
            0.00019488044973152739, 
            0.00079073020956347119, 
            0.00026905287383103285, 
            0.0017632661837075922, 
            0.00080307456796060517, 
            0.00025737327688056538, 
            0.0012054137951761767, 
            0.00039046496108207458, 
            0.00052902013148615557, 
            0.0009555237704857993, 
            0.00019483735116765144, 
            0.00069056276603350684, 
            0.00081787066043384731, 
            0.0025868157126736403, 
            0.001086250018949047, 
            0.000773396134040506, 
            0.005280513504131645, 
            0.0011320865480566279, 
            0.0021714545802816341, 
            0.00019042763844985707, 
            0.00027034560091345361, 
            0.00025367642814575831, 
            0.0031825553403485368, 
            0.0001247154981741464, 
            0.0011415047287508875, 
            0.00040771961001238296, 
            0.00012412753296424926, 
            0.00024895020132508573, 
            0.005139758398727717, 
            0.0020706045032591112, 
            0.00073257475701771126, 
            0.0029872288178443801, 
            5.1779485641389272e-05, 
            0.0018193786542561072, 
            0.00010641720952179857, 
            0.0010018901543809864, 
            0.00045294847622703486, 
            0.0011655131165069325, 
            0.00023151171239516266, 
            0.00068289954084914341, 
            3.5016864895898517e-05, 
            0.00078599764883880482, 
            0.0011232091475603858, 
            0.00013455547310875875, 
            0.00053509937068624064, 
            0.001042688775957943, 
            0.00035524638528088031, 
            0.00033331180941458552, 
            0.006488733730457363, 
            0.00017256176536629755, 
            0.00077885171013643197, 
            6.9137330468947399e-05, 
            0.00073662621169418496, 
            0.00062485718343675389, 
            1.4372258212864614e-05, 
            0.0010221748983914318, 
            0.0002908369597584371, 
            0.00044021095026830883, 
            0.0013578827702768153, 
            0.0029671232563812122, 
            9.8006168342608513e-05, 
            1.7333328963877284e-06, 
            0.00028257327666698662, 
            0.0003754411700288666, 
            0.00019307824564654608, 
            7.7889237669775407e-05, 
            0.00057640662211735504, 
            0.001374628485077554, 
            0.00096919322223732493, 
            0.00043228531049777612, 
            0.0010837967705050943, 
            0.00047083460588242572, 
            0.0016990679276096229, 
            0.00076318322568768486, 
            0.00045967574438338592, 
            0.00023343301340362889, 
            0.0014926851948971948, 
            0.00025438257839360161, 
            0.0019921689178235393, 
            0.0062880149517455693, 
            0.0024649938017040213, 
            0.0002998077784939217, 
            0.0005604524391354226, 
            0.0005162250710292447, 
            0.0013202027556560414, 
            0.00045842212392605735, 
            0.00056289484123593105, 
            0.0011110182277034254, 
            0.00063233738204436561, 
            0.0013524682287735486, 
            0.0011633120179749955, 
            1.6326425877830538e-05, 
            0.00063416187754302268, 
            0.0003404375394042202, 
            0.00066547432066467601, 
            0.0019532403004435782, 
            0.0008957779965157402, 
            0.0012426793870766498, 
            0.00020720004941813611, 
            0.00050539306196103746, 
            0.00023728002248031945, 
            2.1061912649080482e-05, 
            0.0021985358800869531, 
            5.3413950285183664e-05, 
            0.0036830487327571132, 
            0.0013103098717308647, 
            0.00017034776105105724, 
            0.00085085558622674615, 
            0.00054018312701367081, 
            0.00053265236853616566, 
            0.00073759441841576812, 
            0.00062773391315098723, 
            0.00019115091170789981, 
            0.00082716283781135425, 
            1.1234181948549477e-06, 
            0.00033632295163414107, 
            0.0015052338196177894, 
            0.00015130706697870488, 
            7.1215166803582906e-06, 
            0.00021786824804199872, 
            0.00012029310866942385, 
            0.00022103747762203607, 
            1.6509898015673563e-05, 
            4.8748690519825804e-06, 
            0.00032029604384025724, 
            0.00065531119070491128, 
            0.00062945914409581099, 
            0.0012683811125063537, 
            0.00091237551422319516, 
            0.00044542263863182121, 
            0.00013588374110429788, 
            0.00043675169224796959, 
            0.00085622756661008729, 
            0.00039813103757442044, 
            0.0043831841753407255, 
            0.00068999754111588932, 
            0.00070114186160828121, 
            0.0028325033112275482, 
            0.0028484558223169768, 
            0.00044174546277751358, 
            0.0020824340112473032, 
            0.00063227322499142451, 
            0.00069924701767413305, 
            0.00018564891870693435, 
            0.00027451948806764178, 
            0.0010012611417780954, 
            0.00066928930490725038, 
            0.0014015068360323732, 
            0.0011187521210356726, 
            0.0012096382599727257, 
            0.00060597054003937731, 
            0.00019438999052774335, 
            0.00014834068626191153, 
            0.0017201423471464672, 
            0.0011543760502311325, 
            0.0011023928138643659, 
            0.0022878490745693609, 
            0.00083014208263190931, 
            0.00019153161595847668, 
            0.00070982693185464964, 
            0.0016042258140724975, 
            0.0023799209627160703, 
            0.0019427657418306244, 
            0.00045008859477305396, 
            0.0027965841423190831, 
            0.00039299735206393282, 
            0.00080064861030823911, 
            0.00046532477257811377, 
            4.9488326492813109e-05, 
            0.0022355960633630777, 
            0.00014084247940142922, 
            0.00044335420553012213, 
            0.00052027283451015001, 
            0.001974255280260019, 
            4.7728014791075751e-06, 
            0.00077603099493743499, 
            0.00065283862483096896, 
            4.9364626885132683e-06, 
            0.00021502273766523124, 
            0.00014302137286487129, 
            9.4873371660228104e-05, 
            8.5600943805955386e-06, 
            0.0011764932929809867, 
            0.0020979607903686523, 
            0.00043248513007207798, 
            0.0010154159846442979, 
            0.0001684474872314845, 
            0.001158034225074973, 
            0.0012517429780386786, 
            0.00065224399711028794, 
            0.0002989524088982435, 
            0.0018956938772772772, 
            0.00025400080304047265, 
            0.00024619887061948969, 
            0.0011277838509351423, 
            0.0018374681516120609, 
            0.0020307448389198591, 
            6.1460834043293222e-05, 
            0.001113314201817533, 
            0.00025798421196528718, 
            0.0005596372654566124, 
            0.00076400879073127955, 
            0.0014620030784056417, 
            0.00024270351537228783, 
            0.00010313087675734725, 
            0.00042063046541946541, 
            0.0002005555226804085, 
            0.00022596106615826731, 
            7.7266641868034894e-05, 
            0.0004405810686699675, 
            0.00016210304780702996, 
            0.00050348166151953236, 
            8.7472889608413782e-05, 
            0.0002404941463548782, 
            0.00039843109113503597, 
            3.009500670199236e-05, 
            0.0040309667670197268, 
            0.0021756459357541846, 
            0.0021459895903500679, 
            0.0003470927014861526, 
            0.00064515139954551446, 
            7.5773131505152275e-05, 
            0.00023276483131685351, 
            0.00068104556887751554, 
            0.00022015598570430321, 
            0.00031851735267425394, 
            0.00045990898588470946, 
            1.0729701372656117e-05, 
            0.0011596590543341079, 
            0.0010949874473810759, 
            5.1848224508706509e-05, 
            0.00013944100196355681, 
            0.00070816004813197377, 
            0.0010701205924742304, 
            0.00034932058552328261, 
            0.00049009012926211771, 
            0.00061161145384181945, 
            0.00026466347273396699, 
            0.00030988412039862842, 
            0.00039514241316357764, 
            2.0085434116429312e-05, 
            0.00072849487180718959, 
            3.411309465692032e-05, 
            0.00041694655932794899, 
            0.0011493099151703068, 
            0.00088410398258692981, 
            0.0018735248111196739, 
            0.0015033170702629327, 
            0.00022448789017243587, 
            1.8798153036010498e-05, 
            7.1563498279480237e-05, 
            7.7010888025278528e-06, 
            6.3331361867499826e-05, 
            0.00044677506691226436, 
            0.0063640993565403023, 
            0.0002751179893984673, 
            1.448416524397339e-05, 
            0.0016836702520637197, 
            0.0019029313604372929, 
            0.00023708512305102263, 
            0.00014870981555382542, 
            1.7842262158655657e-05, 
            0.00013180645388047421, 
            0.00024032064926219298, 
            0.0011545412389409309, 
            0.0019588934429667815, 
            0.0033184418084174967, 
            0.0011084428011821435, 
            0.0014333142542252489, 
            0.00042633131039748431, 
            0.0012879427008123609, 
            0.001204705775266108, 
            0.0023887444302654703, 
            0.00047634973620113189, 
            0.0023714081655575054, 
            0.0014078238357010683, 
            0.00095701271100333133, 
            0.0020597448595593452, 
            0.00067069171440568799, 
            0.00069088901786853898, 
            0.00063162624184618255, 
            0.00094502787460996277, 
            0.00089642098710465982, 
            0.00044682536275602387, 
            0.00060336186658601157, 
            0.00038355709520665444, 
            0.00078132942871491154, 
            0.00053830962220641795, 
            1.2613042785984383e-05, 
            0.00014491504440699489, 
            0.00029683021492132563, 
            0.00058467467289453001, 
            0.00015796679374162112, 
            0.00027757196343805205, 
            0.00038448216746647668, 
            0.00041713977490041572, 
            1.4783195838610611e-05, 
            3.2355981688494564e-05, 
            0.00046040698892150009, 
            0.0004557408891372173, 
            0.00022571995155676444, 
            0.00090021631745775378, 
            0.00037406622366861216, 
            0.00031324965512013363, 
            0.00058596379065442561, 
            0.0025377678985007875, 
            0.0018888894974882484, 
            0.00216233978927571, 
            0.001428417002589742, 
            0.0020527933825097116, 
            0.0023003706803995071, 
            0.0013527362430080982, 
            0.00020545676329570197, 
            0.0028854383235260967, 
            0.00067240157731191788, 
            0.00099595474807175088, 
            0.00076473713832705612, 
            0.00099273595887345006, 
            0.00031721294115233471, 
            0.001751869381936077, 
            2.1386497123886497e-06, 
            0.0012913240235212131, 
            0.00010300968857640563, 
            1.7184132686071925e-05, 
            0.0003556555094496208, 
            0.00021154924246651513, 
            1.2957036802727527e-05, 
            0.0010689656103506314, 
            0.00011791594541278649, 
            0.00038493190546819302, 
            0.00072559425383006252, 
            0.0011577148340200522, 
            0.0017273148142001352, 
            0.00040334435912375627, 
            0.00018423254321466847, 
            0.00020283850520243159, 
            0.00089958634065680611, 
            0.0011639791361417716, 
            0.0022734848572759196, 
            0.00060067784920941035, 
            4.2757996095778253e-05, 
            0.00011978284689284458, 
            0.0020938637468424746, 
            0.00031874526998242671, 
            0.00064429739460567014, 
            0.00099145840118879894, 
            0.0003940840719462794, 
            0.0016129186781700033, 
            1.0927581690210062e-05, 
            0.0010453189717958672, 
            0.0071612776060792664, 
            0.00044624756645520169, 
            0.001100376573798861, 
            0.00044131228821241847, 
            0.00030184278780544206, 
            0.00020524039596654363, 
            0.00034300090717363676, 
            0.00022909622584265665, 
            0.00049367176683101947, 
            0.0008119219918956772, 
            0.0011819929329851743, 
            0.00074154946690731238, 
            0.0010136458015633858, 
            0.00073458505754498695, 
            0.00068324106749068905, 
            0.00078873339703355307, 
            0.00075280095448391343, 
            1.2150364741532081e-06, 
            0.00072300872884854123, 
            0.00088489881748182795, 
            0.00048543684365939734, 
            0.00020165224694549511, 
            0.00042458994879059439, 
            0.00068418933252333263, 
            2.2634120527836054e-05, 
            2.1555091821624793e-05, 
            0.00016427975674006368, 
            0.00031728266402538318, 
            0.00045690095719322268, 
            1.4311074087246492e-05, 
            6.7510312697297115e-05, 
            0.0007226758761081861, 
            0.00034607579789559687, 
            7.5329303588885446e-05, 
            0.00085952332127457232, 
            4.7648263705098355e-05, 
            0.00063186747560337573, 
            0.0002364133285719244, 
            0.00016608708076552386, 
            0.00087610849520335706, 
            2.8910375573501462e-06, 
            7.5752904897859581e-05, 
            6.7076619997165403e-05, 
            0.00071824077981457542, 
            0.00026366911968249993, 
            0.00020477346018725766, 
            0.00057699005042135924, 
            2.7284573904756639e-05, 
            0.00027547131285644502, 
            0.00023993084852958369, 
            0.0002653838755619772, 
            0.00014882403344791264, 
            0.0011083256763034207, 
            0.00027769204920807111, 
            0.00029760925368287039, 
            1.2184925845554151e-05, 
            5.3327530505130866e-05, 
            0.00026969021375439868, 
            0.0019417777226659707, 
            0.00019067361060963142, 
            0.00069955316437075323, 
            0.00094063992408584013, 
            0.0023477799310587708, 
            0.00024389367980094705, 
            0.0023194753309641386, 
            0.00037837986572593124, 
            0.0010931466892577179, 
            0.0013280877746481656, 
            0.0014853928736335298, 
            0.0011678671558699714, 
            0.0022003116230917327, 
            0.0011719819468187487, 
            0.0002681262252747428, 
            0.0014331484279028136, 
            0.00024610621777655889, 
            0.00098398144444991511, 
            2.3993253378972188e-05, 
            0.0002574588812656508, 
            0.0011664497671666251, 
            0.00089632559220309061, 
            2.0208530958519156e-05, 
            0.0033856025258551148, 
            0.00046501578677163508, 
            0.0025944913936784891, 
            0.00088918126127004722, 
            0.00044714866538695449, 
            0.00078410874543001019, 
            0.00043434636904641713, 
            0.0049515391711100077, 
            0.0016885726945735529, 
            0.00013578722775167649, 
            0.0015547178963127169, 
            0.00034401874911684465, 
            0.0085635003473105709, 
            0.0017604726318619377, 
            0.0008374304701665961, 
            0.00092798329583043931, 
            0.0021919527838730013, 
            0.00047457933675644102, 
            0.00014355997076828428, 
            0.0013064111824672342, 
            0.00074324888189037448, 
            0.00043128317507431922, 
            7.9700378270250273e-05, 
            0.00053002607894777373, 
            8.5848527555830691e-06, 
            1.7931674893062634e-05, 
            6.258583356403721e-05, 
            0.00117734580328634, 
            0.00051885671202561094, 
            0.0016365163709421121, 
            0.00061826696444889045, 
            0.00080389734028812573, 
            0.0001325408879254746, 
            0.0006827867348549757, 
            0.00014130229270568805, 
            0.00044616375569105809, 
            6.1082952711861701e-06, 
            0.0002093143309363614, 
            0.00069725825075084074, 
            0.0041088706108561102, 
            0.00016699421458607849, 
            0.00080539434282779075, 
            0.00084133093302821236, 
            0.00044270979973002987, 
            0.00042274464855389398, 
            0.00053128260818536242, 
            0.0011661481824401631, 
            0.00044761195326978884, 
            0.0027868591219118379, 
            0.00039887889083507798, 
            5.8321479744661341e-05, 
            0.0054808248912178725, 
            0.001006795871371316, 
            0.00020608772207318345, 
            0.002059455553106832, 
            0.00075324302916139326, 
            0.0005579147577010246, 
            0.00013213403553633896, 
            0.0038638848282779876, 
            0.0010610807341331692, 
            0.0014661094702609126, 
            0.00014099391670360553, 
            0.00034628437521957447, 
            0.00060401747001049752, 
            0.00026114280860304782, 
            0.00042943634637883268, 
            0.00051193894441824974, 
            0.0017044928829697487, 
            0.0013903608803990453, 
            0.00048193474347596357, 
            0.00029827709674645249, 
            0.00056811158188481664, 
            0.0021074288189285965, 
            4.2581128310759996e-06, 
            0.001685061666581797, 
            0.00050393048812483697, 
            0.00052854759640875678, 
            0.00072662935819593896, 
            0.0021346308212279053, 
            0.00014741496841854111, 
            0.00028673532644421084, 
            0.00020031634870836833, 
            0.00037405996503458327, 
            0.00052990836632557095, 
            0.0010149055153347698, 
            0.00051498698912589647, 
            0.00017483409761764331, 
            0.00049423000450032786, 
            0.00056639614105195792, 
            3.5319124876570278e-05, 
            0.00062607017975305625, 
            7.9868633917079353e-06, 
            0.000109543261773082, 
            0.0010988215354935727, 
            0.00017116463587114671, 
            0.00039242099050831647, 
            0.0011183905214874486, 
            0.00015465589676549096, 
            0.00050567727403625317, 
            0.00057588288934673428, 
            0.00061498476144088534, 
            0.00072701608716588316, 
            0.00025880211017005763, 
            0.00044198179270313348, 
            0.0004147076665064292, 
            1.3976318280460759e-05, 
            0.0025047768547328407, 
            0.0011666896177444373, 
            0.0067303451672017667, 
            0.0016567711484136707, 
            0.0014412481121822019, 
            0.0026496754426520025, 
            0.00092804786518014052, 
            0.0021751297841695843, 
            0.0021986608962740696, 
            0.0013139360839931739, 
            0.00079051092936038543, 
            0.0003992688829336718, 
            0.00098417726921203106, 
            0.0018765993311620481, 
            0.0011004196275625601, 
            8.4640244284596135e-05, 
            0.00081768642053965798, 
            0.00063893876445311054, 
            0.00044500706211849235, 
            0.00055205914980921162, 
            0.00028939319834420151, 
            0.00038505004782316866, 
            3.5197754668727278e-05, 
            0.00010059133679562288, 
            0.00034385363427232474, 
            0.00066159132601167935, 
            0.00020099229486457922, 
            0.00051698632640724866, 
            0.00014115947200590598, 
            0.00018746935312634913, 
            0.0059677541612511579, 
            0.00106293133300272, 
            0.00069292490038765694, 
            0.00083175420035191678, 
            0.00050234302403650915, 
            0.00054177291244449934, 
            0.00156255268388804, 
            0.0012677060506110763, 
            0.00076381036468742682, 
            0.00042598886086373211, 
            7.8867123149784711e-05, 
            0.0014218297104708589, 
            0.00078102680532897927, 
            0.00053553315091157483, 
            0.0011021744619029072, 
            0.0010913056569954859, 
            0.0035549029091661573, 
            0.00063598983835048842, 
            0.00069567737079592479, 
            0.00032816692368578136, 
            0.0004710153152223308, 
            0.00090723846398237519, 
            0.00033635515255666179, 
            0.00064117435834419785, 
            0.00048357788519879188, 
            0.00095421947684885074, 
            0.00012851816191171054, 
            0.0010958262675611105, 
            0.00026641749163090409, 
            0.00042198351025995616, 
            0.00047905644469114947, 
            0.00016008458093275197, 
            0.0005058734446234264, 
            0.00090450822673017559, 
            0.0005064582992506027, 
            0.0097122369657614959, 
            0.00027165984801451071, 
            0.001465557064189508, 
            0.00014438350283979375, 
            6.6821139997745834e-05, 
            0.00049403003325217045, 
            0.00019874812929751733, 
            0.0024698036773566807, 
            0.0014955798752457233, 
            0.00012930473606512325, 
            0.00039347225860899849, 
            0.00015798154245801405, 
            0.00083564065823630879, 
            0.0018610938166115849, 
            0.00041542646844268047, 
            0.0011987650095180271, 
            0.00048047190909989546, 
            0.0013348187247436865, 
            0.00028013292152383884, 
            0.0035314752514582532, 
            0.00030061672559228349, 
            0.00080567724007345697, 
            0.00018665348736670342, 
            0.0002651931163452082, 
            0.00062994781839683658, 
            0.0019269356401689947, 
            0.00021480029171135398, 
            0.0002009034809657867, 
            0.00024705387267812769, 
            0.001968982175766072, 
            3.2384312912590018e-06, 
            0.00077546229552008603, 
            0.000706910576917345, 
            0.00041105056349446348, 
            7.0982436789992378e-05, 
            1.9036128390928235e-05, 
            2.0096125305143795e-06, 
            0.0038521717762487156, 
            0.0012269188230170098, 
            0.0017052127690513571, 
            0.00026034628131926259, 
            0.00082750867152624338, 
            0.00093192883515101925, 
            0.00053115865470816561, 
            1.8769816852027939e-05, 
            0.0003511965285238265, 
            0.00073192568954031517, 
            1.1029928409181965e-05, 
            0.0031337712687865256, 
            0.00092092096405429677, 
            0.010847653398522571, 
            0.0010227700159694206, 
            0.0004245405494094196, 
            0.00047851569568423737, 
            0.00039725940466946456, 
            0.00052098459698463463, 
            0.00028844818765452935, 
            0.00028759067781289495, 
            8.7262642802062388e-06, 
            0.00034098537441515857, 
            0.000628776927243255, 
            0.0014681499089836221, 
            0.0011368187244403035, 
            0.00069982467797652923, 
            0.0017679074856304041, 
            0.00027334965427373528, 
            0.00071511999948750877, 
            0.0035117607339719172, 
            0.00092548334614514797, 
            0.0013313820689745863, 
            0.00090721617414972391, 
            0.001083733201447867, 
            0.00048922285397371551, 
            0.00012694420561612255, 
            0.0016332564708761491, 
            0.00028528065520203814, 
            0.00023486495285705413, 
            0.00033195026499490966, 
            0.00029745032654385212, 
            0.00038728468673668304, 
            0.00051778312906465476, 
            0.00035093887146038066, 
            0.00029362125811267808, 
            0.00065809021066809273, 
            0.00074190920016145177, 
            0.00027492033170880599, 
            0.0050827121037379189, 
            0.00021559133653461138, 
            0.00011299119644698531, 
            0.0013371294446104841, 
            1.6737227531400262e-05, 
            0.00011652595718751659, 
            9.4765088751685883e-05, 
            0.00014210306186544978, 
            0.0002914292059934043, 
            0.00063961984870177793, 
            0.0001301079176255126, 
            0.00038992088511436221, 
            0.00011350331133516875, 
            0.00048729005670252357, 
            0.00014275369384270496, 
            6.716601072258905e-05, 
            0.00013644068468962245, 
            3.4012649763602685e-06, 
            0.0012243239106211451, 
            0.00093952987494798454, 
            0.0058373392926905276, 
            0.0021965449352701802, 
            0.010556141030888018, 
            0.0014965947913767278, 
            0.0018250232814113834, 
            0.001229401585761358, 
            0.00036498544310041022, 
            0.0034884118054202325, 
            0.0014604777498455075, 
            0.0004839818845795256, 
            0.0043889407660773379, 
            0.00082175520434712675, 
            0.0017554026676202363, 
            0.00060773304872770791, 
            0.0019592090560329603, 
            0.0022182509623032524, 
            0.0021509843351727974, 
            0.00041208470049812929, 
            0.0012736968872157279, 
            0.0016082422858613354, 
            0.0024804375463579492, 
            4.5284937503046967e-06, 
            0.0012595213376122966, 
            0.00058929619297280571, 
            0.00071621249938691098, 
            0.001985175620167224, 
            0.0024150337250309112, 
            0.0029464741235680847, 
            0.001534525184631215, 
            0.0014165837949142437, 
            0.0036059057943450303, 
            0.0022974262160971172, 
            0.0042357726301748781, 
            0.00086173042096579359, 
            0.00064359564152952585, 
            0.00062690035804231314, 
            0.00095821753886026384, 
            0.0015526928808767616, 
            7.4737120160031501e-05, 
            0.0014295776907603224, 
            0.0020343510620816981, 
            8.4960782632191337e-06, 
            0.00016907606832097571, 
            0.00059488627726233688, 
            0.00019208597739477049, 
            0.00046792985948011475, 
            0.00050755020291638091, 
            0.00024085803638300204, 
            0.00018841173026759909, 
            0.00048200671639045005, 
            2.0565803452724724e-06, 
            5.0686011709492211e-05, 
            0.00037250473907678486, 
            0.00015463799305390525, 
            0.00027740136055998468, 
            0.0012633136370262664, 
            0.00035163689223935716, 
            0.00021976579428507014, 
            0.00070538491135261673, 
            0.0010135400843767272, 
            0.001168466763569205, 
            0.00060942568828038822, 
            0.00023022208843854705, 
            0.0010086620461409058, 
            0.0034549846266586147, 
            0.00078215738448707208, 
            0.0017558633686938832, 
            0.00049675282344287068, 
            0.00050603709219524729, 
            0.00050002931610253676, 
            0.0002721316228451008, 
            0.00012920865237066046, 
            0.002000325390616241, 
            0.0032165416267838716, 
            0.014553166814944998, 
            0.00030536911609483209, 
            0.00032044169323569517, 
            0.00010528700715620988, 
            0.00059774642373091333, 
            0.00099853838257045512, 
            0.00021432791891342246, 
            0.0014725224392912759, 
            0.00060757822013306954, 
            0.00059962792170594956, 
            0.00014379172445144799, 
            0.00051640306361901264, 
            0.00097941403685753749, 
            0.00012308001163962882, 
            0.0019436175190720249, 
            0.00045029369114106874, 
            0.0021759446042048775, 
            0.00038066247001301379, 
            0.00092861193723211503, 
            0.00013682908919056977, 
            0.00026279961780828031, 
            0.0019740947722100529, 
            2.1146994859886801e-05, 
            0.00016435560217513756, 
            0.00038397961782696283, 
            0.00065283678572833879, 
            0.001332833316556711, 
            0.00027065716552195193, 
            0.00016561024853787104, 
            0.0039402409973620578, 
            0.00076495516606173511, 
            0.00098162711102288565, 
            0.00015252684126417838, 
            0.00078391946994520905, 
            0.0012634336689071749, 
            0.00076168554289293754, 
            2.7612430146128453e-05, 
            0.00020736235133404397, 
            0.00055727875237789981, 
            8.1491366219716902e-06, 
            8.7336524170747651e-05, 
            0.00024550283431380249, 
            6.401919797322104e-06, 
            1.0910614716963132e-05
        ]
    }, 
    "modelInputNRows": 1228, 
    "modelInputNCols": 1504, 
    "modelInputMemory": 14775296, 
    "gridCells": [
        {
            "scoreTimeStd": 0.050690783733885553, 
            "scoreTime": 0.29666666666666669, 
            "fitTime": 2.3103333333333333, 
            "score": 0.60149945315642817, 
            "params": {
                "max_features": "auto", 
                "min_samples_split": 3, 
                "n_estimators": 100, 
                "max_depth": 5, 
                "min_samples_leaf": 1
            }, 
            "fitTimeStd": 0.0066499791144198923, 
            "scoreStd": 0.027957536452293336
        }, 
        {
            "scoreTimeStd": 0.19167565196329855, 
            "scoreTime": 0.45533333333333337, 
            "fitTime": 2.5146666666666668, 
            "score": 0.60196029783107352, 
            "params": {
                "max_features": "auto", 
                "min_samples_split": 3, 
                "n_estimators": 100, 
                "max_depth": 10, 
                "min_samples_leaf": 1
            }, 
            "fitTimeStd": 0.26772415322906934, 
            "scoreStd": 0.031464235133055768
        }, 
        {
            "scoreTimeStd": 0.27899621662110202, 
            "scoreTime": 0.45366666666666666, 
            "fitTime": 2.6956666666666664, 
            "score": 0.59552704621549279, 
            "params": {
                "max_features": "auto", 
                "min_samples_split": 3, 
                "n_estimators": 100, 
                "max_depth": 15, 
                "min_samples_leaf": 1
            }, 
            "fitTimeStd": 0.44791169764685634, 
            "scoreStd": 0.024063637798567496
        }, 
        {
            "scoreTimeStd": 0.086225801758457926, 
            "scoreTime": 0.48166666666666669, 
            "fitTime": 3.1156666666666664, 
            "score": 0.59655537928363012, 
            "params": {
                "max_features": "auto", 
                "min_samples_split": 3, 
                "n_estimators": 100, 
                "max_depth": 20, 
                "min_samples_leaf": 1
            }, 
            "fitTimeStd": 0.13843008664625223, 
            "scoreStd": 0.02314346025559828
        }, 
        {
            "scoreTimeStd": 0.040008332465458554, 
            "scoreTime": 0.67499999999999993, 
            "fitTime": 1.9173333333333333, 
            "score": 0.58808033268089954, 
            "params": {
                "max_features": "auto", 
                "min_samples_split": 30, 
                "n_estimators": 100, 
                "max_depth": 5, 
                "min_samples_leaf": 10
            }, 
            "fitTimeStd": 0.27639625339155538, 
            "scoreStd": 0.01557131930430463
        }, 
        {
            "scoreTimeStd": 0.14967520391389705, 
            "scoreTime": 0.56100000000000005, 
            "fitTime": 2.4150000000000005, 
            "score": 0.59274620154562196, 
            "params": {
                "max_features": "auto", 
                "min_samples_split": 30, 
                "n_estimators": 100, 
                "max_depth": 10, 
                "min_samples_leaf": 10
            }, 
            "fitTimeStd": 0.21911336487459332, 
            "scoreStd": 0.016517272331273033
        }, 
        {
            "scoreTimeStd": 0.13355731187604652, 
            "scoreTime": 0.7593333333333333, 
            "fitTime": 2.9870000000000001, 
            "score": 0.59093396291324218, 
            "params": {
                "max_features": "auto", 
                "min_samples_split": 30, 
                "n_estimators": 100, 
                "max_depth": 15, 
                "min_samples_leaf": 10
            }, 
            "fitTimeStd": 0.12381706936713799, 
            "scoreStd": 0.024462040504988129
        }, 
        {
            "scoreTimeStd": 0.046147107770211949, 
            "scoreTime": 0.57633333333333336, 
            "fitTime": 2.5653333333333332, 
            "score": 0.58840589676392485, 
            "params": {
                "max_features": "auto", 
                "min_samples_split": 30, 
                "n_estimators": 100, 
                "max_depth": 20, 
                "min_samples_leaf": 10
            }, 
            "fitTimeStd": 0.34118356089094071, 
            "scoreStd": 0.025432638297490304
        }, 
        {
            "scoreTimeStd": 0.1388740436510725, 
            "scoreTime": 0.53100000000000003, 
            "fitTime": 1.8613333333333335, 
            "score": 0.50887243814620686, 
            "params": {
                "max_features": "auto", 
                "min_samples_split": 300, 
                "n_estimators": 100, 
                "max_depth": 5, 
                "min_samples_leaf": 100
            }, 
            "fitTimeStd": 0.35996882581072986, 
            "scoreStd": 0.0073963959242105337
        }, 
        {
            "scoreTimeStd": 0.21911995699971182, 
            "scoreTime": 0.41066666666666668, 
            "fitTime": 2.4093333333333335, 
            "score": 0.50887243814620686, 
            "params": {
                "max_features": "auto", 
                "min_samples_split": 300, 
                "n_estimators": 100, 
                "max_depth": 10, 
                "min_samples_leaf": 100
            }, 
            "fitTimeStd": 0.21624112056272329, 
            "scoreStd": 0.0073963959242105337
        }, 
        {
            "scoreTimeStd": 0.046733285782191707, 
            "scoreTime": 0.40999999999999998, 
            "fitTime": 2.2946666666666666, 
            "score": 0.50887243814620686, 
            "params": {
                "max_features": "auto", 
                "min_samples_split": 300, 
                "n_estimators": 100, 
                "max_depth": 15, 
                "min_samples_leaf": 100
            }, 
            "fitTimeStd": 0.023570226039551501, 
            "scoreStd": 0.0073963959242105337
        }, 
        {
            "scoreTimeStd": 0.070646223458079402, 
            "scoreTime": 0.2583333333333333, 
            "fitTime": 1.734, 
            "score": 0.50887243814620686, 
            "params": {
                "max_features": "auto", 
                "min_samples_split": 300, 
                "n_estimators": 100, 
                "max_depth": 20, 
                "min_samples_leaf": 100
            }, 
            "fitTimeStd": 0.14126098777322299, 
            "scoreStd": 0.0073963959242105337
        }
    ], 
    "gridBestScore": 0.60196029783107352, 
    "modelInputIsSparse": false
}