{
  "state": "DONE",
  "preSearchDescription": {
    "gridLength": 12,
    "importantParams": [
      {
        "name": "trees",
        "vals": [
          "100"
        ]
      },
      {
        "name": "depth",
        "vals": [
          "5",
          "10",
          "15",
          "20"
        ]
      },
      {
        "name": "min_samples",
        "vals": [
          "1",
          "10",
          "100"
        ]
      }
    ]
  },
  "postSearchDescription": {
    "importantParams": [
      {
        "name": "trees",
        "val": "100"
      },
      {
        "name": "depth",
        "val": "10"
      },
      {
        "name": "min_samples",
        "val": "1"
      }
    ]
  },
  "modelId": "m1",
  "progress": {
    "top_level_todo": [],
    "stack": [],
    "top_level_done": [
      {
        "name": "Loading train set",
        "time": 15
      },
      {
        "name": "Loading test set",
        "time": 12
      },
      {
        "name": "Collecting statistics",
        "time": 55
      },
      {
        "name": "Preprocessing train set",
        "time": 80
      },
      {
        "name": "Preprocessing test set",
        "time": 63
      },
      {
        "name": "Grid searching",
        "time": 32613
      },
      {
        "name": "Fitting model",
        "time": 1971
      },
      {
        "name": "Saving model",
        "time": 262
      },
      {
        "name": "Scoring model",
        "time": 2222
      }
    ]
  },
  "startTime": 1524748299943,
  "endTime": 1524748337240,
  "preprocessingTime": 228,
  "trainingTime": 37069
}