{
    "trainingTime": 877, 
    "state": "DONE", 
    "startTime": 1493822877225, 
    "preprocessingTime": 86, 
    "progress": {
        "top_level_todo": [], 
        "stack": [], 
        "top_level_done": [
            {
                "name": "Loading train set", 
                "time": 13
            }, 
            {
                "name": "Loading test set", 
                "time": 5
            }, 
            {
                "name": "Collecting statistics", 
                "time": 13
            }, 
            {
                "name": "Preprocessing train set", 
                "time": 33
            }, 
            {
                "name": "Preprocessing test set", 
                "time": 20
            }, 
            {
                "name": "Fitting model", 
                "time": 101
            }, 
            {
                "name": "Saving model", 
                "time": 1
            }, 
            {
                "name": "Scoring model", 
                "time": 774
            }
        ]
    }, 
    "endTime": 1493822878188, 
    "modelId": "NA"
}