{
    "rawImportance": {
        "variables": [
            "average_montly_hours", 
            "last_evaluation", 
            "number_project", 
            "satisfaction_level", 
            "time_spend_company"
        ], 
        "importances": [
            0.080246921287606895, 
            0.13552420293915518, 
            0.10171079157027256, 
            0.52771733186918979, 
            0.15480075233377558
        ]
    }, 
    "probaAware": true, 
    "modelInputNRows": 11943, 
    "modelInputNCols": 23, 
    "modelInputMemory": 2197512, 
    "modelInputIsSparse": false
}