{
    "trainingTime": 619, 
    "state": "DONE", 
    "startTime": 1493822876496, 
    "preprocessingTime": 85, 
    "progress": {
        "top_level_todo": [], 
        "stack": [], 
        "top_level_done": [
            {
                "name": "Loading train set", 
                "time": 12
            }, 
            {
                "name": "Loading test set", 
                "time": 5
            }, 
            {
                "name": "Collecting statistics", 
                "time": 12
            }, 
            {
                "name": "Preprocessing train set", 
                "time": 34
            }, 
            {
                "name": "Preprocessing test set", 
                "time": 21
            }, 
            {
                "name": "Fitting model", 
                "time": 17
            }, 
            {
                "name": "Saving model", 
                "time": 1
            }, 
            {
                "name": "Scoring model", 
                "time": 601
            }
        ]
    }, 
    "endTime": 1493822877200, 
    "modelId": "NA"
}