{
    "featureNames": [
        "Work_accident", 
        "average_montly_hours", 
        "last_evaluation", 
        "number_project", 
        "promotion_last_5years", 
        "satisfaction_level", 
        "time_spend_company", 
        "dummy:salary:low", 
        "dummy:salary:medium", 
        "dummy:salary:high", 
        "dummy:salary:N/A", 
        "dummy:salary:__Others__", 
        "dummy:department:sales", 
        "dummy:department:technical", 
        "dummy:department:support", 
        "dummy:department:it", 
        "dummy:department:product_mng", 
        "dummy:department:marketing", 
        "dummy:department:randd", 
        "dummy:department:accounting", 
        "dummy:department:hr", 
        "dummy:department:N/A", 
        "dummy:department:__Others__"
    ], 
    "tree": {
        "rightChild": [
            24, 
            17, 
            10, 
            7, 
            6, 
            -1, 
            -1, 
            9, 
            -1, 
            -1, 
            14, 
            13, 
            -1, 
            -1, 
            16, 
            -1, 
            -1, 
            19, 
            -1, 
            23, 
            22, 
            -1, 
            -1, 
            -1, 
            32, 
            31, 
            30, 
            29, 
            -1, 
            -1, 
            -1, 
            -1, 
            40, 
            37, 
            36, 
            -1, 
            -1, 
            39, 
            -1, 
            -1, 
            44, 
            43, 
            -1, 
            -1, 
            46, 
            -1, 
            -1
        ], 
        "impurity": [
            0.3613543241334405, 
            0.479245578485627, 
            0.21697188892643426, 
            0.10431490013832356, 
            0.05983260754368103, 
            0.0, 
            0.027704391776517956, 
            0.23374726077428776, 
            0.0, 
            0.49586776859504134, 
            0.09070294784580502, 
            0.038819723556514085, 
            0.02105024898143959, 
            0.24489795918367352, 
            0.375, 
            0.0, 
            0.0, 
            0.48315514700537265, 
            0.0, 
            0.13960290963048982, 
            0.12152879742846756, 
            0.11216706181383229, 
            0.0, 
            0.0, 
            0.17394261709724845, 
            0.028257799663522487, 
            0.026078743888674483, 
            0.02498547006218388, 
            0.016063203789604796, 
            0.07139260126418778, 
            0.0, 
            0.0, 
            0.4970638618569163, 
            0.08731684394890848, 
            0.06933172264965282, 
            0.05484480028865679, 
            0.4152249134948097, 
            0.375, 
            0.5, 
            0.0, 
            0.3988197914850886, 
            0.18519612476370506, 
            0.14493119555611667, 
            0.2777777777777778, 
            0.22470473291805926, 
            0.1465648966181674, 
            0.0
        ], 
        "probas": [
            [
                0.76329230511596746, 
                0.23670769488403248
            ], 
            [
                0.39813140446051837, 
                0.60186859553948158
            ], 
            [
                0.12381646030589949, 
                0.87618353969410046
            ], 
            [
                0.055205047318611984, 
                0.94479495268138802
            ], 
            [
                0.030869212022745736, 
                0.96913078797725427
            ], 
            [
                1.0, 
                0.0
            ], 
            [
                0.014049586776859505, 
                0.98595041322314048
            ], 
            [
                0.86486486486486491, 
                0.13513513513513514
            ], 
            [
                1.0, 
                0.0
            ], 
            [
                0.54545454545454541, 
                0.45454545454545453
            ], 
            [
                0.95238095238095233, 
                0.047619047619047616
            ], 
            [
                0.98019801980198018, 
                0.019801980198019802
            ], 
            [
                0.98936170212765961, 
                0.010638297872340425
            ], 
            [
                0.8571428571428571, 
                0.14285714285714285
            ], 
            [
                0.25, 
                0.75
            ], 
            [
                0.0, 
                1.0
            ], 
            [
                1.0, 
                0.0
            ], 
            [
                0.59177377892030847, 
                0.40822622107969153
            ], 
            [
                0.0, 
                1.0
            ], 
            [
                0.92449799196787152, 
                0.075502008032128518
            ], 
            [
                0.93501218521527218, 
                0.064987814784727857
            ], 
            [
                0.940359477124183, 
                0.059640522875816997
            ], 
            [
                0.0, 
                1.0
            ], 
            [
                0.0, 
                1.0
            ], 
            [
                0.90376811594202899, 
                0.096231884057971021
            ], 
            [
                0.98566562588702811, 
                0.0143343741129719
            ], 
            [
                0.98678601875532823, 
                0.013213981244671782
            ], 
            [
                0.98734717088427637, 
                0.012652829115723628
            ], 
            [
                0.9919028340080972, 
                0.0080971659919028341
            ], 
            [
                0.96292947558770348, 
                0.037070524412296565
            ], 
            [
                0.0, 
                1.0
            ], 
            [
                0.0, 
                1.0
            ], 
            [
                0.53831538948701707, 
                0.46168461051298287
            ], 
            [
                0.95424836601307195, 
                0.045751633986928102
            ], 
            [
                0.96404109589041098, 
                0.035958904109589039
            ], 
            [
                0.97178130511463845, 
                0.02821869488536155
            ], 
            [
                0.70588235294117652, 
                0.29411764705882354
            ], 
            [
                0.75, 
                0.25
            ], 
            [
                0.5, 
                0.5
            ], 
            [
                1.0, 
                0.0
            ], 
            [
                0.27507755946225437, 
                0.72492244053774557
            ], 
            [
                0.89673913043478259, 
                0.10326086956521739
            ], 
            [
                0.9213483146067416, 
                0.078651685393258425
            ], 
            [
                0.16666666666666666, 
                0.83333333333333337
            ], 
            [
                0.12899106002554278, 
                0.87100893997445716
            ], 
            [
                0.079622132253711203, 
                0.92037786774628882
            ], 
            [
                1.0, 
                0.0
            ]
        ], 
        "feature": [
            5, 
            3, 
            2, 
            1, 
            1, 
            -2, 
            -2, 
            1, 
            -2, 
            -2, 
            1, 
            5, 
            -2, 
            -2, 
            2, 
            -2, 
            -2, 
            5, 
            -2, 
            3, 
            1, 
            -2, 
            -2, 
            -2, 
            6, 
            1, 
            3, 
            6, 
            -2, 
            -2, 
            -2, 
            -2, 
            2, 
            1, 
            2, 
            -2, 
            -2, 
            5, 
            -2, 
            -2, 
            1, 
            2, 
            -2, 
            -2, 
            6, 
            -2, 
            -2
        ], 
        "leftChild": [
            1, 
            2, 
            3, 
            4, 
            5, 
            -1, 
            -1, 
            8, 
            -1, 
            -1, 
            11, 
            12, 
            -1, 
            -1, 
            15, 
            -1, 
            -1, 
            18, 
            -1, 
            20, 
            21, 
            -1, 
            -1, 
            -1, 
            25, 
            26, 
            27, 
            28, 
            -1, 
            -1, 
            -1, 
            -1, 
            33, 
            34, 
            35, 
            -1, 
            -1, 
            38, 
            -1, 
            -1, 
            41, 
            42, 
            -1, 
            -1, 
            45, 
            -1, 
            -1
        ], 
        "threshold": [
            0.4650000002031065, 
            2.499999953588391, 
            0.5750000040725218, 
            162.00000044795087, 
            125.50000021088563, 
            -2.0, 
            -2.0, 
            240.50000042753356, 
            -2.0, 
            -2.0, 
            280.00000256042324, 
            0.4549999931663814, 
            -2.0, 
            -2.0, 
            0.7599999978455696, 
            -2.0, 
            -2.0, 
            0.11499996149441583, 
            -2.0, 
            6.500000017892672, 
            288.999996337219, 
            -2.0, 
            -2.0, 
            -2.0, 
            4.500000048288175, 
            290.4999972851312, 
            6.500000017892672, 
            3.500000004099616, 
            -2.0, 
            -2.0, 
            -2.0, 
            -2.0, 
            0.8150000004054843, 
            272.5000037762009, 
            0.8050000022584162, 
            -2.0, 
            -2.0, 
            0.5999999997506861, 
            -2.0, 
            -2.0, 
            216.50000014928509, 
            0.9950000078560381, 
            -2.0, 
            -2.0, 
            6.5000000929695725, 
            -2.0, 
            -2.0
        ], 
        "nSamples": [
            11943, 
            3318, 
            1373, 
            1268, 
            1231, 
            21, 
            1210, 
            37, 
            26, 
            11, 
            105, 
            101, 
            94, 
            7, 
            4, 
            3, 
            1, 
            1945, 
            700, 
            1245, 
            1231, 
            1224, 
            7, 
            14, 
            8625, 
            7046, 
            7038, 
            7034, 
            5928, 
            1106, 
            4, 
            8, 
            1579, 
            612, 
            584, 
            567, 
            17, 
            28, 
            14, 
            14, 
            967, 
            184, 
            178, 
            6, 
            783, 
            741, 
            42
        ]
    }
}