[
    {
        "parameters": {
            "splitter": "best", 
            "max_depth": 20, 
            "min_samples_leaf": 1
        }, 
        "score_time": 436, 
        "test_score": 0.4360035223800074, 
        "fit_time": 39936, 
        "num_samples": 266549, 
        "best_iteration": null, 
        "train_score": 0.6145875014248561, 
        "parameter_id": 0, 
        "time": 40372, 
        "done_at": 1523115424737, 
        "grid_point_id": "{\"splitter\": \"best\", \"max_depth\": 20, \"min_samples_leaf\": 1}@0"
    }, 
    {
        "parameters": {
            "splitter": "best", 
            "max_depth": 20, 
            "min_samples_leaf": 1
        }, 
        "score_time": 327, 
        "test_score": 0.20541109587574535, 
        "fit_time": 41851, 
        "num_samples": 266548, 
        "best_iteration": null, 
        "train_score": 0.7331509329578443, 
        "parameter_id": 0, 
        "time": 42178, 
        "done_at": 1523115426155, 
        "grid_point_id": "{\"splitter\": \"best\", \"max_depth\": 20, \"min_samples_leaf\": 1}@2"
    }, 
    {
        "parameters": {
            "splitter": "best", 
            "max_depth": 20, 
            "min_samples_leaf": 1
        }, 
        "score_time": 220, 
        "test_score": 0.5386379253012084, 
        "fit_time": 43555, 
        "num_samples": 266549, 
        "best_iteration": null, 
        "train_score": 0.5646638263514763, 
        "parameter_id": 0, 
        "time": 43775, 
        "done_at": 1523115427725, 
        "grid_point_id": "{\"splitter\": \"best\", \"max_depth\": 20, \"min_samples_leaf\": 1}@1"
    }, 
    {
        "parameters": {
            "splitter": "best", 
            "max_depth": 30, 
            "min_samples_leaf": 1
        }, 
        "score_time": 267, 
        "test_score": 0.41538194409026363, 
        "fit_time": 46594, 
        "num_samples": 266549, 
        "best_iteration": null, 
        "train_score": 0.6187467819493653, 
        "parameter_id": 1, 
        "time": 46861, 
        "done_at": 1523115431066, 
        "grid_point_id": "{\"splitter\": \"best\", \"max_depth\": 30, \"min_samples_leaf\": 1}@0"
    }, 
    {
        "parameters": {
            "splitter": "best", 
            "max_depth": 30, 
            "min_samples_leaf": 1
        }, 
        "score_time": 319, 
        "test_score": 0.5159165916628068, 
        "fit_time": 31578, 
        "num_samples": 266549, 
        "best_iteration": null, 
        "train_score": 0.5709650281191727, 
        "parameter_id": 1, 
        "time": 31897, 
        "done_at": 1523115457237, 
        "grid_point_id": "{\"splitter\": \"best\", \"max_depth\": 30, \"min_samples_leaf\": 1}@1"
    }, 
    {
        "parameters": {
            "splitter": "best", 
            "max_depth": 30, 
            "min_samples_leaf": 1
        }, 
        "score_time": 215, 
        "test_score": 0.19363279140440381, 
        "fit_time": 32382, 
        "num_samples": 266548, 
        "best_iteration": null, 
        "train_score": 0.741189543993769, 
        "parameter_id": 1, 
        "time": 32597, 
        "done_at": 1523115459185, 
        "grid_point_id": "{\"splitter\": \"best\", \"max_depth\": 30, \"min_samples_leaf\": 1}@2"
    }
]