{
    "metrics": {
        "rmse": 7.010942448253097, 
        "pearson": 0.71450026592082205, 
        "mae": 1.1741464573402161, 
        "r2": 0.50621812199375116, 
        "mape": 0.48268122928920626, 
        "mse": 49.153314012717125, 
        "evs": 0.50623049797216058, 
        "rmsle": 0
    }, 
    "scatterPlotData": {
        "y": [
            0.9999, 
            0.9999, 
            1.1893, 
            3.0386, 
            1.4667, 
            1.9966, 
            2.6901, 
            1.2548, 
            1.0, 
            0.9999, 
            0.9999, 
            3.2587, 
            0.9999, 
            1.1094, 
            1.5009, 
            7.102, 
            1.6427, 
            2.7058, 
            1.6429, 
            0.9999, 
            1.8219, 
            0.9999, 
            2.9764, 
            1.0003, 
            0.9993, 
            1.5009, 
            1.6667, 
            3.9806, 
            1.0003, 
            2.1355, 
            0.9999, 
            1.7692, 
            4.0112, 
            1.0009, 
            1.8124, 
            0.9999, 
            1.4099, 
            1.2237, 
            0.9999, 
            1.0003, 
            2.1968, 
            0.9992, 
            1.0, 
            5.3398, 
            0.9999, 
            1.3378, 
            0.9999, 
            1.3378, 
            2.4344, 
            1.4181, 
            4.2004, 
            1.3897, 
            1.1416, 
            0.9999, 
            1.1705, 
            1.4766, 
            1.4099, 
            1.2811, 
            0.9999, 
            0.9999, 
            3.3881, 
            0.9999, 
            1.5706, 
            1.8655, 
            13.0909, 
            479.6, 
            1.2548, 
            1.6427, 
            2.4627, 
            0.9999, 
            1.45, 
            1.8577, 
            0.9999, 
            1.9015, 
            1.728, 
            1.0, 
            2.253, 
            0.9999, 
            1.1922, 
            0.9999, 
            1.2811, 
            0.9999, 
            5.3398, 
            1.1416, 
            3.0591, 
            0.9999, 
            0.9999, 
            3.4124, 
            1.808, 
            0.9999, 
            0.9999, 
            2.073, 
            0.9999, 
            4.1954, 
            1.0003, 
            1.0002, 
            1.1922, 
            1.9015, 
            7.4449, 
            1.2045, 
            1.5222, 
            3.2604, 
            0.9999, 
            1.1795, 
            11.5625, 
            0.9999, 
            1.3453, 
            1.8776, 
            1.6427, 
            1.9966, 
            3.2587, 
            3.2587, 
            2.2474, 
            1.0002, 
            6.5252, 
            2.7944, 
            0.9999, 
            2.253, 
            2.625, 
            1.3378, 
            2.7944, 
            1.8333, 
            1.1416, 
            0.9999, 
            0.9999, 
            3.1198, 
            0.9999, 
            1.1972, 
            0.9999, 
            1.6647, 
            1.6638, 
            1.9015, 
            2.6901, 
            0.9999, 
            3.3208, 
            1.0, 
            2.4344, 
            0.9999, 
            4.466, 
            0.9999, 
            0.9999, 
            1.1972, 
            0.9999, 
            6.689, 
            0.9999, 
            1.1681, 
            0.9999, 
            0.9972, 
            1.7291, 
            1.2811, 
            3.915, 
            2.6901, 
            1.9966, 
            1.8124, 
            1.1125, 
            0.9999, 
            1.7986, 
            2.4627, 
            0.9999, 
            0.9999, 
            0.9999, 
            4.4, 
            0.9999, 
            1.6427, 
            0.9999, 
            1.1681, 
            1.8219, 
            2.4841, 
            1.3378, 
            0.9999, 
            0.9999, 
            1.0003, 
            6.689, 
            1.1922, 
            3.023, 
            0.9992, 
            3.3208, 
            2.3333, 
            1.3378, 
            10.1667, 
            6.5411, 
            0.9999, 
            2.3006, 
            1.3378, 
            1.9015, 
            1.9015, 
            1.9833, 
            1.0002, 
            0.9999, 
            3.0976, 
            1.2854, 
            0.9999, 
            2.1142, 
            3.4483, 
            0.9999, 
            1.0003, 
            1.2839, 
            4.7143, 
            2.1968, 
            4.2004, 
            1.1768, 
            2.4841, 
            2.6823, 
            1.0003, 
            1.6161, 
            1.1922, 
            1.0009, 
            2.4184, 
            1.0003, 
            3.0386, 
            1.0003, 
            2.6112, 
            1.0, 
            0.9999, 
            0.9999, 
            3.54, 
            2.073, 
            1.9015, 
            6.3205, 
            1.2811, 
            1.2237, 
            4.3333, 
            2.4841, 
            3.0386, 
            3.1649, 
            2.7058, 
            1.6427, 
            1.1681, 
            2.1968, 
            1.703, 
            3.3539, 
            2.0, 
            2.5973, 
            7.4449, 
            1.1416, 
            1.4766, 
            1.6136, 
            1.3378, 
            1.0033, 
            4.3031, 
            3.2587, 
            0.9999, 
            0.9999, 
            1.0, 
            0.9999, 
            0.9999, 
            1.0003, 
            0.9999, 
            1.3269, 
            10.7546, 
            2.1142, 
            1.2817, 
            2.0625, 
            1.629, 
            1.4, 
            1.1416, 
            0.9999, 
            5.1187, 
            3.6667, 
            29.0, 
            1.5185, 
            0.9999, 
            1.0003, 
            6.5, 
            2.1765, 
            5.6302, 
            2.5366, 
            1.6647, 
            1.9966, 
            1.4172, 
            0.9999, 
            0.9999, 
            1.5009, 
            0.9999, 
            1.2236, 
            0.9999, 
            2.9903, 
            1.1244, 
            0.9999, 
            1.125, 
            1.3846, 
            1.2548, 
            4.2004, 
            1.5096, 
            0.9999, 
            3.54, 
            2.7058, 
            2.25, 
            3.3539, 
            0.9999, 
            1.0, 
            1.3378, 
            1.0003, 
            1.6427, 
            0.9999, 
            1.6161, 
            0.9999, 
            1.2854, 
            1.3897, 
            1.1416, 
            3.3539, 
            1.3229, 
            1.8124, 
            2.7944, 
            1.9015, 
            1.6925, 
            0.9999, 
            2.9778, 
            1.1165, 
            1.5009, 
            1.9966, 
            2.5973, 
            1.25, 
            1.6161, 
            1.9966, 
            1.0003, 
            0.9999, 
            1.0003, 
            1.8776, 
            1.25, 
            1.8562, 
            1.3273, 
            1.9007, 
            1.0003, 
            1.1922, 
            2.073, 
            1.0, 
            1.0009, 
            1.5763, 
            1.1381, 
            0.9999, 
            0.9999, 
            1.5009, 
            1.9966, 
            1.3378, 
            1.0003, 
            2.6577, 
            0.9999, 
            1.0033, 
            1.1972, 
            1.3378, 
            1.9966, 
            1.5009, 
            1.0003, 
            3.1649, 
            0.9999, 
            1.5009, 
            0.9999, 
            1.74, 
            1.1125, 
            0.9999, 
            0.9999, 
            0.9999, 
            1.9966, 
            1.1094, 
            1.9833, 
            4.4762, 
            1.2548, 
            1.0, 
            4.0112, 
            6.3205, 
            1.0, 
            1.0, 
            1.4395, 
            0.9999, 
            1.0033, 
            1.9966, 
            0.9999, 
            0.9999, 
            1.1893, 
            2.2769, 
            0.9999, 
            1.2237, 
            1.5009, 
            0.9999, 
            0.9999, 
            1.3378, 
            0.9999, 
            1.74, 
            3.0, 
            0.8596, 
            1.3269, 
            4.9048, 
            2.0552, 
            1.0003, 
            1.511, 
            1.3378, 
            0.9999, 
            1.8713, 
            0.9999, 
            0.9999, 
            2.3006, 
            1.2341, 
            1.9663, 
            0.9999, 
            3.0386, 
            0.9999, 
            1.6667, 
            8.4556, 
            5.1429, 
            1.2348, 
            1.2811, 
            2.75, 
            1.1972, 
            2.4841, 
            2.485, 
            1.1922, 
            1.1681, 
            1.0, 
            0.9999, 
            0.9999, 
            1.8577, 
            1.2237, 
            0.9999, 
            1.9966, 
            0.9999, 
            5.3398, 
            1.1681, 
            1.6647, 
            1.1922, 
            1.9698, 
            1.1284, 
            1.9966, 
            1.9833, 
            1.0009, 
            3.3208, 
            1.1667, 
            1.0, 
            1.7385, 
            0.9999, 
            0.9999, 
            1.4395, 
            1.3897, 
            0.9999, 
            0.9999, 
            1.6166, 
            1.4395, 
            1.6053, 
            1.128, 
            2.4946, 
            5.1187, 
            0.6667, 
            1.3378, 
            1.0009, 
            1.2548, 
            1.3871, 
            2.9375, 
            4.2004, 
            1.3378, 
            0.9999, 
            4.2727, 
            1.2237, 
            1.6161, 
            0.9999, 
            0.9999, 
            2.6517, 
            0.9999, 
            18.0, 
            1.3269, 
            2.2769, 
            1.0002, 
            1.5763, 
            1.8995, 
            1.1922, 
            1.5009, 
            1.3269, 
            3.0, 
            1.8124, 
            1.1972, 
            0.9999, 
            1.2811, 
            0.9999, 
            1.0087, 
            2.4627, 
            2.1443, 
            2.9011, 
            1.5763, 
            10.525, 
            0.9999, 
            2.4627, 
            0.9992, 
            0.9999, 
            4.9048, 
            1.6667, 
            1.9966, 
            0.9999, 
            1.6672, 
            2.8968, 
            2.9175, 
            0.9999, 
            1.4099, 
            1.0003, 
            4.2004, 
            1.9966, 
            1.1681, 
            2.253, 
            1.1922, 
            0.9999, 
            1.808, 
            1.5, 
            0.9999, 
            1.093, 
            2.2769, 
            3.7241, 
            1.3269, 
            2.2769, 
            0.9999, 
            1.3378, 
            1.0849, 
            1.0009, 
            0.9999, 
            5.7841, 
            1.1681, 
            0.9999, 
            1.2548, 
            1.1429, 
            0.9999, 
            0.9999, 
            2.4344, 
            0.9999, 
            4.466, 
            1.5455, 
            1.2188, 
            1.2348, 
            2.3, 
            0.9999, 
            0.9999, 
            2.375, 
            1.3269, 
            1.2548, 
            0.9999, 
            1.0, 
            0.9992, 
            1.1972, 
            2.4344, 
            0.9999, 
            2.253, 
            1.0, 
            0.9999, 
            3.6364, 
            0.9999, 
            1.1094, 
            0.9999, 
            1.8182, 
            0.9999, 
            0.9999, 
            1.0, 
            0.9999, 
            1.9663, 
            2.253, 
            0.9999, 
            1.3378, 
            4.0, 
            1.5009, 
            1.0003, 
            1.0062, 
            2.2769, 
            1.1429, 
            1.3378, 
            0.9999, 
            1.5009, 
            4.0, 
            0.9993, 
            1.4, 
            0.9999, 
            1.1486, 
            0.9999, 
            4.2004, 
            0.9999, 
            1.2811, 
            5.3398, 
            1.2237, 
            1.9966, 
            1.8124, 
            12.9863, 
            1.1687, 
            3.5635, 
            1.2811, 
            2.7151, 
            0.9993, 
            3.9308, 
            2.4344, 
            1.2811, 
            0.9999, 
            1.5222, 
            2.8333, 
            0.9993, 
            6.2019, 
            1.2548, 
            1.0849, 
            1.128, 
            1.1381, 
            2.3418, 
            1.9007, 
            4.9431, 
            0.9999, 
            0.9999, 
            1.5207, 
            0.9999, 
            0.9999, 
            0.9999, 
            1.5009, 
            4.0, 
            1.74, 
            1.808, 
            6.9159, 
            3.8129, 
            0.9999, 
            1.1244, 
            7.1215, 
            1.1681, 
            1.3897, 
            1.3378, 
            1.9015, 
            2.375, 
            2.7059, 
            1.0, 
            1.5763, 
            0.9999, 
            1.0003, 
            0.9999, 
            1.3269, 
            12.0505, 
            1.8016, 
            0.6765, 
            2.4627, 
            1.74, 
            7.1659, 
            1.2811, 
            1.4099, 
            0.9999, 
            1.0003, 
            0.9999, 
            0.9999, 
            1.3378, 
            1.3378, 
            6.3333, 
            0.9999, 
            2.4627, 
            0.9999, 
            3.0591, 
            1.74, 
            2.7968, 
            1.2811, 
            3.5, 
            1.4099, 
            1.5009, 
            6.84, 
            1.9015, 
            2.0, 
            0.9999, 
            0.9999, 
            5.1187, 
            2.3006, 
            5.9091, 
            2.3418, 
            2.5366, 
            0.9999, 
            0.9999, 
            1.2237, 
            0.9999, 
            3.3539, 
            1.1922, 
            0.9999, 
            1.3378, 
            0.9999, 
            1.2548, 
            4.0558, 
            1.74, 
            3.0, 
            4.466, 
            1.3612, 
            7.1215, 
            0.9999, 
            13.6, 
            0.9999, 
            1.0003, 
            2.0, 
            2.1355, 
            0.9999, 
            0.9999, 
            1.3378, 
            0.9999, 
            2.9011, 
            2.4456, 
            0.9999, 
            1.5009, 
            1.0009, 
            1.2548, 
            1.2811, 
            3.3881, 
            1.1922, 
            0.9999, 
            1.6161, 
            1.0, 
            1.5009, 
            1.5706, 
            2.7151, 
            1.4395, 
            4.9431, 
            0.9999, 
            2.4841, 
            0.9999, 
            1.4395, 
            2.5782, 
            1.0009, 
            0.9999, 
            0.9999, 
            1.0003, 
            1.1972, 
            0.9999, 
            1.1693, 
            1.0003, 
            0.9999, 
            0.9999, 
            1.9015, 
            1.9015, 
            0.9999, 
            1.0003, 
            1.0003, 
            3.3333, 
            1.808, 
            1.3453, 
            3.0, 
            0.9999, 
            1.653, 
            1.9833, 
            1.5294, 
            1.5009, 
            1.7817, 
            1.9015, 
            0.9999, 
            5.0415, 
            0.9999, 
            0.9999, 
            1.2348, 
            2.8333, 
            1.1486, 
            2.7968, 
            1.1244, 
            3.3539, 
            2.5714, 
            2.5652, 
            0.9999, 
            1.4099, 
            1.0003, 
            1.0849, 
            0.9999, 
            0.9999, 
            1.6427, 
            6.5252, 
            0.9999, 
            31.0, 
            0.9999, 
            1.3269, 
            0.9999, 
            0.9999, 
            1.9966, 
            2.1443, 
            1.1972, 
            1.0003, 
            0.9999, 
            0.9999, 
            5.7659, 
            1.6427, 
            3.0386, 
            1.1416, 
            1.0003, 
            1.7663, 
            1.0003, 
            1.9966, 
            1.1972, 
            0.9999, 
            0.9999, 
            1.1867, 
            0.9999, 
            1.1922, 
            1.3269, 
            1.3029, 
            1.5706, 
            1.4395, 
            1.0009, 
            1.1972, 
            1.2245, 
            4.5, 
            1.4099, 
            1.9833, 
            1.0003, 
            1.3269, 
            0.9999, 
            3.3509, 
            1.2027, 
            0.9999, 
            3.9806, 
            1.2345, 
            0.9999, 
            3.7241, 
            0.9999, 
            1.237, 
            0.9999, 
            14.9091, 
            1.1681, 
            0.9999, 
            4.5137, 
            1.52, 
            1.4181, 
            0.9999, 
            1.8562, 
            7.1215, 
            5.5, 
            1.1681, 
            1.1983, 
            4.9431, 
            8.0, 
            1.3453, 
            0.9999, 
            2.087, 
            0.9999, 
            1.0003, 
            0.9999, 
            2.4344, 
            1.3336, 
            1.4862, 
            1.3871, 
            1.2817, 
            1.4172, 
            23.0738, 
            4.0112, 
            1.4395, 
            1.8219, 
            1.2548, 
            0.9999, 
            0.9999, 
            1.1693, 
            1.9015, 
            0.9999, 
            0.9999, 
            0.9999, 
            1.1343, 
            1.808, 
            1.2548, 
            2.1443, 
            1.0003, 
            3.3539, 
            1.7, 
            1.1972, 
            1.8577, 
            3.4845, 
            1.8124, 
            1.1922, 
            0.9999, 
            0.9999, 
            2.4968, 
            3.4695, 
            0.9999, 
            3.0386, 
            3.3509, 
            2.253, 
            1.546, 
            1.1922, 
            1.6427, 
            3.1649, 
            0.9999, 
            0.9999, 
            1.2727, 
            1.0, 
            1.2548, 
            1.5763, 
            1.8333, 
            1.1681, 
            0.9999, 
            2.9932, 
            1.5009, 
            1.5009, 
            1.5763, 
            1.6672, 
            1.2338, 
            1.6161, 
            2.253, 
            1.1922, 
            1.5222, 
            1.0002, 
            2.0, 
            0.9999, 
            0.9999, 
            1.25, 
            0.9999, 
            1.9015, 
            1.1972, 
            1.2548, 
            0.36, 
            1.5009, 
            0.9999, 
            1.4099, 
            18.875, 
            1.6935, 
            0.9999, 
            2.1355, 
            1.3269, 
            1.0741, 
            0.9999, 
            0.9999, 
            1.0003, 
            2.3418, 
            1.1116, 
            1.8776, 
            1.6427, 
            1.4181, 
            1.1972, 
            4.9431, 
            26.0, 
            1.74, 
            0.9999, 
            1.2548, 
            1.0003, 
            2.0366, 
            1.9966, 
            9.6923, 
            3.3881, 
            2.0942, 
            2.1078, 
            1.5009, 
            2.1355, 
            3.1649, 
            1.4395, 
            2.1355, 
            1.1972, 
            3.3478, 
            2.0125, 
            1.74, 
            1.2341, 
            1.6427, 
            3.3509, 
            1.3038, 
            1.0003, 
            1.3704, 
            1.4862, 
            0.9999, 
            0.9999, 
            2.0159, 
            2.2769, 
            2.3418, 
            0.9999, 
            0.9999, 
            2.9011, 
            3.5978, 
            1.7663, 
            1.0003, 
            3.2587, 
            1.5009, 
            1.0002, 
            2.2769, 
            0.9999, 
            0.9999, 
            4.2004, 
            4.3031, 
            25.72, 
            1.5218, 
            2.1511, 
            1.0009, 
            0.9999, 
            2.2327, 
            1.1972, 
            1.2811, 
            2.5366, 
            1.5207, 
            1.5096, 
            0.9999, 
            1.9966, 
            2.8333, 
            1.5947, 
            1.5009, 
            0.9999, 
            3.3539, 
            1.8124, 
            7.9985, 
            1.6427, 
            1.9966, 
            0.9999, 
            1.0009, 
            0.9999, 
            0.9999, 
            2.253, 
            0.9999, 
            2.25, 
            1.3791, 
            0.9999, 
            0.8601, 
            0.9999, 
            2.3616, 
            1.6161, 
            1.4181, 
            1.6672, 
            0.9999, 
            1.0003, 
            2.2769, 
            1.6161, 
            0.9999, 
            0.9999, 
            1.0009
        ], 
        "x": [
            1.0, 
            1.0, 
            1.0, 
            3.0, 
            3.0, 
            2.0, 
            5.0, 
            1.0, 
            1.0, 
            1.0, 
            1.0, 
            2.0, 
            1.0, 
            1.0, 
            2.0, 
            2.0, 
            2.0, 
            2.0, 
            1.0, 
            1.0, 
            1.0, 
            1.0, 
            3.0, 
            1.0, 
            1.0, 
            1.0, 
            15.0, 
            2.0, 
            1.0, 
            1.0, 
            1.0, 
            2.0, 
            2.0, 
            1.0, 
            1.0, 
            1.0, 
            1.0, 
            1.0, 
            1.0, 
            1.0, 
            3.0, 
            1.0, 
            1.0, 
            18.0, 
            1.0, 
            1.0, 
            1.0, 
            1.0, 
            2.0, 
            1.0, 
            9.0, 
            2.0, 
            1.0, 
            1.0, 
            2.0, 
            1.0, 
            2.0, 
            1.0, 
            1.0, 
            1.0, 
            5.0, 
            1.0, 
            1.0, 
            1.0, 
            35.0, 
            795.0, 
            2.0, 
            1.0, 
            2.0, 
            1.0, 
            1.0, 
            1.0, 
            1.0, 
            1.0, 
            2.0, 
            2.0, 
            2.0, 
            1.0, 
            1.0, 
            1.0, 
            1.0, 
            1.0, 
            7.0, 
            1.0, 
            2.0, 
            1.0, 
            1.0, 
            1.0, 
            3.0, 
            1.0, 
            1.0, 
            1.0, 
            1.0, 
            1.0, 
            1.0, 
            1.0, 
            1.0, 
            1.0, 
            10.0, 
            1.0, 
            2.0, 
            9.0, 
            1.0, 
            1.0, 
            1.0, 
            1.0, 
            1.0, 
            2.0, 
            1.0, 
            1.0, 
            2.0, 
            3.0, 
            1.0, 
            1.0, 
            3.0, 
            1.0, 
            1.0, 
            1.0, 
            6.0, 
            1.0, 
            5.0, 
            2.0, 
            1.0, 
            1.0, 
            1.0, 
            1.0, 
            1.0, 
            2.0, 
            1.0, 
            3.0, 
            1.0, 
            1.0, 
            1.0, 
            1.0, 
            8.0, 
            1.0, 
            1.0, 
            1.0, 
            7.0, 
            1.0, 
            1.0, 
            1.0, 
            1.0, 
            14.0, 
            1.0, 
            1.0, 
            1.0, 
            1.0, 
            1.0, 
            1.0, 
            4.0, 
            1.0, 
            1.0, 
            1.0, 
            1.0, 
            1.0, 
            1.0, 
            2.0, 
            1.0, 
            1.0, 
            1.0, 
            3.0, 
            1.0, 
            2.0, 
            1.0, 
            1.0, 
            2.0, 
            3.0, 
            1.0, 
            1.0, 
            1.0, 
            1.0, 
            1.0, 
            2.0, 
            1.0, 
            1.0, 
            8.0, 
            1.0, 
            2.0, 
            21.0, 
            3.0, 
            1.0, 
            1.0, 
            2.0, 
            6.0, 
            5.0, 
            2.0, 
            1.0, 
            1.0, 
            2.0, 
            1.0, 
            1.0, 
            1.0, 
            1.0, 
            1.0, 
            1.0, 
            1.0, 
            6.0, 
            2.0, 
            1.0, 
            2.0, 
            4.0, 
            2.0, 
            1.0, 
            1.0, 
            1.0, 
            1.0, 
            2.0, 
            1.0, 
            3.0, 
            1.0, 
            2.0, 
            1.0, 
            1.0, 
            1.0, 
            1.0, 
            2.0, 
            2.0, 
            9.0, 
            1.0, 
            1.0, 
            1.0, 
            1.0, 
            5.0, 
            5.0, 
            1.0, 
            2.0, 
            1.0, 
            4.0, 
            1.0, 
            3.0, 
            3.0, 
            1.0, 
            4.0, 
            1.0, 
            2.0, 
            1.0, 
            1.0, 
            1.0, 
            1.0, 
            4.0, 
            1.0, 
            1.0, 
            1.0, 
            1.0, 
            1.0, 
            1.0, 
            1.0, 
            2.0, 
            12.0, 
            3.0, 
            1.0, 
            3.0, 
            1.0, 
            1.0, 
            1.0, 
            1.0, 
            4.0, 
            4.0, 
            1.0, 
            1.0, 
            1.0, 
            1.0, 
            9.0, 
            1.0, 
            5.0, 
            1.0, 
            1.0, 
            1.0, 
            1.0, 
            1.0, 
            1.0, 
            1.0, 
            1.0, 
            1.0, 
            1.0, 
            3.0, 
            1.0, 
            1.0, 
            1.0, 
            1.0, 
            1.0, 
            4.0, 
            2.0, 
            1.0, 
            3.0, 
            1.0, 
            2.0, 
            1.0, 
            1.0, 
            3.0, 
            1.0, 
            1.0, 
            2.0, 
            1.0, 
            1.0, 
            1.0, 
            2.0, 
            1.0, 
            1.0, 
            2.0, 
            1.0, 
            1.0, 
            5.0, 
            4.0, 
            1.0, 
            1.0, 
            1.0, 
            1.0, 
            1.0, 
            2.0, 
            1.0, 
            6.0, 
            1.0, 
            2.0, 
            1.0, 
            1.0, 
            1.0, 
            1.0, 
            1.0, 
            1.0, 
            1.0, 
            1.0, 
            1.0, 
            1.0, 
            5.0, 
            1.0, 
            1.0, 
            1.0, 
            1.0, 
            1.0, 
            1.0, 
            1.0, 
            2.0, 
            2.0, 
            1.0, 
            1.0, 
            1.0, 
            1.0, 
            1.0, 
            1.0, 
            2.0, 
            2.0, 
            1.0, 
            1.0, 
            1.0, 
            2.0, 
            1.0, 
            2.0, 
            1.0, 
            1.0, 
            1.0, 
            1.0, 
            1.0, 
            2.0, 
            2.0, 
            11.0, 
            2.0, 
            1.0, 
            2.0, 
            8.0, 
            1.0, 
            1.0, 
            1.0, 
            1.0, 
            0.0, 
            2.0, 
            1.0, 
            1.0, 
            1.0, 
            2.0, 
            1.0, 
            1.0, 
            1.0, 
            1.0, 
            1.0, 
            1.0, 
            1.0, 
            1.0, 
            1.0, 
            1.0, 
            1.0, 
            11.0, 
            2.0, 
            1.0, 
            1.0, 
            1.0, 
            1.0, 
            1.0, 
            1.0, 
            1.0, 
            9.0, 
            1.0, 
            2.0, 
            1.0, 
            2.0, 
            1.0, 
            2.0, 
            8.0, 
            6.0, 
            1.0, 
            1.0, 
            1.0, 
            1.0, 
            3.0, 
            3.0, 
            1.0, 
            1.0, 
            2.0, 
            1.0, 
            1.0, 
            1.0, 
            1.0, 
            1.0, 
            2.0, 
            1.0, 
            4.0, 
            1.0, 
            2.0, 
            1.0, 
            2.0, 
            1.0, 
            2.0, 
            1.0, 
            1.0, 
            5.0, 
            15.0, 
            1.0, 
            2.0, 
            1.0, 
            1.0, 
            1.0, 
            1.0, 
            1.0, 
            1.0, 
            1.0, 
            1.0, 
            1.0, 
            1.0, 
            1.0, 
            3.0, 
            2.0, 
            1.0, 
            0.0, 
            2.0, 
            2.0, 
            1.0, 
            3.0, 
            1.0, 
            1.0, 
            12.0, 
            1.0, 
            3.0, 
            1.0, 
            1.0, 
            2.0, 
            1.0, 
            15.0, 
            1.0, 
            3.0, 
            1.0, 
            1.0, 
            2.0, 
            1.0, 
            1.0, 
            1.0, 
            2.0, 
            2.0, 
            2.0, 
            1.0, 
            2.0, 
            1.0, 
            1.0, 
            4.0, 
            1.0, 
            3.0, 
            1.0, 
            1.0, 
            1.0, 
            1.0, 
            1.0, 
            1.0, 
            5.0, 
            3.0, 
            2.0, 
            1.0, 
            1.0, 
            1.0, 
            1.0, 
            1.0, 
            1.0, 
            1.0, 
            12.0, 
            2.0, 
            1.0, 
            7.0, 
            1.0, 
            1.0, 
            1.0, 
            1.0, 
            1.0, 
            1.0, 
            12.0, 
            6.0, 
            2.0, 
            3.0, 
            1.0, 
            1.0, 
            2.0, 
            1.0, 
            1.0, 
            6.0, 
            1.0, 
            1.0, 
            2.0, 
            1.0, 
            1.0, 
            1.0, 
            1.0, 
            1.0, 
            3.0, 
            2.0, 
            2.0, 
            2.0, 
            9.0, 
            1.0, 
            1.0, 
            7.0, 
            1.0, 
            1.0, 
            1.0, 
            18.0, 
            1.0, 
            1.0, 
            2.0, 
            1.0, 
            4.0, 
            1.0, 
            1.0, 
            1.0, 
            1.0, 
            1.0, 
            1.0, 
            1.0, 
            1.0, 
            1.0, 
            1.0, 
            1.0, 
            2.0, 
            1.0, 
            1.0, 
            2.0, 
            2.0, 
            2.0, 
            1.0, 
            1.0, 
            2.0, 
            1.0, 
            1.0, 
            1.0, 
            2.0, 
            1.0, 
            1.0, 
            1.0, 
            1.0, 
            1.0, 
            1.0, 
            12.0, 
            1.0, 
            1.0, 
            4.0, 
            1.0, 
            7.0, 
            1.0, 
            2.0, 
            2.0, 
            1.0, 
            1.0, 
            1.0, 
            1.0, 
            2.0, 
            3.0, 
            1.0, 
            1.0, 
            1.0, 
            2.0, 
            1.0, 
            30.0, 
            1.0, 
            1.0, 
            1.0, 
            1.0, 
            5.0, 
            2.0, 
            14.0, 
            1.0, 
            1.0, 
            3.0, 
            1.0, 
            1.0, 
            1.0, 
            1.0, 
            3.0, 
            4.0, 
            3.0, 
            1.0, 
            5.0, 
            1.0, 
            1.0, 
            5.0, 
            1.0, 
            2.0, 
            1.0, 
            4.0, 
            2.0, 
            1.0, 
            1.0, 
            1.0, 
            1.0, 
            1.0, 
            1.0, 
            2.0, 
            10.0, 
            2.0, 
            1.0, 
            7.0, 
            1.0, 
            1.0, 
            1.0, 
            1.0, 
            1.0, 
            1.0, 
            1.0, 
            1.0, 
            1.0, 
            1.0, 
            4.0, 
            1.0, 
            1.0, 
            1.0, 
            2.0, 
            3.0, 
            5.0, 
            2.0, 
            4.0, 
            2.0, 
            1.0, 
            9.0, 
            2.0, 
            4.0, 
            1.0, 
            1.0, 
            4.0, 
            2.0, 
            7.0, 
            2.0, 
            3.0, 
            1.0, 
            1.0, 
            1.0, 
            1.0, 
            1.0, 
            1.0, 
            1.0, 
            1.0, 
            1.0, 
            2.0, 
            6.0, 
            2.0, 
            1.0, 
            4.0, 
            2.0, 
            5.0, 
            1.0, 
            19.0, 
            1.0, 
            1.0, 
            1.0, 
            1.0, 
            1.0, 
            1.0, 
            1.0, 
            1.0, 
            3.0, 
            1.0, 
            1.0, 
            3.0, 
            1.0, 
            1.0, 
            2.0, 
            5.0, 
            1.0, 
            1.0, 
            3.0, 
            1.0, 
            1.0, 
            5.0, 
            4.0, 
            1.0, 
            3.0, 
            1.0, 
            4.0, 
            1.0, 
            1.0, 
            1.0, 
            1.0, 
            1.0, 
            1.0, 
            1.0, 
            1.0, 
            1.0, 
            1.0, 
            1.0, 
            1.0, 
            1.0, 
            2.0, 
            2.0, 
            1.0, 
            1.0, 
            1.0, 
            1.0, 
            1.0, 
            1.0, 
            1.0, 
            1.0, 
            4.0, 
            2.0, 
            2.0, 
            1.0, 
            1.0, 
            3.0, 
            1.0, 
            8.0, 
            1.0, 
            1.0, 
            1.0, 
            9.0, 
            2.0, 
            1.0, 
            1.0, 
            1.0, 
            1.0, 
            3.0, 
            1.0, 
            1.0, 
            1.0, 
            1.0, 
            1.0, 
            1.0, 
            1.0, 
            1.0, 
            1.0, 
            12.0, 
            1.0, 
            1.0, 
            1.0, 
            1.0, 
            1.0, 
            1.0, 
            1.0, 
            1.0, 
            1.0, 
            1.0, 
            1.0, 
            3.0, 
            1.0, 
            1.0, 
            1.0, 
            1.0, 
            1.0, 
            1.0, 
            1.0, 
            1.0, 
            1.0, 
            2.0, 
            1.0, 
            2.0, 
            1.0, 
            1.0, 
            1.0, 
            1.0, 
            1.0, 
            1.0, 
            2.0, 
            1.0, 
            3.0, 
            1.0, 
            1.0, 
            1.0, 
            1.0, 
            2.0, 
            1.0, 
            1.0, 
            4.0, 
            1.0, 
            1.0, 
            2.0, 
            1.0, 
            1.0, 
            1.0, 
            2.0, 
            1.0, 
            1.0, 
            11.0, 
            1.0, 
            1.0, 
            1.0, 
            1.0, 
            6.0, 
            2.0, 
            1.0, 
            1.0, 
            18.0, 
            2.0, 
            2.0, 
            1.0, 
            1.0, 
            1.0, 
            1.0, 
            1.0, 
            5.0, 
            1.0, 
            1.0, 
            2.0, 
            1.0, 
            1.0, 
            7.0, 
            1.0, 
            2.0, 
            2.0, 
            1.0, 
            1.0, 
            1.0, 
            1.0, 
            1.0, 
            1.0, 
            1.0, 
            1.0, 
            4.0, 
            1.0, 
            1.0, 
            4.0, 
            1.0, 
            1.0, 
            3.0, 
            1.0, 
            1.0, 
            6.0, 
            2.0, 
            1.0, 
            1.0, 
            1.0, 
            1.0, 
            3.0, 
            1.0, 
            5.0, 
            13.0, 
            2.0, 
            2.0, 
            1.0, 
            2.0, 
            1.0, 
            1.0, 
            1.0, 
            1.0, 
            1.0, 
            1.0, 
            1.0, 
            1.0, 
            1.0, 
            1.0, 
            3.0, 
            1.0, 
            2.0, 
            1.0, 
            1.0, 
            1.0, 
            2.0, 
            3.0, 
            2.0, 
            1.0, 
            1.0, 
            1.0, 
            1.0, 
            1.0, 
            2.0, 
            1.0, 
            1.0, 
            1.0, 
            1.0, 
            1.0, 
            1.0, 
            1.0, 
            2.0, 
            9.0, 
            1.0, 
            1.0, 
            1.0, 
            1.0, 
            1.0, 
            1.0, 
            1.0, 
            1.0, 
            1.0, 
            1.0, 
            1.0, 
            1.0, 
            1.0, 
            1.0, 
            9.0, 
            1.0, 
            1.0, 
            1.0, 
            1.0, 
            1.0, 
            1.0, 
            3.0, 
            1.0, 
            5.0, 
            2.0, 
            1.0, 
            3.0, 
            3.0, 
            2.0, 
            1.0, 
            1.0, 
            1.0, 
            5.0, 
            8.0, 
            1.0, 
            1.0, 
            2.0, 
            2.0, 
            1.0, 
            1.0, 
            1.0, 
            1.0, 
            1.0, 
            1.0, 
            1.0, 
            2.0, 
            2.0, 
            1.0, 
            1.0, 
            1.0, 
            4.0, 
            1.0, 
            1.0, 
            1.0, 
            3.0, 
            1.0, 
            2.0, 
            1.0, 
            1.0, 
            1.0, 
            1.0, 
            9.0, 
            2.0, 
            3.0, 
            1.0, 
            1.0, 
            2.0, 
            2.0, 
            2.0, 
            1.0, 
            2.0, 
            1.0, 
            1.0, 
            1.0, 
            4.0, 
            2.0, 
            1.0, 
            1.0, 
            8.0, 
            1.0, 
            10.0, 
            2.0, 
            2.0, 
            1.0, 
            1.0, 
            1.0, 
            1.0, 
            1.0, 
            1.0, 
            2.0, 
            1.0, 
            1.0, 
            1.0, 
            1.0, 
            10.0, 
            1.0, 
            1.0, 
            1.0, 
            1.0, 
            1.0, 
            1.0, 
            2.0, 
            1.0, 
            1.0, 
            1.0
        ]
    }, 
    "processed_feature_names": [
        "item_category_id", 
        "item_cnt_month_avg", 
        "item_cnt_prev_month", 
        "item_id", 
        "shop_id", 
        "dummy:shop_name:\u041c\u043e\u0441\u043a\u0432\u0430 \u0422\u0426 \"\u0421\u0435\u043c\u0435\u043d\u043e\u0432\u0441\u043a\u0438\u0439\"", 
        "dummy:shop_name:\u041c\u043e\u0441\u043a\u0432\u0430 \u0422\u0420\u041a \"\u0410\u0442\u0440\u0438\u0443\u043c\"", 
        "dummy:shop_name:\u0425\u0438\u043c\u043a\u0438 \u0422\u0426 \"\u041c\u0435\u0433\u0430\"", 
        "dummy:shop_name:\u041c\u043e\u0441\u043a\u0432\u0430 \u0422\u0426 \"\u041c\u0415\u0413\u0410 \u0422\u0435\u043f\u043b\u044b\u0439 \u0421\u0442\u0430\u043d\" II", 
        "dummy:shop_name:\u042f\u043a\u0443\u0442\u0441\u043a \u041e\u0440\u0434\u0436\u043e\u043d\u0438\u043a\u0438\u0434\u0437\u0435, 56", 
        "dummy:shop_name:\u0421\u041f\u0431 \u0422\u041a \"\u041d\u0435\u0432\u0441\u043a\u0438\u0439 \u0426\u0435\u043d\u0442\u0440\"", 
        "dummy:shop_name:\u041c\u043e\u0441\u043a\u0432\u0430 \u0422\u0426 \"\u041c\u0415\u0413\u0410 \u0411\u0435\u043b\u0430\u044f \u0414\u0430\u0447\u0430 II\"", 
        "dummy:shop_name:\u0412\u043e\u0440\u043e\u043d\u0435\u0436 (\u041f\u043b\u0435\u0445\u0430\u043d\u043e\u0432\u0441\u043a\u0430\u044f, 13)", 
        "dummy:shop_name:\u0427\u0435\u0445\u043e\u0432 \u0422\u0420\u0426 \"\u041a\u0430\u0440\u043d\u0430\u0432\u0430\u043b\"", 
        "dummy:shop_name:\u042f\u043a\u0443\u0442\u0441\u043a \u0422\u0426 \"\u0426\u0435\u043d\u0442\u0440\u0430\u043b\u044c\u043d\u044b\u0439\"", 
        "dummy:shop_name:\u041c\u043e\u0441\u043a\u0432\u0430 \u041c\u0422\u0420\u0426 \"\u0410\u0444\u0438 \u041c\u043e\u043b\u043b\"", 
        "dummy:shop_name:\u0421\u0435\u0440\u0433\u0438\u0435\u0432 \u041f\u043e\u0441\u0430\u0434 \u0422\u0426 \"7\u042f\"", 
        "dummy:shop_name:\u041a\u0443\u0440\u0441\u043a \u0422\u0426 \"\u041f\u0443\u0448\u043a\u0438\u043d\u0441\u043a\u0438\u0439\"", 
        "dummy:shop_name:\u0422\u044e\u043c\u0435\u043d\u044c \u0422\u0426 \"\u0413\u0443\u0434\u0432\u0438\u043d\"", 
        "dummy:shop_name:\u041d.\u041d\u043e\u0432\u0433\u043e\u0440\u043e\u0434 \u0422\u0420\u0426 \"\u0424\u0430\u043d\u0442\u0430\u0441\u0442\u0438\u043a\u0430\"", 
        "dummy:shop_name:\u0412\u043e\u0440\u043e\u043d\u0435\u0436 \u0422\u0420\u0426 \"\u041c\u0430\u043a\u0441\u0438\u043c\u0438\u0440\"", 
        "dummy:shop_name:\u041c\u043e\u0441\u043a\u0432\u0430 \u0422\u0426 \"\u0410\u0440\u0435\u0430\u043b\" (\u0411\u0435\u043b\u044f\u0435\u0432\u043e)", 
        "dummy:shop_name:\u0421\u0443\u0440\u0433\u0443\u0442 \u0422\u0420\u0426 \"\u0421\u0438\u0442\u0438 \u041c\u043e\u043b\u043b\"", 
        "dummy:shop_name:\u041a\u0430\u043b\u0443\u0433\u0430 \u0422\u0420\u0426 \"XXI \u0432\u0435\u043a\"", 
        "dummy:shop_name:\u041c\u043e\u0441\u043a\u0432\u0430 \u0422\u0426 \"\u041f\u0435\u0440\u043b\u043e\u0432\u0441\u043a\u0438\u0439\"", 
        "dummy:shop_name:\u041a\u043e\u043b\u043e\u043c\u043d\u0430 \u0422\u0426 \"\u0420\u0438\u043e\"", 
        "dummy:shop_name:\u0423\u0444\u0430 \u0422\u0426 \"\u0421\u0435\u043c\u044c\u044f\" 2", 
        "dummy:shop_name:\u041a\u0440\u0430\u0441\u043d\u043e\u044f\u0440\u0441\u043a \u0422\u0426 \"\u0418\u044e\u043d\u044c\"", 
        "dummy:shop_name:\u0422\u044e\u043c\u0435\u043d\u044c \u0422\u0426 \"\u0417\u0435\u043b\u0435\u043d\u044b\u0439 \u0411\u0435\u0440\u0435\u0433\"", 
        "dummy:shop_name:\u041c\u043e\u0441\u043a\u0432\u0430 \u0422\u041a \"\u0411\u0443\u0434\u0435\u043d\u043e\u0432\u0441\u043a\u0438\u0439\" (\u043f\u0430\u0432.\u041a7)", 
        "dummy:shop_name:\u0423\u0444\u0430 \u0422\u041a \"\u0426\u0435\u043d\u0442\u0440\u0430\u043b\u044c\u043d\u044b\u0439\"", 
        "dummy:shop_name:\u041c\u043e\u0441\u043a\u0432\u0430 \u0422\u0426 \"\u041d\u043e\u0432\u044b\u0439 \u0432\u0435\u043a\" (\u041d\u043e\u0432\u043e\u043a\u043e\u0441\u0438\u043d\u043e)", 
        "dummy:shop_name:\u0421\u0430\u043c\u0430\u0440\u0430 \u0422\u0426 \"\u041c\u0435\u043b\u043e\u0434\u0438\u044f\"", 
        "dummy:shop_name:\u041e\u043c\u0441\u043a \u0422\u0426 \"\u041c\u0435\u0433\u0430\"", 
        "dummy:shop_name:\u041d\u043e\u0432\u043e\u0441\u0438\u0431\u0438\u0440\u0441\u043a \u0422\u0426 \"\u041c\u0435\u0433\u0430\"", 
        "dummy:shop_name:\u0420\u043e\u0441\u0442\u043e\u0432\u041d\u0430\u0414\u043e\u043d\u0443 \u0422\u0426 \"\u041c\u0435\u0433\u0430\"", 
        "dummy:shop_name:\u042f\u0440\u043e\u0441\u043b\u0430\u0432\u043b\u044c \u0422\u0426 \"\u0410\u043b\u044c\u0442\u0430\u0438\u0440\"", 
        "dummy:shop_name:\u041c\u043e\u0441\u043a\u0432\u0430 \u041c\u0430\u0433\u0430\u0437\u0438\u043d \u042121", 
        "dummy:shop_name:\u0412\u043e\u043b\u043e\u0433\u0434\u0430 \u0422\u0420\u0426 \"\u041c\u0430\u0440\u043c\u0435\u043b\u0430\u0434\"", 
        "dummy:shop_name:\u0412\u043e\u043b\u0436\u0441\u043a\u0438\u0439 \u0422\u0426 \"\u0412\u043e\u043b\u0433\u0430 \u041c\u043e\u043b\u043b\"", 
        "dummy:shop_name:\u0421\u0430\u043c\u0430\u0440\u0430 \u0422\u0426 \"\u041f\u0430\u0440\u043a\u0425\u0430\u0443\u0441\"", 
        "dummy:shop_name:\u041a\u0430\u0437\u0430\u043d\u044c \u0422\u0426 \"\u041f\u0430\u0440\u043a\u0425\u0430\u0443\u0441\" II", 
        "dummy:shop_name:\u0421\u041f\u0431 \u0422\u041a \"\u0421\u0435\u043d\u043d\u0430\u044f\"", 
        "dummy:shop_name:\u0418\u043d\u0442\u0435\u0440\u043d\u0435\u0442-\u043c\u0430\u0433\u0430\u0437\u0438\u043d \u0427\u0421", 
        "dummy:shop_name:\u0411\u0430\u043b\u0430\u0448\u0438\u0445\u0430 \u0422\u0420\u041a \"\u041e\u043a\u0442\u044f\u0431\u0440\u044c-\u041a\u0438\u043d\u043e\u043c\u0438\u0440\"", 
        "dummy:shop_name:\u0410\u0434\u044b\u0433\u0435\u044f \u0422\u0426 \"\u041c\u0435\u0433\u0430\"", 
        "dummy:shop_name:\u041a\u0440\u0430\u0441\u043d\u043e\u044f\u0440\u0441\u043a \u0422\u0426 \"\u0412\u0437\u043b\u0435\u0442\u043a\u0430 \u041f\u043b\u0430\u0437\u0430\"", 
        "dummy:shop_name:\u0416\u0443\u043a\u043e\u0432\u0441\u043a\u0438\u0439 \u0443\u043b. \u0427\u043a\u0430\u043b\u043e\u0432\u0430 39\u043c?", 
        "dummy:shop_name:\u0422\u043e\u043c\u0441\u043a \u0422\u0420\u0426 \"\u0418\u0437\u0443\u043c\u0440\u0443\u0434\u043d\u044b\u0439 \u0413\u043e\u0440\u043e\u0434\"", 
        "dummy:shop_name:\u0426\u0438\u0444\u0440\u043e\u0432\u043e\u0439 \u0441\u043a\u043b\u0430\u0434 1\u0421-\u041e\u043d\u043b\u0430\u0439\u043d", 
        "dummy:shop_name:\u041a\u0430\u0437\u0430\u043d\u044c \u0422\u0426 \"\u0411\u0435\u0445\u0435\u0442\u043b\u0435\"", 
        "dummy:shop_name:\u0422\u044e\u043c\u0435\u043d\u044c \u0422\u0420\u0426 \"\u041a\u0440\u0438\u0441\u0442\u0430\u043b\u043b\"", 
        "dummy:shop_name:\u0420\u043e\u0441\u0442\u043e\u0432\u041d\u0430\u0414\u043e\u043d\u0443 \u0422\u0420\u041a \"\u041c\u0435\u0433\u0430\u0446\u0435\u043d\u0442\u0440 \u0413\u043e\u0440\u0438\u0437\u043e\u043d\u0442\"", 
        "dummy:shop_name:\u041c\u043e\u0441\u043a\u0432\u0430 \u0422\u0426 \"\u0421\u0435\u0440\u0435\u0431\u0440\u044f\u043d\u044b\u0439 \u0414\u043e\u043c\"", 
        "dummy:shop_name:!\u042f\u043a\u0443\u0442\u0441\u043a \u041e\u0440\u0434\u0436\u043e\u043d\u0438\u043a\u0438\u0434\u0437\u0435, 56 \u0444\u0440\u0430\u043d", 
        "dummy:shop_name:\u041c\u043e\u0441\u043a\u0432\u0430 \u0422\u041a \"\u0411\u0443\u0434\u0435\u043d\u043e\u0432\u0441\u043a\u0438\u0439\" (\u043f\u0430\u0432.\u04102)", 
        "dummy:shop_name:\u041d.\u041d\u043e\u0432\u0433\u043e\u0440\u043e\u0434 \u0422\u0420\u0426 \"\u0420\u0418\u041e\"", 
        "dummy:shop_name:\u041c\u044b\u0442\u0438\u0449\u0438 \u0422\u0420\u041a \"XL-3\"", 
        "dummy:shop_name:!\u042f\u043a\u0443\u0442\u0441\u043a \u0422\u0426 \"\u0426\u0435\u043d\u0442\u0440\u0430\u043b\u044c\u043d\u044b\u0439\" \u0444\u0440\u0430\u043d", 
        "dummy:shop_name:\u0412\u043e\u0440\u043e\u043d\u0435\u0436 \u0422\u0420\u0426 \u0421\u0438\u0442\u0438-\u041f\u0430\u0440\u043a \"\u0413\u0440\u0430\u0434\"", 
        "dummy:shop_name:\u0420\u043e\u0441\u0442\u043e\u0432\u041d\u0430\u0414\u043e\u043d\u0443 \u0422\u0420\u041a \"\u041c\u0435\u0433\u0430\u0446\u0435\u043d\u0442\u0440 \u0413\u043e\u0440\u0438\u0437\u043e\u043d\u0442\" \u041e\u0441\u0442\u0440\u043e\u0432\u043d\u043e\u0439", 
        "dummy:shop_name:\u0412\u044b\u0435\u0437\u0434\u043d\u0430\u044f \u0422\u043e\u0440\u0433\u043e\u0432\u043b\u044f", 
        "dummy:shop_name:\u041c\u043e\u0441\u043a\u0432\u0430 \"\u0420\u0430\u0441\u043f\u0440\u043e\u0434\u0430\u0436\u0430\"", 
        "dummy:shop_name:\u0416\u0443\u043a\u043e\u0432\u0441\u043a\u0438\u0439 \u0443\u043b. \u0427\u043a\u0430\u043b\u043e\u0432\u0430 39\u043c\u00b2", 
        "dummy:shop_name:\u041d\u043e\u0432\u043e\u0441\u0438\u0431\u0438\u0440\u0441\u043a \u0422\u0420\u0426 \"\u0413\u0430\u043b\u0435\u0440\u0435\u044f \u041d\u043e\u0432\u043e\u0441\u0438\u0431\u0438\u0440\u0441\u043a\"", 
        "dummy:shop_name:N/A", 
        "dummy:shop_name:__Others__"
    ], 
    "regression_performance": {
        "max_error": 5.2758865248226954, 
        "median_error": -0.000265339966832423, 
        "error_distribution": [
            {
                "count": 5709, 
                "bin_max": -3.5224113475177306, 
                "bin_id": 0, 
                "bin_min": -4.5097758865248228
            }, 
            {
                "count": 3260, 
                "bin_max": -2.5448226950354611, 
                "bin_id": 1, 
                "bin_min": -3.5224113475177306
            }, 
            {
                "count": 7617, 
                "bin_max": -1.5672340425531912, 
                "bin_id": 2, 
                "bin_min": -2.5448226950354611
            }, 
            {
                "count": 25177, 
                "bin_max": -0.58964539007092176, 
                "bin_id": 3, 
                "bin_min": -1.5672340425531912
            }, 
            {
                "count": 118447, 
                "bin_max": 0.38794326241134769, 
                "bin_id": 4, 
                "bin_min": -0.58964539007092176
            }, 
            {
                "count": 22740, 
                "bin_max": 1.3655319148936176, 
                "bin_id": 5, 
                "bin_min": 0.38794326241134769
            }, 
            {
                "count": 6924, 
                "bin_max": 2.3431205673758866, 
                "bin_id": 6, 
                "bin_min": 1.3655319148936176
            }, 
            {
                "count": 3182, 
                "bin_max": 3.3207092198581565, 
                "bin_id": 7, 
                "bin_min": 2.3431205673758866
            }, 
            {
                "count": 1641, 
                "bin_max": 4.2982978723404255, 
                "bin_id": 8, 
                "bin_min": 3.3207092198581565
            }, 
            {
                "count": 5147, 
                "bin_max": 5.2758865248226954, 
                "bin_id": 9, 
                "bin_min": 4.2982978723404255
            }
        ], 
        "min_error": -4.5, 
        "average_error": -0.07933033739162883, 
        "std_error": 1.4539175118808998, 
        "p75_error": 0.0008141112618724744, 
        "p90_error": 1.0132890365448506, 
        "p25_error": -0.4701834862385321
    }
}