{
  "state": "DONE",
  "preSearchDescription": {
    "gridLength": 2,
    "importantParams": [
      {
        "name": "max_depth",
        "vals": [
          "20",
          "30"
        ]
      },
      {
        "name": "min_samples",
        "vals": [
          "1"
        ]
      },
      {
        "name": "criterion",
        "vals": [
          "gini"
        ]
      }
    ]
  },
  "postSearchDescription": {
    "importantParams": [
      {
        "name": "criterion",
        "val": "mse"
      },
      {
        "name": "max_depth",
        "val": "5"
      },
      {
        "name": "min_samples",
        "val": "1"
      }
    ]
  },
  "modelId": "m1",
  "progress": {
    "top_level_todo": [],
    "stack": [],
    "top_level_done": [
      {
        "name": "Loading train set",
        "time": 3217
      },
      {
        "name": "Loading test set",
        "time": 762
      },
      {
        "name": "Collecting statistics",
        "time": 542
      },
      {
        "name": "Preprocessing train set",
        "time": 1071
      },
      {
        "name": "Preprocessing test set",
        "time": 296
      },
      {
        "name": "Grid searching",
        "time": 76710
      },
      {
        "name": "Fitting model",
        "time": 24573
      },
      {
        "name": "Saving model",
        "time": 5
      },
      {
        "name": "Scoring model",
        "time": 17342
      }
    ]
  },
  "startTime": 1523115377047,
  "endTime": 1523115501597,
  "preprocessingTime": 5892,
  "trainingTime": 118658
}