{
    "probaAware": true, 
    "modelInputNRows": 448, 
    "modelInputNCols": 30, 
    "modelInputMemory": 107520, 
    "lmCoefficients": {
        "variables": [
            "Concave_Points_Mean", 
            "Concave_Points_Worst", 
            "Concavity_Worst", 
            "Radius_Se", 
            "Radius_Worst", 
            "Smoothness_Worst", 
            "Symmetry_Worst", 
            "Texture_Worst"
        ], 
        "tstat": [
            0.67174071606757269, 
            0.60732288674786472, 
            0.069136840052845247, 
            0.51100470535391318, 
            2.1275765097145904, 
            0.1862407833686365, 
            0.22191820271953741, 
            0.56792770499168777
        ], 
        "interceptCoef": -0.36720835217920172, 
        "pvalue": [
            0.25106037262916248, 
            0.27198360415146627, 
            0.47245691864028916, 
            0.30480909804573475, 
            0.01697917576362773, 
            0.42617325406180651, 
            0.41224309953046689, 
            0.28519485816814405
        ], 
        "coefs": [
            0.66966187547105915, 
            0.60544340044911216, 
            0.068922881800235591, 
            0.50942329559105382, 
            2.1209922841126683, 
            0.18566442274029804, 
            0.221231430937086, 
            0.56617013523183513
        ]
    }, 
    "modelInputIsSparse": false
}