{
    "liftVizData": {
        "wizard": {
            "positives": 50, 
            "total": 121
        }, 
        "bins": [
            {
                "cum_lift": 0.24, 
                "bin_pos_prop": 1.0, 
                "bin_min": 0.9978633859, 
                "percentile_idx": 0, 
                "cum_size": 0.0991735537, 
                "bin_lift": 2.42, 
                "bin_max": 0.9999969906
            }, 
            {
                "cum_lift": 0.48, 
                "bin_pos_prop": 1.0, 
                "bin_min": 0.9852805715, 
                "percentile_idx": 1, 
                "cum_size": 0.1983471074, 
                "bin_lift": 2.42, 
                "bin_max": 0.9978633859
            }, 
            {
                "cum_lift": 0.72, 
                "bin_pos_prop": 1.0, 
                "bin_min": 0.9399826502, 
                "percentile_idx": 2, 
                "cum_size": 0.2975206612, 
                "bin_lift": 2.42, 
                "bin_max": 0.9852805715
            }, 
            {
                "cum_lift": 0.96, 
                "bin_pos_prop": 1.0, 
                "bin_min": 0.5796409834, 
                "percentile_idx": 3, 
                "cum_size": 0.3966942149, 
                "bin_lift": 2.42, 
                "bin_max": 0.9399826502
            }, 
            {
                "cum_lift": 1.0, 
                "bin_pos_prop": 0.1666666667, 
                "bin_min": 0.1421109688, 
                "percentile_idx": 4, 
                "cum_size": 0.4958677686, 
                "bin_lift": 0.4033333333, 
                "bin_max": 0.5796409834
            }, 
            {
                "cum_lift": 1.0, 
                "bin_pos_prop": 0.0, 
                "bin_min": 0.0913165256, 
                "percentile_idx": 5, 
                "cum_size": 0.5950413223, 
                "bin_lift": 0.0, 
                "bin_max": 0.1421109688
            }, 
            {
                "cum_lift": 1.0, 
                "bin_pos_prop": 0.0, 
                "bin_min": 0.051486397, 
                "percentile_idx": 6, 
                "cum_size": 0.694214876, 
                "bin_lift": 0.0, 
                "bin_max": 0.0913165256
            }, 
            {
                "cum_lift": 1.0, 
                "bin_pos_prop": 0.0, 
                "bin_min": 0.0339239052, 
                "percentile_idx": 7, 
                "cum_size": 0.7933884298, 
                "bin_lift": 0.0, 
                "bin_max": 0.051486397
            }, 
            {
                "cum_lift": 1.0, 
                "bin_pos_prop": 0.0, 
                "bin_min": 0.0108276576, 
                "percentile_idx": 8, 
                "cum_size": 0.8925619835, 
                "bin_lift": 0.0, 
                "bin_max": 0.0339239052
            }, 
            {
                "cum_lift": 1.0, 
                "bin_pos_prop": 0.0, 
                "bin_min": 0.0018839455, 
                "percentile_idx": 9, 
                "cum_size": 1.0, 
                "bin_lift": 0.0, 
                "bin_max": 0.0108276576
            }
        ]
    }, 
    "usedThreshold": 0.60000000000000009, 
    "probaPercentiles": [
        0.002685031191616592, 
        0.0044393043464139624, 
        0.004632673755768566, 
        0.004927728542501741, 
        0.005077076072142225, 
        0.005150124384650202, 
        0.005567291516128453, 
        0.006023942668276312, 
        0.009629314053163423, 
        0.01082765761430023, 
        0.011081282385744656, 
        0.012639041053598747, 
        0.016644264054006225, 
        0.019419328782213256, 
        0.020428848173579584, 
        0.02298429586447049, 
        0.024635989303867505, 
        0.02722198712723716, 
        0.031041423345594676, 
        0.03392390519024372, 
        0.03492143276398877, 
        0.038075677164857914, 
        0.03930986632304616, 
        0.04071790909404245, 
        0.041051818385826805, 
        0.04137430990245894, 
        0.042196436962021355, 
        0.04416433145477219, 
        0.047740264666579296, 
        0.05148639700604042, 
        0.0557736653795057, 
        0.0616646758196189, 
        0.0641772458137899, 
        0.06695451814316974, 
        0.07271069877385455, 
        0.07667515971443968, 
        0.08221233123041546, 
        0.08440874237068863, 
        0.08683737441573293, 
        0.09131652563106842, 
        0.09244242169576264, 
        0.09587322005296885, 
        0.09890141082271009, 
        0.10409999406059603, 
        0.10652998211608493, 
        0.12185411989065992, 
        0.12223788798803323, 
        0.12498878943031531, 
        0.13264364136975737, 
        0.14211096879894072, 
        0.14629194871255624, 
        0.15542562759301004, 
        0.1743192988607006, 
        0.18450411290083185, 
        0.22376522585212597, 
        0.27220762341751487, 
        0.32482374509713685, 
        0.41950607925469147, 
        0.4431286744834218, 
        0.5796409833832709, 
        0.6814356080329504, 
        0.7727696955562087, 
        0.8346390950005023, 
        0.8618804320169219, 
        0.884573110636492, 
        0.9049971554450619, 
        0.9051857912259453, 
        0.9140487458624027, 
        0.9233876540155534, 
        0.9399826502490171, 
        0.9442565801689923, 
        0.9596378551771747, 
        0.9642659826468833, 
        0.9669380740177762, 
        0.96726559490088, 
        0.9691667730025462, 
        0.9754823686926246, 
        0.9807310774648219, 
        0.9836962139024822, 
        0.9852805714665304, 
        0.9903339146081217, 
        0.9927299699829011, 
        0.994232480235044, 
        0.9946588851165383, 
        0.9954510699308146, 
        0.9956078588552677, 
        0.9961232388973964, 
        0.996719258284172, 
        0.9974248230114663, 
        0.9978633859202828, 
        0.9980060983765333, 
        0.9984313409234582, 
        0.9992180558876531, 
        0.9996443200485415, 
        0.9997229647394831, 
        0.9997908480018924, 
        0.9998730523534263, 
        0.9999134943596992, 
        0.9999335267925089
    ], 
    "rocVizData": [
        [
            {
                "y": 0.02, 
                "x": 0.0, 
                "p": 0.99999699058910574
            }, 
            {
                "y": 0.95999999999999996, 
                "x": 0.0, 
                "p": 0.66843861375280944
            }, 
            {
                "y": 0.97999999999999998, 
                "x": 0.056338028169014086, 
                "p": 0.27898310501785356
            }, 
            {
                "y": 1.0, 
                "x": 1.0, 
                "p": 0.0018839454947209404
            }
        ]
    ], 
    "metrics": {}, 
    "densityData": {
        "1": {
            "incorrect": [
                4.3609428735865245, 
                4.865919166771939, 
                5.249397959698231, 
                5.488365598997191, 
                5.576029708565837, 
                5.521109093125965, 
                5.344258094291321, 
                5.072878882481199, 
                4.735829739677924, 
                4.359276626858369, 
                3.964338079665229, 
                3.566514415660908, 
                3.176410611950464, 
                2.8010728149518886, 
                2.445337323064375, 
                2.112824093298593, 
                1.8064628434752488, 
                1.5286261089013529, 
                1.2810276600468589, 
                1.0645431671116758, 
                0.8790627190015471, 
                0.7234302339840653, 
                0.5954860671319624, 
                0.49221128975808265, 
                0.40996713819639763, 
                0.3448182302982367, 
                0.29291420763009274, 
                0.2508815499955207, 
                0.21615520368438038, 
                0.18717280160701485, 
                0.16337331416679451, 
                0.14498661739600355, 
                0.13265761252012992, 
                0.12699749870828989, 
                0.12817665514293064, 
                0.1356596784292988, 
                0.14813867638348377, 
                0.16366252217476723, 
                0.1799083530116645, 
                0.19451401564109227, 
                0.20539261764457173, 
                0.21097628755384398, 
                0.21037005251125135, 
                0.20342188674593142, 
                0.19072264149721993, 
                0.17354259442010495, 
                0.15370111412832108, 
                0.1333641168440444, 
                0.1147751343507333, 
                0.09994542898411617, 
                0.09034737475411934, 
                0.08666535082137655, 
                0.08865647710746608, 
                0.0951601712334901, 
                0.10427212851497547, 
                0.11366646922811878, 
                0.12101348871873659, 
                0.12440880170306672, 
                0.12271570057816412, 
                0.11573696386420387, 
                0.1041758451355562, 
                0.08940573008080863, 
                0.07312199262065242, 
                0.05697717725778408, 
                0.042292630624438686, 
                0.029902562868499093, 
                0.02013798314841347, 
                0.012917515757300194, 
                0.007892109930980572, 
                0.0045925730780205535, 
                0.0025454622620690553, 
                0.0013437679206102773, 
                0.0006756605652971745, 
                0.0003235783111775285, 
                0.00014759670993766887, 
                6.412396151834823e-05, 
                2.6534467972010864e-05, 
                1.0457955334610214e-05, 
                3.925812319298106e-06, 
                1.4036493647569623e-06, 
                4.780068064959623e-07, 
                1.550443249092118e-07, 
                4.789873169615641e-08, 
                1.4094137340715144e-08, 
                3.9500203216206836e-09, 
                1.0544026922919169e-09, 
                2.6807729201994196e-10, 
                6.491721723005306e-11, 
                1.497290631965124e-11, 
                3.289263495457045e-12, 
                6.882362894991819e-13, 
                1.3715852849008273e-13, 
                2.6034809915144633e-14, 
                4.706871592985989e-15, 
                8.105067487767556e-16, 
                1.3293130418041263e-16, 
                2.076558838565568e-17, 
                3.0896377456966854e-18, 
                4.378418080704117e-19, 
                5.909806213704505e-20
            ], 
            "incorrectMedian": 0.048419748489299683, 
            "correct": [
                3.0482298813831667e-05, 
                5.591452475909972e-05, 
                0.00010022505379329487, 
                0.0001755507817203747, 
                0.0003004720995720635, 
                0.0005025515339034368, 
                0.0008213577230689959, 
                0.001311776073909797, 
                0.0020472136187646177, 
                0.003122075594170596, 
                0.004652661800927903, 
                0.0067754613067422895, 
                0.009641791896154715, 
                0.013407917649603897, 
                0.018220247951228393, 
                0.024195991897672024, 
                0.03140065871090621, 
                0.039824914495146926, 
                0.04936430332283959, 
                0.05980594187773199, 
                0.07082623800502874, 
                0.08200278683654653, 
                0.09284184373601184, 
                0.1028203433391237, 
                0.11143870964544704, 
                0.11827820429281274, 
                0.12305484170209986, 
                0.1256614146472202, 
                0.1261901576930765, 
                0.1249309735899969, 
                0.12234360912122048, 
                0.11900611495456238, 
                0.11554567485664283, 
                0.11256079264337435, 
                0.11054538747237146, 
                0.10982531552859409, 
                0.11051622151350816, 
                0.11250868499318917, 
                0.1154828137293214, 
                0.11895031602278125, 
                0.12231826380805036, 
                0.12496580429938935, 
                0.1263234375621285, 
                0.12594440532897538, 
                0.12355924007173227, 
                0.11910734190111036, 
                0.11274308435232742, 
                0.10481774403162746, 
                0.09584182336097306, 
                0.08643453020317975, 
                0.07726797762916991, 
                0.06901306901946268, 
                0.062292338850287586, 
                0.05764274564193484, 
                0.05548915607015039, 
                0.0561275380646542, 
                0.059716015293692984, 
                0.06627198071615296, 
                0.0756742240099783, 
                0.08767012141774812, 
                0.10188893334093353, 
                0.11786278603520903, 
                0.13505676858883003, 
                0.15290874437366736, 
                0.17087813002695834, 
                0.18850132870958483, 
                0.20545005028044308, 
                0.22158770397170033, 
                0.2370186176852604, 
                0.25212512871016235, 
                0.26758861608107026, 
                0.2843922367885505, 
                0.30380533886740874, 
                0.3273520104160025, 
                0.35676862265412973, 
                0.39395705169830764, 
                0.44094094913814436, 
                0.4998314250571577, 
                0.5728054331770344, 
                0.6620949890836438, 
                0.7699786121797324, 
                0.8987591689127422, 
                1.0507062821950826, 
                1.2279386964752328, 
                1.4322244813280738, 
                1.6646862365305333, 
                1.9254149548157669, 
                2.213018716686645, 
                2.5241578306136847, 
                2.8531414738524044, 
                3.1916762476261478, 
                3.528858288601241, 
                3.851483277440951, 
                4.144711749973154, 
                4.393073917060396, 
                4.581736791018288, 
                4.697898463925995, 
                4.732132833207259, 
                4.679494035886913, 
                4.540209520558219
            ], 
            "correctMedian": 0.9845995717591165
        }, 
        "0": {
            "incorrect": [
                4.540209520558219, 
                4.679494035886913, 
                4.732132833207259, 
                4.697898463925995, 
                4.581736791018288, 
                4.393073917060389, 
                4.144711749973154, 
                3.851483277440951, 
                3.528858288601241, 
                3.191676247626142, 
                2.853141473852399, 
                2.5241578306136825, 
                2.2130187166866415, 
                1.9254149548157633, 
                1.6646862365305304, 
                1.4322244813280738, 
                1.2279386964752295, 
                1.0507062821950808, 
                0.8987591689127414, 
                0.769978612179731, 
                0.6620949890836426, 
                0.5728054331770337, 
                0.4998314250571573, 
                0.44094094913814397, 
                0.3939570516983071, 
                0.35676862265412956, 
                0.3273520104160022, 
                0.30380533886740874, 
                0.2843922367885505, 
                0.26758861608107004, 
                0.25212512871016224, 
                0.23701861768526028, 
                0.22158770397170033, 
                0.20545005028044297, 
                0.18850132870958475, 
                0.1708781300269582, 
                0.15290874437366722, 
                0.13505676858882992, 
                0.11786278603520882, 
                0.10188893334093344, 
                0.08767012141774799, 
                0.07567422400997825, 
                0.06627198071615291, 
                0.05971601529369293, 
                0.05612753806465423, 
                0.05548915607015044, 
                0.057642745641934945, 
                0.0622923388502877, 
                0.0690130690194628, 
                0.07726797762916998, 
                0.0864345302031799, 
                0.09584182336097319, 
                0.10481774403162761, 
                0.11274308435232752, 
                0.11910734190111046, 
                0.12355924007173233, 
                0.12594440532897538, 
                0.1263234375621285, 
                0.12496580429938935, 
                0.12231826380805036, 
                0.11895031602278125, 
                0.11548281372932136, 
                0.11250868499318911, 
                0.11051622151350816, 
                0.10982531552859409, 
                0.11054538747237146, 
                0.11256079264337439, 
                0.11554567485664292, 
                0.11900611495456238, 
                0.12234360912122053, 
                0.12493097358999695, 
                0.1261901576930765, 
                0.1256614146472202, 
                0.12305484170209981, 
                0.11827820429281263, 
                0.11143870964544689, 
                0.10282034333912356, 
                0.09284184373601176, 
                0.08200278683654635, 
                0.07082623800502862, 
                0.05980594187773181, 
                0.049364303322839476, 
                0.03982491449514677, 
                0.031400658710906096, 
                0.02419599189767197, 
                0.018220247951228296, 
                0.01340791764960385, 
                0.009641791896154654, 
                0.006775461306742265, 
                0.0046526618009278655, 
                0.0031220755941705797, 
                0.0020472136187646107, 
                0.0013117760739097854, 
                0.0008213577230689915, 
                0.0005025515339034324, 
                0.0003004720995720614, 
                0.00017555078172037407, 
                0.000100225053793294, 
                5.591452475909933e-05, 
                3.048229881383156e-05
            ], 
            "incorrectMedian": 0.015400428240883557, 
            "correct": [
                5.90980621370459e-20, 
                4.378418080704241e-19, 
                3.089637745696795e-18, 
                2.0765588385655977e-17, 
                1.3293130418041546e-16, 
                8.105067487767844e-16, 
                4.706871592986056e-15, 
                2.6034809915145466e-14, 
                1.3715852849008518e-13, 
                6.88236289499199e-13, 
                3.289263495457127e-12, 
                1.497290631965156e-11, 
                6.491721723005468e-11, 
                2.680772920199467e-10, 
                1.0544026922919392e-09, 
                3.950020321620712e-09, 
                1.4094137340715495e-08, 
                4.78987316961576e-08, 
                1.5504432490921343e-07, 
                4.780068064959709e-07, 
                1.4036493647569825e-06, 
                3.925812319298162e-06, 
                1.0457955334610289e-05, 
                2.653446797201115e-05, 
                6.412396151834903e-05, 
                0.00014759670993767018, 
                0.00032357831117753197, 
                0.0006756605652971788, 
                0.0013437679206102903, 
                0.0025454622620690783, 
                0.00459257307802057, 
                0.007892109930980627, 
                0.012917515757300239, 
                0.020137983148413578, 
                0.029902562868499172, 
                0.04229263062443884, 
                0.05697717725778426, 
                0.07312199262065251, 
                0.08940573008080882, 
                0.10417584513555628, 
                0.11573696386420397, 
                0.12271570057816418, 
                0.12440880170306672, 
                0.12101348871873648, 
                0.11366646922811872, 
                0.10427212851497537, 
                0.09516017123349006, 
                0.08865647710746603, 
                0.08666535082137664, 
                0.09034737475411943, 
                0.09994542898411625, 
                0.11477513435073355, 
                0.13336411684404462, 
                0.15370111412832121, 
                0.17354259442010525, 
                0.19072264149722, 
                0.20342188674593153, 
                0.21037005251125146, 
                0.21097628755384398, 
                0.20539261764457173, 
                0.19451401564109216, 
                0.17990835301166433, 
                0.16366252217476715, 
                0.14813867638348363, 
                0.13565967842929863, 
                0.12817665514293064, 
                0.12699749870828989, 
                0.13265761252012992, 
                0.14498661739600366, 
                0.16337331416679468, 
                0.1871728016070152, 
                0.21615520368438085, 
                0.25088154999552115, 
                0.29291420763009324, 
                0.3448182302982373, 
                0.40996713819639874, 
                0.49221128975808354, 
                0.5954860671319633, 
                0.7234302339840669, 
                0.8790627190015479, 
                1.0645431671116778, 
                1.28102766004686, 
                1.5286261089013569, 
                1.8064628434752519, 
                2.112824093298593, 
                2.4453373230643796, 
                2.801072814951891, 
                3.1764106119504665, 
                3.5665144156609143, 
                3.9643380796652328, 
                4.359276626858369, 
                4.735829739677928, 
                5.072878882481203, 
                5.344258094291326, 
                5.521109093125969, 
                5.576029708565843, 
                5.488365598997197, 
                5.249397959698231, 
                4.865919166771944, 
                4.3609428735865245
            ], 
            "correctMedian": 0.95158025151070036
        }
    }, 
    "perCutData": {
        "fp": [
            71, 
            50, 
            35, 
            28, 
            19, 
            13, 
            8, 
            7, 
            5, 
            4, 
            4, 
            4, 
            3, 
            3, 
            3, 
            3, 
            2, 
            2, 
            1, 
            1, 
            1, 
            1, 
            1, 
            1, 
            0, 
            0, 
            0, 
            0, 
            0, 
            0, 
            0, 
            0, 
            0, 
            0, 
            0, 
            0, 
            0, 
            0, 
            0, 
            0
        ], 
        "f1": [
            0.58479532163742698, 
            0.66666666666666663, 
            0.7407407407407407, 
            0.78125000000000011, 
            0.84033613445378141, 
            0.88495575221238942, 
            0.92592592592592593, 
            0.93457943925233633, 
            0.95238095238095233, 
            0.96153846153846145, 
            0.96153846153846145, 
            0.95145631067961156, 
            0.96078431372549022, 
            0.96078431372549022, 
            0.96078431372549022, 
            0.96078431372549022, 
            0.97029702970297016, 
            0.97029702970297016, 
            0.96969696969696972, 
            0.96969696969696972, 
            0.96969696969696972, 
            0.96969696969696972, 
            0.96969696969696972, 
            0.96969696969696972, 
            0.97959183673469385, 
            0.97959183673469385, 
            0.97959183673469385, 
            0.96907216494845361, 
            0.96907216494845361, 
            0.96907216494845361, 
            0.95833333333333337, 
            0.95833333333333337, 
            0.95833333333333337, 
            0.95833333333333337, 
            0.93617021276595747, 
            0.92473118279569899, 
            0.91304347826086962, 
            0.85057471264367812, 
            0.82352941176470584, 
            0.71794871794871795
        ], 
        "mcc": [
            0.0, 
            0.38456120961904394, 
            0.54613198874454894, 
            0.62307848356166207, 
            0.72850570019413696, 
            0.8051921827435693, 
            0.87460530194560138, 
            0.88921829000780495, 
            0.91927711955384483, 
            0.93475188420708366, 
            0.93475188420708366, 
            0.91671607929755028, 
            0.93276749074856802, 
            0.93276749074856802, 
            0.93276749074856802, 
            0.93276749074856802, 
            0.94916104801682266, 
            0.94916104801682266, 
            0.9488601924321316, 
            0.9488601924321316, 
            0.9488601924321316, 
            0.9488601924321316, 
            0.9488601924321316, 
            0.9488601924321316, 
            0.96628082364134193, 
            0.96628082364134193, 
            0.96628082364134193, 
            0.94967988916892065, 
            0.94967988916892065, 
            0.94967988916892065, 
            0.9332380903785128, 
            0.9332380903785128, 
            0.9332380903785128, 
            0.9332380903785128, 
            0.90079330116768463, 
            0.88477144665756313, 
            0.86887093912776125, 
            0.79087052699932492, 
            0.76020193155778459, 
            0.65385539817334914
        ], 
        "precision": [
            0.41322314049586778, 
            0.5, 
            0.58823529411764708, 
            0.64102564102564108, 
            0.72463768115942029, 
            0.79365079365079361, 
            0.86206896551724133, 
            0.8771929824561403, 
            0.90909090909090906, 
            0.92592592592592593, 
            0.92592592592592593, 
            0.92452830188679247, 
            0.94230769230769229, 
            0.94230769230769229, 
            0.94230769230769229, 
            0.94230769230769229, 
            0.96078431372549022, 
            0.96078431372549022, 
            0.97959183673469385, 
            0.97959183673469385, 
            0.97959183673469385, 
            0.97959183673469385, 
            0.97959183673469385, 
            0.97959183673469385, 
            1.0, 
            1.0, 
            1.0, 
            1.0, 
            1.0, 
            1.0, 
            1.0, 
            1.0, 
            1.0, 
            1.0, 
            1.0, 
            1.0, 
            1.0, 
            1.0, 
            1.0, 
            1.0
        ], 
        "hammingLoss": [
            0.58677685950413228, 
            0.41322314049586778, 
            0.28925619834710742, 
            0.23140495867768596, 
            0.15702479338842976, 
            0.10743801652892562, 
            0.066115702479338845, 
            0.057851239669421489, 
            0.041322314049586778, 
            0.033057851239669422, 
            0.033057851239669422, 
            0.041322314049586778, 
            0.033057851239669422, 
            0.033057851239669422, 
            0.033057851239669422, 
            0.033057851239669422, 
            0.024793388429752067, 
            0.024793388429752067, 
            0.024793388429752067, 
            0.024793388429752067, 
            0.024793388429752067, 
            0.024793388429752067, 
            0.024793388429752067, 
            0.024793388429752067, 
            0.016528925619834711, 
            0.016528925619834711, 
            0.016528925619834711, 
            0.024793388429752067, 
            0.024793388429752067, 
            0.024793388429752067, 
            0.033057851239669422, 
            0.033057851239669422, 
            0.033057851239669422, 
            0.033057851239669422, 
            0.049586776859504134, 
            0.057851239669421489, 
            0.066115702479338845, 
            0.10743801652892562, 
            0.12396694214876033, 
            0.18181818181818182
        ], 
        "fn": [
            0, 
            0, 
            0, 
            0, 
            0, 
            0, 
            0, 
            0, 
            0, 
            0, 
            0, 
            1, 
            1, 
            1, 
            1, 
            1, 
            1, 
            1, 
            2, 
            2, 
            2, 
            2, 
            2, 
            2, 
            2, 
            2, 
            2, 
            3, 
            3, 
            3, 
            4, 
            4, 
            4, 
            4, 
            6, 
            7, 
            8, 
            13, 
            15, 
            22
        ], 
        "cut": [
            0.0, 
            0.025000000000000001, 
            0.050000000000000003, 
            0.075000000000000011, 
            0.10000000000000001, 
            0.125, 
            0.15000000000000002, 
            0.17500000000000002, 
            0.20000000000000001, 
            0.22500000000000001, 
            0.25, 
            0.27500000000000002, 
            0.30000000000000004, 
            0.32500000000000001, 
            0.35000000000000003, 
            0.375, 
            0.40000000000000002, 
            0.42500000000000004, 
            0.45000000000000001, 
            0.47500000000000003, 
            0.5, 
            0.52500000000000002, 
            0.55000000000000004, 
            0.57500000000000007, 
            0.60000000000000009, 
            0.625, 
            0.65000000000000002, 
            0.67500000000000004, 
            0.70000000000000007, 
            0.72500000000000009, 
            0.75, 
            0.77500000000000002, 
            0.80000000000000004, 
            0.82500000000000007, 
            0.85000000000000009, 
            0.875, 
            0.90000000000000002, 
            0.92500000000000004, 
            0.95000000000000007, 
            0.97500000000000009
        ], 
        "recall": [
            1.0, 
            1.0, 
            1.0, 
            1.0, 
            1.0, 
            1.0, 
            1.0, 
            1.0, 
            1.0, 
            1.0, 
            1.0, 
            0.97999999999999998, 
            0.97999999999999998, 
            0.97999999999999998, 
            0.97999999999999998, 
            0.97999999999999998, 
            0.97999999999999998, 
            0.97999999999999998, 
            0.95999999999999996, 
            0.95999999999999996, 
            0.95999999999999996, 
            0.95999999999999996, 
            0.95999999999999996, 
            0.95999999999999996, 
            0.95999999999999996, 
            0.95999999999999996, 
            0.95999999999999996, 
            0.93999999999999995, 
            0.93999999999999995, 
            0.93999999999999995, 
            0.92000000000000004, 
            0.92000000000000004, 
            0.92000000000000004, 
            0.92000000000000004, 
            0.88, 
            0.85999999999999999, 
            0.83999999999999997, 
            0.73999999999999999, 
            0.69999999999999996, 
            0.56000000000000005
        ], 
        "tp": [
            50, 
            50, 
            50, 
            50, 
            50, 
            50, 
            50, 
            50, 
            50, 
            50, 
            50, 
            49, 
            49, 
            49, 
            49, 
            49, 
            49, 
            49, 
            48, 
            48, 
            48, 
            48, 
            48, 
            48, 
            48, 
            48, 
            48, 
            47, 
            47, 
            47, 
            46, 
            46, 
            46, 
            46, 
            44, 
            43, 
            42, 
            37, 
            35, 
            28
        ], 
        "tn": [
            0, 
            21, 
            36, 
            43, 
            52, 
            58, 
            63, 
            64, 
            66, 
            67, 
            67, 
            67, 
            68, 
            68, 
            68, 
            68, 
            69, 
            69, 
            70, 
            70, 
            70, 
            70, 
            70, 
            70, 
            71, 
            71, 
            71, 
            71, 
            71, 
            71, 
            71, 
            71, 
            71, 
            71, 
            71, 
            71, 
            71, 
            71, 
            71, 
            71
        ], 
        "accuracy": [
            0.41322314049586778, 
            0.58677685950413228, 
            0.71074380165289253, 
            0.76859504132231404, 
            0.84297520661157022, 
            0.8925619834710744, 
            0.93388429752066116, 
            0.94214876033057848, 
            0.95867768595041325, 
            0.96694214876033058, 
            0.96694214876033058, 
            0.95867768595041325, 
            0.96694214876033058, 
            0.96694214876033058, 
            0.96694214876033058, 
            0.96694214876033058, 
            0.97520661157024791, 
            0.97520661157024791, 
            0.97520661157024791, 
            0.97520661157024791, 
            0.97520661157024791, 
            0.97520661157024791, 
            0.97520661157024791, 
            0.97520661157024791, 
            0.98347107438016534, 
            0.98347107438016534, 
            0.98347107438016534, 
            0.97520661157024791, 
            0.97520661157024791, 
            0.97520661157024791, 
            0.96694214876033058, 
            0.96694214876033058, 
            0.96694214876033058, 
            0.96694214876033058, 
            0.95041322314049592, 
            0.94214876033057848, 
            0.93388429752066116, 
            0.8925619834710744, 
            0.87603305785123964, 
            0.81818181818181823
        ]
    }, 
    "optimalThreshold": 0.60000000000000009, 
    "tiMetrics": {
        "logLoss": 0.091751622123732043, 
        "auc": 0.99830985915492954, 
        "lift": 2.42
    }
}