{
    "trainingTime": 240, 
    "state": "DONE", 
    "startTime": 1493927580335, 
    "preprocessingTime": 115, 
    "progress": {
        "top_level_todo": [], 
        "stack": [], 
        "top_level_done": [
            {
                "name": "Loading train set", 
                "time": 10
            }, 
            {
                "name": "Loading test set", 
                "time": 6
            }, 
            {
                "name": "Collecting statistics", 
                "time": 21
            }, 
            {
                "name": "Preprocessing train set", 
                "time": 37
            }, 
            {
                "name": "Preprocessing test set", 
                "time": 41
            }, 
            {
                "name": "Fitting model", 
                "time": 4
            }, 
            {
                "name": "Saving model", 
                "time": 1
            }, 
            {
                "name": "Scoring model", 
                "time": 234
            }
        ]
    }, 
    "endTime": 1493927580690, 
    "modelId": "NA"
}