{
    "rawImportance": {
        "variables": [
            "Account_Length", 
            "CustServ_Calls", 
            "Day_Calls", 
            "Day_Charge", 
            "Day_Mins", 
            "Eve_Calls", 
            "Eve_Charge", 
            "Eve_Mins", 
            "Intl_Calls", 
            "Intl_Charge", 
            "Intl_Mins", 
            "Night_Calls", 
            "Night_Charge", 
            "Night_Mins", 
            "VMail_Message", 
            "dummy:Intl_Plan:no", 
            "dummy:Intl_Plan:yes", 
            "dummy:VMail_Plan:no", 
            "dummy:VMail_Plan:yes", 
            "dummy:Area_Code:415", 
            "dummy:Area_Code:408", 
            "dummy:Area_Code:510", 
            "dummy:State:WV", 
            "dummy:State:MN", 
            "dummy:State:AL", 
            "dummy:State:VA", 
            "dummy:State:NY", 
            "dummy:State:TX", 
            "dummy:State:WY", 
            "dummy:State:ND", 
            "dummy:State:OH", 
            "dummy:State:WI", 
            "dummy:State:VT", 
            "dummy:State:CT", 
            "dummy:State:MI", 
            "dummy:State:NV", 
            "dummy:State:KS", 
            "dummy:State:MA", 
            "dummy:State:TN", 
            "dummy:State:ID", 
            "dummy:State:FL", 
            "dummy:State:NJ", 
            "dummy:State:CO", 
            "dummy:State:MS", 
            "dummy:State:NC", 
            "dummy:State:RI", 
            "dummy:State:MD", 
            "dummy:State:UT", 
            "dummy:State:OR", 
            "dummy:State:MO", 
            "dummy:State:MT", 
            "dummy:State:NM", 
            "dummy:State:WA", 
            "dummy:State:SC", 
            "dummy:State:ME", 
            "dummy:State:GA", 
            "dummy:State:AZ", 
            "dummy:State:AK", 
            "dummy:State:IN", 
            "dummy:State:NH", 
            "dummy:State:SD", 
            "dummy:State:HI", 
            "dummy:State:NE", 
            "dummy:State:OK", 
            "dummy:State:PA", 
            "dummy:State:IA", 
            "dummy:State:DE", 
            "dummy:State:AR", 
            "dummy:State:DC", 
            "dummy:State:__Others__"
        ], 
        "importances": [
            0.033382489584510809, 
            0.11504094555466712, 
            0.027874289564835758, 
            0.11785045445475288, 
            0.11832031977671492, 
            0.032874100669646841, 
            0.050279771865339565, 
            0.046745120571388007, 
            0.03081056960206777, 
            0.043705509412275224, 
            0.043478690362073955, 
            0.03159494248865214, 
            0.041827952136735992, 
            0.042305405639620416, 
            0.022211685147634479, 
            0.05132546726817553, 
            0.036373951695232602, 
            0.010656444281712838, 
            0.012929513888080028, 
            0.0044511624889814212, 
            0.0041850396261116033, 
            0.0049482974539106677, 
            0.0017039328236931714, 
            0.0015881239485655966, 
            0.0020071017045102469, 
            0.0019336897262253712, 
            0.0024109595268061094, 
            0.0028509988112937392, 
            0.0019690399648654017, 
            0.00070676565994813535, 
            0.0020416635244753867, 
            0.0017261711257042114, 
            0.0012980822202163459, 
            0.0015319621735070015, 
            0.0017680971845340436, 
            0.0020245425995328338, 
            0.001711063381694115, 
            0.0018306282094957978, 
            0.0010999696785352325, 
            0.0012040417838281735, 
            0.00066560228251430422, 
            0.0035588631420801105, 
            0.001282694783638379, 
            0.0043433906151594866, 
            0.0014912888716265139, 
            0.0013970041149568731, 
            0.0014752914402511427, 
            0.0023256827919443702, 
            0.00024940040775102879, 
            0.00088840734091726796, 
            0.00060185432256778301, 
            0.0014809166289598645, 
            0.0010464844887710112, 
            0.0043087315583845848, 
            0.0020112490051435528, 
            0.0014479072140244523, 
            0.0010271498514788052, 
            0.00083199991345226613, 
            0.0017968665684921271, 
            0.00098833772061565628, 
            0.0011429829514192451, 
            0.0021204189296844195, 
            0.00097664938759107816, 
            0.00040144442910555902, 
            0.0016835740292740512, 
            0.0005248001384604012, 
            0.00047759617593137879, 
            0.0013583461252080237, 
            0.0010398887362581565, 
            0.0024762184537866928
        ]
    }, 
    "probaAware": true, 
    "modelInputNRows": 1881, 
    "modelInputNCols": 77, 
    "modelInputMemory": 1158696, 
    "modelInputIsSparse": false
}