{
    "trainingTime": 2566, 
    "state": "DONE", 
    "startTime": 1493902673787, 
    "preprocessingTime": 205, 
    "progress": {
        "top_level_todo": [], 
        "stack": [], 
        "top_level_done": [
            {
                "name": "Loading train set", 
                "time": 65
            }, 
            {
                "name": "Loading test set", 
                "time": 5
            }, 
            {
                "name": "Collecting statistics", 
                "time": 57
            }, 
            {
                "name": "Preprocessing train set", 
                "time": 46
            }, 
            {
                "name": "Preprocessing test set", 
                "time": 30
            }, 
            {
                "name": "Fitting model", 
                "time": 1905
            }, 
            {
                "name": "Saving model", 
                "time": 6
            }, 
            {
                "name": "Scoring model", 
                "time": 655
            }
        ]
    }, 
    "endTime": 1493902676558, 
    "modelId": "NA"
}