{
  "type": "sql_query",
  "neverRecomputeExistingPartitions": false,
  "optionalDependencies": false,
  "params": {
    "allowMultipleConnections": false,
    "displayExecutionPlan": true,
    "skipPrerunValidate": false
  },
  "customMeta": {
    "kv": {}
  },
  "redispatchPartitioning": false,
  "maxRunningActivities": 0,
  "inputs": {
    "main": {
      "items": [
        {
          "ref": "rating_over_4",
          "deps": []
        }
      ]
    }
  },
  "outputs": {
    "main": {
      "items": [
        {
          "ref": "Animation_genre",
          "appendMode": false
        }
      ]
    }
  },
  "versionTag": {
    "versionNumber": 3,
    "lastModifiedBy": {
      "login": "admin"
    },
    "lastModifiedOn": 1525627447119
  },
  "creationTag": {
    "versionNumber": 0,
    "lastModifiedBy": {
      "login": "admin"
    },
    "lastModifiedOn": 1525627239433
  },
  "tags": [],
  "checklists": {
    "checklists": []
  }
}