{
    "details": {
        "WHD": {
            "levels": [
                "3.1", 
                "3.2", 
                "3", 
                "3.3", 
                "3.4", 
                "3.25", 
                "3.5", 
                "2.9", 
                "2.88", 
                "3.6", 
                "4", 
                "3.75", 
                "4.5", 
                "4.2", 
                "5", 
                "4.33", 
                "5.5", 
                "2.8", 
                "4.8", 
                "3.15", 
                "3.8", 
                "6.5", 
                "6", 
                "4.1", 
                "7", 
                "4.4", 
                "7.5", 
                "2.25", 
                "1.95", 
                "4.75", 
                "2.1", 
                "2.7", 
                "2.6", 
                "2.62", 
                "5.25", 
                "2.4", 
                "1.73", 
                "2.87", 
                "1.67", 
                "1.6", 
                "4.25", 
                "4.3", 
                "1.83", 
                "3.7", 
                "2.75", 
                "9", 
                "2.2", 
                "1.8", 
                "1.53", 
                "1.91", 
                "2.05"
            ], 
            "with_others": false
        }, 
        "VCA": {
            "levels": [
                "5.5", 
                "4", 
                "5", 
                "3", 
                "4.5", 
                "3.5", 
                "3.75", 
                "3.4", 
                "6", 
                "7", 
                "3.6", 
                "6.5", 
                "3.2", 
                "8", 
                "4.33", 
                "9", 
                "3.3", 
                "2.5", 
                "2.9", 
                "2.4", 
                "2.1", 
                "2", 
                "2.3", 
                "7.5", 
                "4.75", 
                "3.1", 
                "2.88", 
                "8.5", 
                "2.2", 
                "10", 
                "5.25", 
                "2.75", 
                "12", 
                "2.25", 
                "1.8", 
                "4.6", 
                "2.62", 
                "2.15", 
                "2.8", 
                "2.38", 
                "2.7", 
                "1.83", 
                "3.12", 
                "15", 
                "1.85", 
                "11", 
                "3.25", 
                "3.7", 
                "1.95", 
                "4.4", 
                "1.75", 
                "2.05", 
                "4.2", 
                "9.5", 
                "4.1", 
                "4.8", 
                "1.73", 
                "10.5", 
                "3.8", 
                "1.7", 
                "1.91", 
                "13", 
                "1.44", 
                "2.6", 
                "2.35", 
                "3.9", 
                "4.35", 
                "1.57", 
                "2.45", 
                "17", 
                "2.55", 
                "1.62", 
                "1.5", 
                "1.4", 
                "1.6", 
                "1.9", 
                "22", 
                "1.45", 
                "1.55", 
                "5.75", 
                "1.53", 
                "5.4", 
                "19", 
                "4.3", 
                "21", 
                "1.92", 
                "29", 
                "1.29", 
                "6.25", 
                "1.09", 
                "23", 
                "1.67", 
                "1.33", 
                "20", 
                "2.63", 
                "5.2", 
                "6.75", 
                "18"
            ], 
            "with_others": false
        }, 
        "IWD": {
            "levels": [
                "3.2", 
                "3.3", 
                "3.1", 
                "3", 
                "3.5", 
                "3.4", 
                "2.9", 
                "3.6", 
                "4", 
                "5", 
                "3.9", 
                "3.25", 
                "3.7", 
                "4.8", 
                "3.45", 
                "4.4", 
                "4.1", 
                "3.15", 
                "3.8", 
                "2.8", 
                "4.6", 
                "4.5", 
                "5.5", 
                "3.35", 
                "4.3", 
                "7", 
                "5.3", 
                "6.5", 
                "3.05", 
                "4.2", 
                "4.7", 
                "6", 
                "2.2", 
                "2.4", 
                "2.5", 
                "2.7", 
                "5.2", 
                "7.3", 
                "2", 
                "1.55", 
                "2.6", 
                "5.8", 
                "4.9", 
                "1.8", 
                "1.9", 
                "7.5", 
                "3.75", 
                "1.7", 
                "2.3"
            ], 
            "with_others": false
        }, 
        "VCD": {
            "levels": [
                "3", 
                "3.2", 
                "3.4", 
                "3.1", 
                "3.25", 
                "3.5", 
                "3.3", 
                "3.6", 
                "4", 
                "3.12", 
                "3.75", 
                "2.9", 
                "5", 
                "4.5", 
                "3.8", 
                "4.75", 
                "4.33", 
                "4.6", 
                "4.2", 
                "2.88", 
                "5.5", 
                "4.4", 
                "5.25", 
                "6", 
                "4.8", 
                "4.1", 
                "6.5", 
                "8", 
                "3.9", 
                "4.35", 
                "2.8", 
                "7", 
                "3.7", 
                "5.75", 
                "7.5", 
                "2.62", 
                "9", 
                "1.62", 
                "1.73", 
                "2.38", 
                "5.2", 
                "5.4", 
                "3.05", 
                "2", 
                "2.75", 
                "4.3"
            ], 
            "with_others": false
        }, 
        "WHA": {
            "levels": [
                "5", 
                "6", 
                "3", 
                "5.5", 
                "4", 
                "4.2", 
                "4.5", 
                "3.6", 
                "8", 
                "3.1", 
                "3.5", 
                "2.8", 
                "7.5", 
                "6.5", 
                "3.2", 
                "2.3", 
                "3.3", 
                "3.4", 
                "7", 
                "2.9", 
                "2.62", 
                "4.33", 
                "10", 
                "2.5", 
                "3.75", 
                "2.4", 
                "2.75", 
                "9", 
                "2.25", 
                "11", 
                "3.25", 
                "1.91", 
                "3.8", 
                "2.2", 
                "2.7", 
                "2", 
                "4.8", 
                "2.1", 
                "1.8", 
                "2.15", 
                "2.88", 
                "8.5", 
                "1.95", 
                "2.6", 
                "1.44", 
                "2.38", 
                "1.67", 
                "12", 
                "1.73", 
                "2.05", 
                "1.83", 
                "17", 
                "1.75", 
                "15", 
                "4.75", 
                "1.5", 
                "1.62", 
                "1.53", 
                "13", 
                "1.57", 
                "9.5", 
                "4.4", 
                "1.85", 
                "4.6", 
                "1.4", 
                "2.45", 
                "1.7", 
                "5.25", 
                "4.1", 
                "2.37", 
                "1.6", 
                "1.36", 
                "1.9", 
                "3.9", 
                "3.05", 
                "1.61", 
                "26", 
                "10.5", 
                "5.2", 
                "6.8", 
                "5.7", 
                "4.3", 
                "2.95", 
                "2.55", 
                "1.3"
            ], 
            "with_others": false
        }, 
        "IWA": {
            "levels": [
                "3.4", 
                "3", 
                "3.6", 
                "4.2", 
                "2", 
                "4", 
                "3.2", 
                "2.1", 
                "7", 
                "3.3", 
                "2.3", 
                "2.6", 
                "4.5", 
                "2.4", 
                "2.9", 
                "2.5", 
                "2.8", 
                "3.7", 
                "1.9", 
                "2.2", 
                "2.7", 
                "4.3", 
                "3.8", 
                "3.1", 
                "7.5", 
                "7.3", 
                "3.9", 
                "4.7", 
                "4.4", 
                "3.5", 
                "5", 
                "12", 
                "1.8", 
                "2.85", 
                "1.75", 
                "5.5", 
                "6.5", 
                "8.5", 
                "2.65", 
                "4.6", 
                "2.55", 
                "5.4", 
                "6", 
                "4.9", 
                "5.6", 
                "1.85", 
                "6.3", 
                "1.7", 
                "5.2", 
                "4.1", 
                "10", 
                "5.3", 
                "8", 
                "2.95", 
                "9", 
                "1.4", 
                "11", 
                "14", 
                "1.45", 
                "7.6", 
                "1.5", 
                "1.6", 
                "5.1", 
                "15", 
                "1.65", 
                "2.75", 
                "4.8", 
                "1.55", 
                "5.7", 
                "9.5", 
                "10.5", 
                "13", 
                "3.45", 
                "3.75", 
                "7.2", 
                "5.8", 
                "3.55", 
                "6.7", 
                "6.1", 
                "3.05", 
                "3.15", 
                "3.25", 
                "7.8", 
                "3.35", 
                "1.3", 
                "2.35", 
                "2.45", 
                "2.25", 
                "1.95", 
                "4.15", 
                "7.4", 
                "4.35", 
                "1.57", 
                "6.2", 
                "1.33", 
                "8.3", 
                "1.35", 
                "1.1", 
                "20"
            ], 
            "with_others": false
        }, 
        "BWA": {
            "levels": [
                "5", 
                "2.95", 
                "3.1", 
                "3.5", 
                "5.25", 
                "6", 
                "2.85", 
                "3.2", 
                "3", 
                "2.2", 
                "7", 
                "4", 
                "1.95", 
                "4.75", 
                "3.9", 
                "2.4", 
                "2.9", 
                "3.25", 
                "9", 
                "2", 
                "2.25", 
                "3.6", 
                "2.5", 
                "3.4", 
                "4.5", 
                "2.65", 
                "2.55", 
                "3.8", 
                "2.7", 
                "10", 
                "5.75", 
                "3.3", 
                "4.25", 
                "3.75", 
                "2.45", 
                "1.8", 
                "2.35", 
                "2.1", 
                "1.75", 
                "3.15", 
                "2.15", 
                "6.5", 
                "2.75", 
                "7.25", 
                "1.85", 
                "3.55", 
                "4.1", 
                "1.7", 
                "8", 
                "8.5", 
                "7.5", 
                "11", 
                "4.2", 
                "3.65", 
                "2.05", 
                "2.6", 
                "5.5", 
                "3.7", 
                "2.8", 
                "7.75", 
                "2.3", 
                "12", 
                "3.35", 
                "4.6", 
                "3.85", 
                "6.25", 
                "3.45", 
                "8.25", 
                "6.75", 
                "1.9", 
                "11.5", 
                "1.65", 
                "4.55", 
                "1.55", 
                "8.75", 
                "4.15", 
                "1.6", 
                "5.9", 
                "3.05", 
                "5.15", 
                "9.5", 
                "5.45", 
                "4.8", 
                "5.2", 
                "4.85", 
                "4.33", 
                "13", 
                "1.5", 
                "4.4", 
                "1.45", 
                "1.91", 
                "4.45", 
                "1.48", 
                "5.1", 
                "4.7", 
                "1.4", 
                "9.75", 
                "4.3", 
                "5.55", 
                "1.72"
            ], 
            "with_others": false
        }, 
        "VCH": {
            "levels": [
                "2", 
                "2.1", 
                "2.5", 
                "2.3", 
                "2.25", 
                "1.4", 
                "2.2", 
                "1.5", 
                "3", 
                "1.73", 
                "1.9", 
                "1.7", 
                "1.75", 
                "2.4", 
                "1.67", 
                "4", 
                "1.8", 
                "1.85", 
                "1.83", 
                "1.62", 
                "1.45", 
                "1.44", 
                "2.05", 
                "1.57", 
                "1.36", 
                "3.75", 
                "2.38", 
                "2.62", 
                "1.6", 
                "2.15", 
                "1.3", 
                "1.91", 
                "1.25", 
                "1.2", 
                "3.2", 
                "2.6", 
                "5", 
                "2.8", 
                "3.1", 
                "3.25", 
                "2.75", 
                "3.5", 
                "1.95", 
                "3.3", 
                "2.88", 
                "1.55", 
                "1.33", 
                "2.9", 
                "3.6", 
                "4.5", 
                "4.33", 
                "3.4", 
                "1.22", 
                "4.2", 
                "2.45", 
                "5.5", 
                "1.65", 
                "4.35", 
                "2.35", 
                "4.75", 
                "6", 
                "7", 
                "1.29", 
                "7.5", 
                "1.87", 
                "1.53", 
                "6.5", 
                "2.55", 
                "3.12", 
                "2.7", 
                "3.8", 
                "4.4", 
                "8.5", 
                "1.18", 
                "1.35", 
                "1.17", 
                "2.65", 
                "1.92", 
                "4.1", 
                "1.364", 
                "1.14", 
                "4.8", 
                "4.6", 
                "9", 
                "10", 
                "8", 
                "3.9", 
                "3.15", 
                "10.5", 
                "5.4", 
                "5.25", 
                "1.833", 
                "5.2", 
                "1.12", 
                "4.7", 
                "2.63", 
                "21", 
                "1.11", 
                "1.09", 
                "1.28"
            ], 
            "with_others": false
        }, 
        "B365D": {
            "levels": [
                "3.1", 
                "3.2", 
                "3", 
                "3.4", 
                "3.3", 
                "3.5", 
                "3.25", 
                "3.6", 
                "3.75", 
                "4", 
                "4.33", 
                "4.5", 
                "4.2", 
                "4.75", 
                "3.8", 
                "5", 
                "6", 
                "2.9", 
                "5.5", 
                "2.88", 
                "6.5", 
                "5.25", 
                "4.6", 
                "3.7", 
                "2.8", 
                "2", 
                "7.5", 
                "7", 
                "5.75", 
                "2.1", 
                "2.87", 
                "2.63", 
                "1.62", 
                "1.83", 
                "9", 
                "1.53", 
                "1.5", 
                "1.57", 
                "2.05", 
                "1.8", 
                "3.9", 
                "2.75", 
                "2.38", 
                "8.5", 
                "1.75", 
                "1.91", 
                "2.3", 
                "6.25"
            ], 
            "with_others": false
        }, 
        "Date": {
            "levels": [
                "2010-01-06", 
                "2010-04-03", 
                "2014-04-19", 
                "2010-05-09", 
                "2009-04-11", 
                "2009-05-24", 
                "2009-01-28", 
                "2010-11-10", 
                "2009-04-05", 
                "2011-01-09", 
                "2010-03-14", 
                "2009-11-29", 
                "2009-02-08", 
                "2010-03-28", 
                "2008-12-07", 
                "2009-05-03", 
                "2014-05-18", 
                "2013-09-25", 
                "2010-05-16", 
                "2008-10-05", 
                "2010-09-22", 
                "2010-01-24", 
                "2010-11-21", 
                "2011-05-22", 
                "2010-03-24", 
                "2009-05-10", 
                "2009-10-25", 
                "2009-11-08", 
                "2011-02-06", 
                "2014-03-09", 
                "2009-12-13", 
                "2009-09-23", 
                "2011-01-16", 
                "2014-03-02", 
                "2013-11-10", 
                "2011-05-15", 
                "2013-12-15", 
                "2010-09-26", 
                "2014-01-26", 
                "2009-01-18", 
                "2009-02-15", 
                "2011-04-03", 
                "2011-04-23", 
                "2014-01-19", 
                "2009-12-06", 
                "2014-02-16", 
                "2008-10-19", 
                "2010-02-14", 
                "2013-10-30", 
                "2010-03-07", 
                "2011-02-27", 
                "2009-03-22", 
                "2010-09-12", 
                "2008-09-14", 
                "2008-09-24", 
                "2010-11-07", 
                "2011-04-10", 
                "2009-03-15", 
                "2011-02-20", 
                "2009-10-18", 
                "2010-10-24", 
                "2010-04-25", 
                "2009-10-04", 
                "2009-04-26", 
                "2011-03-06", 
                "2008-12-21", 
                "2011-02-13", 
                "2010-10-31", 
                "2009-09-27", 
                "2011-01-06", 
                "2010-02-28", 
                "2010-02-07", 
                "2009-11-22", 
                "2013-12-22", 
                "2010-11-28", 
                "2014-03-26", 
                "2009-09-20", 
                "2008-11-02", 
                "2008-09-21", 
                "2011-05-01", 
                "2014-02-09", 
                "2010-08-29", 
                "2010-01-31", 
                "2009-03-08", 
                "2014-01-12", 
                "2013-11-03", 
                "2010-11-14", 
                "2013-10-06", 
                "2009-05-17", 
                "2009-05-31", 
                "2010-10-17", 
                "2010-10-03", 
                "2008-08-31", 
                "2008-09-28", 
                "2009-04-19", 
                "2008-10-26", 
                "2008-10-29", 
                "2013-10-27", 
                "2009-02-22", 
                "2010-04-11", 
                "2014-03-23"
            ], 
            "with_others": false
        }, 
        "B365H": {
            "levels": [
                "2.1", 
                "2.5", 
                "1.44", 
                "2.2", 
                "2.4", 
                "1.8", 
                "1.91", 
                "1.75", 
                "2", 
                "1.67", 
                "2.3", 
                "1.4", 
                "1.57", 
                "3.1", 
                "2.05", 
                "1.83", 
                "2.25", 
                "1.62", 
                "3", 
                "2.38", 
                "1.36", 
                "1.73", 
                "1.33", 
                "4", 
                "1.5", 
                "3.5", 
                "1.53", 
                "4.5", 
                "1.85", 
                "3.6", 
                "4.75", 
                "3.2", 
                "4.33", 
                "1.22", 
                "3.25", 
                "3.4", 
                "2.75", 
                "1.29", 
                "1.95", 
                "3.8", 
                "2.15", 
                "2.7", 
                "2.8", 
                "2.63", 
                "2.6", 
                "5", 
                "1.65", 
                "1.25", 
                "6", 
                "2.88", 
                "5.5", 
                "7", 
                "2.9", 
                "1.9", 
                "3.75", 
                "1.6", 
                "1.2", 
                "1.7", 
                "3.3", 
                "1.17", 
                "1.3", 
                "8", 
                "2.62", 
                "1.66", 
                "6.5", 
                "2.55", 
                "7.5", 
                "1.72", 
                "4.2", 
                "8.5", 
                "3.9", 
                "2.37", 
                "1.13", 
                "5.75", 
                "1.45", 
                "5.25", 
                "2.45", 
                "2.87", 
                "2.35", 
                "2.65", 
                "9", 
                "1.18", 
                "1.14", 
                "1.55", 
                "21", 
                "1.28", 
                "1.09"
            ], 
            "with_others": false
        }, 
        "WHH": {
            "levels": [
                "2.5", 
                "1.44", 
                "2.4", 
                "2", 
                "2.1", 
                "1.8", 
                "1.67", 
                "1.4", 
                "1.73", 
                "2.25", 
                "2.3", 
                "1.91", 
                "1.5", 
                "2.2", 
                "2.05", 
                "1.62", 
                "3.1", 
                "1.36", 
                "1.83", 
                "1.7", 
                "2.15", 
                "1.95", 
                "2.38", 
                "2.9", 
                "2.6", 
                "1.57", 
                "3", 
                "2.62", 
                "3.6", 
                "1.3", 
                "4", 
                "4.33", 
                "1.75", 
                "3.3", 
                "2.7", 
                "3.5", 
                "1.25", 
                "1.85", 
                "4.5", 
                "4.2", 
                "3.75", 
                "2.8", 
                "1.53", 
                "1.33", 
                "3.2", 
                "3.4", 
                "2.75", 
                "1.29", 
                "5", 
                "1.6", 
                "1.2", 
                "1.22", 
                "6", 
                "6.5", 
                "1.17", 
                "3.8", 
                "5.5", 
                "2.88", 
                "8", 
                "4.8", 
                "2.37", 
                "7", 
                "4.6", 
                "4.75", 
                "1.65", 
                "1.61", 
                "1.11", 
                "9", 
                "1.9", 
                "2.45", 
                "3.25", 
                "2.35", 
                "1.45", 
                "10", 
                "21", 
                "7.5", 
                "1.14", 
                "4.4", 
                "1.15", 
                "1.18", 
                "8.5", 
                "1.55", 
                "1.07", 
                "3.15"
            ], 
            "with_others": false
        }, 
        "B365A": {
            "levels": [
                "5.5", 
                "5", 
                "3.4", 
                "3.1", 
                "6", 
                "4.5", 
                "7", 
                "4", 
                "4.75", 
                "3.2", 
                "3.6", 
                "7.5", 
                "3.5", 
                "4.33", 
                "8", 
                "3.75", 
                "3", 
                "4.2", 
                "2", 
                "6.5", 
                "2.4", 
                "2.5", 
                "9", 
                "2.9", 
                "2.88", 
                "5.25", 
                "1.91", 
                "2.3", 
                "3.8", 
                "12", 
                "10", 
                "2.2", 
                "1.8", 
                "2.1", 
                "2.38", 
                "3.3", 
                "2.25", 
                "2.8", 
                "2.75", 
                "2.6", 
                "8.5", 
                "15", 
                "11", 
                "3.25", 
                "1.83", 
                "2.63", 
                "13", 
                "17", 
                "1.75", 
                "2.05", 
                "1.44", 
                "1.4", 
                "1.95", 
                "2.7", 
                "2.15", 
                "9.5", 
                "1.85", 
                "1.57", 
                "1.53", 
                "1.73", 
                "5.75", 
                "4.6", 
                "1.67", 
                "1.62", 
                "3.9", 
                "1.5", 
                "1.7", 
                "1.36", 
                "2.87", 
                "1.72", 
                "19", 
                "1.6", 
                "2.55", 
                "7.25", 
                "4.1", 
                "2.45", 
                "1.45", 
                "4.4", 
                "21", 
                "1.3", 
                "1.61", 
                "1.1", 
                "2.35", 
                "6.25", 
                "1.65", 
                "1.55", 
                "1.66", 
                "2.37"
            ], 
            "with_others": false
        }, 
        "IWH": {
            "levels": [
                "2.1", 
                "2", 
                "2.3", 
                "2.2", 
                "1.8", 
                "2.4", 
                "1.9", 
                "1.7", 
                "1.85", 
                "1.75", 
                "2.5", 
                "2.6", 
                "1.6", 
                "1.4", 
                "1.45", 
                "1.5", 
                "1.65", 
                "1.35", 
                "1.55", 
                "1.25", 
                "3", 
                "3.3", 
                "3.2", 
                "2.8", 
                "2.9", 
                "3.6", 
                "1.3", 
                "2.7", 
                "1.22", 
                "2.55", 
                "4.3", 
                "2.85", 
                "4.7", 
                "3.4", 
                "4", 
                "2.65", 
                "1.2", 
                "3.9", 
                "1.33", 
                "3.7", 
                "3.1", 
                "2.75", 
                "7", 
                "1.37", 
                "3.8", 
                "5.5", 
                "1.95", 
                "4.5", 
                "4.2", 
                "1.15", 
                "5", 
                "2.05", 
                "3.5", 
                "2.25", 
                "2.95", 
                "2.35", 
                "4.1", 
                "1.17", 
                "7.3", 
                "5.6", 
                "5.2", 
                "2.15", 
                "1.42", 
                "1.27", 
                "4.4", 
                "7.5", 
                "8", 
                "4.9", 
                "2.45", 
                "1.57", 
                "1.1", 
                "1.32", 
                "6.3", 
                "4.6", 
                "5.4", 
                "3.55", 
                "6.5", 
                "3.05", 
                "5.7", 
                "6.1", 
                "5.3", 
                "1.07", 
                "15", 
                "3.35", 
                "4.8", 
                "7.6", 
                "1.12"
            ], 
            "with_others": false
        }, 
        "LBA": {
            "levels": [
                "5", 
                "4.5", 
                "3", 
                "4", 
                "3.5", 
                "4.33", 
                "3.2", 
                "2.88", 
                "8", 
                "2.5", 
                "5.5", 
                "6", 
                "3.75", 
                "7", 
                "2.75", 
                "2.8", 
                "2.38", 
                "9", 
                "6.5", 
                "2.6", 
                "2.1", 
                "2", 
                "2.25", 
                "1.91", 
                "10", 
                "2.2", 
                "11", 
                "2.62", 
                "1.8", 
                "12", 
                "1.83", 
                "2.3", 
                "2.4", 
                "3.6", 
                "3.1", 
                "7.5", 
                "1.44", 
                "1.73", 
                "3.3", 
                "3.4", 
                "1.67", 
                "1.5", 
                "1.62", 
                "3.25", 
                "2.9", 
                "1.57", 
                "4.2", 
                "1.4", 
                "15", 
                "1.75", 
                "13", 
                "3.8", 
                "2.7", 
                "1.95", 
                "17", 
                "2.37", 
                "1.9", 
                "2.87", 
                "2.15", 
                "1.66", 
                "9.5", 
                "1.85", 
                "1.6", 
                "1.53", 
                "1.76", 
                "2.05", 
                "4.8", 
                "8.5", 
                "4.6", 
                "1.7", 
                "1.72", 
                "1.33", 
                "1.1", 
                "1.25", 
                "1.29"
            ], 
            "with_others": false
        }, 
        "AwayTeam": {
            "levels": [
                "Bologna", 
                "Roma", 
                "Lazio", 
                "Sampdoria", 
                "Fiorentina", 
                "Udinese", 
                "Inter", 
                "Juventus", 
                "Napoli", 
                "Genoa", 
                "Chievo", 
                "Milan", 
                "Catania", 
                "Cagliari", 
                "Palermo", 
                "Atalanta", 
                "Parma", 
                "Bari", 
                "Livorno", 
                "Lecce", 
                "Torino", 
                "Siena", 
                "Verona", 
                "Brescia", 
                "Sassuolo", 
                "Reggina"
            ], 
            "with_others": false
        }, 
        "BWD": {
            "levels": [
                "3.2", 
                "3.1", 
                "3", 
                "3.3", 
                "3.4", 
                "3.15", 
                "3.25", 
                "3.5", 
                "3.05", 
                "2.95", 
                "2.9", 
                "3.45", 
                "4", 
                "3.6", 
                "3.35", 
                "3.65", 
                "3.7", 
                "3.75", 
                "2.85", 
                "5", 
                "4.75", 
                "4.25", 
                "4.5", 
                "3.8", 
                "2.8", 
                "3.55", 
                "3.9", 
                "5.5", 
                "4.2", 
                "4.33", 
                "5.25", 
                "2.75", 
                "3.85", 
                "4.4", 
                "4.6", 
                "5.15", 
                "4.1", 
                "4.7", 
                "6", 
                "4.15", 
                "5.75", 
                "3.95", 
                "6.5", 
                "6.75", 
                "6.25", 
                "4.35", 
                "2.7", 
                "7", 
                "4.65", 
                "4.3", 
                "8", 
                "2.3", 
                "4.05", 
                "7.25", 
                "4.8", 
                "6.4", 
                "5.35", 
                "2.68", 
                "2.15", 
                "2.65", 
                "3.37", 
                "8.35", 
                "1.65", 
                "2.55", 
                "4.95", 
                "5.1", 
                "9.75", 
                "6.7", 
                "4.45", 
                "2.45", 
                "5.3", 
                "5.55", 
                "2.35", 
                "1.9", 
                "4.85", 
                "9", 
                "3.27", 
                "2", 
                "8.5"
            ], 
            "with_others": false
        }, 
        "LBD": {
            "levels": [
                "3.2", 
                "3", 
                "3.5", 
                "3.3", 
                "3.25", 
                "3.4", 
                "3.75", 
                "2.88", 
                "4.5", 
                "3.1", 
                "3.6", 
                "4", 
                "5", 
                "4.33", 
                "4.2", 
                "2.8", 
                "5.5", 
                "6.5", 
                "6", 
                "7", 
                "4.8", 
                "2.9", 
                "2.5", 
                "2.75", 
                "2.6", 
                "1.8", 
                "7.5", 
                "3.8", 
                "1.91", 
                "2.1", 
                "2.7", 
                "1.65", 
                "1.9", 
                "2", 
                "2.4", 
                "4.75", 
                "2.38", 
                "1.67"
            ], 
            "with_others": false
        }, 
        "BWH": {
            "levels": [
                "2.05", 
                "1.75", 
                "1.65", 
                "2.3", 
                "2", 
                "2.4", 
                "1.45", 
                "1.95", 
                "1.6", 
                "2.25", 
                "1.7", 
                "1.8", 
                "2.2", 
                "2.35", 
                "1.4", 
                "2.5", 
                "2.1", 
                "1.9", 
                "1.5", 
                "2.15", 
                "1.85", 
                "1.35", 
                "1.25", 
                "1.55", 
                "2.45", 
                "3.1", 
                "2.6", 
                "2.7", 
                "2.55", 
                "1.3", 
                "3", 
                "2.65", 
                "2.75", 
                "3.2", 
                "2.85", 
                "1.72", 
                "1.42", 
                "3.9", 
                "3.75", 
                "2.8", 
                "3.6", 
                "1.2", 
                "5.5", 
                "1.91", 
                "2.95", 
                "2.9", 
                "3.3", 
                "4", 
                "4.4", 
                "3.15", 
                "1.38", 
                "1.33", 
                "3.8", 
                "3.4", 
                "3.05", 
                "1.15", 
                "3.95", 
                "4.1", 
                "4.5", 
                "3.25", 
                "3.35", 
                "1.22", 
                "4.75", 
                "1.57", 
                "7", 
                "4.3", 
                "1.83", 
                "4.6", 
                "5", 
                "1.53", 
                "1.52", 
                "1.18", 
                "4.25", 
                "1.68", 
                "3.5", 
                "6", 
                "1.62", 
                "4.55", 
                "1.36", 
                "1.28", 
                "1.32", 
                "5.15", 
                "8", 
                "2.12", 
                "1.17", 
                "1.67", 
                "1.78", 
                "1.87", 
                "7.5", 
                "1.26", 
                "6.25", 
                "1.31", 
                "4.9", 
                "5.75", 
                "6.35", 
                "6.75", 
                "4.65", 
                "3.7", 
                "1.44", 
                "3.45"
            ], 
            "with_others": false
        }, 
        "LBH": {
            "levels": [
                "2.25", 
                "2.1", 
                "2", 
                "1.73", 
                "1.8", 
                "1.67", 
                "2.2", 
                "1.91", 
                "1.83", 
                "2.5", 
                "1.4", 
                "1.5", 
                "2.38", 
                "1.44", 
                "2.6", 
                "2.4", 
                "1.57", 
                "1.62", 
                "3.75", 
                "4", 
                "2.75", 
                "1.36", 
                "3", 
                "1.33", 
                "5", 
                "2.3", 
                "1.25", 
                "3.2", 
                "2.8", 
                "3.5", 
                "2.88", 
                "2.62", 
                "1.2", 
                "1.53", 
                "1.9", 
                "4.5", 
                "4.33", 
                "3.1", 
                "3.4", 
                "6", 
                "3.6", 
                "7", 
                "5.5", 
                "1.22", 
                "1.3", 
                "2.9", 
                "1.85", 
                "1.66", 
                "1.29", 
                "2.05", 
                "1.7", 
                "2.15", 
                "3.3", 
                "2.37", 
                "6.5", 
                "2.7", 
                "1.61", 
                "3.25", 
                "4.8", 
                "1.18", 
                "4.2", 
                "1.6", 
                "1.14", 
                "1.17", 
                "1.72", 
                "1.95", 
                "1.28", 
                "8", 
                "8.5", 
                "1.16", 
                "1.1", 
                "7.5", 
                "1.45", 
                "2.87", 
                "4.6", 
                "1.86", 
                "1.65", 
                "1.75", 
                "1.15", 
                "1.08", 
                "17"
            ], 
            "with_others": false
        }, 
        "HomeTeam": {
            "levels": [
                "Sampdoria", 
                "Lazio", 
                "Chievo", 
                "Napoli", 
                "Inter", 
                "Genoa", 
                "Udinese", 
                "Cagliari", 
                "Roma", 
                "Milan", 
                "Juventus", 
                "Catania", 
                "Bologna", 
                "Fiorentina", 
                "Atalanta", 
                "Parma", 
                "Palermo", 
                "Bari", 
                "Livorno", 
                "Siena", 
                "Lecce", 
                "Torino", 
                "Reggina", 
                "Verona", 
                "Sassuolo", 
                "Cesena"
            ], 
            "with_others": false
        }
    }
}