{
  "inputDatasetSmartName": "random_forest_scored",
  "script": {
    "steps": [
      {
        "type": "ColumnsSelector",
        "params": {
          "keep": false,
          "appliesTo": "COLUMNS",
          "columns": [
            "location",
            "severity_type",
            "proba_0",
            "proba_2",
            "proba_1",
            "fault_severity",
            "event_type 11_sum",
            "event_type 15_sum",
            "event_type 20_sum",
            "event_type 7_sum",
            "event_type 34_sum",
            "event_type 35_sum",
            "event_type 9_sum",
            "event_type 2_sum",
            "event_type 54_sum",
            "event_type 1_sum",
            "event_type 6_sum",
            "event_type 30_sum",
            "event_type 29_sum",
            "event_type 13_sum",
            "event_type 22_sum",
            "event_type 23_sum",
            "event_type 18_sum",
            "event_type 14_sum",
            "event_type 32_sum",
            "event_type 3_sum",
            "event_type 5_sum",
            "event_type 28_sum",
            "event_type 27_sum",
            "event_type 10_sum",
            "event_type 21_sum",
            "event_type 31_sum",
            "event_type 38_sum",
            "event_type 24_sum",
            "event_type 40_sum",
            "event_type 8_sum",
            "event_type 36_sum",
            "event_type 12_sum",
            "event_type 39_sum",
            "event_type 19_sum",
            "feature 68_sum",
            "feature 172_sum",
            "feature 56_sum",
            "feature 193_sum",
            "feature 71_sum",
            "feature 201_sum",
            "feature 80_sum",
            "feature 203_sum",
            "feature 82_sum",
            "feature 111_sum",
            "feature 219_sum",
            "feature 134_sum",
            "feature 159_sum",
            "feature 198_sum",
            "feature 76_sum",
            "feature 167_sum",
            "feature 51_sum",
            "feature 228_sum",
            "feature 230_sum",
            "feature 308_sum",
            "feature 310_sum",
            "feature 301_sum",
            "feature 221_sum",
            "feature 307_sum",
            "feature 312_sum",
            "feature 232_sum",
            "feature 227_sum",
            "feature 160_sum",
            "feature 309_sum",
            "feature 229_sum",
            "feature 181_sum",
            "feature 314_sum",
            "feature 313_sum",
            "feature 234_sum",
            "feature 233_sum",
            "feature 84_sum",
            "feature 205_sum",
            "feature 54_sum",
            "feature 170_sum",
            "feature 206_sum",
            "feature 15_sum",
            "feature 182_sum",
            "feature 149_sum",
            "feature 62_sum",
            "feature 63_sum",
            "feature 183_sum",
            "feature 2_sum",
            "feature 137_sum",
            "feature 384_sum",
            "feature 299_sum",
            "feature 385_sum",
            "feature 300_sum",
            "feature 386_sum",
            "feature 73_sum",
            "feature 195_sum",
            "feature 133_sum",
            "feature 132_sum",
            "feature 217_sum",
            "feature 218_sum",
            "feature 109_sum",
            "feature 42_sum",
            "feature 157_sum",
            "feature 196_sum",
            "feature 74_sum",
            "feature 178_sum",
            "feature 273_sum",
            "feature 345_sum",
            "feature 179_sum",
            "feature 222_sum",
            "feature 304_sum",
            "feature 306_sum",
            "feature 223_sum",
            "feature 246_sum",
            "feature 326_sum",
            "feature 87_sum",
            "feature 209_sum",
            "feature 113_sum",
            "feature 26_sum",
            "feature 20_sum",
            "feature 103_sum",
            "feature 155_sum",
            "feature 280_sum",
            "feature 86_sum",
            "feature 207_sum",
            "feature 139_sum",
            "feature 43_sum",
            "feature 8_sum",
            "feature 158_sum",
            "feature 141_sum",
            "feature 5_sum",
            "feature 315_sum",
            "feature 235_sum",
            "feature 1_sum",
            "feature 127_sum",
            "feature 212_sum",
            "feature 136_sum",
            "feature 240_sum",
            "feature 319_sum",
            "feature 83_sum",
            "feature 204_sum",
            "feature 85_sum",
            "feature 188_sum",
            "feature 66_sum",
            "feature 24_sum",
            "feature 153_sum",
            "feature 360_sum",
            "feature 362_sum",
            "feature 118_sum",
            "feature 220_sum",
            "feature 171_sum",
            "feature 55_sum",
            "feature 173_sum",
            "feature 161_sum",
            "feature 57_sum",
            "feature 45_sum",
            "feature 164_sum",
            "feature 174_sum",
            "feature 58_sum",
            "feature 302_sum",
            "feature 279_sum",
            "feature 48_sum",
            "feature 135_sum",
            "feature 211_sum",
            "feature 202_sum",
            "feature 65_sum",
            "feature 187_sum",
            "feature 244_sum",
            "feature 260_sum",
            "feature 81_sum",
            "feature 270_sum",
            "feature 303_sum",
            "feature 30_sum",
            "feature 197_sum",
            "feature 75_sum",
            "feature 305_sum",
            "feature 163_sum",
            "feature 47_sum",
            "feature 317_sum",
            "feature 239_sum",
            "feature 318_sum",
            "feature 108_sum",
            "feature 251_sum",
            "feature 331_sum",
            "feature 252_sum",
            "feature 238_sum",
            "feature 191_sum",
            "feature 70_sum",
            "feature 255_sum",
            "feature 333_sum",
            "feature 226_sum",
            "feature 60_sum",
            "feature 177_sum",
            "feature 328_sum",
            "feature 249_sum",
            "feature 329_sum",
            "feature 169_sum",
            "feature 145_sum",
            "feature 10_sum",
            "feature 162_sum",
            "feature 46_sum",
            "feature 265_sum",
            "feature 340_sum",
            "feature 64_sum",
            "feature 266_sum",
            "feature 267_sum",
            "feature 341_sum",
            "feature 53_sum",
            "feature 77_sum",
            "feature 143_sum",
            "feature 142_sum",
            "feature 165_sum",
            "feature 49_sum",
            "feature 105_sum",
            "feature 22_sum",
            "feature 268_sum",
            "feature 342_sum",
            "feature 269_sum",
            "feature 44_sum",
            "feature 94_sum",
            "feature 39_sum",
            "feature 117_sum",
            "feature 237_sum",
            "feature 29_sum",
            "resource_type 8_sum",
            "resource_type 2_sum",
            "resource_type 1_sum",
            "resource_type 9_sum",
            "resource_type 6_sum",
            "resource_type 7_sum",
            "resource_type 10_sum",
            "resource_type 4_sum",
            "resource_type 3_sum",
            "resource_type 5_sum"
          ]
        },
        "metaType": "PROCESSOR",
        "preview": false,
        "disabled": false,
        "alwaysShowComment": false
      },
      {
        "type": "Unfold",
        "params": {
          "column": "prediction",
          "overflowAction": "ERROR",
          "limit": 100
        },
        "metaType": "PROCESSOR",
        "preview": false,
        "disabled": false,
        "alwaysShowComment": false
      },
      {
        "type": "ColumnRenamer",
        "params": {
          "renamings": [
            {
              "from": "0",
              "to": "proba_0"
            },
            {
              "from": "2",
              "to": "proba_2"
            },
            {
              "from": "1",
              "to": "proba_1"
            }
          ]
        },
        "metaType": "PROCESSOR",
        "preview": false,
        "disabled": false,
        "alwaysShowComment": false
      },
      {
        "type": "ColumnsSelector",
        "params": {
          "keep": false,
          "appliesTo": "SINGLE_COLUMN",
          "columns": [
            "prediction"
          ]
        },
        "metaType": "PROCESSOR",
        "preview": false,
        "disabled": false,
        "alwaysShowComment": false
      }
    ],
    "maxProcessedMemTableBytes": -1,
    "columnsSelection": {
      "mode": "ALL"
    },
    "coloring": {
      "scheme": "MEANING_AND_STATUS",
      "individualColumns": [],
      "valueColoringMode": "HASH"
    },
    "sorting": [],
    "analysisColumnData": {},
    "explorationSampling": {
      "selection": {
        "maxStoredBytes": 104857600,
        "filter": {
          "distinct": false,
          "enabled": false
        },
        "partitionSelectionMethod": "ALL",
        "latestPartitionsN": 1,
        "ordering": {
          "enabled": false,
          "rules": []
        },
        "samplingMethod": "HEAD_SEQUENTIAL",
        "maxRecords": 10000,
        "targetRatio": 0.02,
        "withinFirstN": -1,
        "maxReadUncompressedBytes": -1
      },
      "autoRefreshSample": false,
      "_refreshTrigger": 0
    },
    "vizSampling": {
      "autoRefreshSample": false,
      "_refreshTrigger": 0
    },
    "exploreUIParams": {
      "autoRefresh": true
    },
    "globalSearchQuery": "",
    "explorationFilters": [],
    "previewMode": "ALL_ROWS"
  },
  "charts": [],
  "name": "Analyze random_forest_scored",
  "versionTag": {
    "versionNumber": 1,
    "lastModifiedBy": {
      "login": "admin"
    },
    "lastModifiedOn": 1525435934985
  },
  "creationTag": {
    "versionNumber": 0,
    "lastModifiedBy": {
      "login": "admin"
    },
    "lastModifiedOn": 1525435791615
  },
  "tags": [],
  "checklists": {
    "checklists": []
  }
}