{
    "metrics": {
        "rmse": 2.9871863710593454, 
        "pearson": 0.64505376216308585, 
        "mae": 0.87520503293297469, 
        "r2": 0.32927366249574519, 
        "mape": 0.322120385615757, 
        "mse": 8.9232824154427011, 
        "evs": 0.32927367045990097, 
        "rmsle": 0
    }, 
    "scatterPlotData": {
        "y": [
            10.0, 
            3.0, 
            0.9999, 
            4.0, 
            2.7051, 
            0.9999, 
            3.0, 
            0.9999, 
            1.0008, 
            1.0, 
            0.9999, 
            0.9999, 
            1.0008, 
            1.482, 
            0.9999, 
            1.7143, 
            1.0008, 
            1.8047, 
            0.9999, 
            2.0, 
            1.4509, 
            1.0008, 
            2.0698, 
            1.0, 
            0.9999, 
            2.5782, 
            0.9999, 
            0.9999, 
            1.5829, 
            2.9444, 
            1.0, 
            0.9999, 
            1.0, 
            1.375, 
            1.6, 
            2.1493, 
            0.9999, 
            1.0008, 
            0.9999, 
            1.0014, 
            2.8864, 
            0.9999, 
            0.9999, 
            1.2947, 
            0.9999, 
            1.7742, 
            0.9999, 
            1.3364, 
            1.6, 
            0.9999, 
            5.0385, 
            7.0, 
            2.271, 
            0.9999, 
            0.9999, 
            3.0, 
            1.482, 
            0.9999, 
            4.0, 
            4.5714, 
            0.9999, 
            14.0, 
            0.9999, 
            0.9999, 
            1.4512, 
            0.9999, 
            1.0008, 
            0.9999, 
            1.25, 
            0.9999, 
            1.0008, 
            22.0, 
            1.25, 
            1.6757, 
            0.9999, 
            1.0, 
            2.1493, 
            0.9999, 
            1.8372, 
            1.2594, 
            0.9999, 
            2.0, 
            3.0, 
            1.4091, 
            1.601, 
            1.0, 
            1.6, 
            6.0, 
            1.0, 
            1.2807, 
            0.9999, 
            0.9999, 
            2.0714, 
            5.0, 
            1.4167, 
            3.7568, 
            2.7424, 
            2.8, 
            1.6789, 
            0.9999, 
            0.9999, 
            1.0, 
            1.0008, 
            1.1136, 
            3.1778, 
            0.9999, 
            1.0, 
            0.9999, 
            0.9999, 
            1.3011, 
            0.9999, 
            1.0, 
            1.6341, 
            2.271, 
            1.5829, 
            1.2927, 
            1.0, 
            7.0, 
            1.0014, 
            3.5, 
            1.0008, 
            3.0, 
            0.9999, 
            1.0, 
            1.9714, 
            0.9999, 
            0.9999, 
            1.0, 
            1.2594, 
            1.0, 
            0.9999, 
            0.9999, 
            0.9999, 
            1.0, 
            0.9999, 
            1.0, 
            1.0997, 
            3.0, 
            0.9999, 
            1.0008, 
            1.1143, 
            2.2081, 
            1.0008, 
            1.3364, 
            6.0, 
            1.5829, 
            0.9999, 
            0.9999, 
            1.0008, 
            1.7143, 
            2.0, 
            2.0, 
            2.0, 
            0.9999, 
            1.0008, 
            2.0, 
            1.7333, 
            1.5714, 
            2.4, 
            0.9999, 
            2.0, 
            0.9999, 
            2.0485, 
            0.9999, 
            0.9999, 
            0.9999, 
            1.0, 
            0.9999, 
            0.9999, 
            2.2801, 
            0.9999, 
            1.0008, 
            1.0, 
            0.9999, 
            2.0, 
            0.9999, 
            0.9999, 
            0.9999, 
            1.0, 
            2.271, 
            0.9999, 
            2.3571, 
            0.9999, 
            0.9999, 
            0.9999, 
            0.9999, 
            1.0, 
            4.2993, 
            2.0312, 
            1.3364, 
            1.9286, 
            0.9999, 
            0.9999, 
            0.9999, 
            1.0, 
            2.0, 
            10.0, 
            1.6667, 
            0.9999, 
            0.9999, 
            6.0, 
            4.0, 
            0.9999, 
            2.057, 
            0.9999, 
            1.0, 
            3.0, 
            0.9999, 
            2.1493, 
            0.9999, 
            1.0, 
            1.0997, 
            0.9999, 
            1.6529, 
            1.0008, 
            1.3846, 
            0.9999, 
            2.2081, 
            0.9999, 
            1.0, 
            1.3636, 
            0.9999, 
            0.9999, 
            1.0, 
            0.9999, 
            0.9999, 
            0.9999, 
            0.9999, 
            3.6667, 
            1.0, 
            1.0014, 
            0.9999, 
            1.3364, 
            1.0, 
            1.2947, 
            2.2801, 
            1.0, 
            0.9999, 
            1.0, 
            1.8047, 
            0.9999, 
            1.25, 
            0.9999, 
            5.3333, 
            1.0008, 
            2.0, 
            0.9999, 
            4.2993, 
            0.9999, 
            0.9999, 
            0.9999, 
            0.9999, 
            1.0, 
            0.9999, 
            1.482, 
            2.271, 
            0.9999, 
            0.9999, 
            0.9999, 
            0.9999, 
            0.9999, 
            0.9999, 
            0.9999, 
            1.0, 
            3.625, 
            1.0, 
            1.0, 
            1.0, 
            2.0485, 
            1.0, 
            2.3016, 
            1.0, 
            0.9999, 
            0.9999, 
            3.7914, 
            1.0, 
            1.0, 
            2.8462, 
            0.9999, 
            0.9999, 
            0.9999, 
            1.9091, 
            2.3016, 
            0.9999, 
            1.0, 
            1.0008, 
            0.9999, 
            2.2917, 
            0.9999, 
            3.4048, 
            1.0, 
            1.0, 
            3.1429, 
            3.0, 
            0.9999, 
            3.0, 
            2.0, 
            0.9999, 
            2.0, 
            1.0, 
            1.482, 
            3.1778, 
            1.4509, 
            1.0008, 
            36.0, 
            2.057, 
            16.0, 
            1.3125, 
            1.9286, 
            0.9999, 
            7.0, 
            1.9286, 
            4.0, 
            0.9999, 
            0.9999, 
            0.9999, 
            0.9999, 
            1.0, 
            1.0, 
            3.3333, 
            1.0008, 
            5.0155, 
            0.9999, 
            0.9999, 
            0.9999, 
            0.9999, 
            0.9999, 
            0.9999, 
            1.3889, 
            11.5, 
            1.5829, 
            1.0, 
            1.0, 
            0.9999, 
            5.5, 
            0.9999, 
            4.0, 
            1.0, 
            0.9999, 
            2.3016, 
            2.6667, 
            1.0008, 
            1.5, 
            0.9999, 
            1.8286, 
            1.3529, 
            0.9999, 
            2.2081, 
            5.0, 
            1.3438, 
            11.0, 
            1.0, 
            3.6, 
            1.4509, 
            2.5333, 
            1.0014, 
            0.9999, 
            27.5, 
            1.0014, 
            1.8519, 
            2.0, 
            1.4167, 
            0.9545, 
            1.8047, 
            0.9999, 
            0.9999, 
            7.0, 
            1.4667, 
            0.9999, 
            1.3, 
            24.0, 
            2.0485, 
            2.7891, 
            24.0, 
            5.1316, 
            0.9999, 
            1.0008, 
            2.4672, 
            0.9999, 
            1.0008, 
            1.0, 
            0.9999, 
            1.5789, 
            5.75, 
            0.9999, 
            0.9999, 
            0.9999, 
            1.0, 
            18.5, 
            1.5, 
            7.1667, 
            1.0, 
            1.0008, 
            1.0008, 
            0.9999, 
            1.0008, 
            1.5829, 
            2.0, 
            0.9999, 
            1.482, 
            1.0, 
            0.9999, 
            1.0, 
            1.0, 
            2.271, 
            0.9999, 
            0.9999, 
            0.9999, 
            2.0, 
            1.0, 
            0.9999, 
            0.9999, 
            0.9999, 
            0.9831, 
            1.0008, 
            1.0008, 
            0.9999, 
            10.0, 
            0.9999, 
            0.9999, 
            5.0, 
            1.0, 
            9.0, 
            1.9736, 
            1.419, 
            1.0008, 
            0.9999, 
            1.0, 
            2.3535, 
            1.2267, 
            1.0, 
            0.9999, 
            0.9999, 
            0.9999, 
            2.0, 
            3.0, 
            2.0, 
            2.8462, 
            4.0, 
            0.9999, 
            0.9999, 
            2.0, 
            0.9999, 
            1.0008, 
            1.0, 
            1.419, 
            0.9999, 
            1.0588, 
            0.9999, 
            1.0, 
            2.069, 
            0.9999, 
            2.3016, 
            0.9999, 
            0.9999, 
            0.9999, 
            2.3016, 
            1.8047, 
            3.0, 
            0.9999, 
            0.9999, 
            0.9999, 
            15.0, 
            1.0008, 
            1.0997, 
            2.0, 
            0.9999, 
            2.0588, 
            1.0997, 
            2.0, 
            1.0, 
            2.1493, 
            0.9999, 
            4.0556, 
            0.9999, 
            2.0323, 
            1.0, 
            0.9999, 
            1.1975, 
            1.0, 
            0.9999, 
            2.4286, 
            1.0014, 
            1.0769, 
            0.9999, 
            0.9999, 
            0.9999, 
            1.0, 
            2.0, 
            2.0, 
            0.9999, 
            1.0008, 
            1.2812, 
            3.0, 
            4.0, 
            0.9999, 
            1.0, 
            1.0008, 
            0.9999, 
            1.0008, 
            1.0, 
            0.9999, 
            13.6667, 
            1.0, 
            0.9999, 
            2.6667, 
            0.9999, 
            1.3125, 
            2.2222, 
            1.2594, 
            0.9999, 
            2.9444, 
            1.6789, 
            0.9999, 
            0.9999, 
            1.9917, 
            3.5, 
            4.0, 
            0.9999, 
            0.9999, 
            0.9999, 
            1.0008, 
            0.9999, 
            1.0008, 
            1.0008, 
            1.0, 
            2.4464, 
            1.482, 
            2.2081, 
            0.9999, 
            1.0, 
            1.0, 
            0.9999, 
            2.0, 
            1.6757, 
            0.9999, 
            0.9999, 
            1.0, 
            0.9999, 
            0.9999, 
            1.0008, 
            1.0, 
            0.9999, 
            2.3333, 
            0.9999, 
            1.0, 
            0.9999, 
            0.9999, 
            1.8537, 
            0.9999, 
            0.9999, 
            0.9999, 
            1.0, 
            1.9736, 
            0.9999, 
            1.0, 
            0.9999, 
            2.8537, 
            0.9999, 
            1.0008, 
            0.9999, 
            0.9999, 
            0.9999, 
            1.482, 
            0.9999, 
            2.9231, 
            2.0, 
            0.9999, 
            1.0, 
            1.3364, 
            0.9999, 
            0.9999, 
            1.9667, 
            0.9999, 
            1.1039, 
            1.0, 
            1.0, 
            1.0, 
            1.0008, 
            0.9999, 
            1.0, 
            1.0008, 
            1.0008, 
            0.9999, 
            5.0, 
            0.9999, 
            3.4167, 
            0.9999, 
            0.9999, 
            1.2594, 
            2.2801, 
            1.0, 
            1.4509, 
            1.0008, 
            0.9999, 
            9.0, 
            0.9999, 
            2.1758, 
            1.6667, 
            12.0, 
            1.5829, 
            3.0, 
            1.0, 
            1.1351, 
            1.0008, 
            1.0008, 
            0.9999, 
            0.9999, 
            2.3016, 
            0.9999, 
            0.9999, 
            1.2222, 
            0.9999, 
            1.0714, 
            1.482, 
            1.0, 
            0.9999, 
            1.0008, 
            8.0, 
            23.5, 
            0.9999, 
            3.0, 
            1.0, 
            4.2993, 
            0.9999, 
            2.0, 
            0.9999, 
            7.0, 
            0.9999, 
            4.0, 
            1.0008, 
            1.3846, 
            1.0008, 
            1.0, 
            2.0, 
            1.0997, 
            0.9999, 
            1.0, 
            1.0, 
            1.0, 
            1.0008, 
            3.0, 
            0.9999, 
            1.0, 
            0.9999, 
            0.9999, 
            1.0008, 
            2.2152, 
            3.0392, 
            0.9999, 
            0.9999, 
            3.902, 
            0.9999, 
            5.0, 
            2.0811, 
            0.9999, 
            0.9999, 
            1.6667, 
            2.069, 
            1.0008, 
            1.9736, 
            2.0645, 
            0.9999, 
            0.9999, 
            1.0, 
            0.9999, 
            0.9999, 
            0.9999, 
            2.2801, 
            0.9999, 
            1.0008, 
            1.0, 
            0.9999, 
            1.0008, 
            1.0014, 
            1.02, 
            3.8378, 
            6.8909, 
            0.9999, 
            1.2045, 
            1.0008, 
            2.7778, 
            0.9999, 
            0.9999, 
            1.0, 
            1.482, 
            1.7143, 
            1.0, 
            1.0, 
            1.3025, 
            0.9999, 
            0.9999, 
            0.9999, 
            0.9999, 
            0.9999, 
            0.9999, 
            2.7407, 
            1.875, 
            1.0, 
            3.3913, 
            3.1429, 
            2.0, 
            3.8378, 
            1.0008, 
            3.6667, 
            0.9999, 
            0.9999, 
            1.5422, 
            4.0, 
            1.5829, 
            1.0, 
            1.3529, 
            2.25, 
            0.9999, 
            1.1143, 
            1.0008, 
            1.0, 
            1.0, 
            6.0, 
            8.0, 
            1.4091, 
            4.4746, 
            0.9999, 
            2.1538, 
            2.6667, 
            0.9999, 
            1.375, 
            0.9999, 
            2.1758, 
            0.9999, 
            0.9999, 
            0.9999, 
            0.9999, 
            1.0, 
            1.0008, 
            3.9, 
            0.9999, 
            0.9999, 
            1.0, 
            2.2568, 
            1.6529, 
            2.8, 
            0.9999, 
            1.2184, 
            1.0, 
            1.5, 
            0.9999, 
            2.0, 
            0.9999, 
            1.6, 
            0.9999, 
            1.5882, 
            0.9999, 
            3.7568, 
            1.0, 
            2.5469, 
            0.9999, 
            0.9999, 
            0.9999, 
            0.9999, 
            1.5, 
            1.0008, 
            1.0008, 
            0.9999, 
            4.0, 
            3.0, 
            2.7424, 
            1.0008, 
            1.5455, 
            0.9999, 
            1.6538, 
            5.0, 
            0.9999, 
            0.9999, 
            1.8462, 
            1.0008, 
            0.9999, 
            1.5, 
            1.0, 
            2.4672, 
            8.0, 
            1.75, 
            1.0, 
            0.9999, 
            1.5882, 
            2.0, 
            0.9999, 
            1.0, 
            1.0008, 
            0.9999, 
            1.3364, 
            2.0, 
            0.9999, 
            1.0997, 
            1.0, 
            4.0, 
            0.9999, 
            1.0, 
            1.5829, 
            0.9999, 
            0.9999, 
            1.4167, 
            4.0, 
            2.3535, 
            2.0323, 
            5.0, 
            1.0, 
            0.9999, 
            3.0, 
            0.9999, 
            1.6529, 
            1.0014, 
            0.9999, 
            1.3889, 
            5.3333, 
            1.8047, 
            1.4512, 
            0.9999, 
            1.0008, 
            2.0, 
            1.0, 
            1.0, 
            0.9999, 
            1.0, 
            0.9999, 
            0.9999, 
            0.9999, 
            2.3016, 
            0.9999, 
            3.0, 
            0.9999, 
            2.1176, 
            2.8462, 
            1.2927, 
            2.0159, 
            1.0, 
            1.0, 
            0.9999, 
            1.0, 
            0.9999, 
            5.4615, 
            0.9999, 
            4.3333, 
            1.9, 
            1.1975, 
            3.0, 
            5.0, 
            1.0, 
            3.0, 
            0.9999, 
            2.5, 
            5.9, 
            0.9999, 
            1.0, 
            0.9999, 
            3.1978, 
            0.9999, 
            1.8286, 
            2.8571, 
            0.9999, 
            1.0008, 
            1.0, 
            0.9999, 
            0.9999, 
            0.9999, 
            1.1143, 
            0.9999, 
            1.6789, 
            1.3364, 
            1.4306, 
            1.8047, 
            3.0, 
            0.9999, 
            1.0008, 
            0.9999, 
            0.9999, 
            3.0, 
            1.0, 
            1.0, 
            0.9999, 
            0.9999, 
            6.5439, 
            5.6667, 
            3.0, 
            0.9999, 
            1.0, 
            1.0008, 
            0.9999, 
            3.0, 
            1.0, 
            0.9999, 
            0.9999, 
            0.9999, 
            1.0014, 
            2.3535, 
            0.9999, 
            1.6, 
            2.0, 
            0.9999, 
            15.0, 
            0.9999, 
            3.0, 
            0.9999, 
            0.9999, 
            2.8333, 
            1.0, 
            1.0769, 
            1.4509, 
            14.0, 
            1.0008, 
            0.9999, 
            0.9999, 
            0.9999, 
            1.8095, 
            5.3478, 
            1.2594, 
            2.0, 
            1.0, 
            1.0, 
            1.4306, 
            0.9999, 
            5.0155, 
            0.9999, 
            2.2917, 
            3.3152, 
            0.9999, 
            1.5829, 
            2.271, 
            10.8, 
            1.482, 
            0.9999, 
            1.8286, 
            0.9999, 
            0.9999, 
            0.9999, 
            0.9999, 
            0.9999, 
            3.0, 
            1.0, 
            1.9736, 
            2.1087, 
            1.2594, 
            11.5, 
            0.9999, 
            0.9999, 
            1.973, 
            0.9999, 
            1.6789, 
            1.0, 
            7.0, 
            2.5782, 
            1.482, 
            29.0, 
            2.2081, 
            7.0, 
            0.9999, 
            0.9999, 
            1.0997, 
            0.9999, 
            0.9999, 
            1.0, 
            1.0, 
            0.9999, 
            4.3333, 
            1.0008, 
            2.4672, 
            1.0008, 
            0.9999, 
            0.9999, 
            0.9999, 
            1.0008, 
            1.419, 
            1.0, 
            0.9999, 
            1.6981, 
            3.0, 
            2.3571, 
            5.2453, 
            1.0133, 
            1.2594, 
            1.4509, 
            2.7891, 
            0.9999, 
            1.0, 
            6.0, 
            1.0, 
            0.9999, 
            3.4048, 
            1.0, 
            2.4805, 
            1.3364, 
            0.9999, 
            0.9999, 
            0.9999, 
            0.9999, 
            0.9999, 
            2.1758, 
            0.9999, 
            5.0, 
            2.057
        ], 
        "x": [
            10.0, 
            3.0, 
            1.0, 
            3.0, 
            2.0, 
            1.0, 
            1.0, 
            1.0, 
            1.0, 
            1.0, 
            1.0, 
            1.0, 
            1.0, 
            1.0, 
            1.0, 
            2.0, 
            1.0, 
            3.0, 
            1.0, 
            2.0, 
            2.0, 
            1.0, 
            2.0, 
            1.0, 
            1.0, 
            1.0, 
            1.0, 
            1.0, 
            1.0, 
            5.0, 
            1.0, 
            1.0, 
            4.0, 
            1.0, 
            2.0, 
            4.0, 
            1.0, 
            1.0, 
            1.0, 
            1.0, 
            1.0, 
            1.0, 
            1.0, 
            1.0, 
            1.0, 
            3.0, 
            1.0, 
            1.0, 
            1.0, 
            1.0, 
            6.0, 
            12.0, 
            4.0, 
            1.0, 
            1.0, 
            4.0, 
            2.0, 
            1.0, 
            2.0, 
            7.0, 
            1.0, 
            12.0, 
            1.0, 
            1.0, 
            1.0, 
            1.0, 
            1.0, 
            1.0, 
            2.0, 
            1.0, 
            1.0, 
            5.0, 
            2.0, 
            2.0, 
            1.0, 
            1.0, 
            3.0, 
            1.0, 
            2.0, 
            1.0, 
            1.0, 
            1.0, 
            1.0, 
            2.0, 
            2.0, 
            2.0, 
            5.0, 
            3.0, 
            1.0, 
            2.0, 
            1.0, 
            1.0, 
            2.0, 
            4.0, 
            2.0, 
            6.0, 
            1.0, 
            5.0, 
            1.0, 
            1.0, 
            1.0, 
            1.0, 
            1.0, 
            1.0, 
            3.0, 
            1.0, 
            1.0, 
            1.0, 
            1.0, 
            1.0, 
            1.0, 
            1.0, 
            3.0, 
            2.0, 
            2.0, 
            2.0, 
            2.0, 
            5.0, 
            1.0, 
            6.0, 
            1.0, 
            1.0, 
            1.0, 
            1.0, 
            2.0, 
            1.0, 
            1.0, 
            1.0, 
            1.0, 
            1.0, 
            1.0, 
            1.0, 
            1.0, 
            1.0, 
            1.0, 
            2.0, 
            1.0, 
            1.0, 
            1.0, 
            1.0, 
            2.0, 
            2.0, 
            1.0, 
            1.0, 
            4.0, 
            1.0, 
            1.0, 
            1.0, 
            1.0, 
            2.0, 
            2.0, 
            1.0, 
            1.0, 
            1.0, 
            1.0, 
            2.0, 
            2.0, 
            1.0, 
            3.0, 
            1.0, 
            1.0, 
            1.0, 
            1.0, 
            1.0, 
            1.0, 
            1.0, 
            1.0, 
            1.0, 
            1.0, 
            2.0, 
            1.0, 
            1.0, 
            1.0, 
            1.0, 
            2.0, 
            1.0, 
            1.0, 
            1.0, 
            1.0, 
            2.0, 
            1.0, 
            3.0, 
            1.0, 
            1.0, 
            1.0, 
            1.0, 
            1.0, 
            3.0, 
            1.0, 
            2.0, 
            2.0, 
            1.0, 
            1.0, 
            1.0, 
            1.0, 
            7.0, 
            4.0, 
            2.0, 
            1.0, 
            1.0, 
            6.0, 
            21.0, 
            1.0, 
            2.0, 
            1.0, 
            9.0, 
            2.0, 
            1.0, 
            1.0, 
            1.0, 
            2.0, 
            1.0, 
            1.0, 
            1.0, 
            1.0, 
            2.0, 
            1.0, 
            2.0, 
            1.0, 
            3.0, 
            2.0, 
            1.0, 
            1.0, 
            1.0, 
            1.0, 
            1.0, 
            1.0, 
            1.0, 
            2.0, 
            1.0, 
            1.0, 
            1.0, 
            1.0, 
            3.0, 
            1.0, 
            3.0, 
            1.0, 
            1.0, 
            1.0, 
            2.0, 
            1.0, 
            1.0, 
            1.0, 
            1.0, 
            1.0, 
            1.0, 
            1.0, 
            7.0, 
            1.0, 
            1.0, 
            1.0, 
            1.0, 
            1.0, 
            1.0, 
            1.0, 
            1.0, 
            1.0, 
            1.0, 
            1.0, 
            1.0, 
            1.0, 
            1.0, 
            1.0, 
            4.0, 
            2.0, 
            1.0, 
            2.0, 
            1.0, 
            6.0, 
            2.0, 
            3.0, 
            1.0, 
            1.0, 
            1.0, 
            1.0, 
            1.0, 
            1.0, 
            2.0, 
            1.0, 
            1.0, 
            1.0, 
            1.0, 
            2.0, 
            1.0, 
            1.0, 
            1.0, 
            1.0, 
            1.0, 
            1.0, 
            6.0, 
            1.0, 
            1.0, 
            2.0, 
            3.0, 
            1.0, 
            1.0, 
            1.0, 
            1.0, 
            3.0, 
            1.0, 
            1.0, 
            7.0, 
            1.0, 
            1.0, 
            6.0, 
            2.0, 
            9.0, 
            2.0, 
            2.0, 
            1.0, 
            14.0, 
            1.0, 
            2.0, 
            1.0, 
            1.0, 
            1.0, 
            1.0, 
            3.0, 
            1.0, 
            1.0, 
            1.0, 
            2.0, 
            1.0, 
            1.0, 
            1.0, 
            1.0, 
            1.0, 
            1.0, 
            2.0, 
            3.0, 
            2.0, 
            1.0, 
            2.0, 
            1.0, 
            2.0, 
            1.0, 
            4.0, 
            1.0, 
            1.0, 
            3.0, 
            4.0, 
            1.0, 
            2.0, 
            1.0, 
            3.0, 
            1.0, 
            1.0, 
            2.0, 
            10.0, 
            1.0, 
            5.0, 
            1.0, 
            4.0, 
            3.0, 
            1.0, 
            1.0, 
            1.0, 
            27.0, 
            1.0, 
            1.0, 
            2.0, 
            2.0, 
            1.0, 
            2.0, 
            1.0, 
            1.0, 
            2.0, 
            1.0, 
            1.0, 
            2.0, 
            22.0, 
            2.0, 
            1.0, 
            5.0, 
            6.0, 
            1.0, 
            1.0, 
            2.0, 
            1.0, 
            1.0, 
            1.0, 
            1.0, 
            2.0, 
            13.0, 
            1.0, 
            1.0, 
            1.0, 
            1.0, 
            24.0, 
            1.0, 
            23.0, 
            2.0, 
            1.0, 
            1.0, 
            1.0, 
            1.0, 
            1.0, 
            1.0, 
            1.0, 
            1.0, 
            1.0, 
            1.0, 
            1.0, 
            1.0, 
            3.0, 
            1.0, 
            1.0, 
            1.0, 
            1.0, 
            4.0, 
            1.0, 
            1.0, 
            1.0, 
            1.0, 
            1.0, 
            1.0, 
            1.0, 
            3.0, 
            1.0, 
            1.0, 
            9.0, 
            1.0, 
            4.0, 
            1.0, 
            1.0, 
            1.0, 
            1.0, 
            1.0, 
            4.0, 
            1.0, 
            1.0, 
            1.0, 
            1.0, 
            1.0, 
            1.0, 
            1.0, 
            1.0, 
            1.0, 
            4.0, 
            1.0, 
            1.0, 
            2.0, 
            1.0, 
            1.0, 
            1.0, 
            2.0, 
            1.0, 
            2.0, 
            1.0, 
            1.0, 
            1.0, 
            1.0, 
            1.0, 
            1.0, 
            1.0, 
            1.0, 
            2.0, 
            3.0, 
            1.0, 
            1.0, 
            1.0, 
            1.0, 
            35.0, 
            1.0, 
            1.0, 
            2.0, 
            1.0, 
            3.0, 
            1.0, 
            2.0, 
            1.0, 
            1.0, 
            1.0, 
            3.0, 
            1.0, 
            1.0, 
            1.0, 
            1.0, 
            2.0, 
            1.0, 
            1.0, 
            3.0, 
            1.0, 
            3.0, 
            1.0, 
            1.0, 
            1.0, 
            1.0, 
            1.0, 
            3.0, 
            1.0, 
            1.0, 
            2.0, 
            2.0, 
            11.0, 
            1.0, 
            1.0, 
            1.0, 
            1.0, 
            1.0, 
            1.0, 
            1.0, 
            7.0, 
            3.0, 
            1.0, 
            2.0, 
            1.0, 
            1.0, 
            1.0, 
            1.0, 
            1.0, 
            1.0, 
            1.0, 
            1.0, 
            1.0, 
            2.0, 
            2.0, 
            8.0, 
            1.0, 
            1.0, 
            1.0, 
            1.0, 
            1.0, 
            1.0, 
            1.0, 
            1.0, 
            2.0, 
            1.0, 
            1.0, 
            1.0, 
            1.0, 
            1.0, 
            1.0, 
            2.0, 
            2.0, 
            1.0, 
            1.0, 
            1.0, 
            1.0, 
            1.0, 
            1.0, 
            2.0, 
            1.0, 
            1.0, 
            1.0, 
            1.0, 
            1.0, 
            1.0, 
            2.0, 
            1.0, 
            1.0, 
            1.0, 
            1.0, 
            1.0, 
            1.0, 
            1.0, 
            1.0, 
            2.0, 
            1.0, 
            1.0, 
            1.0, 
            1.0, 
            1.0, 
            1.0, 
            1.0, 
            4.0, 
            1.0, 
            0.0, 
            4.0, 
            1.0, 
            1.0, 
            1.0, 
            4.0, 
            1.0, 
            1.0, 
            1.0, 
            2.0, 
            1.0, 
            1.0, 
            1.0, 
            1.0, 
            1.0, 
            1.0, 
            1.0, 
            12.0, 
            1.0, 
            4.0, 
            1.0, 
            1.0, 
            2.0, 
            4.0, 
            1.0, 
            1.0, 
            1.0, 
            1.0, 
            12.0, 
            1.0, 
            2.0, 
            2.0, 
            10.0, 
            2.0, 
            3.0, 
            3.0, 
            1.0, 
            1.0, 
            1.0, 
            1.0, 
            1.0, 
            2.0, 
            1.0, 
            1.0, 
            1.0, 
            1.0, 
            1.0, 
            1.0, 
            1.0, 
            1.0, 
            1.0, 
            2.0, 
            117.0, 
            1.0, 
            2.0, 
            1.0, 
            4.0, 
            1.0, 
            2.0, 
            1.0, 
            5.0, 
            1.0, 
            1.0, 
            1.0, 
            1.0, 
            1.0, 
            1.0, 
            2.0, 
            1.0, 
            1.0, 
            1.0, 
            1.0, 
            1.0, 
            1.0, 
            6.0, 
            1.0, 
            1.0, 
            1.0, 
            1.0, 
            1.0, 
            1.0, 
            2.0, 
            1.0, 
            1.0, 
            2.0, 
            1.0, 
            12.0, 
            3.0, 
            1.0, 
            1.0, 
            5.0, 
            3.0, 
            1.0, 
            2.0, 
            2.0, 
            1.0, 
            1.0, 
            1.0, 
            1.0, 
            1.0, 
            1.0, 
            2.0, 
            1.0, 
            1.0, 
            1.0, 
            1.0, 
            1.0, 
            1.0, 
            2.0, 
            8.0, 
            15.0, 
            1.0, 
            1.0, 
            1.0, 
            2.0, 
            1.0, 
            1.0, 
            1.0, 
            1.0, 
            1.0, 
            1.0, 
            1.0, 
            2.0, 
            1.0, 
            1.0, 
            1.0, 
            1.0, 
            1.0, 
            1.0, 
            2.0, 
            1.0, 
            1.0, 
            5.0, 
            6.0, 
            1.0, 
            1.0, 
            1.0, 
            2.0, 
            1.0, 
            1.0, 
            2.0, 
            4.0, 
            1.0, 
            1.0, 
            1.0, 
            3.0, 
            1.0, 
            1.0, 
            1.0, 
            2.0, 
            1.0, 
            2.0, 
            10.0, 
            1.0, 
            6.0, 
            1.0, 
            2.0, 
            4.0, 
            1.0, 
            2.0, 
            1.0, 
            2.0, 
            1.0, 
            1.0, 
            1.0, 
            1.0, 
            1.0, 
            1.0, 
            2.0, 
            1.0, 
            1.0, 
            1.0, 
            2.0, 
            1.0, 
            1.0, 
            1.0, 
            1.0, 
            1.0, 
            1.0, 
            1.0, 
            3.0, 
            1.0, 
            2.0, 
            1.0, 
            2.0, 
            1.0, 
            8.0, 
            2.0, 
            2.0, 
            1.0, 
            1.0, 
            1.0, 
            1.0, 
            2.0, 
            1.0, 
            1.0, 
            1.0, 
            5.0, 
            7.0, 
            1.0, 
            1.0, 
            1.0, 
            1.0, 
            3.0, 
            4.0, 
            1.0, 
            1.0, 
            1.0, 
            1.0, 
            1.0, 
            4.0, 
            1.0, 
            2.0, 
            3.0, 
            2.0, 
            1.0, 
            1.0, 
            2.0, 
            1.0, 
            1.0, 
            1.0, 
            1.0, 
            1.0, 
            1.0, 
            1.0, 
            1.0, 
            1.0, 
            1.0, 
            2.0, 
            1.0, 
            2.0, 
            3.0, 
            1.0, 
            1.0, 
            1.0, 
            2.0, 
            3.0, 
            1.0, 
            5.0, 
            1.0, 
            1.0, 
            2.0, 
            1.0, 
            2.0, 
            1.0, 
            1.0, 
            3.0, 
            10.0, 
            2.0, 
            3.0, 
            1.0, 
            1.0, 
            5.0, 
            1.0, 
            1.0, 
            1.0, 
            1.0, 
            1.0, 
            1.0, 
            1.0, 
            2.0, 
            1.0, 
            2.0, 
            1.0, 
            1.0, 
            3.0, 
            3.0, 
            2.0, 
            2.0, 
            1.0, 
            1.0, 
            4.0, 
            1.0, 
            5.0, 
            1.0, 
            3.0, 
            1.0, 
            1.0, 
            1.0, 
            3.0, 
            4.0, 
            1.0, 
            1.0, 
            8.0, 
            4.0, 
            1.0, 
            1.0, 
            1.0, 
            1.0, 
            1.0, 
            3.0, 
            5.0, 
            1.0, 
            1.0, 
            2.0, 
            1.0, 
            1.0, 
            1.0, 
            2.0, 
            1.0, 
            1.0, 
            2.0, 
            1.0, 
            3.0, 
            1.0, 
            1.0, 
            1.0, 
            1.0, 
            1.0, 
            3.0, 
            1.0, 
            1.0, 
            1.0, 
            1.0, 
            12.0, 
            5.0, 
            1.0, 
            1.0, 
            1.0, 
            1.0, 
            1.0, 
            2.0, 
            1.0, 
            1.0, 
            1.0, 
            1.0, 
            1.0, 
            3.0, 
            1.0, 
            2.0, 
            2.0, 
            1.0, 
            64.0, 
            1.0, 
            1.0, 
            1.0, 
            1.0, 
            4.0, 
            11.0, 
            1.0, 
            1.0, 
            5.0, 
            1.0, 
            1.0, 
            1.0, 
            1.0, 
            1.0, 
            3.0, 
            1.0, 
            1.0, 
            1.0, 
            3.0, 
            2.0, 
            1.0, 
            7.0, 
            1.0, 
            1.0, 
            1.0, 
            1.0, 
            2.0, 
            1.0, 
            29.0, 
            1.0, 
            1.0, 
            1.0, 
            1.0, 
            1.0, 
            1.0, 
            1.0, 
            1.0, 
            2.0, 
            1.0, 
            2.0, 
            2.0, 
            1.0, 
            17.0, 
            1.0, 
            1.0, 
            2.0, 
            1.0, 
            1.0, 
            4.0, 
            8.0, 
            2.0, 
            1.0, 
            17.0, 
            1.0, 
            2.0, 
            1.0, 
            1.0, 
            2.0, 
            1.0, 
            1.0, 
            1.0, 
            1.0, 
            1.0, 
            3.0, 
            1.0, 
            3.0, 
            1.0, 
            1.0, 
            1.0, 
            1.0, 
            1.0, 
            1.0, 
            1.0, 
            1.0, 
            1.0, 
            7.0, 
            1.0, 
            4.0, 
            1.0, 
            1.0, 
            1.0, 
            4.0, 
            1.0, 
            1.0, 
            1.0, 
            5.0, 
            1.0, 
            1.0, 
            2.0, 
            2.0, 
            1.0, 
            1.0, 
            1.0, 
            1.0, 
            1.0, 
            1.0, 
            1.0, 
            1.0, 
            5.0, 
            2.0
        ]
    }, 
    "processed_feature_names": [
        "item_category_id", 
        "item_cnt_month_avg", 
        "item_cnt_prev_month", 
        "item_id", 
        "shop_id", 
        "dummy:shop_name:\u041c\u043e\u0441\u043a\u0432\u0430 \u0422\u0420\u041a \"\u0410\u0442\u0440\u0438\u0443\u043c\"", 
        "dummy:shop_name:\u041c\u043e\u0441\u043a\u0432\u0430 \u0422\u0426 \"\u0421\u0435\u043c\u0435\u043d\u043e\u0432\u0441\u043a\u0438\u0439\"", 
        "dummy:shop_name:!\u042f\u043a\u0443\u0442\u0441\u043a \u041e\u0440\u0434\u0436\u043e\u043d\u0438\u043a\u0438\u0434\u0437\u0435, 56 \u0444\u0440\u0430\u043d", 
        "dummy:shop_name:\u041c\u043e\u0441\u043a\u0432\u0430 \u0422\u0426 \"\u041c\u0415\u0413\u0410 \u0422\u0435\u043f\u043b\u044b\u0439 \u0421\u0442\u0430\u043d\" II", 
        "dummy:shop_name:\u041c\u043e\u0441\u043a\u0432\u0430 \u0422\u0426 \"\u041c\u0415\u0413\u0410 \u0411\u0435\u043b\u0430\u044f \u0414\u0430\u0447\u0430 II\"", 
        "dummy:shop_name:\u0412\u043e\u0440\u043e\u043d\u0435\u0436 (\u041f\u043b\u0435\u0445\u0430\u043d\u043e\u0432\u0441\u043a\u0430\u044f, 13)", 
        "dummy:shop_name:!\u042f\u043a\u0443\u0442\u0441\u043a \u0422\u0426 \"\u0426\u0435\u043d\u0442\u0440\u0430\u043b\u044c\u043d\u044b\u0439\" \u0444\u0440\u0430\u043d", 
        "dummy:shop_name:\u0425\u0438\u043c\u043a\u0438 \u0422\u0426 \"\u041c\u0435\u0433\u0430\"", 
        "dummy:shop_name:\u041c\u043e\u0441\u043a\u0432\u0430 \u0422\u0426 \"\u041f\u0435\u0440\u043b\u043e\u0432\u0441\u043a\u0438\u0439\"", 
        "dummy:shop_name:\u041a\u043e\u043b\u043e\u043c\u043d\u0430 \u0422\u0426 \"\u0420\u0438\u043e\"", 
        "dummy:shop_name:\u041a\u0443\u0440\u0441\u043a \u0422\u0426 \"\u041f\u0443\u0448\u043a\u0438\u043d\u0441\u043a\u0438\u0439\"", 
        "dummy:shop_name:\u041a\u0440\u0430\u0441\u043d\u043e\u044f\u0440\u0441\u043a \u0422\u0426 \"\u0418\u044e\u043d\u044c\"", 
        "dummy:shop_name:\u041c\u043e\u0441\u043a\u0432\u0430 \u0422\u0426 \"\u041d\u043e\u0432\u044b\u0439 \u0432\u0435\u043a\" (\u041d\u043e\u0432\u043e\u043a\u043e\u0441\u0438\u043d\u043e)", 
        "dummy:shop_name:\u041c\u043e\u0441\u043a\u0432\u0430 \u0422\u0426 \"\u0410\u0440\u0435\u0430\u043b\" (\u0411\u0435\u043b\u044f\u0435\u0432\u043e)", 
        "dummy:shop_name:\u0412\u043e\u0440\u043e\u043d\u0435\u0436 \u0422\u0420\u0426 \"\u041c\u0430\u043a\u0441\u0438\u043c\u0438\u0440\"", 
        "dummy:shop_name:\u041a\u0430\u043b\u0443\u0433\u0430 \u0422\u0420\u0426 \"XXI \u0432\u0435\u043a\"", 
        "dummy:shop_name:\u041c\u043e\u0441\u043a\u0432\u0430 \u0422\u041a \"\u0411\u0443\u0434\u0435\u043d\u043e\u0432\u0441\u043a\u0438\u0439\" (\u043f\u0430\u0432.\u04102)", 
        "dummy:shop_name:\u041c\u043e\u0441\u043a\u0432\u0430 \u041c\u0422\u0420\u0426 \"\u0410\u0444\u0438 \u041c\u043e\u043b\u043b\"", 
        "dummy:shop_name:\u0412\u043e\u043b\u0436\u0441\u043a\u0438\u0439 \u0422\u0426 \"\u0412\u043e\u043b\u0433\u0430 \u041c\u043e\u043b\u043b\"", 
        "dummy:shop_name:\u041c\u043e\u0441\u043a\u0432\u0430 \u0422\u041a \"\u0411\u0443\u0434\u0435\u043d\u043e\u0432\u0441\u043a\u0438\u0439\" (\u043f\u0430\u0432.\u041a7)", 
        "dummy:shop_name:\u041a\u0430\u0437\u0430\u043d\u044c \u0422\u0426 \"\u041f\u0430\u0440\u043a\u0425\u0430\u0443\u0441\" II", 
        "dummy:shop_name:\u0421\u041f\u0431 \u0422\u041a \"\u041d\u0435\u0432\u0441\u043a\u0438\u0439 \u0426\u0435\u043d\u0442\u0440\"", 
        "dummy:shop_name:\u041c\u043e\u0441\u043a\u0432\u0430 \u041c\u0430\u0433\u0430\u0437\u0438\u043d \u042121", 
        "dummy:shop_name:\u0412\u043e\u0440\u043e\u043d\u0435\u0436 \u0422\u0420\u0426 \u0421\u0438\u0442\u0438-\u041f\u0430\u0440\u043a \"\u0413\u0440\u0430\u0434\"", 
        "dummy:shop_name:\u0427\u0435\u0445\u043e\u0432 \u0422\u0420\u0426 \"\u041a\u0430\u0440\u043d\u0430\u0432\u0430\u043b\"", 
        "dummy:shop_name:\u0421\u0435\u0440\u0433\u0438\u0435\u0432 \u041f\u043e\u0441\u0430\u0434 \u0422\u0426 \"7\u042f\"", 
        "dummy:shop_name:\u0422\u044e\u043c\u0435\u043d\u044c \u0422\u0426 \"\u0413\u0443\u0434\u0432\u0438\u043d\"", 
        "dummy:shop_name:\u0422\u044e\u043c\u0435\u043d\u044c \u0422\u0426 \"\u0417\u0435\u043b\u0435\u043d\u044b\u0439 \u0411\u0435\u0440\u0435\u0433\"", 
        "dummy:shop_name:\u041d\u043e\u0432\u043e\u0441\u0438\u0431\u0438\u0440\u0441\u043a \u0422\u0426 \"\u041c\u0435\u0433\u0430\"", 
        "dummy:shop_name:\u041a\u0430\u0437\u0430\u043d\u044c \u0422\u0426 \"\u0411\u0435\u0445\u0435\u0442\u043b\u0435\"", 
        "dummy:shop_name:\u0416\u0443\u043a\u043e\u0432\u0441\u043a\u0438\u0439 \u0443\u043b. \u0427\u043a\u0430\u043b\u043e\u0432\u0430 39\u043c?", 
        "dummy:shop_name:\u041d.\u041d\u043e\u0432\u0433\u043e\u0440\u043e\u0434 \u0422\u0420\u0426 \"\u0424\u0430\u043d\u0442\u0430\u0441\u0442\u0438\u043a\u0430\"", 
        "dummy:shop_name:\u0421\u0430\u043c\u0430\u0440\u0430 \u0422\u0426 \"\u041c\u0435\u043b\u043e\u0434\u0438\u044f\"", 
        "dummy:shop_name:\u0411\u0430\u043b\u0430\u0448\u0438\u0445\u0430 \u0422\u0420\u041a \"\u041e\u043a\u0442\u044f\u0431\u0440\u044c-\u041a\u0438\u043d\u043e\u043c\u0438\u0440\"", 
        "dummy:shop_name:\u0423\u0444\u0430 \u0422\u0426 \"\u0421\u0435\u043c\u044c\u044f\" 2", 
        "dummy:shop_name:\u0410\u0434\u044b\u0433\u0435\u044f \u0422\u0426 \"\u041c\u0435\u0433\u0430\"", 
        "dummy:shop_name:\u0421\u0443\u0440\u0433\u0443\u0442 \u0422\u0420\u0426 \"\u0421\u0438\u0442\u0438 \u041c\u043e\u043b\u043b\"", 
        "dummy:shop_name:\u042f\u0440\u043e\u0441\u043b\u0430\u0432\u043b\u044c \u0422\u0426 \"\u0410\u043b\u044c\u0442\u0430\u0438\u0440\"", 
        "dummy:shop_name:\u0423\u0444\u0430 \u0422\u041a \"\u0426\u0435\u043d\u0442\u0440\u0430\u043b\u044c\u043d\u044b\u0439\"", 
        "dummy:shop_name:\u0420\u043e\u0441\u0442\u043e\u0432\u041d\u0430\u0414\u043e\u043d\u0443 \u0422\u0426 \"\u041c\u0435\u0433\u0430\"", 
        "dummy:shop_name:\u0418\u043d\u0442\u0435\u0440\u043d\u0435\u0442-\u043c\u0430\u0433\u0430\u0437\u0438\u043d \u0427\u0421", 
        "dummy:shop_name:\u0421\u0430\u043c\u0430\u0440\u0430 \u0422\u0426 \"\u041f\u0430\u0440\u043a\u0425\u0430\u0443\u0441\"", 
        "dummy:shop_name:\u0421\u041f\u0431 \u0422\u041a \"\u0421\u0435\u043d\u043d\u0430\u044f\"", 
        "dummy:shop_name:\u041e\u043c\u0441\u043a \u0422\u0426 \"\u041c\u0435\u0433\u0430\"", 
        "dummy:shop_name:\u041c\u043e\u0441\u043a\u0432\u0430 \u0422\u0426 \"\u0421\u0435\u0440\u0435\u0431\u0440\u044f\u043d\u044b\u0439 \u0414\u043e\u043c\"", 
        "dummy:shop_name:\u0412\u043e\u043b\u043e\u0433\u0434\u0430 \u0422\u0420\u0426 \"\u041c\u0430\u0440\u043c\u0435\u043b\u0430\u0434\"", 
        "dummy:shop_name:N/A", 
        "dummy:shop_name:__Others__"
    ], 
    "regression_performance": {
        "max_error": 4.0769230769230766, 
        "median_error": 7.733353955607924e-05, 
        "error_distribution": [
            {
                "count": 551, 
                "bin_max": -3.1923076923076925, 
                "bin_id": 0, 
                "bin_min": -4.0080769230769233
            }, 
            {
                "count": 271, 
                "bin_max": -2.3846153846153846, 
                "bin_id": 1, 
                "bin_min": -3.1923076923076925
            }, 
            {
                "count": 499, 
                "bin_max": -1.5769230769230766, 
                "bin_id": 2, 
                "bin_min": -2.3846153846153846
            }, 
            {
                "count": 1445, 
                "bin_max": -0.76923076923076916, 
                "bin_id": 3, 
                "bin_min": -1.5769230769230766
            }, 
            {
                "count": 13178, 
                "bin_max": 0.038461538461538325, 
                "bin_id": 4, 
                "bin_min": -0.76923076923076916
            }, 
            {
                "count": 1567, 
                "bin_max": 0.8461538461538467, 
                "bin_id": 5, 
                "bin_min": 0.038461538461538325
            }, 
            {
                "count": 1184, 
                "bin_max": 1.6538461538461542, 
                "bin_id": 6, 
                "bin_min": 0.8461538461538467
            }, 
            {
                "count": 525, 
                "bin_max": 2.4615384615384617, 
                "bin_id": 7, 
                "bin_min": 1.6538461538461542
            }, 
            {
                "count": 280, 
                "bin_max": 3.2692307692307692, 
                "bin_id": 8, 
                "bin_min": 2.4615384615384617
            }, 
            {
                "count": 588, 
                "bin_max": 4.0769230769230766, 
                "bin_id": 9, 
                "bin_min": 3.2692307692307692
            }
        ], 
        "min_error": -4.0, 
        "average_error": -0.007503011319813021, 
        "std_error": 1.2362664535825711, 
        "p75_error": 7.733353955607924e-05, 
        "p90_error": 1.0, 
        "p25_error": -0.09971509971509973
    }
}