{
    "modelInputIsSparse": false, 
    "modelInputNRows": 163, 
    "modelInputNCols": 28, 
    "modelInputMemory": 36512, 
    "rawImportance": {
        "variables": [
            "cast_total_facebook_likes_avg", 
            "content_rating_distinct", 
            "count", 
            "country_distinct", 
            "director_facebook_likes_avg", 
            "director_facebook_likes_sum", 
            "duration_avg", 
            "genres_distinct", 
            "imdb_score_avg", 
            "imdb_score_max", 
            "imdb_score_min", 
            "language_distinct", 
            "movie_facebook_likes_avg", 
            "movie_facebook_likes_max", 
            "movie_facebook_likes_min", 
            "num_user_for_reviews_avg", 
            "num_voted_users_avg", 
            "dummy:content_rating_min:PG-13", 
            "dummy:content_rating_min:PG", 
            "dummy:content_rating_min:R", 
            "dummy:content_rating_min:G", 
            "dummy:content_rating_min:__Others__", 
            "dummy:content_rating_max:R", 
            "dummy:content_rating_max:PG-13", 
            "dummy:content_rating_max:X", 
            "dummy:content_rating_max:__Others__"
        ], 
        "importances": [
            0.042156910137108178, 
            0.0039427039846042138, 
            0.014083990998304334, 
            0.0085871086555653238, 
            0.0096275978497373377, 
            0.011504099487002661, 
            0.048352713640423511, 
            0.013993720791106683, 
            0.061857012943652132, 
            0.038687104895797492, 
            0.026893325893837191, 
            0.0015337343051721472, 
            0.024016513767175243, 
            0.028519830052417247, 
            0.0021751091911254281, 
            0.34367474519582908, 
            0.26353461738200773, 
            0.0039743059056560701, 
            0.0026550935507091977, 
            0.0014938982311110533, 
            0.0030525708649919193, 
            0.00033216580359411057, 
            0.011848516168093176, 
            0.029587318245785647, 
            2.4352815388728535e-05, 
            0.0038909392438043868
        ]
    }
}