{
    "metrics": {
        "pearson": 0.73163813352672613, 
        "r2": 0.42206025594344776, 
        "rmse": 52883592.35052509, 
        "mape": 0.7709936606226904, 
        "mae": 33972322.033843577, 
        "mse": 2796674339896516.0, 
        "evs": 0.44816069218293131, 
        "rmsle": 0.6547492819539993
    }, 
    "scatterPlotData": {
        "y": [
            85188944.8911, 
            87853264.6761, 
            71099967.9711, 
            49939044.4686, 
            39483265.276, 
            67931041.57, 
            63329881.4569, 
            107620795.6611, 
            99284134.1008, 
            34155892.5754, 
            69595275.3168, 
            57471438.3759, 
            134484032.3072, 
            63294413.263, 
            70353834.0383, 
            83956640.4422, 
            83940296.014, 
            27763305.8796, 
            33642303.8663, 
            146665637.3213, 
            151680392.989, 
            76167920.6041, 
            49399676.3683, 
            73763215.5761, 
            38247228.223, 
            55973649.8996, 
            74440154.7563, 
            72745125.9047, 
            77891722.9151, 
            43727434.9372, 
            38011993.9507, 
            52311765.9021, 
            48370004.3735, 
            42342839.2052, 
            133576827.8844, 
            78850662.5796, 
            50181900.2555, 
            61650940.2321, 
            93071939.8404
        ], 
        "x": [
            21886070.666666668, 
            47834310.0, 
            56819679.42857143, 
            50657907.2, 
            39355908.8, 
            78870396.85714285, 
            68662078.0, 
            229988558.6, 
            71168710.4, 
            36964196.2, 
            106199815.6, 
            36762906.28571428, 
            170795765.0, 
            62790961.9, 
            69298843.25, 
            78844292.0, 
            71011965.85714285, 
            25251115.0, 
            2318076.25, 
            78017448.125, 
            278303705.14285713, 
            223197367.85714287, 
            37183995.4, 
            124562239.3846154, 
            14664906.0, 
            47977634.6923077, 
            64183053.8, 
            113569517.6, 
            48361246.71428572, 
            19484080.0, 
            32805137.66666667, 
            47272993.6, 
            60905622.66666666, 
            25924134.0, 
            271700388.8, 
            70875631.66666667, 
            37971422.5, 
            98130189.66666669, 
            207183190.4
        ]
    }, 
    "regression_performance": {
        "max_error": 140260973.6366072, 
        "median_error": -5038772.302112922, 
        "error_distribution": [
            {
                "count": 2, 
                "bin_max": -44101077.472287744, 
                "bin_id": 0, 
                "bin_min": -64790596.541174844
            }, 
            {
                "count": 5, 
                "bin_max": -23616405.126854979, 
                "bin_id": 1, 
                "bin_min": -44101077.472287744
            }, 
            {
                "count": 13, 
                "bin_max": -3131732.7814222127, 
                "bin_id": 2, 
                "bin_min": -23616405.126854979
            }, 
            {
                "count": 9, 
                "bin_max": 17352939.564010561, 
                "bin_id": 3, 
                "bin_min": -3131732.7814222127
            }, 
            {
                "count": 3, 
                "bin_max": 37837611.909443334, 
                "bin_id": 4, 
                "bin_min": 17352939.564010561
            }, 
            {
                "count": 2, 
                "bin_max": 58322284.254876092, 
                "bin_id": 5, 
                "bin_min": 37837611.909443334
            }, 
            {
                "count": 0, 
                "bin_max": 78806956.60030888, 
                "bin_id": 6, 
                "bin_min": 58322284.254876092
            }, 
            {
                "count": 0, 
                "bin_max": 99291628.945741639, 
                "bin_id": 7, 
                "bin_min": 78806956.60030888
            }, 
            {
                "count": 1, 
                "bin_max": 119776301.2911744, 
                "bin_id": 8, 
                "bin_min": 99291628.945741639
            }, 
            {
                "count": 4, 
                "bin_max": 140260973.6366072, 
                "bin_id": 9, 
                "bin_min": 119776301.2911744
            }
        ], 
        "min_error": -64585749.817720518, 
        "average_error": 11168990.330041545, 
        "std_error": 51738059.73789625, 
        "p75_error": 24423675.492967539, 
        "p90_error": 115762553.03543887, 
        "p25_error": -15349496.873844881
    }
}