{
  "state": "DONE",
  "preSearchDescription": {
    "gridLength": 1,
    "importantParams": [
      {
        "name": "trees",
        "vals": [
          "100"
        ]
      },
      {
        "name": "depth",
        "vals": [
          "25"
        ]
      },
      {
        "name": "min_samples",
        "vals": [
          "1"
        ]
      }
    ]
  },
  "postSearchDescription": {
    "importantParams": [
      {
        "name": "trees",
        "val": "100"
      },
      {
        "name": "depth",
        "val": "25"
      },
      {
        "name": "min_samples",
        "val": "1"
      }
    ]
  },
  "modelId": "m1",
  "progress": {
    "top_level_todo": [],
    "stack": [],
    "top_level_done": [
      {
        "name": "Loading train set",
        "time": 12
      },
      {
        "name": "Loading test set",
        "time": 8
      },
      {
        "name": "Collecting statistics",
        "time": 26
      },
      {
        "name": "Preprocessing train set",
        "time": 93
      },
      {
        "name": "Preprocessing test set",
        "time": 39
      },
      {
        "name": "Fitting model",
        "time": 422
      },
      {
        "name": "Saving model",
        "time": 13
      },
      {
        "name": "Scoring model",
        "time": 395
      }
    ]
  },
  "startTime": 1493903745798,
  "endTime": 1493903746810,
  "preprocessingTime": 181,
  "trainingTime": 831
}