{"clusters": [{"facts": [{"std": 0.0, "global_mean": 329.24353, "feature_label": "ImageId", "global_std": 471.58230556525814, "cluster_label": "cluster_0", "diff": -0.6981676922872563, "type": "numerical", "mean": 0.0}, {"std": 8467.599897545828, "global_mean": 22305.92531, "feature_label": "RowId", "global_std": 24887.71715322175, "cluster_label": "cluster_0", "diff": -0.45143103370302534, "type": "numerical", "mean": 11070.837429012588}], "cluster": "cluster_0", "size": 38211}, {"facts": [{"std": 299.8361030054581, "global_mean": 329.24353, "feature_label": "ImageId", "global_std": 471.58230556525814, "cluster_label": "cluster_1", "diff": 2.0428874708254745, "type": "numerical", "mean": 1292.6331135022563}, {"std": 8399.337118809468, "global_mean": 22305.92531, "feature_label": "RowId", "global_std": 24887.71715322175, "cluster_label": "cluster_1", "diff": 0.05838521392115301, "type": "numerical", "mean": 23759.0}], "cluster": "cluster_1", "size": 5762}, {"facts": [{"std": 18063.748888972026, "global_mean": 22305.92531, "feature_label": "RowId", "global_std": 24887.71715322175, "cluster_label": "cluster_2", "diff": 1.8676823920879415, "type": "numerical", "mean": 68788.27641633729}, {"std": 80.03767414206551, "global_mean": 329.24353, "feature_label": "ImageId", "global_std": 471.58230556525814, "cluster_label": "cluster_2", "diff": 0.2758413465896941, "type": "numerical", "mean": 459.32542819499344}], "cluster": "cluster_2", "size": 3795}, {"facts": [{"std": 17351.806400953927, "global_mean": 22305.92531, "feature_label": "RowId", "global_std": 24887.71715322175, "cluster_label": "cluster_3", "diff": 1.9522154555976479, "type": "numerical", "mean": 70892.1113910622}, {"std": 0.0, "global_mean": 329.24353, "feature_label": "ImageId", "global_std": 471.58230556525814, "cluster_label": "cluster_3", "diff": -0.6981676922872563, "type": "numerical", "mean": 0.0}], "cluster": "cluster_3", "size": 7541}, {"facts": [{"std": 6736.786378207392, "global_mean": 22305.92531, "feature_label": "RowId", "global_std": 24887.71715322175, "cluster_label": "cluster_4", "diff": -0.5471874875289763, "type": "numerical", "mean": 8687.677890596782}, {"std": 175.59126693486505, "global_mean": 329.24353, "feature_label": "ImageId", "global_std": 471.58230556525814, "cluster_label": "cluster_4", "diff": -0.11021575773053031, "type": "numerical", "mean": 277.2677288598146}], "cluster": "cluster_4", "size": 24917}, {"facts": [{"std": 508.35096161761476, "global_mean": 329.24353, "feature_label": "ImageId", "global_std": 471.58230556525814, "cluster_label": "cluster_outliers", "diff": 1.1060422158235008, "type": "numerical", "mean": 850.8334681905533}, {"std": 28716.135367663028, "global_mean": 22305.92531, "feature_label": "RowId", "global_std": 24887.71715322175, "cluster_label": "cluster_outliers", "diff": 0.44189212219765994, "type": "numerical", "mean": 33303.61145949226}], "cluster": "cluster_outliers", "size": 19774}], "global": {"facts": [{"std": 299.8361030054581, "global_mean": 329.24353, "feature_label": "ImageId", "global_std": 471.58230556525814, "cluster_label": "cluster_1", "diff": 2.0428874708254745, "type": "numerical", "mean": 1292.6331135022563}, {"std": 17351.806400953927, "global_mean": 22305.92531, "feature_label": "RowId", "global_std": 24887.71715322175, "cluster_label": "cluster_3", "diff": 1.9522154555976479, "type": "numerical", "mean": 70892.1113910622}, {"std": 18063.748888972026, "global_mean": 22305.92531, "feature_label": "RowId", "global_std": 24887.71715322175, "cluster_label": "cluster_2", "diff": 1.8676823920879415, "type": "numerical", "mean": 68788.27641633729}, {"std": 508.35096161761476, "global_mean": 329.24353, "feature_label": "ImageId", "global_std": 471.58230556525814, "cluster_label": "cluster_outliers", "diff": 1.1060422158235008, "type": "numerical", "mean": 850.8334681905533}, {"std": 0.0, "global_mean": 329.24353, "feature_label": "ImageId", "global_std": 471.58230556525814, "cluster_label": "cluster_0", "diff": -0.6981676922872563, "type": "numerical", "mean": 0.0}, {"std": 0.0, "global_mean": 329.24353, "feature_label": "ImageId", "global_std": 471.58230556525814, "cluster_label": "cluster_3", "diff": -0.6981676922872563, "type": "numerical", "mean": 0.0}, {"std": 6736.786378207392, "global_mean": 22305.92531, "feature_label": "RowId", "global_std": 24887.71715322175, "cluster_label": "cluster_4", "diff": -0.5471874875289763, "type": "numerical", "mean": 8687.677890596782}, {"std": 8467.599897545828, "global_mean": 22305.92531, "feature_label": "RowId", "global_std": 24887.71715322175, "cluster_label": "cluster_0", "diff": -0.45143103370302534, "type": "numerical", "mean": 11070.837429012588}, {"std": 28716.135367663028, "global_mean": 22305.92531, "feature_label": "RowId", "global_std": 24887.71715322175, "cluster_label": "cluster_outliers", "diff": 0.44189212219765994, "type": "numerical", "mean": 33303.61145949226}, {"std": 80.03767414206551, "global_mean": 329.24353, "feature_label": "ImageId", "global_std": 471.58230556525814, "cluster_label": "cluster_2", "diff": 0.2758413465896941, "type": "numerical", "mean": 459.32542819499344}], "size": 100000}}