{
    "metrics": {
        "nbClusters": 5, 
        "silhouette": 0.49461851270601043, 
        "inertia": 81539.049889006579
    }, 
    "reduce_vars": [], 
    "train_nb_features": 58, 
    "train_nb_records": 80226, 
    "variables_importance": {
        "variables": [
            "ImageId", 
            "RowId", 
            "dummy:FeatureName_0:nose_tip_y", 
            "dummy:FeatureName_0:left_eye_center_y", 
            "dummy:FeatureName_0:left_eye_center_x", 
            "dummy:FeatureName_0:right_eye_center_x", 
            "dummy:FeatureName_0:right_eye_center_y", 
            "dummy:FeatureName_0:mouth_center_bottom_lip_x", 
            "dummy:FeatureName_0:mouth_center_bottom_lip_y", 
            "dummy:FeatureName_0:mouth_left_corner_y", 
            "dummy:FeatureName_0:mouth_left_corner_x", 
            "dummy:FeatureName_0:mouth_center_top_lip_x", 
            "dummy:FeatureName_0:mouth_center_top_lip_y", 
            "dummy:FeatureName_0:left_eye_outer_corner_y", 
            "dummy:FeatureName_0:left_eye_outer_corner_x", 
            "dummy:FeatureName_0:right_eye_inner_corner_x", 
            "dummy:FeatureName_0:right_eye_inner_corner_y", 
            "dummy:FeatureName_0:left_eye_inner_corner_x", 
            "dummy:FeatureName_0:left_eye_inner_corner_y", 
            "dummy:FeatureName_0:right_eye_outer_corner_y", 
            "dummy:FeatureName_0:right_eye_outer_corner_x", 
            "dummy:FeatureName_0:mouth_right_corner_y", 
            "dummy:FeatureName_0:mouth_right_corner_x", 
            "dummy:FeatureName_0:left_eyebrow_inner_end_x", 
            "dummy:FeatureName_0:right_eyebrow_inner_end_x", 
            "dummy:FeatureName_0:left_eyebrow_inner_end_y", 
            "dummy:FeatureName_0:right_eyebrow_inner_end_y", 
            "dummy:FeatureName_0:N/A", 
            "dummy:FeatureName_0:__Others__", 
            "dummy:FeatureName:nose_tip_y", 
            "dummy:FeatureName:left_eye_center_y", 
            "dummy:FeatureName:left_eye_center_x", 
            "dummy:FeatureName:right_eye_center_x", 
            "dummy:FeatureName:right_eye_center_y", 
            "dummy:FeatureName:mouth_center_bottom_lip_x", 
            "dummy:FeatureName:mouth_center_bottom_lip_y", 
            "dummy:FeatureName:mouth_left_corner_y", 
            "dummy:FeatureName:mouth_left_corner_x", 
            "dummy:FeatureName:mouth_center_top_lip_x", 
            "dummy:FeatureName:mouth_center_top_lip_y", 
            "dummy:FeatureName:left_eye_outer_corner_y", 
            "dummy:FeatureName:left_eye_outer_corner_x", 
            "dummy:FeatureName:right_eye_inner_corner_x", 
            "dummy:FeatureName:right_eye_inner_corner_y", 
            "dummy:FeatureName:left_eye_inner_corner_x", 
            "dummy:FeatureName:left_eye_inner_corner_y", 
            "dummy:FeatureName:right_eye_outer_corner_y", 
            "dummy:FeatureName:right_eye_outer_corner_x", 
            "dummy:FeatureName:mouth_right_corner_y", 
            "dummy:FeatureName:mouth_right_corner_x", 
            "dummy:FeatureName:left_eyebrow_inner_end_x", 
            "dummy:FeatureName:right_eyebrow_inner_end_x", 
            "dummy:FeatureName:left_eyebrow_inner_end_y", 
            "dummy:FeatureName:right_eyebrow_inner_end_y", 
            "dummy:FeatureName:N/A", 
            "dummy:FeatureName:__Others__"
        ], 
        "importances": [
            0.23554053729552968, 
            0.35030342171031864, 
            0.00024065911246052204, 
            0.00042853842503395384, 
            0.001121343019068689, 
            0.0070122301900255972, 
            0.0063897035089349012, 
            0.0070110892389193148, 
            0.0065505581822502025, 
            0.00033379967934573464, 
            0.00063418278912592341, 
            9.8303347763707368e-05, 
            0.0001713050211527252, 
            0.00036298988293446461, 
            0.00043635694129458584, 
            0.00011911972034877703, 
            0.00011618482503684876, 
            0.0007628767527855855, 
            0.00023945743007914691, 
            0.00020071623767332225, 
            0.00048371754926862997, 
            0.0002365895270278949, 
            0.00057765918992031472, 
            0.00024380435372284976, 
            0.00018212276667480757, 
            0.0002948107890637146, 
            0.00045662770285881204, 
            0.16084453316022176, 
            0.0083109767753798691, 
            0.00028018698495902599, 
            0.00041945363897874456, 
            0.0020044226374158623, 
            0.0075780030081233837, 
            0.0088058539805129041, 
            0.0074090146189918667, 
            0.0061288756875753827, 
            0.00034083730848500271, 
            0.00022849652680562778, 
            0.00033583047848171162, 
            0.00040507997884253527, 
            6.7188451771363288e-05, 
            0.00046479964202441042, 
            0.00035674649622382539, 
            7.654144380296741e-05, 
            0.00037722155598126234, 
            0.00053266128845001228, 
            7.0329456270216376e-05, 
            0.00066720222987836264, 
            0.00024192496092526245, 
            0.00050604929076112216, 
            0.00020231123930263592, 
            0.0002045536515231223, 
            9.5449686296726616e-06, 
            0.00038293413152040929, 
            0.16188639820591161, 
            0.010313323013630644
        ]
    }, 
    "cluster_description": [
        {
            "variable": "dummy:FeatureName_0:nose_tip_x", 
            "var": 0.01, 
            "values": [
                {
                    "cluster": "cluster_0", 
                    "col": 0, 
                    "value": 0.0
                }, 
                {
                    "cluster": "cluster_1", 
                    "col": 1, 
                    "value": 0.0
                }, 
                {
                    "cluster": "cluster_2", 
                    "col": 2, 
                    "value": 0.0
                }, 
                {
                    "cluster": "cluster_3", 
                    "col": 3, 
                    "value": 0.0
                }, 
                {
                    "cluster": "cluster_4", 
                    "col": 4, 
                    "value": 0.0
                }, 
                {
                    "cluster": "cluster_outliers", 
                    "col": 6, 
                    "value": 0.18033781733589563
                }
            ]
        }, 
        {
            "variable": "dummy:FeatureName_0:nose_tip_y", 
            "var": 0.01, 
            "values": [
                {
                    "cluster": "cluster_0", 
                    "col": 0, 
                    "value": 0.0
                }, 
                {
                    "cluster": "cluster_1", 
                    "col": 1, 
                    "value": 0.0
                }, 
                {
                    "cluster": "cluster_2", 
                    "col": 2, 
                    "value": 0.017127799736495388
                }, 
                {
                    "cluster": "cluster_3", 
                    "col": 3, 
                    "value": 0.0
                }, 
                {
                    "cluster": "cluster_4", 
                    "col": 4, 
                    "value": 0.0
                }, 
                {
                    "cluster": "cluster_outliers", 
                    "col": 6, 
                    "value": 0.17705067260038435
                }
            ]
        }, 
        {
            "variable": "dummy:FeatureName_0:left_eye_center_y", 
            "var": 0.0, 
            "values": [
                {
                    "cluster": "cluster_0", 
                    "col": 0, 
                    "value": 0.0
                }, 
                {
                    "cluster": "cluster_1", 
                    "col": 1, 
                    "value": 0.0
                }, 
                {
                    "cluster": "cluster_2", 
                    "col": 2, 
                    "value": 0.026877470355731226
                }, 
                {
                    "cluster": "cluster_3", 
                    "col": 3, 
                    "value": 0.0
                }, 
                {
                    "cluster": "cluster_4", 
                    "col": 4, 
                    "value": 0.0
                }, 
                {
                    "cluster": "cluster_outliers", 
                    "col": 6, 
                    "value": 0.17507838575907758
                }
            ]
        }, 
        {
            "variable": "dummy:FeatureName_0:left_eye_center_x", 
            "var": 0.0, 
            "values": [
                {
                    "cluster": "cluster_0", 
                    "col": 0, 
                    "value": 0.0
                }, 
                {
                    "cluster": "cluster_1", 
                    "col": 1, 
                    "value": 0.097709128774730994
                }, 
                {
                    "cluster": "cluster_2", 
                    "col": 2, 
                    "value": 0.042424242424242427
                }, 
                {
                    "cluster": "cluster_3", 
                    "col": 3, 
                    "value": 0.0
                }, 
                {
                    "cluster": "cluster_4", 
                    "col": 4, 
                    "value": 0.014648633463097483
                }, 
                {
                    "cluster": "cluster_outliers", 
                    "col": 6, 
                    "value": 0.12516435723677558
                }
            ]
        }, 
        {
            "variable": "dummy:FeatureName_0:right_eye_center_x", 
            "var": 0.01, 
            "values": [
                {
                    "cluster": "cluster_0", 
                    "col": 0, 
                    "value": 0.0
                }, 
                {
                    "cluster": "cluster_1", 
                    "col": 1, 
                    "value": 0.2809788267962513
                }, 
                {
                    "cluster": "cluster_2", 
                    "col": 2, 
                    "value": 0.037417654808959158
                }, 
                {
                    "cluster": "cluster_3", 
                    "col": 3, 
                    "value": 0.0
                }, 
                {
                    "cluster": "cluster_4", 
                    "col": 4, 
                    "value": 0.047517758959746359
                }, 
                {
                    "cluster": "cluster_outliers", 
                    "col": 6, 
                    "value": 0.031303732173561243
                }
            ]
        }, 
        {
            "variable": "dummy:FeatureName_0:right_eye_center_y", 
            "var": 0.01, 
            "values": [
                {
                    "cluster": "cluster_0", 
                    "col": 0, 
                    "value": 0.0
                }, 
                {
                    "cluster": "cluster_1", 
                    "col": 1, 
                    "value": 0.17424505380076363
                }, 
                {
                    "cluster": "cluster_2", 
                    "col": 2, 
                    "value": 0.021607378129117259
                }, 
                {
                    "cluster": "cluster_3", 
                    "col": 3, 
                    "value": 0.0
                }, 
                {
                    "cluster": "cluster_4", 
                    "col": 4, 
                    "value": 0.0
                }, 
                {
                    "cluster": "cluster_outliers", 
                    "col": 6, 
                    "value": 0.12531607160918379
                }
            ]
        }, 
        {
            "variable": "dummy:FeatureName_0:mouth_center_bottom_lip_x", 
            "var": 0.01, 
            "values": [
                {
                    "cluster": "cluster_0", 
                    "col": 0, 
                    "value": 0.0
                }, 
                {
                    "cluster": "cluster_1", 
                    "col": 1, 
                    "value": 0.17389795209996528
                }, 
                {
                    "cluster": "cluster_2", 
                    "col": 2, 
                    "value": 0.025032938076416336
                }, 
                {
                    "cluster": "cluster_3", 
                    "col": 3, 
                    "value": 0.0
                }, 
                {
                    "cluster": "cluster_4", 
                    "col": 4, 
                    "value": 0.0
                }, 
                {
                    "cluster": "cluster_outliers", 
                    "col": 6, 
                    "value": 0.12435521391726509
                }
            ]
        }, 
        {
            "variable": "dummy:FeatureName_0:mouth_center_bottom_lip_y", 
            "var": 0.01, 
            "values": [
                {
                    "cluster": "cluster_0", 
                    "col": 0, 
                    "value": 0.0
                }, 
                {
                    "cluster": "cluster_1", 
                    "col": 1, 
                    "value": 0.27316903852828878
                }, 
                {
                    "cluster": "cluster_2", 
                    "col": 2, 
                    "value": 0.0461133069828722
                }, 
                {
                    "cluster": "cluster_3", 
                    "col": 3, 
                    "value": 0.0
                }, 
                {
                    "cluster": "cluster_4", 
                    "col": 4, 
                    "value": 0.047196693020829156
                }, 
                {
                    "cluster": "cluster_outliers", 
                    "col": 6, 
                    "value": 0.031910589663194093
                }
            ]
        }, 
        {
            "variable": "dummy:FeatureName_0:mouth_left_corner_y", 
            "var": 0.0, 
            "values": [
                {
                    "cluster": "cluster_0", 
                    "col": 0, 
                    "value": 0.0
                }, 
                {
                    "cluster": "cluster_1", 
                    "col": 1, 
                    "value": 0.0
                }, 
                {
                    "cluster": "cluster_2", 
                    "col": 2, 
                    "value": 0.042424242424242427
                }, 
                {
                    "cluster": "cluster_3", 
                    "col": 3, 
                    "value": 0.0
                }, 
                {
                    "cluster": "cluster_4", 
                    "col": 4, 
                    "value": 0.040895773969579004
                }, 
                {
                    "cluster": "cluster_outliers", 
                    "col": 6, 
                    "value": 0.0
                }
            ]
        }, 
        {
            "variable": "dummy:FeatureName_0:mouth_left_corner_x", 
            "var": 0.0, 
            "values": [
                {
                    "cluster": "cluster_0", 
                    "col": 0, 
                    "value": 0.0
                }, 
                {
                    "cluster": "cluster_1", 
                    "col": 1, 
                    "value": 0.0
                }, 
                {
                    "cluster": "cluster_2", 
                    "col": 2, 
                    "value": 0.042424242424242427
                }, 
                {
                    "cluster": "cluster_3", 
                    "col": 3, 
                    "value": 0.0
                }, 
                {
                    "cluster": "cluster_4", 
                    "col": 4, 
                    "value": 0.040895773969579004
                }, 
                {
                    "cluster": "cluster_outliers", 
                    "col": 6, 
                    "value": 0.0
                }
            ]
        }, 
        {
            "variable": "dummy:FeatureName_0:mouth_center_top_lip_x", 
            "var": 0.0, 
            "values": [
                {
                    "cluster": "cluster_0", 
                    "col": 0, 
                    "value": 0.0
                }, 
                {
                    "cluster": "cluster_1", 
                    "col": 1, 
                    "value": 0.0
                }, 
                {
                    "cluster": "cluster_2", 
                    "col": 2, 
                    "value": 0.043478260869565216
                }, 
                {
                    "cluster": "cluster_3", 
                    "col": 3, 
                    "value": 0.0
                }, 
                {
                    "cluster": "cluster_4", 
                    "col": 4, 
                    "value": 0.040735241000120402
                }, 
                {
                    "cluster": "cluster_outliers", 
                    "col": 6, 
                    "value": 0.0
                }
            ]
        }, 
        {
            "variable": "dummy:FeatureName_0:mouth_center_top_lip_y", 
            "var": 0.0, 
            "values": [
                {
                    "cluster": "cluster_0", 
                    "col": 0, 
                    "value": 0.0
                }, 
                {
                    "cluster": "cluster_1", 
                    "col": 1, 
                    "value": 0.0
                }, 
                {
                    "cluster": "cluster_2", 
                    "col": 2, 
                    "value": 0.042687747035573126
                }, 
                {
                    "cluster": "cluster_3", 
                    "col": 3, 
                    "value": 0.0
                }, 
                {
                    "cluster": "cluster_4", 
                    "col": 4, 
                    "value": 0.04085564072721435
                }, 
                {
                    "cluster": "cluster_outliers", 
                    "col": 6, 
                    "value": 0.0
                }
            ]
        }, 
        {
            "variable": "dummy:FeatureName_0:left_eye_outer_corner_y", 
            "var": 0.0, 
            "values": [
                {
                    "cluster": "cluster_0", 
                    "col": 0, 
                    "value": 0.0
                }, 
                {
                    "cluster": "cluster_1", 
                    "col": 1, 
                    "value": 0.0
                }, 
                {
                    "cluster": "cluster_2", 
                    "col": 2, 
                    "value": 0.042160737812911728
                }, 
                {
                    "cluster": "cluster_3", 
                    "col": 3, 
                    "value": 0.0
                }, 
                {
                    "cluster": "cluster_4", 
                    "col": 4, 
                    "value": 0.04085564072721435
                }, 
                {
                    "cluster": "cluster_outliers", 
                    "col": 6, 
                    "value": 0.0
                }
            ]
        }, 
        {
            "variable": "dummy:FeatureName_0:left_eye_outer_corner_x", 
            "var": 0.0, 
            "values": [
                {
                    "cluster": "cluster_0", 
                    "col": 0, 
                    "value": 0.0
                }, 
                {
                    "cluster": "cluster_1", 
                    "col": 1, 
                    "value": 0.0
                }, 
                {
                    "cluster": "cluster_2", 
                    "col": 2, 
                    "value": 0.043478260869565216
                }, 
                {
                    "cluster": "cluster_3", 
                    "col": 3, 
                    "value": 0.0
                }, 
                {
                    "cluster": "cluster_4", 
                    "col": 4, 
                    "value": 0.040654974515391101
                }, 
                {
                    "cluster": "cluster_outliers", 
                    "col": 6, 
                    "value": 0.0
                }
            ]
        }, 
        {
            "variable": "dummy:FeatureName_0:right_eye_inner_corner_x", 
            "var": 0.0, 
            "values": [
                {
                    "cluster": "cluster_0", 
                    "col": 0, 
                    "value": 0.0
                }, 
                {
                    "cluster": "cluster_1", 
                    "col": 1, 
                    "value": 0.0
                }, 
                {
                    "cluster": "cluster_2", 
                    "col": 2, 
                    "value": 0.044005270092226614
                }, 
                {
                    "cluster": "cluster_3", 
                    "col": 3, 
                    "value": 0.0
                }, 
                {
                    "cluster": "cluster_4", 
                    "col": 4, 
                    "value": 0.0405747080306618
                }, 
                {
                    "cluster": "cluster_outliers", 
                    "col": 6, 
                    "value": 0.0
                }
            ]
        }, 
        {
            "variable": "dummy:FeatureName_0:right_eye_inner_corner_y", 
            "var": 0.0, 
            "values": [
                {
                    "cluster": "cluster_0", 
                    "col": 0, 
                    "value": 0.0
                }, 
                {
                    "cluster": "cluster_1", 
                    "col": 1, 
                    "value": 0.0
                }, 
                {
                    "cluster": "cluster_2", 
                    "col": 2, 
                    "value": 0.044795783926218712
                }, 
                {
                    "cluster": "cluster_3", 
                    "col": 3, 
                    "value": 0.0
                }, 
                {
                    "cluster": "cluster_4", 
                    "col": 4, 
                    "value": 0.040454308303567846
                }, 
                {
                    "cluster": "cluster_outliers", 
                    "col": 6, 
                    "value": 0.0
                }
            ]
        }, 
        {
            "variable": "dummy:FeatureName_0:left_eye_inner_corner_x", 
            "var": 0.0, 
            "values": [
                {
                    "cluster": "cluster_0", 
                    "col": 0, 
                    "value": 0.0
                }, 
                {
                    "cluster": "cluster_1", 
                    "col": 1, 
                    "value": 0.0
                }, 
                {
                    "cluster": "cluster_2", 
                    "col": 2, 
                    "value": 0.040316205533596841
                }, 
                {
                    "cluster": "cluster_3", 
                    "col": 3, 
                    "value": 0.0
                }, 
                {
                    "cluster": "cluster_4", 
                    "col": 4, 
                    "value": 0.041056306939037605
                }, 
                {
                    "cluster": "cluster_outliers", 
                    "col": 6, 
                    "value": 0.0
                }
            ]
        }, 
        {
            "variable": "dummy:FeatureName_0:left_eye_inner_corner_y", 
            "var": 0.0, 
            "values": [
                {
                    "cluster": "cluster_0", 
                    "col": 0, 
                    "value": 0.0
                }, 
                {
                    "cluster": "cluster_1", 
                    "col": 1, 
                    "value": 0.0
                }, 
                {
                    "cluster": "cluster_2", 
                    "col": 2, 
                    "value": 0.044005270092226614
                }, 
                {
                    "cluster": "cluster_3", 
                    "col": 3, 
                    "value": 0.0
                }, 
                {
                    "cluster": "cluster_4", 
                    "col": 4, 
                    "value": 0.040494441545932493
                }, 
                {
                    "cluster": "cluster_outliers", 
                    "col": 6, 
                    "value": 0.0
                }
            ]
        }, 
        {
            "variable": "dummy:FeatureName_0:right_eye_outer_corner_y", 
            "var": 0.0, 
            "values": [
                {
                    "cluster": "cluster_0", 
                    "col": 0, 
                    "value": 0.0
                }, 
                {
                    "cluster": "cluster_1", 
                    "col": 1, 
                    "value": 0.0
                }, 
                {
                    "cluster": "cluster_2", 
                    "col": 2, 
                    "value": 0.046903820816864297
                }, 
                {
                    "cluster": "cluster_3", 
                    "col": 3, 
                    "value": 0.0
                }, 
                {
                    "cluster": "cluster_4", 
                    "col": 4, 
                    "value": 0.040052975879921342
                }, 
                {
                    "cluster": "cluster_outliers", 
                    "col": 6, 
                    "value": 0.0
                }
            ]
        }, 
        {
            "variable": "dummy:FeatureName_0:right_eye_outer_corner_x", 
            "var": 0.0, 
            "values": [
                {
                    "cluster": "cluster_0", 
                    "col": 0, 
                    "value": 0.0
                }, 
                {
                    "cluster": "cluster_1", 
                    "col": 1, 
                    "value": 0.0
                }, 
                {
                    "cluster": "cluster_2", 
                    "col": 2, 
                    "value": 0.045322793148880103
                }, 
                {
                    "cluster": "cluster_3", 
                    "col": 3, 
                    "value": 0.0
                }, 
                {
                    "cluster": "cluster_4", 
                    "col": 4, 
                    "value": 0.040293775334109244
                }, 
                {
                    "cluster": "cluster_outliers", 
                    "col": 6, 
                    "value": 0.0
                }
            ]
        }, 
        {
            "variable": "dummy:FeatureName_0:mouth_right_corner_y", 
            "var": 0.0, 
            "values": [
                {
                    "cluster": "cluster_0", 
                    "col": 0, 
                    "value": 0.0
                }, 
                {
                    "cluster": "cluster_1", 
                    "col": 1, 
                    "value": 0.0
                }, 
                {
                    "cluster": "cluster_2", 
                    "col": 2, 
                    "value": 0.044005270092226614
                }, 
                {
                    "cluster": "cluster_3", 
                    "col": 3, 
                    "value": 0.0
                }, 
                {
                    "cluster": "cluster_4", 
                    "col": 4, 
                    "value": 0.040414175061203192
                }, 
                {
                    "cluster": "cluster_outliers", 
                    "col": 6, 
                    "value": 0.0
                }
            ]
        }, 
        {
            "variable": "dummy:FeatureName_0:mouth_right_corner_x", 
            "var": 0.0, 
            "values": [
                {
                    "cluster": "cluster_0", 
                    "col": 0, 
                    "value": 0.0
                }, 
                {
                    "cluster": "cluster_1", 
                    "col": 1, 
                    "value": 0.0
                }, 
                {
                    "cluster": "cluster_2", 
                    "col": 2, 
                    "value": 0.04137022397891963
                }, 
                {
                    "cluster": "cluster_3", 
                    "col": 3, 
                    "value": 0.0
                }, 
                {
                    "cluster": "cluster_4", 
                    "col": 4, 
                    "value": 0.040815507484849703
                }, 
                {
                    "cluster": "cluster_outliers", 
                    "col": 6, 
                    "value": 0.0
                }
            ]
        }, 
        {
            "variable": "dummy:FeatureName_0:left_eyebrow_inner_end_x", 
            "var": 0.0, 
            "values": [
                {
                    "cluster": "cluster_0", 
                    "col": 0, 
                    "value": 0.0
                }, 
                {
                    "cluster": "cluster_1", 
                    "col": 1, 
                    "value": 0.0
                }, 
                {
                    "cluster": "cluster_2", 
                    "col": 2, 
                    "value": 0.040052700922266142
                }, 
                {
                    "cluster": "cluster_3", 
                    "col": 3, 
                    "value": 0.0
                }, 
                {
                    "cluster": "cluster_4", 
                    "col": 4, 
                    "value": 0.04085564072721435
                }, 
                {
                    "cluster": "cluster_outliers", 
                    "col": 6, 
                    "value": 0.0
                }
            ]
        }, 
        {
            "variable": "dummy:FeatureName_0:right_eyebrow_inner_end_x", 
            "var": 0.0, 
            "values": [
                {
                    "cluster": "cluster_0", 
                    "col": 0, 
                    "value": 0.0
                }, 
                {
                    "cluster": "cluster_1", 
                    "col": 1, 
                    "value": 0.0
                }, 
                {
                    "cluster": "cluster_2", 
                    "col": 2, 
                    "value": 0.045059288537549404
                }, 
                {
                    "cluster": "cluster_3", 
                    "col": 3, 
                    "value": 0.0
                }, 
                {
                    "cluster": "cluster_4", 
                    "col": 4, 
                    "value": 0.040093109122285989
                }, 
                {
                    "cluster": "cluster_outliers", 
                    "col": 6, 
                    "value": 0.0
                }
            ]
        }, 
        {
            "variable": "dummy:FeatureName_0:left_eyebrow_inner_end_y", 
            "var": 0.0, 
            "values": [
                {
                    "cluster": "cluster_0", 
                    "col": 0, 
                    "value": 0.0
                }, 
                {
                    "cluster": "cluster_1", 
                    "col": 1, 
                    "value": 0.0
                }, 
                {
                    "cluster": "cluster_2", 
                    "col": 2, 
                    "value": 0.043741765480895915
                }, 
                {
                    "cluster": "cluster_3", 
                    "col": 3, 
                    "value": 0.0
                }, 
                {
                    "cluster": "cluster_4", 
                    "col": 4, 
                    "value": 0.040293775334109244
                }, 
                {
                    "cluster": "cluster_outliers", 
                    "col": 6, 
                    "value": 0.0
                }
            ]
        }, 
        {
            "variable": "dummy:FeatureName_0:right_eyebrow_inner_end_y", 
            "var": 0.0, 
            "values": [
                {
                    "cluster": "cluster_0", 
                    "col": 0, 
                    "value": 0.0
                }, 
                {
                    "cluster": "cluster_1", 
                    "col": 1, 
                    "value": 0.0
                }, 
                {
                    "cluster": "cluster_2", 
                    "col": 2, 
                    "value": 0.039525691699604744
                }, 
                {
                    "cluster": "cluster_3", 
                    "col": 3, 
                    "value": 0.0
                }, 
                {
                    "cluster": "cluster_4", 
                    "col": 4, 
                    "value": 0.040935907211943651
                }, 
                {
                    "cluster": "cluster_outliers", 
                    "col": 6, 
                    "value": 0.0
                }
            ]
        }, 
        {
            "variable": "dummy:FeatureName_0:N/A", 
            "var": 0.27, 
            "values": [
                {
                    "cluster": "cluster_0", 
                    "col": 0, 
                    "value": 1.0
                }, 
                {
                    "cluster": "cluster_1", 
                    "col": 1, 
                    "value": 0.0
                }, 
                {
                    "cluster": "cluster_2", 
                    "col": 2, 
                    "value": 0.0
                }, 
                {
                    "cluster": "cluster_3", 
                    "col": 3, 
                    "value": 1.0
                }, 
                {
                    "cluster": "cluster_4", 
                    "col": 4, 
                    "value": 0.0
                }, 
                {
                    "cluster": "cluster_outliers", 
                    "col": 6, 
                    "value": 0.0
                }
            ]
        }, 
        {
            "variable": "dummy:FeatureName_0:__Others__", 
            "var": 0.0, 
            "values": [
                {
                    "cluster": "cluster_0", 
                    "col": 0, 
                    "value": 0.0
                }, 
                {
                    "cluster": "cluster_1", 
                    "col": 1, 
                    "value": 0.0
                }, 
                {
                    "cluster": "cluster_2", 
                    "col": 2, 
                    "value": 0.0076416337285902507
                }, 
                {
                    "cluster": "cluster_3", 
                    "col": 3, 
                    "value": 0.0
                }, 
                {
                    "cluster": "cluster_4", 
                    "col": 4, 
                    "value": 0.15940923867239234
                }, 
                {
                    "cluster": "cluster_outliers", 
                    "col": 6, 
                    "value": 0.029483159704662688
                }
            ]
        }, 
        {
            "variable": "dummy:FeatureName:nose_tip_x", 
            "var": 0.01, 
            "values": [
                {
                    "cluster": "cluster_0", 
                    "col": 0, 
                    "value": 0.0
                }, 
                {
                    "cluster": "cluster_1", 
                    "col": 1, 
                    "value": 0.0
                }, 
                {
                    "cluster": "cluster_2", 
                    "col": 2, 
                    "value": 0.0
                }, 
                {
                    "cluster": "cluster_3", 
                    "col": 3, 
                    "value": 0.0
                }, 
                {
                    "cluster": "cluster_4", 
                    "col": 4, 
                    "value": 0.0
                }, 
                {
                    "cluster": "cluster_outliers", 
                    "col": 6, 
                    "value": 0.18033781733589563
                }
            ]
        }, 
        {
            "variable": "dummy:FeatureName:nose_tip_y", 
            "var": 0.01, 
            "values": [
                {
                    "cluster": "cluster_0", 
                    "col": 0, 
                    "value": 0.0
                }, 
                {
                    "cluster": "cluster_1", 
                    "col": 1, 
                    "value": 0.0
                }, 
                {
                    "cluster": "cluster_2", 
                    "col": 2, 
                    "value": 0.017127799736495388
                }, 
                {
                    "cluster": "cluster_3", 
                    "col": 3, 
                    "value": 0.0
                }, 
                {
                    "cluster": "cluster_4", 
                    "col": 4, 
                    "value": 0.0
                }, 
                {
                    "cluster": "cluster_outliers", 
                    "col": 6, 
                    "value": 0.17705067260038435
                }
            ]
        }, 
        {
            "variable": "dummy:FeatureName:left_eye_center_y", 
            "var": 0.0, 
            "values": [
                {
                    "cluster": "cluster_0", 
                    "col": 0, 
                    "value": 0.0
                }, 
                {
                    "cluster": "cluster_1", 
                    "col": 1, 
                    "value": 0.0
                }, 
                {
                    "cluster": "cluster_2", 
                    "col": 2, 
                    "value": 0.026877470355731226
                }, 
                {
                    "cluster": "cluster_3", 
                    "col": 3, 
                    "value": 0.0
                }, 
                {
                    "cluster": "cluster_4", 
                    "col": 4, 
                    "value": 0.0
                }, 
                {
                    "cluster": "cluster_outliers", 
                    "col": 6, 
                    "value": 0.17507838575907758
                }
            ]
        }, 
        {
            "variable": "dummy:FeatureName:left_eye_center_x", 
            "var": 0.0, 
            "values": [
                {
                    "cluster": "cluster_0", 
                    "col": 0, 
                    "value": 0.0
                }, 
                {
                    "cluster": "cluster_1", 
                    "col": 1, 
                    "value": 0.097709128774730994
                }, 
                {
                    "cluster": "cluster_2", 
                    "col": 2, 
                    "value": 0.042424242424242427
                }, 
                {
                    "cluster": "cluster_3", 
                    "col": 3, 
                    "value": 0.0
                }, 
                {
                    "cluster": "cluster_4", 
                    "col": 4, 
                    "value": 0.014648633463097483
                }, 
                {
                    "cluster": "cluster_outliers", 
                    "col": 6, 
                    "value": 0.12516435723677558
                }
            ]
        }, 
        {
            "variable": "dummy:FeatureName:right_eye_center_x", 
            "var": 0.01, 
            "values": [
                {
                    "cluster": "cluster_0", 
                    "col": 0, 
                    "value": 0.0
                }, 
                {
                    "cluster": "cluster_1", 
                    "col": 1, 
                    "value": 0.2809788267962513
                }, 
                {
                    "cluster": "cluster_2", 
                    "col": 2, 
                    "value": 0.037417654808959158
                }, 
                {
                    "cluster": "cluster_3", 
                    "col": 3, 
                    "value": 0.0
                }, 
                {
                    "cluster": "cluster_4", 
                    "col": 4, 
                    "value": 0.047517758959746359
                }, 
                {
                    "cluster": "cluster_outliers", 
                    "col": 6, 
                    "value": 0.031303732173561243
                }
            ]
        }, 
        {
            "variable": "dummy:FeatureName:right_eye_center_y", 
            "var": 0.01, 
            "values": [
                {
                    "cluster": "cluster_0", 
                    "col": 0, 
                    "value": 0.0
                }, 
                {
                    "cluster": "cluster_1", 
                    "col": 1, 
                    "value": 0.17424505380076363
                }, 
                {
                    "cluster": "cluster_2", 
                    "col": 2, 
                    "value": 0.021607378129117259
                }, 
                {
                    "cluster": "cluster_3", 
                    "col": 3, 
                    "value": 0.0
                }, 
                {
                    "cluster": "cluster_4", 
                    "col": 4, 
                    "value": 0.0
                }, 
                {
                    "cluster": "cluster_outliers", 
                    "col": 6, 
                    "value": 0.12531607160918379
                }
            ]
        }, 
        {
            "variable": "dummy:FeatureName:mouth_center_bottom_lip_x", 
            "var": 0.01, 
            "values": [
                {
                    "cluster": "cluster_0", 
                    "col": 0, 
                    "value": 0.0
                }, 
                {
                    "cluster": "cluster_1", 
                    "col": 1, 
                    "value": 0.17389795209996528
                }, 
                {
                    "cluster": "cluster_2", 
                    "col": 2, 
                    "value": 0.025032938076416336
                }, 
                {
                    "cluster": "cluster_3", 
                    "col": 3, 
                    "value": 0.0
                }, 
                {
                    "cluster": "cluster_4", 
                    "col": 4, 
                    "value": 0.0
                }, 
                {
                    "cluster": "cluster_outliers", 
                    "col": 6, 
                    "value": 0.12435521391726509
                }
            ]
        }, 
        {
            "variable": "dummy:FeatureName:mouth_center_bottom_lip_y", 
            "var": 0.01, 
            "values": [
                {
                    "cluster": "cluster_0", 
                    "col": 0, 
                    "value": 0.0
                }, 
                {
                    "cluster": "cluster_1", 
                    "col": 1, 
                    "value": 0.27316903852828878
                }, 
                {
                    "cluster": "cluster_2", 
                    "col": 2, 
                    "value": 0.0461133069828722
                }, 
                {
                    "cluster": "cluster_3", 
                    "col": 3, 
                    "value": 0.0
                }, 
                {
                    "cluster": "cluster_4", 
                    "col": 4, 
                    "value": 0.047196693020829156
                }, 
                {
                    "cluster": "cluster_outliers", 
                    "col": 6, 
                    "value": 0.031910589663194093
                }
            ]
        }, 
        {
            "variable": "dummy:FeatureName:mouth_left_corner_y", 
            "var": 0.0, 
            "values": [
                {
                    "cluster": "cluster_0", 
                    "col": 0, 
                    "value": 0.0
                }, 
                {
                    "cluster": "cluster_1", 
                    "col": 1, 
                    "value": 0.0
                }, 
                {
                    "cluster": "cluster_2", 
                    "col": 2, 
                    "value": 0.042424242424242427
                }, 
                {
                    "cluster": "cluster_3", 
                    "col": 3, 
                    "value": 0.0
                }, 
                {
                    "cluster": "cluster_4", 
                    "col": 4, 
                    "value": 0.040895773969579004
                }, 
                {
                    "cluster": "cluster_outliers", 
                    "col": 6, 
                    "value": 0.0
                }
            ]
        }, 
        {
            "variable": "dummy:FeatureName:mouth_left_corner_x", 
            "var": 0.0, 
            "values": [
                {
                    "cluster": "cluster_0", 
                    "col": 0, 
                    "value": 0.0
                }, 
                {
                    "cluster": "cluster_1", 
                    "col": 1, 
                    "value": 0.0
                }, 
                {
                    "cluster": "cluster_2", 
                    "col": 2, 
                    "value": 0.042424242424242427
                }, 
                {
                    "cluster": "cluster_3", 
                    "col": 3, 
                    "value": 0.0
                }, 
                {
                    "cluster": "cluster_4", 
                    "col": 4, 
                    "value": 0.040895773969579004
                }, 
                {
                    "cluster": "cluster_outliers", 
                    "col": 6, 
                    "value": 0.0
                }
            ]
        }, 
        {
            "variable": "dummy:FeatureName:mouth_center_top_lip_x", 
            "var": 0.0, 
            "values": [
                {
                    "cluster": "cluster_0", 
                    "col": 0, 
                    "value": 0.0
                }, 
                {
                    "cluster": "cluster_1", 
                    "col": 1, 
                    "value": 0.0
                }, 
                {
                    "cluster": "cluster_2", 
                    "col": 2, 
                    "value": 0.043478260869565216
                }, 
                {
                    "cluster": "cluster_3", 
                    "col": 3, 
                    "value": 0.0
                }, 
                {
                    "cluster": "cluster_4", 
                    "col": 4, 
                    "value": 0.040735241000120402
                }, 
                {
                    "cluster": "cluster_outliers", 
                    "col": 6, 
                    "value": 0.0
                }
            ]
        }, 
        {
            "variable": "dummy:FeatureName:mouth_center_top_lip_y", 
            "var": 0.0, 
            "values": [
                {
                    "cluster": "cluster_0", 
                    "col": 0, 
                    "value": 0.0
                }, 
                {
                    "cluster": "cluster_1", 
                    "col": 1, 
                    "value": 0.0
                }, 
                {
                    "cluster": "cluster_2", 
                    "col": 2, 
                    "value": 0.042687747035573126
                }, 
                {
                    "cluster": "cluster_3", 
                    "col": 3, 
                    "value": 0.0
                }, 
                {
                    "cluster": "cluster_4", 
                    "col": 4, 
                    "value": 0.04085564072721435
                }, 
                {
                    "cluster": "cluster_outliers", 
                    "col": 6, 
                    "value": 0.0
                }
            ]
        }, 
        {
            "variable": "dummy:FeatureName:left_eye_outer_corner_y", 
            "var": 0.0, 
            "values": [
                {
                    "cluster": "cluster_0", 
                    "col": 0, 
                    "value": 0.0
                }, 
                {
                    "cluster": "cluster_1", 
                    "col": 1, 
                    "value": 0.0
                }, 
                {
                    "cluster": "cluster_2", 
                    "col": 2, 
                    "value": 0.042160737812911728
                }, 
                {
                    "cluster": "cluster_3", 
                    "col": 3, 
                    "value": 0.0
                }, 
                {
                    "cluster": "cluster_4", 
                    "col": 4, 
                    "value": 0.04085564072721435
                }, 
                {
                    "cluster": "cluster_outliers", 
                    "col": 6, 
                    "value": 0.0
                }
            ]
        }, 
        {
            "variable": "dummy:FeatureName:left_eye_outer_corner_x", 
            "var": 0.0, 
            "values": [
                {
                    "cluster": "cluster_0", 
                    "col": 0, 
                    "value": 0.0
                }, 
                {
                    "cluster": "cluster_1", 
                    "col": 1, 
                    "value": 0.0
                }, 
                {
                    "cluster": "cluster_2", 
                    "col": 2, 
                    "value": 0.043478260869565216
                }, 
                {
                    "cluster": "cluster_3", 
                    "col": 3, 
                    "value": 0.0
                }, 
                {
                    "cluster": "cluster_4", 
                    "col": 4, 
                    "value": 0.040654974515391101
                }, 
                {
                    "cluster": "cluster_outliers", 
                    "col": 6, 
                    "value": 0.0
                }
            ]
        }, 
        {
            "variable": "dummy:FeatureName:right_eye_inner_corner_x", 
            "var": 0.0, 
            "values": [
                {
                    "cluster": "cluster_0", 
                    "col": 0, 
                    "value": 0.0
                }, 
                {
                    "cluster": "cluster_1", 
                    "col": 1, 
                    "value": 0.0
                }, 
                {
                    "cluster": "cluster_2", 
                    "col": 2, 
                    "value": 0.044005270092226614
                }, 
                {
                    "cluster": "cluster_3", 
                    "col": 3, 
                    "value": 0.0
                }, 
                {
                    "cluster": "cluster_4", 
                    "col": 4, 
                    "value": 0.0405747080306618
                }, 
                {
                    "cluster": "cluster_outliers", 
                    "col": 6, 
                    "value": 0.0
                }
            ]
        }, 
        {
            "variable": "dummy:FeatureName:right_eye_inner_corner_y", 
            "var": 0.0, 
            "values": [
                {
                    "cluster": "cluster_0", 
                    "col": 0, 
                    "value": 0.0
                }, 
                {
                    "cluster": "cluster_1", 
                    "col": 1, 
                    "value": 0.0
                }, 
                {
                    "cluster": "cluster_2", 
                    "col": 2, 
                    "value": 0.044795783926218712
                }, 
                {
                    "cluster": "cluster_3", 
                    "col": 3, 
                    "value": 0.0
                }, 
                {
                    "cluster": "cluster_4", 
                    "col": 4, 
                    "value": 0.040454308303567846
                }, 
                {
                    "cluster": "cluster_outliers", 
                    "col": 6, 
                    "value": 0.0
                }
            ]
        }, 
        {
            "variable": "dummy:FeatureName:left_eye_inner_corner_x", 
            "var": 0.0, 
            "values": [
                {
                    "cluster": "cluster_0", 
                    "col": 0, 
                    "value": 0.0
                }, 
                {
                    "cluster": "cluster_1", 
                    "col": 1, 
                    "value": 0.0
                }, 
                {
                    "cluster": "cluster_2", 
                    "col": 2, 
                    "value": 0.040316205533596841
                }, 
                {
                    "cluster": "cluster_3", 
                    "col": 3, 
                    "value": 0.0
                }, 
                {
                    "cluster": "cluster_4", 
                    "col": 4, 
                    "value": 0.041056306939037605
                }, 
                {
                    "cluster": "cluster_outliers", 
                    "col": 6, 
                    "value": 0.0
                }
            ]
        }, 
        {
            "variable": "dummy:FeatureName:left_eye_inner_corner_y", 
            "var": 0.0, 
            "values": [
                {
                    "cluster": "cluster_0", 
                    "col": 0, 
                    "value": 0.0
                }, 
                {
                    "cluster": "cluster_1", 
                    "col": 1, 
                    "value": 0.0
                }, 
                {
                    "cluster": "cluster_2", 
                    "col": 2, 
                    "value": 0.044005270092226614
                }, 
                {
                    "cluster": "cluster_3", 
                    "col": 3, 
                    "value": 0.0
                }, 
                {
                    "cluster": "cluster_4", 
                    "col": 4, 
                    "value": 0.040494441545932493
                }, 
                {
                    "cluster": "cluster_outliers", 
                    "col": 6, 
                    "value": 0.0
                }
            ]
        }, 
        {
            "variable": "dummy:FeatureName:right_eye_outer_corner_y", 
            "var": 0.0, 
            "values": [
                {
                    "cluster": "cluster_0", 
                    "col": 0, 
                    "value": 0.0
                }, 
                {
                    "cluster": "cluster_1", 
                    "col": 1, 
                    "value": 0.0
                }, 
                {
                    "cluster": "cluster_2", 
                    "col": 2, 
                    "value": 0.046903820816864297
                }, 
                {
                    "cluster": "cluster_3", 
                    "col": 3, 
                    "value": 0.0
                }, 
                {
                    "cluster": "cluster_4", 
                    "col": 4, 
                    "value": 0.040052975879921342
                }, 
                {
                    "cluster": "cluster_outliers", 
                    "col": 6, 
                    "value": 0.0
                }
            ]
        }, 
        {
            "variable": "dummy:FeatureName:right_eye_outer_corner_x", 
            "var": 0.0, 
            "values": [
                {
                    "cluster": "cluster_0", 
                    "col": 0, 
                    "value": 0.0
                }, 
                {
                    "cluster": "cluster_1", 
                    "col": 1, 
                    "value": 0.0
                }, 
                {
                    "cluster": "cluster_2", 
                    "col": 2, 
                    "value": 0.045322793148880103
                }, 
                {
                    "cluster": "cluster_3", 
                    "col": 3, 
                    "value": 0.0
                }, 
                {
                    "cluster": "cluster_4", 
                    "col": 4, 
                    "value": 0.040293775334109244
                }, 
                {
                    "cluster": "cluster_outliers", 
                    "col": 6, 
                    "value": 0.0
                }
            ]
        }, 
        {
            "variable": "dummy:FeatureName:mouth_right_corner_y", 
            "var": 0.0, 
            "values": [
                {
                    "cluster": "cluster_0", 
                    "col": 0, 
                    "value": 0.0
                }, 
                {
                    "cluster": "cluster_1", 
                    "col": 1, 
                    "value": 0.0
                }, 
                {
                    "cluster": "cluster_2", 
                    "col": 2, 
                    "value": 0.044005270092226614
                }, 
                {
                    "cluster": "cluster_3", 
                    "col": 3, 
                    "value": 0.0
                }, 
                {
                    "cluster": "cluster_4", 
                    "col": 4, 
                    "value": 0.040414175061203192
                }, 
                {
                    "cluster": "cluster_outliers", 
                    "col": 6, 
                    "value": 0.0
                }
            ]
        }, 
        {
            "variable": "dummy:FeatureName:mouth_right_corner_x", 
            "var": 0.0, 
            "values": [
                {
                    "cluster": "cluster_0", 
                    "col": 0, 
                    "value": 0.0
                }, 
                {
                    "cluster": "cluster_1", 
                    "col": 1, 
                    "value": 0.0
                }, 
                {
                    "cluster": "cluster_2", 
                    "col": 2, 
                    "value": 0.04137022397891963
                }, 
                {
                    "cluster": "cluster_3", 
                    "col": 3, 
                    "value": 0.0
                }, 
                {
                    "cluster": "cluster_4", 
                    "col": 4, 
                    "value": 0.040815507484849703
                }, 
                {
                    "cluster": "cluster_outliers", 
                    "col": 6, 
                    "value": 0.0
                }
            ]
        }, 
        {
            "variable": "dummy:FeatureName:left_eyebrow_inner_end_x", 
            "var": 0.0, 
            "values": [
                {
                    "cluster": "cluster_0", 
                    "col": 0, 
                    "value": 0.0
                }, 
                {
                    "cluster": "cluster_1", 
                    "col": 1, 
                    "value": 0.0
                }, 
                {
                    "cluster": "cluster_2", 
                    "col": 2, 
                    "value": 0.040052700922266142
                }, 
                {
                    "cluster": "cluster_3", 
                    "col": 3, 
                    "value": 0.0
                }, 
                {
                    "cluster": "cluster_4", 
                    "col": 4, 
                    "value": 0.04085564072721435
                }, 
                {
                    "cluster": "cluster_outliers", 
                    "col": 6, 
                    "value": 0.0
                }
            ]
        }, 
        {
            "variable": "dummy:FeatureName:right_eyebrow_inner_end_x", 
            "var": 0.0, 
            "values": [
                {
                    "cluster": "cluster_0", 
                    "col": 0, 
                    "value": 0.0
                }, 
                {
                    "cluster": "cluster_1", 
                    "col": 1, 
                    "value": 0.0
                }, 
                {
                    "cluster": "cluster_2", 
                    "col": 2, 
                    "value": 0.045059288537549404
                }, 
                {
                    "cluster": "cluster_3", 
                    "col": 3, 
                    "value": 0.0
                }, 
                {
                    "cluster": "cluster_4", 
                    "col": 4, 
                    "value": 0.040093109122285989
                }, 
                {
                    "cluster": "cluster_outliers", 
                    "col": 6, 
                    "value": 0.0
                }
            ]
        }, 
        {
            "variable": "dummy:FeatureName:left_eyebrow_inner_end_y", 
            "var": 0.0, 
            "values": [
                {
                    "cluster": "cluster_0", 
                    "col": 0, 
                    "value": 0.0
                }, 
                {
                    "cluster": "cluster_1", 
                    "col": 1, 
                    "value": 0.0
                }, 
                {
                    "cluster": "cluster_2", 
                    "col": 2, 
                    "value": 0.043741765480895915
                }, 
                {
                    "cluster": "cluster_3", 
                    "col": 3, 
                    "value": 0.0
                }, 
                {
                    "cluster": "cluster_4", 
                    "col": 4, 
                    "value": 0.040293775334109244
                }, 
                {
                    "cluster": "cluster_outliers", 
                    "col": 6, 
                    "value": 0.0
                }
            ]
        }, 
        {
            "variable": "dummy:FeatureName:right_eyebrow_inner_end_y", 
            "var": 0.0, 
            "values": [
                {
                    "cluster": "cluster_0", 
                    "col": 0, 
                    "value": 0.0
                }, 
                {
                    "cluster": "cluster_1", 
                    "col": 1, 
                    "value": 0.0
                }, 
                {
                    "cluster": "cluster_2", 
                    "col": 2, 
                    "value": 0.039525691699604744
                }, 
                {
                    "cluster": "cluster_3", 
                    "col": 3, 
                    "value": 0.0
                }, 
                {
                    "cluster": "cluster_4", 
                    "col": 4, 
                    "value": 0.040935907211943651
                }, 
                {
                    "cluster": "cluster_outliers", 
                    "col": 6, 
                    "value": 0.0
                }
            ]
        }, 
        {
            "variable": "dummy:FeatureName:N/A", 
            "var": 0.27, 
            "values": [
                {
                    "cluster": "cluster_0", 
                    "col": 0, 
                    "value": 1.0
                }, 
                {
                    "cluster": "cluster_1", 
                    "col": 1, 
                    "value": 0.0
                }, 
                {
                    "cluster": "cluster_2", 
                    "col": 2, 
                    "value": 0.0
                }, 
                {
                    "cluster": "cluster_3", 
                    "col": 3, 
                    "value": 1.0
                }, 
                {
                    "cluster": "cluster_4", 
                    "col": 4, 
                    "value": 0.0
                }, 
                {
                    "cluster": "cluster_outliers", 
                    "col": 6, 
                    "value": 0.0
                }
            ]
        }, 
        {
            "variable": "dummy:FeatureName:__Others__", 
            "var": 0.0, 
            "values": [
                {
                    "cluster": "cluster_0", 
                    "col": 0, 
                    "value": 0.0
                }, 
                {
                    "cluster": "cluster_1", 
                    "col": 1, 
                    "value": 0.0
                }, 
                {
                    "cluster": "cluster_2", 
                    "col": 2, 
                    "value": 0.0076416337285902507
                }, 
                {
                    "cluster": "cluster_3", 
                    "col": 3, 
                    "value": 0.0
                }, 
                {
                    "cluster": "cluster_4", 
                    "col": 4, 
                    "value": 0.15940923867239234
                }, 
                {
                    "cluster": "cluster_outliers", 
                    "col": 6, 
                    "value": 0.029483159704662688
                }
            ]
        }, 
        {
            "variable": "RowId", 
            "var": 763405453.17, 
            "values": [
                {
                    "cluster": "cluster_0", 
                    "col": 0, 
                    "value": 11070.837429012588
                }, 
                {
                    "cluster": "cluster_1", 
                    "col": 1, 
                    "value": 23759.0
                }, 
                {
                    "cluster": "cluster_2", 
                    "col": 2, 
                    "value": 68788.276416337292
                }, 
                {
                    "cluster": "cluster_3", 
                    "col": 3, 
                    "value": 70892.111391062193
                }, 
                {
                    "cluster": "cluster_4", 
                    "col": 4, 
                    "value": 8687.6778905967822
                }, 
                {
                    "cluster": "cluster_outliers", 
                    "col": 6, 
                    "value": 33303.611459492262
                }
            ]
        }, 
        {
            "variable": "ImageId", 
            "var": 260043.57, 
            "values": [
                {
                    "cluster": "cluster_0", 
                    "col": 0, 
                    "value": 0.0
                }, 
                {
                    "cluster": "cluster_1", 
                    "col": 1, 
                    "value": 1292.6331135022563
                }, 
                {
                    "cluster": "cluster_2", 
                    "col": 2, 
                    "value": 459.32542819499344
                }, 
                {
                    "cluster": "cluster_3", 
                    "col": 3, 
                    "value": 0.0
                }, 
                {
                    "cluster": "cluster_4", 
                    "col": 4, 
                    "value": 277.26772885981461
                }, 
                {
                    "cluster": "cluster_outliers", 
                    "col": 6, 
                    "value": 850.83346819055328
                }
            ]
        }, 
        {
            "variable": "cluster_size", 
            "var": 181950233.87, 
            "values": [
                {
                    "cluster": "cluster_0", 
                    "col": 0, 
                    "value": 38211
                }, 
                {
                    "cluster": "cluster_4", 
                    "col": 4, 
                    "value": 24917
                }, 
                {
                    "cluster": "cluster_outliers", 
                    "col": 6, 
                    "value": 19774
                }, 
                {
                    "cluster": "cluster_3", 
                    "col": 3, 
                    "value": 7541
                }, 
                {
                    "cluster": "cluster_1", 
                    "col": 1, 
                    "value": 5762
                }, 
                {
                    "cluster": "cluster_2", 
                    "col": 2, 
                    "value": 3795
                }
            ]
        }
    ], 
    "train_nb_outliers": 19774, 
    "summary": {
        "clusters": []
    }
}