{
    "trainingTime": 7266, 
    "state": "DONE", 
    "startTime": 1493887005288, 
    "preprocessingTime": 12684, 
    "progress": {
        "top_level_todo": [], 
        "stack": [], 
        "top_level_done": [
            {
                "name": "Loading source dataset", 
                "time": 56
            }, 
            {
                "name": "Collecting statistics", 
                "time": 31
            }, 
            {
                "name": "Preprocessing data", 
                "time": 12596
            }, 
            {
                "name": "Fitting model", 
                "time": 3948
            }, 
            {
                "name": "Saving model", 
                "time": 2
            }, 
            {
                "name": "Scoring model", 
                "time": 3316
            }
        ]
    }, 
    "endTime": 1493887025238, 
    "modelId": "m1"
}