{
    "gridSize": 12, 
    "nThreads": 4, 
    "metric": "ROC_AUC", 
    "gridPoints": [
        {
            "index": 0, 
            "finishedAt": 1524747865469.0, 
            "score": 0.60102553958466709, 
            "parameters": {
                "max_features": "auto", 
                "min_samples_split": 3, 
                "n_estimators": 100, 
                "max_depth": 5, 
                "min_samples_leaf": 1
            }, 
            "time": 8431.0
        }, 
        {
            "index": 1, 
            "finishedAt": 1524747869272.0, 
            "score": 0.60256418066368811, 
            "parameters": {
                "max_features": "auto", 
                "min_samples_split": 3, 
                "n_estimators": 100, 
                "max_depth": 10, 
                "min_samples_leaf": 1
            }, 
            "time": 9506.0
        }, 
        {
            "index": 2, 
            "finishedAt": 1524747872934.0, 
            "score": 0.59820164010260612, 
            "parameters": {
                "max_features": "auto", 
                "min_samples_split": 3, 
                "n_estimators": 100, 
                "max_depth": 15, 
                "min_samples_leaf": 1
            }, 
            "time": 11041.0
        }, 
        {
            "index": 3, 
            "finishedAt": 1524747875224.0, 
            "score": 0.59011424274647495, 
            "parameters": {
                "max_features": "auto", 
                "min_samples_split": 3, 
                "n_estimators": 100, 
                "max_depth": 20, 
                "min_samples_leaf": 1
            }, 
            "time": 10511.0
        }, 
        {
            "index": 4, 
            "finishedAt": 1524747876832.0, 
            "score": 0.58585379034025487, 
            "parameters": {
                "max_features": "auto", 
                "min_samples_split": 30, 
                "n_estimators": 100, 
                "max_depth": 5, 
                "min_samples_leaf": 10
            }, 
            "time": 8671.0
        }, 
        {
            "index": 5, 
            "finishedAt": 1524747881245.0, 
            "score": 0.58832070183020879, 
            "parameters": {
                "max_features": "auto", 
                "min_samples_split": 30, 
                "n_estimators": 100, 
                "max_depth": 10, 
                "min_samples_leaf": 10
            }, 
            "time": 9785.0
        }, 
        {
            "index": 6, 
            "finishedAt": 1524747884969.0, 
            "score": 0.58445444519499268, 
            "parameters": {
                "max_features": "auto", 
                "min_samples_split": 30, 
                "n_estimators": 100, 
                "max_depth": 15, 
                "min_samples_leaf": 10
            }, 
            "time": 10550.0
        }, 
        {
            "index": 7, 
            "finishedAt": 1524747885916.0, 
            "score": 0.5840880033919279, 
            "parameters": {
                "max_features": "auto", 
                "min_samples_split": 30, 
                "n_estimators": 100, 
                "max_depth": 20, 
                "min_samples_leaf": 10
            }, 
            "time": 9660.0
        }, 
        {
            "index": 8, 
            "finishedAt": 1524747887899.0, 
            "score": 0.49649309131749031, 
            "parameters": {
                "max_features": "auto", 
                "min_samples_split": 300, 
                "n_estimators": 100, 
                "max_depth": 5, 
                "min_samples_leaf": 100
            }, 
            "time": 7091.0
        }, 
        {
            "index": 9, 
            "finishedAt": 1524747890701.0, 
            "score": 0.49643778820040213, 
            "parameters": {
                "max_features": "auto", 
                "min_samples_split": 300, 
                "n_estimators": 100, 
                "max_depth": 10, 
                "min_samples_leaf": 100
            }, 
            "time": 8003.0
        }, 
        {
            "index": 10, 
            "finishedAt": 1524747893894.0, 
            "score": 0.49643778820040213, 
            "parameters": {
                "max_features": "auto", 
                "min_samples_split": 300, 
                "n_estimators": 100, 
                "max_depth": 15, 
                "min_samples_leaf": 100
            }, 
            "time": 7986.0
        }, 
        {
            "index": 11, 
            "finishedAt": 1524747895272.0, 
            "score": 0.49643778820040213, 
            "parameters": {
                "max_features": "auto", 
                "min_samples_split": 300, 
                "n_estimators": 100, 
                "max_depth": 20, 
                "min_samples_leaf": 100
            }, 
            "time": 8697.0
        }
    ], 
    "startedAt": 1524747862236, 
    "nSplits": 3
}