{
    "usedGridSearch": true, 
    "probaAware": true, 
    "gridSize": 12, 
    "rawImportance": {
        "variables": [
            "dummy:AwayTeam:Bologna", 
            "dummy:AwayTeam:Roma", 
            "dummy:AwayTeam:Lazio", 
            "dummy:AwayTeam:Sampdoria", 
            "dummy:AwayTeam:Fiorentina", 
            "dummy:AwayTeam:Udinese", 
            "dummy:AwayTeam:Inter", 
            "dummy:AwayTeam:Juventus", 
            "dummy:AwayTeam:Napoli", 
            "dummy:AwayTeam:Genoa", 
            "dummy:AwayTeam:Chievo", 
            "dummy:AwayTeam:Milan", 
            "dummy:AwayTeam:Catania", 
            "dummy:AwayTeam:Cagliari", 
            "dummy:AwayTeam:Palermo", 
            "dummy:AwayTeam:Atalanta", 
            "dummy:AwayTeam:Parma", 
            "dummy:AwayTeam:Bari", 
            "dummy:AwayTeam:Livorno", 
            "dummy:AwayTeam:Lecce", 
            "dummy:AwayTeam:Torino", 
            "dummy:AwayTeam:Siena", 
            "dummy:AwayTeam:Verona", 
            "dummy:AwayTeam:Brescia", 
            "dummy:AwayTeam:Sassuolo", 
            "dummy:AwayTeam:Reggina", 
            "dummy:AwayTeam:Cesena", 
            "dummy:WHD:3.1", 
            "dummy:WHD:3.2", 
            "dummy:WHD:3", 
            "dummy:WHD:3.3", 
            "dummy:WHD:3.4", 
            "dummy:WHD:3.25", 
            "dummy:WHD:3.5", 
            "dummy:WHD:2.9", 
            "dummy:WHD:2.88", 
            "dummy:WHD:3.6", 
            "dummy:WHD:4", 
            "dummy:WHD:3.75", 
            "dummy:WHD:4.5", 
            "dummy:WHD:4.2", 
            "dummy:WHD:5", 
            "dummy:WHD:4.33", 
            "dummy:WHD:5.5", 
            "dummy:WHD:2.8", 
            "dummy:WHD:4.8", 
            "dummy:WHD:3.8", 
            "dummy:WHD:6", 
            "dummy:WHD:4.1", 
            "dummy:WHD:4.4", 
            "dummy:WHD:1.95", 
            "dummy:WHD:5.25", 
            "dummy:WHD:1.73", 
            "dummy:WHD:1.67", 
            "dummy:WHD:1.53", 
            "dummy:WHD:N/A", 
            "dummy:IWD:3.2", 
            "dummy:IWD:3.3", 
            "dummy:IWD:3.1", 
            "dummy:IWD:3", 
            "dummy:IWD:3.5", 
            "dummy:IWD:3.4", 
            "dummy:IWD:2.9", 
            "dummy:IWD:3.6", 
            "dummy:IWD:4", 
            "dummy:IWD:5", 
            "dummy:IWD:3.9", 
            "dummy:IWD:3.25", 
            "dummy:IWD:3.7", 
            "dummy:IWD:3.45", 
            "dummy:IWD:4.4", 
            "dummy:IWD:4.1", 
            "dummy:IWD:3.15", 
            "dummy:IWD:3.8", 
            "dummy:IWD:4.6", 
            "dummy:IWD:4.5", 
            "dummy:IWD:5.5", 
            "dummy:IWD:3.35", 
            "dummy:IWD:4.3", 
            "dummy:IWD:7", 
            "dummy:IWD:2.2", 
            "dummy:IWD:1.55", 
            "dummy:IWD:1.8", 
            "dummy:IWD:N/A", 
            "dummy:WHA:5", 
            "dummy:WHA:6", 
            "dummy:WHA:3", 
            "dummy:WHA:5.5", 
            "dummy:WHA:4", 
            "dummy:WHA:4.2", 
            "dummy:WHA:4.5", 
            "dummy:WHA:3.6", 
            "dummy:WHA:8", 
            "dummy:WHA:3.1", 
            "dummy:WHA:3.5", 
            "dummy:WHA:2.8", 
            "dummy:WHA:7.5", 
            "dummy:WHA:6.5", 
            "dummy:WHA:3.2", 
            "dummy:WHA:2.3", 
            "dummy:WHA:3.3", 
            "dummy:WHA:3.4", 
            "dummy:WHA:7", 
            "dummy:WHA:2.9", 
            "dummy:WHA:2.62", 
            "dummy:WHA:4.33", 
            "dummy:WHA:10", 
            "dummy:WHA:2.5", 
            "dummy:WHA:3.75", 
            "dummy:WHA:2.4", 
            "dummy:WHA:2.75", 
            "dummy:WHA:9", 
            "dummy:WHA:2.25", 
            "dummy:WHA:11", 
            "dummy:WHA:3.25", 
            "dummy:WHA:1.91", 
            "dummy:WHA:3.8", 
            "dummy:WHA:2.2", 
            "dummy:WHA:2.7", 
            "dummy:WHA:2", 
            "dummy:WHA:4.8", 
            "dummy:WHA:2.1", 
            "dummy:WHA:1.8", 
            "dummy:WHA:2.15", 
            "dummy:WHA:8.5", 
            "dummy:WHA:1.95", 
            "dummy:WHA:2.6", 
            "dummy:WHA:1.44", 
            "dummy:WHA:2.38", 
            "dummy:WHA:1.67", 
            "dummy:WHA:12", 
            "dummy:WHA:1.73", 
            "dummy:WHA:2.05", 
            "dummy:WHA:1.83", 
            "dummy:WHA:1.75", 
            "dummy:WHA:15", 
            "dummy:WHA:4.75", 
            "dummy:WHA:1.5", 
            "dummy:WHA:1.62", 
            "dummy:WHA:1.53", 
            "dummy:WHA:1.57", 
            "dummy:WHA:9.5", 
            "dummy:WHA:4.4", 
            "dummy:WHA:1.85", 
            "dummy:WHA:1.4", 
            "dummy:WHA:1.7", 
            "dummy:WHA:5.25", 
            "dummy:WHA:4.1", 
            "dummy:WHA:1.6", 
            "dummy:WHA:1.9", 
            "dummy:WHA:26", 
            "dummy:WHA:N/A", 
            "dummy:IWA:3.4", 
            "dummy:IWA:3", 
            "dummy:IWA:3.6", 
            "dummy:IWA:4.2", 
            "dummy:IWA:2", 
            "dummy:IWA:4", 
            "dummy:IWA:3.2", 
            "dummy:IWA:2.1", 
            "dummy:IWA:7", 
            "dummy:IWA:3.3", 
            "dummy:IWA:2.3", 
            "dummy:IWA:2.6", 
            "dummy:IWA:4.5", 
            "dummy:IWA:2.4", 
            "dummy:IWA:2.9", 
            "dummy:IWA:2.5", 
            "dummy:IWA:2.8", 
            "dummy:IWA:3.7", 
            "dummy:IWA:1.9", 
            "dummy:IWA:2.2", 
            "dummy:IWA:4.3", 
            "dummy:IWA:3.8", 
            "dummy:IWA:3.1", 
            "dummy:IWA:7.5", 
            "dummy:IWA:7.3", 
            "dummy:IWA:3.9", 
            "dummy:IWA:4.7", 
            "dummy:IWA:4.4", 
            "dummy:IWA:5", 
            "dummy:IWA:12", 
            "dummy:IWA:1.8", 
            "dummy:IWA:1.75", 
            "dummy:IWA:5.5", 
            "dummy:IWA:6.5", 
            "dummy:IWA:8.5", 
            "dummy:IWA:2.65", 
            "dummy:IWA:4.6", 
            "dummy:IWA:2.55", 
            "dummy:IWA:5.4", 
            "dummy:IWA:6", 
            "dummy:IWA:4.9", 
            "dummy:IWA:5.6", 
            "dummy:IWA:1.85", 
            "dummy:IWA:6.3", 
            "dummy:IWA:1.7", 
            "dummy:IWA:5.2", 
            "dummy:IWA:4.1", 
            "dummy:IWA:10", 
            "dummy:IWA:1.4", 
            "dummy:IWA:11", 
            "dummy:IWA:14", 
            "dummy:IWA:1.45", 
            "dummy:IWA:7.6", 
            "dummy:IWA:1.5", 
            "dummy:IWA:1.6", 
            "dummy:IWA:1.65", 
            "dummy:IWA:2.75", 
            "dummy:IWA:4.8", 
            "dummy:IWA:1.55", 
            "dummy:IWA:5.7", 
            "dummy:IWA:9.5", 
            "dummy:IWA:3.45", 
            "dummy:IWA:3.75", 
            "dummy:IWA:7.2", 
            "dummy:IWA:5.8", 
            "dummy:IWA:6.7", 
            "dummy:IWA:6.1", 
            "dummy:IWA:3.15", 
            "dummy:IWA:3.35", 
            "dummy:IWA:2.45", 
            "dummy:IWA:2.25", 
            "dummy:IWA:1.95", 
            "dummy:IWA:7.4", 
            "dummy:IWA:1.35", 
            "dummy:IWA:N/A", 
            "dummy:WHH:2.5", 
            "dummy:WHH:1.44", 
            "dummy:WHH:2.4", 
            "dummy:WHH:2", 
            "dummy:WHH:2.1", 
            "dummy:WHH:1.8", 
            "dummy:WHH:1.67", 
            "dummy:WHH:1.4", 
            "dummy:WHH:1.73", 
            "dummy:WHH:2.25", 
            "dummy:WHH:2.3", 
            "dummy:WHH:1.91", 
            "dummy:WHH:1.5", 
            "dummy:WHH:2.2", 
            "dummy:WHH:1.62", 
            "dummy:WHH:3.1", 
            "dummy:WHH:1.36", 
            "dummy:WHH:1.83", 
            "dummy:WHH:1.7", 
            "dummy:WHH:2.15", 
            "dummy:WHH:1.95", 
            "dummy:WHH:2.38", 
            "dummy:WHH:2.9", 
            "dummy:WHH:2.6", 
            "dummy:WHH:1.57", 
            "dummy:WHH:3", 
            "dummy:WHH:2.62", 
            "dummy:WHH:3.6", 
            "dummy:WHH:1.3", 
            "dummy:WHH:4", 
            "dummy:WHH:4.33", 
            "dummy:WHH:1.75", 
            "dummy:WHH:3.3", 
            "dummy:WHH:3.5", 
            "dummy:WHH:1.25", 
            "dummy:WHH:1.85", 
            "dummy:WHH:4.5", 
            "dummy:WHH:4.2", 
            "dummy:WHH:3.75", 
            "dummy:WHH:2.8", 
            "dummy:WHH:1.53", 
            "dummy:WHH:3.2", 
            "dummy:WHH:3.4", 
            "dummy:WHH:1.29", 
            "dummy:WHH:5", 
            "dummy:WHH:1.6", 
            "dummy:WHH:1.2", 
            "dummy:WHH:1.22", 
            "dummy:WHH:6.5", 
            "dummy:WHH:5.5", 
            "dummy:WHH:2.88", 
            "dummy:WHH:8", 
            "dummy:WHH:4.8", 
            "dummy:WHH:2.37", 
            "dummy:WHH:7", 
            "dummy:WHH:4.6", 
            "dummy:WHH:4.75", 
            "dummy:WHH:2.45", 
            "dummy:WHH:3.25", 
            "dummy:WHH:3.15", 
            "dummy:WHH:N/A", 
            "dummy:IWH:2.1", 
            "dummy:IWH:2", 
            "dummy:IWH:2.3", 
            "dummy:IWH:2.2", 
            "dummy:IWH:2.4", 
            "dummy:IWH:1.9", 
            "dummy:IWH:1.7", 
            "dummy:IWH:1.85", 
            "dummy:IWH:1.75", 
            "dummy:IWH:2.5", 
            "dummy:IWH:2.6", 
            "dummy:IWH:1.6", 
            "dummy:IWH:1.4", 
            "dummy:IWH:1.45", 
            "dummy:IWH:1.5", 
            "dummy:IWH:1.65", 
            "dummy:IWH:1.35", 
            "dummy:IWH:1.55", 
            "dummy:IWH:1.25", 
            "dummy:IWH:3", 
            "dummy:IWH:3.3", 
            "dummy:IWH:3.2", 
            "dummy:IWH:2.8", 
            "dummy:IWH:2.9", 
            "dummy:IWH:3.6", 
            "dummy:IWH:1.3", 
            "dummy:IWH:2.7", 
            "dummy:IWH:1.22", 
            "dummy:IWH:2.55", 
            "dummy:IWH:4.3", 
            "dummy:IWH:2.85", 
            "dummy:IWH:4.7", 
            "dummy:IWH:3.4", 
            "dummy:IWH:4", 
            "dummy:IWH:2.65", 
            "dummy:IWH:3.7", 
            "dummy:IWH:3.1", 
            "dummy:IWH:2.75", 
            "dummy:IWH:7", 
            "dummy:IWH:1.37", 
            "dummy:IWH:3.8", 
            "dummy:IWH:5.5", 
            "dummy:IWH:4.5", 
            "dummy:IWH:5", 
            "dummy:IWH:2.05", 
            "dummy:IWH:3.5", 
            "dummy:IWH:2.25", 
            "dummy:IWH:2.95", 
            "dummy:IWH:2.35", 
            "dummy:IWH:4.1", 
            "dummy:IWH:7.3", 
            "dummy:IWH:5.6", 
            "dummy:IWH:5.2", 
            "dummy:IWH:1.42", 
            "dummy:IWH:7.5", 
            "dummy:IWH:6", 
            "dummy:IWH:N/A", 
            "dummy:LBA:5", 
            "dummy:LBA:4.5", 
            "dummy:LBA:3", 
            "dummy:LBA:4", 
            "dummy:LBA:3.5", 
            "dummy:LBA:4.33", 
            "dummy:LBA:3.2", 
            "dummy:LBA:2.88", 
            "dummy:LBA:8", 
            "dummy:LBA:2.5", 
            "dummy:LBA:5.5", 
            "dummy:LBA:6", 
            "dummy:LBA:3.75", 
            "dummy:LBA:7", 
            "dummy:LBA:2.75", 
            "dummy:LBA:2.8", 
            "dummy:LBA:2.38", 
            "dummy:LBA:9", 
            "dummy:LBA:6.5", 
            "dummy:LBA:2.6", 
            "dummy:LBA:2.1", 
            "dummy:LBA:2", 
            "dummy:LBA:2.25", 
            "dummy:LBA:1.91", 
            "dummy:LBA:10", 
            "dummy:LBA:2.2", 
            "dummy:LBA:11", 
            "dummy:LBA:2.62", 
            "dummy:LBA:1.8", 
            "dummy:LBA:12", 
            "dummy:LBA:1.83", 
            "dummy:LBA:2.3", 
            "dummy:LBA:2.4", 
            "dummy:LBA:3.6", 
            "dummy:LBA:3.1", 
            "dummy:LBA:1.44", 
            "dummy:LBA:1.73", 
            "dummy:LBA:1.67", 
            "dummy:LBA:1.5", 
            "dummy:LBA:1.62", 
            "dummy:LBA:1.57", 
            "dummy:LBA:1.4", 
            "dummy:LBA:15", 
            "dummy:LBA:3.8", 
            "dummy:LBA:1.95", 
            "dummy:LBA:2.37", 
            "dummy:LBA:2.15", 
            "dummy:LBA:9.5", 
            "dummy:LBA:1.53", 
            "dummy:LBA:2.05", 
            "dummy:LBA:4.8", 
            "dummy:LBA:N/A", 
            "dummy:BWA:5", 
            "dummy:BWA:3.1", 
            "dummy:BWA:3.5", 
            "dummy:BWA:5.25", 
            "dummy:BWA:6", 
            "dummy:BWA:2.85", 
            "dummy:BWA:3.2", 
            "dummy:BWA:3", 
            "dummy:BWA:2.2", 
            "dummy:BWA:7", 
            "dummy:BWA:4", 
            "dummy:BWA:1.95", 
            "dummy:BWA:4.75", 
            "dummy:BWA:3.9", 
            "dummy:BWA:2.4", 
            "dummy:BWA:2.9", 
            "dummy:BWA:3.25", 
            "dummy:BWA:2", 
            "dummy:BWA:2.25", 
            "dummy:BWA:3.6", 
            "dummy:BWA:2.5", 
            "dummy:BWA:4.5", 
            "dummy:BWA:2.65", 
            "dummy:BWA:2.55", 
            "dummy:BWA:3.8", 
            "dummy:BWA:2.7", 
            "dummy:BWA:10", 
            "dummy:BWA:3.3", 
            "dummy:BWA:4.25", 
            "dummy:BWA:3.75", 
            "dummy:BWA:2.45", 
            "dummy:BWA:1.8", 
            "dummy:BWA:2.35", 
            "dummy:BWA:1.75", 
            "dummy:BWA:3.15", 
            "dummy:BWA:2.15", 
            "dummy:BWA:6.5", 
            "dummy:BWA:2.75", 
            "dummy:BWA:7.25", 
            "dummy:BWA:1.85", 
            "dummy:BWA:3.55", 
            "dummy:BWA:4.1", 
            "dummy:BWA:8", 
            "dummy:BWA:8.5", 
            "dummy:BWA:7.5", 
            "dummy:BWA:11", 
            "dummy:BWA:4.2", 
            "dummy:BWA:3.65", 
            "dummy:BWA:2.05", 
            "dummy:BWA:2.6", 
            "dummy:BWA:5.5", 
            "dummy:BWA:3.7", 
            "dummy:BWA:2.8", 
            "dummy:BWA:7.75", 
            "dummy:BWA:12", 
            "dummy:BWA:3.35", 
            "dummy:BWA:4.6", 
            "dummy:BWA:6.25", 
            "dummy:BWA:8.25", 
            "dummy:BWA:1.9", 
            "dummy:BWA:11.5", 
            "dummy:BWA:1.65", 
            "dummy:BWA:1.55", 
            "dummy:BWA:8.75", 
            "dummy:BWA:4.15", 
            "dummy:BWA:1.6", 
            "dummy:BWA:9.5", 
            "dummy:BWA:5.2", 
            "dummy:BWA:4.85", 
            "dummy:BWA:4.33", 
            "dummy:BWA:1.5", 
            "dummy:BWA:1.45", 
            "dummy:BWA:1.91", 
            "dummy:BWA:4.45", 
            "dummy:BWA:1.48", 
            "dummy:BWA:5.1", 
            "dummy:BWA:4.7", 
            "dummy:BWA:1.4", 
            "dummy:BWA:9.75", 
            "dummy:BWA:1.72", 
            "dummy:BWA:N/A", 
            "dummy:BWA:__Others__", 
            "dummy:BWD:3.2", 
            "dummy:BWD:3.1", 
            "dummy:BWD:3", 
            "dummy:BWD:3.3", 
            "dummy:BWD:3.4", 
            "dummy:BWD:3.15", 
            "dummy:BWD:3.25", 
            "dummy:BWD:3.5", 
            "dummy:BWD:3.05", 
            "dummy:BWD:2.95", 
            "dummy:BWD:2.9", 
            "dummy:BWD:3.45", 
            "dummy:BWD:4", 
            "dummy:BWD:3.6", 
            "dummy:BWD:3.35", 
            "dummy:BWD:3.65", 
            "dummy:BWD:3.7", 
            "dummy:BWD:3.75", 
            "dummy:BWD:2.85", 
            "dummy:BWD:5", 
            "dummy:BWD:4.75", 
            "dummy:BWD:4.25", 
            "dummy:BWD:4.5", 
            "dummy:BWD:3.8", 
            "dummy:BWD:2.8", 
            "dummy:BWD:3.55", 
            "dummy:BWD:3.9", 
            "dummy:BWD:5.5", 
            "dummy:BWD:4.2", 
            "dummy:BWD:4.33", 
            "dummy:BWD:5.25", 
            "dummy:BWD:2.75", 
            "dummy:BWD:3.85", 
            "dummy:BWD:4.4", 
            "dummy:BWD:4.15", 
            "dummy:BWD:3.95", 
            "dummy:BWD:4.3", 
            "dummy:BWD:4.05", 
            "dummy:BWD:6.4", 
            "dummy:BWD:5.3", 
            "dummy:BWD:5.55", 
            "dummy:BWD:N/A", 
            "dummy:LBD:3.2", 
            "dummy:LBD:3", 
            "dummy:LBD:3.5", 
            "dummy:LBD:3.3", 
            "dummy:LBD:3.25", 
            "dummy:LBD:3.4", 
            "dummy:LBD:3.75", 
            "dummy:LBD:2.88", 
            "dummy:LBD:4.5", 
            "dummy:LBD:3.1", 
            "dummy:LBD:3.6", 
            "dummy:LBD:4", 
            "dummy:LBD:5", 
            "dummy:LBD:4.33", 
            "dummy:LBD:4.2", 
            "dummy:LBD:2.8", 
            "dummy:LBD:5.5", 
            "dummy:LBD:6.5", 
            "dummy:LBD:1.8", 
            "dummy:LBD:1.9", 
            "dummy:LBD:1.44", 
            "dummy:LBD:N/A", 
            "dummy:BWH:2.05", 
            "dummy:BWH:1.75", 
            "dummy:BWH:1.65", 
            "dummy:BWH:2.3", 
            "dummy:BWH:2", 
            "dummy:BWH:2.4", 
            "dummy:BWH:1.45", 
            "dummy:BWH:1.95", 
            "dummy:BWH:1.6", 
            "dummy:BWH:2.25", 
            "dummy:BWH:1.8", 
            "dummy:BWH:2.2", 
            "dummy:BWH:2.35", 
            "dummy:BWH:1.4", 
            "dummy:BWH:2.5", 
            "dummy:BWH:2.1", 
            "dummy:BWH:1.5", 
            "dummy:BWH:2.15", 
            "dummy:BWH:1.85", 
            "dummy:BWH:1.35", 
            "dummy:BWH:1.25", 
            "dummy:BWH:1.55", 
            "dummy:BWH:2.45", 
            "dummy:BWH:3.1", 
            "dummy:BWH:2.7", 
            "dummy:BWH:2.55", 
            "dummy:BWH:1.3", 
            "dummy:BWH:2.65", 
            "dummy:BWH:2.75", 
            "dummy:BWH:3.2", 
            "dummy:BWH:2.85", 
            "dummy:BWH:1.42", 
            "dummy:BWH:3.9", 
            "dummy:BWH:3.75", 
            "dummy:BWH:2.8", 
            "dummy:BWH:5.5", 
            "dummy:BWH:2.95", 
            "dummy:BWH:2.9", 
            "dummy:BWH:3.3", 
            "dummy:BWH:4", 
            "dummy:BWH:4.4", 
            "dummy:BWH:3.15", 
            "dummy:BWH:1.38", 
            "dummy:BWH:3.8", 
            "dummy:BWH:3.4", 
            "dummy:BWH:3.05", 
            "dummy:BWH:3.95", 
            "dummy:BWH:4.1", 
            "dummy:BWH:4.5", 
            "dummy:BWH:3.25", 
            "dummy:BWH:3.35", 
            "dummy:BWH:1.22", 
            "dummy:BWH:1.57", 
            "dummy:BWH:7", 
            "dummy:BWH:4.3", 
            "dummy:BWH:4.6", 
            "dummy:BWH:1.52", 
            "dummy:BWH:1.18", 
            "dummy:BWH:4.25", 
            "dummy:BWH:3.5", 
            "dummy:BWH:4.55", 
            "dummy:BWH:1.36", 
            "dummy:BWH:5.15", 
            "dummy:BWH:8", 
            "dummy:BWH:2.12", 
            "dummy:BWH:1.67", 
            "dummy:BWH:1.87", 
            "dummy:BWH:7.5", 
            "dummy:BWH:1.26", 
            "dummy:BWH:6.25", 
            "dummy:BWH:6.35", 
            "dummy:BWH:4.65", 
            "dummy:BWH:1.44", 
            "dummy:BWH:N/A", 
            "dummy:BWH:__Others__", 
            "dummy:LBH:2.25", 
            "dummy:LBH:2.1", 
            "dummy:LBH:2", 
            "dummy:LBH:1.73", 
            "dummy:LBH:1.8", 
            "dummy:LBH:1.67", 
            "dummy:LBH:2.2", 
            "dummy:LBH:1.91", 
            "dummy:LBH:1.83", 
            "dummy:LBH:2.5", 
            "dummy:LBH:1.4", 
            "dummy:LBH:1.5", 
            "dummy:LBH:2.38", 
            "dummy:LBH:1.44", 
            "dummy:LBH:2.6", 
            "dummy:LBH:2.4", 
            "dummy:LBH:1.57", 
            "dummy:LBH:1.62", 
            "dummy:LBH:3.75", 
            "dummy:LBH:4", 
            "dummy:LBH:2.75", 
            "dummy:LBH:1.36", 
            "dummy:LBH:3", 
            "dummy:LBH:1.33", 
            "dummy:LBH:5", 
            "dummy:LBH:2.3", 
            "dummy:LBH:1.25", 
            "dummy:LBH:3.2", 
            "dummy:LBH:2.8", 
            "dummy:LBH:3.5", 
            "dummy:LBH:2.88", 
            "dummy:LBH:2.62", 
            "dummy:LBH:1.2", 
            "dummy:LBH:1.53", 
            "dummy:LBH:4.5", 
            "dummy:LBH:4.33", 
            "dummy:LBH:3.1", 
            "dummy:LBH:3.4", 
            "dummy:LBH:6", 
            "dummy:LBH:3.6", 
            "dummy:LBH:7", 
            "dummy:LBH:5.5", 
            "dummy:LBH:1.22", 
            "dummy:LBH:1.3", 
            "dummy:LBH:2.9", 
            "dummy:LBH:1.85", 
            "dummy:LBH:1.66", 
            "dummy:LBH:1.29", 
            "dummy:LBH:1.7", 
            "dummy:LBH:2.37", 
            "dummy:LBH:6.5", 
            "dummy:LBH:2.7", 
            "dummy:LBH:1.61", 
            "dummy:LBH:3.25", 
            "dummy:LBH:4.8", 
            "dummy:LBH:4.2", 
            "dummy:LBH:1.14", 
            "dummy:LBH:1.28", 
            "dummy:LBH:8.5", 
            "dummy:LBH:7.5", 
            "dummy:LBH:1.75", 
            "dummy:LBH:N/A", 
            "dummy:VCA:5.5", 
            "dummy:VCA:4", 
            "dummy:VCA:5", 
            "dummy:VCA:3", 
            "dummy:VCA:4.5", 
            "dummy:VCA:3.5", 
            "dummy:VCA:3.75", 
            "dummy:VCA:3.4", 
            "dummy:VCA:6", 
            "dummy:VCA:7", 
            "dummy:VCA:3.6", 
            "dummy:VCA:6.5", 
            "dummy:VCA:3.2", 
            "dummy:VCA:8", 
            "dummy:VCA:4.33", 
            "dummy:VCA:9", 
            "dummy:VCA:3.3", 
            "dummy:VCA:2.5", 
            "dummy:VCA:2.9", 
            "dummy:VCA:2.4", 
            "dummy:VCA:2.1", 
            "dummy:VCA:2", 
            "dummy:VCA:2.3", 
            "dummy:VCA:7.5", 
            "dummy:VCA:4.75", 
            "dummy:VCA:3.1", 
            "dummy:VCA:2.88", 
            "dummy:VCA:8.5", 
            "dummy:VCA:2.2", 
            "dummy:VCA:10", 
            "dummy:VCA:5.25", 
            "dummy:VCA:2.75", 
            "dummy:VCA:12", 
            "dummy:VCA:2.25", 
            "dummy:VCA:1.8", 
            "dummy:VCA:4.6", 
            "dummy:VCA:2.62", 
            "dummy:VCA:2.15", 
            "dummy:VCA:2.8", 
            "dummy:VCA:2.38", 
            "dummy:VCA:2.7", 
            "dummy:VCA:1.83", 
            "dummy:VCA:15", 
            "dummy:VCA:1.85", 
            "dummy:VCA:11", 
            "dummy:VCA:3.25", 
            "dummy:VCA:3.7", 
            "dummy:VCA:1.95", 
            "dummy:VCA:4.4", 
            "dummy:VCA:1.75", 
            "dummy:VCA:2.05", 
            "dummy:VCA:4.2", 
            "dummy:VCA:9.5", 
            "dummy:VCA:4.1", 
            "dummy:VCA:1.73", 
            "dummy:VCA:10.5", 
            "dummy:VCA:3.8", 
            "dummy:VCA:1.7", 
            "dummy:VCA:1.91", 
            "dummy:VCA:1.44", 
            "dummy:VCA:2.35", 
            "dummy:VCA:3.9", 
            "dummy:VCA:1.57", 
            "dummy:VCA:1.4", 
            "dummy:VCA:1.6", 
            "dummy:VCA:1.9", 
            "dummy:VCA:22", 
            "dummy:VCA:1.45", 
            "dummy:VCA:1.53", 
            "dummy:VCA:N/A", 
            "dummy:VCD:3", 
            "dummy:VCD:3.2", 
            "dummy:VCD:3.4", 
            "dummy:VCD:3.1", 
            "dummy:VCD:3.25", 
            "dummy:VCD:3.5", 
            "dummy:VCD:3.3", 
            "dummy:VCD:3.6", 
            "dummy:VCD:4", 
            "dummy:VCD:3.12", 
            "dummy:VCD:3.75", 
            "dummy:VCD:2.9", 
            "dummy:VCD:5", 
            "dummy:VCD:4.5", 
            "dummy:VCD:3.8", 
            "dummy:VCD:4.75", 
            "dummy:VCD:4.33", 
            "dummy:VCD:4.6", 
            "dummy:VCD:4.2", 
            "dummy:VCD:2.88", 
            "dummy:VCD:4.4", 
            "dummy:VCD:6", 
            "dummy:VCD:4.8", 
            "dummy:VCD:4.1", 
            "dummy:VCD:8", 
            "dummy:VCD:4.35", 
            "dummy:VCD:2.8", 
            "dummy:VCD:1.62", 
            "dummy:VCD:5.2", 
            "dummy:VCD:5.4", 
            "dummy:VCD:3.05", 
            "dummy:VCD:N/A", 
            "dummy:VCH:2", 
            "dummy:VCH:2.1", 
            "dummy:VCH:2.5", 
            "dummy:VCH:2.3", 
            "dummy:VCH:2.25", 
            "dummy:VCH:1.4", 
            "dummy:VCH:2.2", 
            "dummy:VCH:1.5", 
            "dummy:VCH:3", 
            "dummy:VCH:1.73", 
            "dummy:VCH:1.9", 
            "dummy:VCH:1.7", 
            "dummy:VCH:1.75", 
            "dummy:VCH:2.4", 
            "dummy:VCH:1.67", 
            "dummy:VCH:4", 
            "dummy:VCH:1.8", 
            "dummy:VCH:1.85", 
            "dummy:VCH:1.83", 
            "dummy:VCH:1.62", 
            "dummy:VCH:1.45", 
            "dummy:VCH:1.44", 
            "dummy:VCH:2.05", 
            "dummy:VCH:1.57", 
            "dummy:VCH:1.36", 
            "dummy:VCH:3.75", 
            "dummy:VCH:2.38", 
            "dummy:VCH:2.62", 
            "dummy:VCH:1.6", 
            "dummy:VCH:2.15", 
            "dummy:VCH:1.3", 
            "dummy:VCH:1.91", 
            "dummy:VCH:1.25", 
            "dummy:VCH:1.2", 
            "dummy:VCH:3.2", 
            "dummy:VCH:2.6", 
            "dummy:VCH:5", 
            "dummy:VCH:2.8", 
            "dummy:VCH:3.1", 
            "dummy:VCH:3.25", 
            "dummy:VCH:2.75", 
            "dummy:VCH:3.5", 
            "dummy:VCH:1.95", 
            "dummy:VCH:3.3", 
            "dummy:VCH:2.88", 
            "dummy:VCH:1.55", 
            "dummy:VCH:1.33", 
            "dummy:VCH:2.9", 
            "dummy:VCH:3.6", 
            "dummy:VCH:4.5", 
            "dummy:VCH:4.33", 
            "dummy:VCH:3.4", 
            "dummy:VCH:4.2", 
            "dummy:VCH:2.45", 
            "dummy:VCH:5.5", 
            "dummy:VCH:1.65", 
            "dummy:VCH:4.35", 
            "dummy:VCH:4.75", 
            "dummy:VCH:6", 
            "dummy:VCH:7", 
            "dummy:VCH:1.29", 
            "dummy:VCH:7.5", 
            "dummy:VCH:1.53", 
            "dummy:VCH:6.5", 
            "dummy:VCH:3.12", 
            "dummy:VCH:2.7", 
            "dummy:VCH:3.8", 
            "dummy:VCH:8.5", 
            "dummy:VCH:1.364", 
            "dummy:VCH:4.6", 
            "dummy:VCH:9", 
            "dummy:VCH:8", 
            "dummy:VCH:4.7", 
            "dummy:VCH:1.28", 
            "dummy:VCH:N/A", 
            "dummy:VCH:__Others__", 
            "dummy:Date:2010-01-06", 
            "dummy:Date:2010-04-03", 
            "dummy:Date:2014-04-19", 
            "dummy:Date:2010-05-09", 
            "dummy:Date:2009-04-11", 
            "dummy:Date:2009-05-24", 
            "dummy:Date:2009-01-28", 
            "dummy:Date:2010-11-10", 
            "dummy:Date:2009-04-05", 
            "dummy:Date:2011-01-09", 
            "dummy:Date:2010-03-14", 
            "dummy:Date:2010-03-28", 
            "dummy:Date:2008-12-07", 
            "dummy:Date:2014-05-18", 
            "dummy:Date:2008-10-05", 
            "dummy:Date:2010-09-22", 
            "dummy:Date:2010-01-24", 
            "dummy:Date:2010-11-21", 
            "dummy:Date:2011-05-22", 
            "dummy:Date:2010-03-24", 
            "dummy:Date:2009-05-10", 
            "dummy:Date:2009-10-25", 
            "dummy:Date:2011-02-06", 
            "dummy:Date:2009-12-13", 
            "dummy:Date:2009-09-23", 
            "dummy:Date:2014-03-02", 
            "dummy:Date:2013-11-10", 
            "dummy:Date:2011-05-15", 
            "dummy:Date:2010-09-26", 
            "dummy:Date:2014-01-26", 
            "dummy:Date:2009-01-18", 
            "dummy:Date:2011-04-03", 
            "dummy:Date:2011-04-23", 
            "dummy:Date:2014-02-16", 
            "dummy:Date:2010-02-14", 
            "dummy:Date:2013-10-30", 
            "dummy:Date:2010-03-07", 
            "dummy:Date:2011-02-27", 
            "dummy:Date:2009-03-22", 
            "dummy:Date:2010-09-12", 
            "dummy:Date:2008-09-14", 
            "dummy:Date:2008-09-24", 
            "dummy:Date:2010-11-07", 
            "dummy:Date:2011-04-10", 
            "dummy:Date:2009-03-15", 
            "dummy:Date:2011-02-20", 
            "dummy:Date:2010-04-25", 
            "dummy:Date:2009-10-04", 
            "dummy:Date:2009-04-26", 
            "dummy:Date:2011-03-06", 
            "dummy:Date:2011-02-13", 
            "dummy:Date:2010-10-31", 
            "dummy:Date:2009-09-27", 
            "dummy:Date:2011-01-06", 
            "dummy:Date:2010-02-28", 
            "dummy:Date:2010-02-07", 
            "dummy:Date:2013-12-22", 
            "dummy:Date:2010-11-28", 
            "dummy:Date:2014-03-26", 
            "dummy:Date:2009-09-20", 
            "dummy:Date:2008-11-02", 
            "dummy:Date:2008-09-21", 
            "dummy:Date:2014-02-09", 
            "dummy:Date:2010-08-29", 
            "dummy:Date:2010-01-31", 
            "dummy:Date:2009-03-08", 
            "dummy:Date:2014-01-12", 
            "dummy:Date:2013-11-03", 
            "dummy:Date:2013-10-06", 
            "dummy:Date:2009-05-17", 
            "dummy:Date:2009-05-31", 
            "dummy:Date:2010-10-17", 
            "dummy:Date:2010-10-03", 
            "dummy:Date:2008-09-28", 
            "dummy:Date:2009-04-19", 
            "dummy:Date:2008-10-29", 
            "dummy:Date:2009-02-22", 
            "dummy:Date:2010-04-11", 
            "dummy:Date:2014-03-23", 
            "dummy:Date:__Others__", 
            "dummy:B365H:2.1", 
            "dummy:B365H:2.5", 
            "dummy:B365H:1.44", 
            "dummy:B365H:2.2", 
            "dummy:B365H:2.4", 
            "dummy:B365H:1.75", 
            "dummy:B365H:2", 
            "dummy:B365H:1.67", 
            "dummy:B365H:2.3", 
            "dummy:B365H:1.4", 
            "dummy:B365H:1.57", 
            "dummy:B365H:3.1", 
            "dummy:B365H:2.05", 
            "dummy:B365H:1.83", 
            "dummy:B365H:2.25", 
            "dummy:B365H:1.62", 
            "dummy:B365H:3", 
            "dummy:B365H:1.36", 
            "dummy:B365H:1.73", 
            "dummy:B365H:4", 
            "dummy:B365H:1.5", 
            "dummy:B365H:3.5", 
            "dummy:B365H:1.53", 
            "dummy:B365H:4.5", 
            "dummy:B365H:1.85", 
            "dummy:B365H:3.6", 
            "dummy:B365H:4.75", 
            "dummy:B365H:3.2", 
            "dummy:B365H:4.33", 
            "dummy:B365H:1.22", 
            "dummy:B365H:3.25", 
            "dummy:B365H:3.4", 
            "dummy:B365H:2.75", 
            "dummy:B365H:1.95", 
            "dummy:B365H:3.8", 
            "dummy:B365H:2.15", 
            "dummy:B365H:2.8", 
            "dummy:B365H:2.6", 
            "dummy:B365H:5", 
            "dummy:B365H:1.65", 
            "dummy:B365H:1.25", 
            "dummy:B365H:6", 
            "dummy:B365H:2.88", 
            "dummy:B365H:5.5", 
            "dummy:B365H:7", 
            "dummy:B365H:2.9", 
            "dummy:B365H:1.9", 
            "dummy:B365H:3.75", 
            "dummy:B365H:1.6", 
            "dummy:B365H:1.2", 
            "dummy:B365H:1.7", 
            "dummy:B365H:3.3", 
            "dummy:B365H:2.62", 
            "dummy:B365H:7.5", 
            "dummy:B365H:8.5", 
            "dummy:B365H:3.9", 
            "dummy:B365H:5.75", 
            "dummy:B365H:5.25", 
            "dummy:B365H:2.65", 
            "dummy:B365H:1.28", 
            "dummy:B365H:N/A", 
            "dummy:HomeTeam:Sampdoria", 
            "dummy:HomeTeam:Lazio", 
            "dummy:HomeTeam:Chievo", 
            "dummy:HomeTeam:Napoli", 
            "dummy:HomeTeam:Inter", 
            "dummy:HomeTeam:Genoa", 
            "dummy:HomeTeam:Udinese", 
            "dummy:HomeTeam:Cagliari", 
            "dummy:HomeTeam:Roma", 
            "dummy:HomeTeam:Milan", 
            "dummy:HomeTeam:Juventus", 
            "dummy:HomeTeam:Catania", 
            "dummy:HomeTeam:Bologna", 
            "dummy:HomeTeam:Fiorentina", 
            "dummy:HomeTeam:Atalanta", 
            "dummy:HomeTeam:Parma", 
            "dummy:HomeTeam:Palermo", 
            "dummy:HomeTeam:Bari", 
            "dummy:HomeTeam:Livorno", 
            "dummy:HomeTeam:Siena", 
            "dummy:HomeTeam:Lecce", 
            "dummy:HomeTeam:Torino", 
            "dummy:HomeTeam:Reggina", 
            "dummy:HomeTeam:Verona", 
            "dummy:HomeTeam:Sassuolo", 
            "dummy:HomeTeam:Cesena", 
            "dummy:HomeTeam:Brescia", 
            "dummy:B365D:3.1", 
            "dummy:B365D:3.2", 
            "dummy:B365D:3", 
            "dummy:B365D:3.4", 
            "dummy:B365D:3.3", 
            "dummy:B365D:3.5", 
            "dummy:B365D:3.25", 
            "dummy:B365D:3.6", 
            "dummy:B365D:3.75", 
            "dummy:B365D:4", 
            "dummy:B365D:4.33", 
            "dummy:B365D:4.5", 
            "dummy:B365D:4.2", 
            "dummy:B365D:4.75", 
            "dummy:B365D:3.8", 
            "dummy:B365D:5", 
            "dummy:B365D:6", 
            "dummy:B365D:2.9", 
            "dummy:B365D:5.5", 
            "dummy:B365D:2.88", 
            "dummy:B365D:5.25", 
            "dummy:B365D:3.7", 
            "dummy:B365D:2.8", 
            "dummy:B365D:2", 
            "dummy:B365D:2.1", 
            "dummy:B365D:2.87", 
            "dummy:B365D:2.63", 
            "dummy:B365D:1.75", 
            "dummy:B365D:2.3", 
            "dummy:B365D:4.1", 
            "dummy:B365A:5.5", 
            "dummy:B365A:5", 
            "dummy:B365A:3.4", 
            "dummy:B365A:3.1", 
            "dummy:B365A:6", 
            "dummy:B365A:4.5", 
            "dummy:B365A:7", 
            "dummy:B365A:4", 
            "dummy:B365A:4.75", 
            "dummy:B365A:3.2", 
            "dummy:B365A:3.6", 
            "dummy:B365A:7.5", 
            "dummy:B365A:3.5", 
            "dummy:B365A:4.33", 
            "dummy:B365A:8", 
            "dummy:B365A:3.75", 
            "dummy:B365A:3", 
            "dummy:B365A:4.2", 
            "dummy:B365A:2", 
            "dummy:B365A:6.5", 
            "dummy:B365A:2.4", 
            "dummy:B365A:2.5", 
            "dummy:B365A:9", 
            "dummy:B365A:2.9", 
            "dummy:B365A:2.88", 
            "dummy:B365A:5.25", 
            "dummy:B365A:1.91", 
            "dummy:B365A:2.3", 
            "dummy:B365A:3.8", 
            "dummy:B365A:12", 
            "dummy:B365A:10", 
            "dummy:B365A:2.2", 
            "dummy:B365A:1.8", 
            "dummy:B365A:2.1", 
            "dummy:B365A:2.38", 
            "dummy:B365A:3.3", 
            "dummy:B365A:2.25", 
            "dummy:B365A:2.8", 
            "dummy:B365A:2.75", 
            "dummy:B365A:2.6", 
            "dummy:B365A:8.5", 
            "dummy:B365A:15", 
            "dummy:B365A:11", 
            "dummy:B365A:3.25", 
            "dummy:B365A:1.83", 
            "dummy:B365A:2.63", 
            "dummy:B365A:13", 
            "dummy:B365A:1.75", 
            "dummy:B365A:2.05", 
            "dummy:B365A:1.44", 
            "dummy:B365A:1.4", 
            "dummy:B365A:1.95", 
            "dummy:B365A:2.7", 
            "dummy:B365A:2.15", 
            "dummy:B365A:9.5", 
            "dummy:B365A:1.85", 
            "dummy:B365A:1.57", 
            "dummy:B365A:1.53", 
            "dummy:B365A:1.73", 
            "dummy:B365A:5.75", 
            "dummy:B365A:1.67", 
            "dummy:B365A:1.62", 
            "dummy:B365A:1.6", 
            "dummy:B365A:4.4", 
            "dummy:B365A:1.55", 
            "dummy:B365A:1.66", 
            "dummy:B365A:N/A"
        ], 
        "importances": [
            0.0012405306085969503, 
            0.0052409900072494927, 
            0.002488630842750722, 
            0.00071101836787308454, 
            0.00090621537715745754, 
            0.00075171314043145584, 
            0.0031795890449351607, 
            0.01157363313634715, 
            0.0031011502285159926, 
            0.0014818919279321874, 
            0.0012197045680876308, 
            0.0010459245089524374, 
            0.011578755681933683, 
            0.00090188144793230268, 
            0.0017940717369246935, 
            0.00055309785978328386, 
            0.00078286239449320422, 
            0.00074787399988086823, 
            0.0032122122737673446, 
            0.00022858957383989147, 
            0.00038196778657742991, 
            0.00095332750443424667, 
            0.0001293308414787886, 
            0.00084138853114514435, 
            0.00010229817710151073, 
            0.00035662367966318915, 
            0.00054323953595883086, 
            0.002349118512337866, 
            0.0031215357271227599, 
            0.0016625331598431, 
            0.0035244890744858459, 
            0.00069190569970747657, 
            0.00047812600203117573, 
            0.00092595201430344402, 
            0.0015767890636988169, 
            0.00097091040510021321, 
            0.00055967258249406014, 
            0.0015365079221140757, 
            0.001347403519069233, 
            0.00099147464477334886, 
            0.00085677139872360252, 
            0.00077338255461030037, 
            0.001035007699325768, 
            0.0016734544866564205, 
            0.00020566544192579441, 
            0.00032979736423304797, 
            0.0018621403899169733, 
            0.00012570821954295105, 
            0.00010931078677890416, 
            5.3988267268060906e-05, 
            0.00052792652435388926, 
            0.00013312642988058687, 
            0.00017274972967972345, 
            0.00022500222930506021, 
            0.00015527358319553639, 
            0.00013316448243698786, 
            0.0038174849793867695, 
            0.0013600944557990453, 
            0.0037183023244734136, 
            0.00051471002012780235, 
            0.00095818763702507808, 
            0.0013431557707990643, 
            0.00073907008608138397, 
            0.00086646738692128581, 
            0.0043114013161463273, 
            0.00095245428720805946, 
            0.0011435403866802824, 
            0.00012874349773033038, 
            0.00033392672935534951, 
            0.00078689284558910208, 
            9.9265510202170773e-05, 
            0.00028608688988535541, 
            0.00063466911297670116, 
            0.0015937595781585628, 
            9.5368200521951473e-05, 
            0.00027748091475573007, 
            0.00036691385259971551, 
            2.3338255437194443e-05, 
            0.0013235437363116264, 
            0.0003916183945233582, 
            0.00028266893588775035, 
            2.8016302387923927e-06, 
            0.00027885105990167752, 
            0.0016489006851621751, 
            0.0015856756166383026, 
            0.0013508293119463368, 
            0.00086158356889217888, 
            0.00012028975932670956, 
            0.00020450802689167687, 
            0.00019621939090004974, 
            0.0013402677622411682, 
            7.7420557819473102e-06, 
            0.0016320699411670973, 
            0.0004020478282423929, 
            0.00085897823117836198, 
            0.00023445838012212017, 
            0.00094335137102872948, 
            0.0002984613824540357, 
            0.00014216871801488138, 
            0.00054972020677122738, 
            0.00019068773012226943, 
            0.0020519588188899584, 
            0.00064726866433061092, 
            1.2749903412984352e-05, 
            9.7461498593034231e-05, 
            0.00045879472317287504, 
            0.0016611565954097261, 
            0.00089548121128791582, 
            0.00015465716266357019, 
            0.0034730448890818648, 
            0.0001774897466603188, 
            0.0025116737625975011, 
            0.0014048355068550999, 
            0.0012158770381106255, 
            3.808088863407251e-05, 
            0.00032395981832397718, 
            0.00016960174727727672, 
            0.0011833277505900422, 
            0.00062396175608607561, 
            0.00078502135038877724, 
            8.1567353469150217e-05, 
            0.00053368307342345532, 
            0.0016213765529522802, 
            0.00033920400272017675, 
            1.9582956419107581e-05, 
            9.0033429735672174e-05, 
            0.0023559470337923116, 
            0.0044501039395016539, 
            0.00029961938980819033, 
            0.00024314527661891007, 
            0.00042344791944190919, 
            0.00022209172043035816, 
            0.0015404838370916241, 
            0.0035237268481602478, 
            0.00022586214163714362, 
            0.0010449998075206274, 
            0.00026422595890679537, 
            0.0016322231009909096, 
            0.0009904021678671048, 
            0.00041114951369098756, 
            9.2140313180975381e-06, 
            2.9000247719773937e-05, 
            0.0021346671617469971, 
            0.0042567552490019337, 
            0.00018066184973213005, 
            0.00019252108780870255, 
            0.00018118103428877797, 
            8.7893971495344573e-06, 
            0.00049739816764367316, 
            0.00027803038076489549, 
            0.00011994031405964868, 
            0.00049147471009354201, 
            2.2268212523158662e-06, 
            0.00096437503622648769, 
            0.00037487708046918673, 
            0.00062355250784126035, 
            0.002732311534514387, 
            0.0006454379749208178, 
            5.5720572016491508e-05, 
            0.00044497668940224376, 
            0.0012378219402877249, 
            0.00016554934459176403, 
            0.0012569401815944238, 
            0.00043472578485217984, 
            0.00071837665493446696, 
            0.0045055358481360559, 
            8.4581300020313046e-05, 
            0.0030745255323354308, 
            0.00085136528809028815, 
            0.0012382550860692498, 
            0.0024021172742041521, 
            0.0006068473088928232, 
            0.00036215961704515046, 
            0.00022059456578972563, 
            0.00067233314391743234, 
            0.0010623409912550565, 
            0.0014652464715892446, 
            0.00032452404397213775, 
            0.00028589619234830184, 
            0.00066340561221329942, 
            0.00032183888126295315, 
            0.00020199811234182746, 
            0.0010060376157723094, 
            0.002206970588858939, 
            0.00073126855201538737, 
            0.00018003724641417327, 
            0.00054757439953129466, 
            0.00052560871665062361, 
            0.00514813090699203, 
            2.8477222029633545e-05, 
            0.0014549507563290742, 
            1.7101987815963614e-05, 
            0.00077160481366997857, 
            3.5925408645806706e-05, 
            0.00045265476299585441, 
            0.00017073377682812991, 
            5.9438343488105989e-05, 
            0.00036171988674974209, 
            0.00063820236117749984, 
            0.00019847666841357967, 
            0.0014818938454040081, 
            0.00014025793342966564, 
            0.00058613288907663377, 
            0.0066014409239032656, 
            0.00015952633758355036, 
            0.0019256186370066554, 
            0.00048239069690565837, 
            0.0005906254135574576, 
            0.00030301435127977913, 
            0.0001445380351760716, 
            0.00015440454460941182, 
            0.0001556200245177802, 
            0.0002283192448245619, 
            0.00023290629159883808, 
            0.00036070841873807108, 
            0.0011711641369433945, 
            0.00016973404781615246, 
            0.00038781899118225038, 
            0.00012757747026851356, 
            4.3341147014069142e-05, 
            0.00012787917572835373, 
            0.00027284600347968381, 
            0.00011765556547389988, 
            4.5956963302741738e-05, 
            3.9847152023522446e-06, 
            1.3892678245908332e-05, 
            0.00055337490296938267, 
            0.0013706655659831263, 
            0.0029063730578177648, 
            0.00080975902952194604, 
            0.00021455017670076024, 
            0.0012338767297196062, 
            0.00017776617413476695, 
            0.0013125223447474773, 
            0.0013496140808667862, 
            0.00018742951837143816, 
            0.00083335551029093931, 
            0.00040115557056002587, 
            0.00079872982092828117, 
            0.0027246207267069777, 
            0.00097585279716952053, 
            0.0075308729544445304, 
            0.0019115232085259854, 
            0.0013802811725271769, 
            0.00040513179955588838, 
            0.00021447131375424981, 
            0.00034321069543663351, 
            0.0026891239081600149, 
            0.00031405131603181945, 
            0.00084329599880407751, 
            0.00038204573309090424, 
            5.0538335123158183e-05, 
            0.0016670285216700178, 
            0.0048280025677300822, 
            0.0016216194693182827, 
            0.00042902516071482419, 
            0.0029279987782913301, 
            0.00088144411145456595, 
            0.0011842506456046923, 
            0.0021178960936063082, 
            0.00049402382715063131, 
            0.0015592605596118658, 
            0.0001756980845080277, 
            0.00016924763181500391, 
            0.00010405928870195568, 
            0.0019966702767679656, 
            0.0013522208852796186, 
            7.2499485270725443e-05, 
            0.00018118073700377932, 
            0.001732114829006196, 
            0.0012921674714926321, 
            0.005510419579542067, 
            0.00020691636144809053, 
            0.00047409457085213714, 
            0.00029831862464983641, 
            0.00074485130979577404, 
            0.00029533528472480924, 
            0.00055927017139078996, 
            0.00028145083300129645, 
            0.00012268958818146151, 
            0.00015488833483120253, 
            0.0024198203559150726, 
            0.00039486787398320083, 
            0.00024164694139704195, 
            0.00024549279117136035, 
            0.0003157282278216302, 
            0.00051457087707985428, 
            0.00024068971281912224, 
            0.00023235974417768206, 
            0.0011524531683598117, 
            0.00038769760984200681, 
            0.00031086909804251781, 
            0.0012124389248025103, 
            0.00029462643932544384, 
            0.00062659134039837704, 
            8.6512822281683039e-05, 
            0.00018929610006219796, 
            0.00067434066477354833, 
            0.00092178745595119095, 
            0.00030666354583920905, 
            0.0010545412523888424, 
            0.0031537115210415584, 
            0.0024375863411011927, 
            0.00032519296168645912, 
            0.00072838276160132147, 
            6.5556996198599734e-05, 
            7.8180008571343763e-05, 
            0.00080069138835250409, 
            0.0003396454812632625, 
            0.00068529427081427587, 
            0.0025927513036702928, 
            0.0007214846106568905, 
            0.0023158514216942102, 
            0.0002103837967140863, 
            0.0027357890180265752, 
            0.0030264561221450292, 
            0.00020287910961357721, 
            0.0021744613008796744, 
            0.00080649351158811272, 
            5.6183775771242637e-06, 
            0.00037140683626284729, 
            0.0013534251447277581, 
            0.00030531554928652426, 
            0.0075455978998654367, 
            0.0006368685033984146, 
            0.00049080931453450601, 
            0.0048098203783029005, 
            0.00013182316850358065, 
            0.00048977788216073828, 
            0.0025009679605591754, 
            0.0012138961006548346, 
            0.0013443769122468158, 
            0.00050364743801284808, 
            0.00059476979106365098, 
            0.00061529094221613454, 
            5.3522496822174025e-05, 
            0.00051251166032785034, 
            0.0004108978658197776, 
            0.00010640018638749067, 
            0.00036930415608904944, 
            0.0012307514679470789, 
            0.00016271877613331534, 
            0.00054046613231458233, 
            5.0918752178064303e-05, 
            0.00015958822372203596, 
            0.0011305267452816103, 
            0.0011681448945602695, 
            0.00041367946709990733, 
            0.00035603152755565143, 
            0.00032201092318239372, 
            0.00046112063661229172, 
            0.0010655195536468714, 
            0.00029275822186648894, 
            0.002795964062397821, 
            0.0010607723262143983, 
            0.00029797251196924117, 
            0.0027494642692555966, 
            0.0030412657741134301, 
            0.00049051752424688125, 
            0.00099762898912144336, 
            0.00043320251534123631, 
            0.0010923647030260377, 
            0.00043926349863433327, 
            0.00015375577227497167, 
            0.0027139626583869503, 
            0.0019906149844602394, 
            0.00092352103642732162, 
            0.00094848598338031121, 
            0.00054536478154676676, 
            0.0013420943451637865, 
            0.00039933674036697462, 
            0.00027168590510236315, 
            0.00077934271407889121, 
            0.00069728127988699304, 
            0.00063690613899775733, 
            0.0013540822263831372, 
            0.0014239318378507636, 
            5.3205823983195717e-05, 
            0.00046461390435101113, 
            0.00032640646374444292, 
            0.0035738765216931133, 
            0.00089068167338625913, 
            0.0030130223052439536, 
            0.0010379339660134311, 
            0.00016668037238598728, 
            0.00075369313854006771, 
            0.00054125508119952229, 
            0.0006879430913132238, 
            2.5832176275164629e-06, 
            1.0109314423475094e-05, 
            0.00015347072747907265, 
            0.00046149677643704729, 
            4.2771136068571115e-06, 
            0.00013177781050171541, 
            0.00080061978685912953, 
            0.00029670304888303688, 
            0.000250196722694679, 
            0.00030377616505192928, 
            0.000957093830542778, 
            0.00026813736214737442, 
            0.00052138045753102988, 
            0.00028513529398065357, 
            0.00017576526575744403, 
            1.5981769842233562e-05, 
            0.0019521733379169938, 
            0.00095469204773068999, 
            7.7456549670736023e-05, 
            0.00017527777148309857, 
            0.0033751299327885371, 
            0.0010186811572478482, 
            0.00011072187007053381, 
            0.0026923038453649877, 
            6.7073730447002309e-05, 
            0.0015440772036683288, 
            0.0017979959310448351, 
            4.9882935390110018e-06, 
            8.1568907957950269e-05, 
            2.4681919223185365e-05, 
            0.00022299751191743808, 
            0.0007983953643619315, 
            0.00059790075292880866, 
            0.00015937907997899366, 
            0.0001281988947498449, 
            0.00023320949441129054, 
            0.00018033791607476447, 
            0.0014501601695686523, 
            0.00031035181530516989, 
            0.0035200481159087115, 
            0.0066178200115687025, 
            0.0010794297067209173, 
            0.0016061441901909148, 
            0.00022048391522685545, 
            0.00022591061282802868, 
            0.00022565375982340561, 
            0.00065572471112984587, 
            0.00015938946061359809, 
            0.00069391105032575297, 
            0.00061372122416808938, 
            0.00032988588523717521, 
            9.4075397228799573e-05, 
            0.0011563068353845345, 
            0.00028285365225544975, 
            0.0012255949234647305, 
            0.00057855760936356389, 
            5.6627354561357691e-06, 
            3.0605407923535759e-05, 
            0.00022189793736959322, 
            0.00068591462367616316, 
            5.1311076307087721e-05, 
            3.3673800700987258e-05, 
            0.00025999394260711696, 
            0.0012520744438501202, 
            0.00045884460860385695, 
            0.00012989945326109131, 
            8.1874086243533388e-05, 
            0.00044102332609439771, 
            0.0012881303781890074, 
            0.00056460556490881128, 
            0.00099669297181921514, 
            0.0010060047468363753, 
            0.00032443363040202513, 
            0.00022353139956371955, 
            0.00070329879635082327, 
            8.1881098269878967e-05, 
            0.0039071313869356453, 
            0.00067770621063286329, 
            0.00019281675849330701, 
            0.0020687210321759597, 
            0.00037846223126460603, 
            0.00020918778706371328, 
            1.9170458924072112e-05, 
            7.0381522198633865e-05, 
            0.00027825988297157763, 
            4.6275608091566847e-05, 
            0.00040990456834252923, 
            0.00048086611775283351, 
            0.00012352675628384579, 
            0.00030050390883064576, 
            0.0028250048028951448, 
            0.0030145336634800827, 
            0.0019805399062505476, 
            0.00011139361319141549, 
            0.0020377693059753406, 
            0.0029148775784144992, 
            0.0011512715965967856, 
            0.00051992637490852424, 
            0.0010512056777599377, 
            0.0020956937797811091, 
            0.0013074579013072111, 
            0.00064498121649269756, 
            0.00074210715597288997, 
            0.00020824730294751652, 
            0.00024208051109285113, 
            0.00024776713973986164, 
            0.00099052802687569857, 
            0.00024895179293530923, 
            0.0013193050386200928, 
            2.0334410868513612e-05, 
            0.00048098309800627225, 
            0.00069524415109506867, 
            0.00018723939934207724, 
            0.0019188086763158702, 
            0.0003595372533475562, 
            9.8739684650908955e-05, 
            7.6960669061477216e-06, 
            1.7011059578432584e-05, 
            0.00034248811292265674, 
            0.00011562093523772463, 
            0.00041949108386699611, 
            0.00033784084956232951, 
            4.2786324246217556e-05, 
            0.00032845580816652492, 
            1.1123294843762159e-05, 
            0.00028105285662873432, 
            0.00019075077112737528, 
            6.7562618602002201e-06, 
            3.0046868730596686e-05, 
            0.00020858184518181294, 
            0.00052482737005888746, 
            0.00025547041198658178, 
            0.0055946977032738827, 
            0.0016375917838533215, 
            0.0029821874226003066, 
            0.00062082923175255783, 
            0.00087620550964346471, 
            0.0012154776382870052, 
            0.00086969376635798038, 
            0.0023637570782557705, 
            0.00065745652067532442, 
            0.0021624299018813452, 
            0.000496642867422875, 
            0.0012202484307410825, 
            0.00061287234515739874, 
            0.0010256406894508115, 
            0.00080957610300333026, 
            9.2463237155195125e-05, 
            0.00011042873664534347, 
            0.0017164546361487453, 
            6.9402226424445081e-05, 
            0.00021695278843489438, 
            0.00021563481645113806, 
            6.4123517954862779e-05, 
            0.00052694643283746729, 
            0.00079154059160362609, 
            0.00034917773908828124, 
            0.00050734646705915686, 
            0.0015973351539978504, 
            0.0006242137658275717, 
            0.00010266035284071714, 
            0.00044669843687701084, 
            0.00096370233247523797, 
            0.00098541168798049381, 
            0.00067493101933878506, 
            0.00075466871602210142, 
            0.00067465455369119859, 
            0.00035205055471521459, 
            0.0020334478422555551, 
            0.0016840477134534404, 
            0.00045446078032834345, 
            0.00019135396295042636, 
            0.00057124103108249379, 
            0.0011837708594203081, 
            0.00088907908282442134, 
            0.00055094089369111361, 
            0.0042246856832414701, 
            0.00025839301147195538, 
            0.00044907588640000511, 
            0.0018574346614255079, 
            6.3818708777905878e-05, 
            0.00013929121867971137, 
            0.0010815554312000441, 
            0.0015864004955810187, 
            0.00047265245043632068, 
            0.0002730172672893305, 
            0.00020991670639201692, 
            0.00033062422822026225, 
            0.00011769827120198487, 
            0.00026165842507488573, 
            0.000668752513566365, 
            3.6738646206924758e-06, 
            0.00029513278300692544, 
            0.0011864165480480076, 
            0.0001455225539015859, 
            2.4817163721117067e-05, 
            0.00064769629290342755, 
            2.0600809285321811e-05, 
            0.00062426545548060629, 
            4.3823666190484597e-05, 
            0.00061024241383047227, 
            0.0010600108595367785, 
            0.0003041777754556998, 
            0.001082770291636267, 
            0.00025501304786621279, 
            0.0001150621945069943, 
            2.313713608233678e-05, 
            0.00032755442299466141, 
            3.1690398735577118e-05, 
            0.00077111497447430598, 
            0.00171109313722969, 
            4.9950308234652247e-05, 
            7.630330991089502e-05, 
            0.0004964406947633636, 
            0.00021372887462801335, 
            0.00015469553982749891, 
            0.00013785180956324427, 
            0.0010953626943060553, 
            0.00051898195856041817, 
            0.00037801575895408777, 
            0.00022782960242744062, 
            0.0001828679278795066, 
            0.0004140065794339403, 
            0.00014637790950132318, 
            1.7030946595794231e-06, 
            0.00068054666226461096, 
            0.0002270699980911184, 
            0.00012476315785809935, 
            0.0018483763874927775, 
            0.00059045489031400906, 
            0.0006506697999607941, 
            0.00087474256508276126, 
            0.0016958193558440312, 
            0.00053545317225721129, 
            0.00060799643787968149, 
            0.001708206039474063, 
            0.00096284978254125738, 
            0.00089819402320939204, 
            0.00033095291147246448, 
            0.00074766102866182448, 
            0.0021099608830234132, 
            0.0024083537644756189, 
            0.00032271373846109335, 
            0.00090731654702402202, 
            0.00056977805456544912, 
            0.00053417523508333736, 
            0.0014895583152577255, 
            0.00099004126362109315, 
            0.00050101023401908913, 
            0.0024907607262803695, 
            0.0015073945336809853, 
            0.0008555716245914175, 
            0.0041016229879711399, 
            0.00057241383067713008, 
            0.0031842321644413567, 
            7.3421980336459947e-05, 
            0.0018426441886219616, 
            0.00058414808634983933, 
            0.0017673650896916995, 
            0.0064604659845381085, 
            2.1890116929585709e-05, 
            0.00048448443429813899, 
            0.00013292551132563832, 
            0.00037443242831162267, 
            0.0071759742813243214, 
            0.00069043374038225622, 
            0.0004556833866490225, 
            0.00073496706596253947, 
            0.004604220575007735, 
            0.00090442081279220124, 
            0.00030576862030904186, 
            0.00072326774682571421, 
            0.00020781798115231961, 
            0.0006449726219771607, 
            0.00057052346994035982, 
            0.0006960129340505398, 
            0.0011151837597541728, 
            0.00010062242630471953, 
            0.00029352584672864921, 
            1.8399426974888169e-05, 
            2.7223108140305829e-05, 
            0.00044732652273656872, 
            0.00091351170682215114, 
            0.00072844156216031225, 
            0.00043952070974426693, 
            0.00073460170570254001, 
            0.00019226468922867244, 
            2.1282266300896449e-05, 
            0.00040705872673176121, 
            0.00023937487653887012, 
            0.0007081858850608606, 
            0.00037199332732587408, 
            0.0034733868533287394, 
            0.00059042966074956949, 
            0.00022517567751050442, 
            0.00017002845089669955, 
            0.00020136570311763603, 
            0.0001729117885582733, 
            0.0011476261051835779, 
            0.00040999138923332218, 
            0.0011014787526271504, 
            0.0026114085949096198, 
            0.00014594717197777618, 
            0.0004389652591788079, 
            0.0036980142266238684, 
            2.1106113145276721e-05, 
            0.00076787794951790802, 
            8.7653096976002528e-05, 
            0.00040100964208559793, 
            0.004190217178826258, 
            0.00080474346716738314, 
            0.0016375107177328285, 
            0.0018260628263979486, 
            0.00076730936011861438, 
            0.0014114741544249561, 
            0.00011360716528187884, 
            0.00089125124510269294, 
            0.00027648318270919744, 
            0.00011168697932543441, 
            0.0009873003992310963, 
            8.1597438359493437e-05, 
            0.00059988759307402881, 
            0.00061114357952007762, 
            0.00070556166796529696, 
            0.0008266968217917446, 
            1.41270338639916e-05, 
            0.00019620455424733656, 
            0.00021149318775399672, 
            2.840983697885872e-05, 
            0.0021655319817499184, 
            0.00087461668024825924, 
            0.00014532508504671129, 
            0.00088055034439041464, 
            0.0028542441842868125, 
            0.00057631025092323121, 
            0.00091877491950862074, 
            0.0014821811138469496, 
            0.0010314515407612163, 
            0.0003233361302543606, 
            0.0013998192792239045, 
            0.0013825227492337523, 
            0.00023505288810952624, 
            0.00063838860291467775, 
            0.00053249895029021572, 
            0.0011274260035394452, 
            8.582900063666781e-05, 
            0.0024251925528064977, 
            0.00022372475491161284, 
            0.00011869275896404085, 
            0.0010320310181239677, 
            0.00021877713264333669, 
            0.00046838546925932425, 
            9.9696275672103772e-05, 
            0.00037246966144248992, 
            0.0018691586164465096, 
            0.00059066571228952335, 
            0.00026050216789130098, 
            0.00012869930331593451, 
            0.00015220914186216301, 
            0.00018239914158298389, 
            0.00018287626830276849, 
            0.00070090460357075915, 
            0.0022865131044613337, 
            0.0042101019873512831, 
            0.0011888907987306905, 
            0.0022400598293323662, 
            0.0027989337164033025, 
            0.0022545454926635429, 
            0.00077712085406022159, 
            0.00099163487136146706, 
            0.00039771920778275107, 
            0.0010865290850018998, 
            0.00057734763119849123, 
            0.00036586874537037836, 
            0.00031427691985741669, 
            0.00052987090133484053, 
            0.0013416050298626896, 
            0.00016630390223232227, 
            0.00030298636988886985, 
            0.00067964056693772628, 
            0.00048685321399789946, 
            1.1565794832024388e-05, 
            0.00024461277196064017, 
            0.00026627679723443051, 
            0.00041016695833823971, 
            0.00014936055575711103, 
            0.00082683021452716781, 
            0.00040209528690421029, 
            1.363273611757051e-06, 
            0.00021270770965412265, 
            1.8323089346575693e-06, 
            6.4576048248891156e-05, 
            0.00013849238299362945, 
            0.0015912691221245541, 
            0.00052140355221990699, 
            0.00079563137147924384, 
            0.000533133513384618, 
            0.0026560994878519974, 
            0.00037234208245339666, 
            0.0019551403332975278, 
            0.0010618901247086382, 
            0.00021741095404869516, 
            0.0012511420632814413, 
            0.00096343015076988836, 
            0.00092984738444251984, 
            0.00068646824040517903, 
            0.00046102672570353764, 
            1.2772889931830667e-05, 
            0.0008340415794087097, 
            0.0024043967474738064, 
            0.0002476678609376059, 
            0.00049956344854739667, 
            8.8689124465033634e-05, 
            0.00042124828384691856, 
            0.00030621034197043961, 
            0.00015146771507613306, 
            2.1577624165549005e-05, 
            0.00066881365908683934, 
            0.00049268650537495672, 
            0.00051768296958669955, 
            0.00020711713666890448, 
            0.00045265102739831976, 
            0.00051460521442540789, 
            0.00038793585280256707, 
            0.00053976350687069197, 
            0.00061515454353782686, 
            0.0001996312084839952, 
            4.3617885610650331e-05, 
            0.0005047439779712722, 
            0.00079135105233241849, 
            0.0058588366765269942, 
            0.00044979798961839639, 
            0.0018579295854557131, 
            0.0010455605334506336, 
            9.5061243904034587e-05, 
            0.00095593745161601739, 
            0.00030538523481158297, 
            0.00098712752745992618, 
            0.00058716726086466373, 
            0.001858899615026054, 
            0.00030828741153562532, 
            0.00055073370797507502, 
            0.0011272544835988522, 
            0.00020253112750024673, 
            0.0011852992359538696, 
            0.00018918957513393048, 
            0.00020703369307615511, 
            0.00033433786912845728, 
            0.0002607562772164609, 
            0.00046294063281000184, 
            0.00045733605944388127, 
            0.0010054217559118709, 
            0.0016394184024477699, 
            0.0001706093108214504, 
            1.6034885126361524e-05, 
            0.0013946067750807518, 
            0.00013637118721144541, 
            0.0012694487666747431, 
            0.00044518254115756756, 
            0.00048096031931786902, 
            7.2407542462411538e-05, 
            0.0015263133007869301, 
            0.00066857994662637634, 
            0.00044747381302167488, 
            0.0001610797758442276, 
            0.00017083307860442143, 
            3.2977007505539165e-06, 
            7.0415119566990582e-05, 
            0.0037496892535055695, 
            0.00013440553119683067, 
            0.00058994995378882395, 
            0.00062068658877955578, 
            0.0012907298951832713, 
            0.00015028526363695599, 
            4.6806362051012426e-05, 
            0.0012872007401887389, 
            0.00026834682831883299, 
            0.00027443356730719209, 
            0.00011880183520463104, 
            0.000618618467950773, 
            0.00080274331950923425, 
            0.00045423055756386722, 
            0.00069144426396836381, 
            0.0011458156612944984, 
            0.00037346077829817254, 
            0.00060354959911133063, 
            1.1538696222580403e-05, 
            0.00039852786781806716, 
            0.00082025124269164958, 
            0.00027124181668707168, 
            0.0030611675013733504, 
            0.00195918682430144, 
            0.00088348042449106878, 
            0.0014703241527918279, 
            0.00012670803761037077, 
            0.00046085871908557578, 
            1.7394823310704829e-05, 
            0.00044121789357140409, 
            0.00024247373666773635, 
            0.00065976130893268133, 
            0.0005829489965315667, 
            0.00021096017015356894, 
            0.00013987312685314802, 
            0.00063681090575129083, 
            0.00048825635783404631, 
            0.00014688231911579939, 
            0.00099493470701928518, 
            0.00024784239526092551, 
            8.7770459109372639e-05, 
            0.00087957483431516518, 
            0.00043320757458810053, 
            0.00049363318928149309, 
            0.00023961049151269631, 
            0.00017458738038335039, 
            0.00010895609526421564, 
            0.00033581218850814025, 
            0.00044013857588815782, 
            0.00024863572690156827, 
            7.0493587079307224e-05, 
            5.5179713947605642e-06, 
            1.5445145343305114e-06, 
            0.00087079545797254785, 
            0.0019283491393044278, 
            0.0010655786052713276, 
            0.00062942833085792604, 
            7.9009624385446031e-05, 
            0.00022864104514529413, 
            0.00034127302809410426, 
            0.00018018494633859183, 
            0.0005888156075347145, 
            0.00040438628267970816, 
            0.000176081454942139, 
            4.4672348664834392e-05, 
            0.00039952414284176154, 
            0.0028793465551158596, 
            0.00015622009802344479, 
            0.00033700472311704174, 
            0.00016819627687103176, 
            0.00024227553223168482, 
            0.00022496823863030798, 
            0.00018525525871382586, 
            0.00053370096383849981, 
            0.00044618939913650195, 
            1.0788299302354662e-05, 
            0.00036766559670006629, 
            0.00032050295830535311, 
            1.2246261159857721e-05, 
            2.7462875862447621e-05, 
            0.00032415066305450978, 
            0.00384448838739389, 
            0.00059951854725576745, 
            0.00034043171452044827, 
            0.0018637565891232483, 
            0.00011176174144176598, 
            0.00079368090921542057, 
            0.00045861724276286128, 
            0.0018103485799046504, 
            0.0004423440307905008, 
            0.00044704149596456566, 
            0.0019146997167316113, 
            0.001661526484624, 
            0.0050939809970961805, 
            6.6872595725784708e-05, 
            0.00048066846092067144, 
            0.00066697845222779605, 
            0.00040919070288348349, 
            0.0017173032191773641, 
            4.4038327664734044e-05, 
            0.0004672076292769755, 
            0.00090610420167247518, 
            0.00033202536281449688, 
            0.00016910992892586738, 
            0.00020161344910230849, 
            0.0030654443124052376, 
            0.00025542679595422772, 
            0.00054262232652657106, 
            0.0040233509638129689, 
            0.00082702080562854817, 
            0.0015768073435503721, 
            0.0018150378179537469, 
            2.3152652319434933e-05, 
            0.0015213519954446295, 
            0.0004365009241705864, 
            0.00024236145050771937, 
            0.001331259631753142, 
            0.00011159282804604757, 
            0.00029266142056229722, 
            8.9180404744445516e-05, 
            0.00048078749107608788, 
            0.00020570044738358489, 
            0.0017735587893469844, 
            0.0019394272813671694, 
            0.00039112660248146012, 
            0.00022261368480463198, 
            0.0033727715706587404, 
            0.00049631998858953072, 
            0.00016667461816717019, 
            2.6278511718409737e-05, 
            0.00035961331681042701, 
            3.9191848118232746e-05, 
            0.00047785232876644611, 
            0.00029201457511034731, 
            1.7284827159859361e-05, 
            0.00078454362501049471, 
            0.00058601923377649969, 
            0.0001337239851654547, 
            2.2386065718032247e-06, 
            0.00040471814436996497, 
            0.00016177418253589037, 
            0.00011963389060178471, 
            8.6225066845897655e-06, 
            0.0017224895673555618, 
            0.0011072893456508801, 
            0.0054465265972959776, 
            0.0036995129449782765, 
            0.0096180430225997274, 
            0.0019912016613162584, 
            0.0015965416762785808, 
            0.0023703690346183089, 
            0.004450313923572655, 
            0.0013641878821130224, 
            0.0013087162475562757, 
            0.00090382667718921133, 
            0.002894940033651637, 
            0.0010040806614613532, 
            0.0016968479889423547, 
            0.00023363333725555041, 
            0.0017430400523079823, 
            0.00099109636210889941, 
            0.0037100601500612467, 
            0.00063607567943264279, 
            0.00075440791358282464, 
            0.0027075859444710593, 
            0.00168894221428082, 
            0.00027713009880683397, 
            0.0025166762563178617, 
            0.00018222897853868589, 
            0.00093914347811019502, 
            0.0010149526033428535, 
            0.0015821004561360345, 
            0.0013092462050009032, 
            0.0022562438412317785, 
            0.0024957664631948453, 
            0.001896938154742784, 
            0.00083454819590193091, 
            0.0037138395135814743, 
            0.00013721467036971379, 
            0.00064986778407659027, 
            0.00025959156499915091, 
            0.0018486587339082748, 
            0.00027321081884882118, 
            0.00021935016538656693, 
            0.0009292485905157546, 
            0.0018186302492230637, 
            2.2436448112900045e-05, 
            0.00038857011582177863, 
            5.0228459403850994e-05, 
            0.00084704653109489393, 
            0.0010248468212881933, 
            0.00038352601835514518, 
            0.00066269713989840901, 
            9.0142671781146341e-05, 
            0.00015941403561554719, 
            0.00038715600606368768, 
            6.9671794464534406e-06, 
            1.0972411140597181e-05, 
            0.00011858022720700556, 
            5.311241707396075e-06, 
            0.00060788383499759454, 
            0.00077773863883335735, 
            0.00011540801282826122, 
            0.00025332732087077919, 
            0.00012515826089735734, 
            0.00080607399175711993, 
            0.0018281834467714047, 
            0.00014479564142281265, 
            0.00037812705488370909, 
            0.00027031777744135869, 
            0.0032650879260043668, 
            0.00033470353302909368, 
            0.0014816463985269262, 
            0.0009005472437901232, 
            0.00071243560670162783, 
            0.00060123145783308614, 
            0.00025116908560518779, 
            0.00054823760688206026, 
            0.0013072549954782481, 
            0.0026905658190459376, 
            0.007709101588818882, 
            0.0013180212369583466, 
            0.0012512245167769856, 
            2.2921233913699482e-05, 
            0.00016547567601701138, 
            0.00048498263011200501, 
            0.002604165827479148, 
            0.0018698323470114325, 
            0.00045642498010409107, 
            1.955123503191882e-05, 
            0.00032870825702630154, 
            0.00046135109819309236, 
            0.00064134751732022465, 
            0.00057175642197071714, 
            0.00068918382693383836, 
            0.00022596570044085059, 
            0.00015572985324731079, 
            0.00046135723871249565, 
            0.00056625257287671682, 
            0.00032449317697457055, 
            0.00016824827478121066, 
            3.0271042250214695e-05, 
            0.0016686796875528681, 
            0.00027600420433406757, 
            0.0013183024498269905, 
            0.00029519552591753575, 
            0.00037142077231415828, 
            0.0011801587872429036, 
            0.00057364006997325347, 
            0.00061241136885010377, 
            0.002500415431265442, 
            0.00042373374165744209, 
            0.0006179317627747797, 
            0.00059745481441312188, 
            0.00012340122901226397, 
            0.001013591329785335, 
            0.0010673239657546811, 
            0.00014242658226711914, 
            0.00038326433741676187, 
            0.00035935073800613004, 
            3.7284530530328846e-06, 
            8.1482892120468932e-05, 
            0.00018507802998628305, 
            8.4983785854248275e-05, 
            0.00052622483233682462, 
            0.00025643640452604273, 
            0.00010609648919742428
        ]
    }, 
    "modelInputNRows": 1228, 
    "modelInputNCols": 1607, 
    "modelInputMemory": 15787168, 
    "gridCells": [
        {
            "scoreTimeStd": 0.043606829230701416, 
            "scoreTime": 0.27266666666666667, 
            "fitTime": 2.5376666666666665, 
            "score": 0.60102553958466709, 
            "params": {
                "max_features": "auto", 
                "min_samples_split": 3, 
                "n_estimators": 100, 
                "max_depth": 5, 
                "min_samples_leaf": 1
            }, 
            "fitTimeStd": 0.04074582459862891, 
            "scoreStd": 0.022749081706356429
        }, 
        {
            "scoreTimeStd": 0.089600347221549442, 
            "scoreTime": 0.43166666666666664, 
            "fitTime": 2.7370000000000001, 
            "score": 0.60255799186975323, 
            "params": {
                "max_features": "auto", 
                "min_samples_split": 3, 
                "n_estimators": 100, 
                "max_depth": 10, 
                "min_samples_leaf": 1
            }, 
            "fitTimeStd": 0.096502158870497137, 
            "scoreStd": 0.0271726155362104
        }, 
        {
            "scoreTimeStd": 0.15167142849667573, 
            "scoreTime": 0.55033333333333323, 
            "fitTime": 3.1300000000000003, 
            "score": 0.59820146422245923, 
            "params": {
                "max_features": "auto", 
                "min_samples_split": 3, 
                "n_estimators": 100, 
                "max_depth": 15, 
                "min_samples_leaf": 1
            }, 
            "fitTimeStd": 0.18235679312819694, 
            "scoreStd": 0.022623420080179025
        }, 
        {
            "scoreTimeStd": 0.062887907334311002, 
            "scoreTime": 0.51566666666666661, 
            "fitTime": 2.988, 
            "score": 0.59009376898283683, 
            "params": {
                "max_features": "auto", 
                "min_samples_split": 3, 
                "n_estimators": 100, 
                "max_depth": 20, 
                "min_samples_leaf": 1
            }, 
            "fitTimeStd": 0.094618532363732299, 
            "scoreStd": 0.022822285519323273
        }, 
        {
            "scoreTimeStd": 0.14765726079900934, 
            "scoreTime": 0.64999999999999991, 
            "fitTime": 2.2403333333333335, 
            "score": 0.58581271640558807, 
            "params": {
                "max_features": "auto", 
                "min_samples_split": 30, 
                "n_estimators": 100, 
                "max_depth": 5, 
                "min_samples_leaf": 10
            }, 
            "fitTimeStd": 0.15228336160665168, 
            "scoreStd": 0.019314534022925996
        }, 
        {
            "scoreTimeStd": 0.16298057143925676, 
            "scoreTime": 0.54900000000000004, 
            "fitTime": 2.7126666666666668, 
            "score": 0.58832070183020879, 
            "params": {
                "max_features": "auto", 
                "min_samples_split": 30, 
                "n_estimators": 100, 
                "max_depth": 10, 
                "min_samples_leaf": 10
            }, 
            "fitTimeStd": 0.45563313702534364, 
            "scoreStd": 0.02316908378537149
        }, 
        {
            "scoreTimeStd": 0.071713937898353397, 
            "scoreTime": 0.49266666666666664, 
            "fitTime": 3.0240000000000005, 
            "score": 0.58440297902940408, 
            "params": {
                "max_features": "auto", 
                "min_samples_split": 30, 
                "n_estimators": 100, 
                "max_depth": 15, 
                "min_samples_leaf": 10
            }, 
            "fitTimeStd": 0.16112314131330316, 
            "scoreStd": 0.023233670633592437
        }, 
        {
            "scoreTimeStd": 0.020368821489936219, 
            "scoreTime": 0.54666666666666675, 
            "fitTime": 2.6733333333333333, 
            "score": 0.58403657530156305, 
            "params": {
                "max_features": "auto", 
                "min_samples_split": 30, 
                "n_estimators": 100, 
                "max_depth": 20, 
                "min_samples_leaf": 10
            }, 
            "fitTimeStd": 0.24755381008760269, 
            "scoreStd": 0.02566599933917724
        }, 
        {
            "scoreTimeStd": 0.096230048437181109, 
            "scoreTime": 0.30033333333333334, 
            "fitTime": 2.0633333333333335, 
            "score": 0.49647047266905314, 
            "params": {
                "max_features": "auto", 
                "min_samples_split": 300, 
                "n_estimators": 100, 
                "max_depth": 5, 
                "min_samples_leaf": 100
            }, 
            "fitTimeStd": 0.09669654710599665, 
            "scoreStd": 0.013949953698885739
        }, 
        {
            "scoreTimeStd": 0.021929178937864707, 
            "scoreTime": 0.35933333333333334, 
            "fitTime": 2.3083333333333331, 
            "score": 0.49647047266905314, 
            "params": {
                "max_features": "auto", 
                "min_samples_split": 300, 
                "n_estimators": 100, 
                "max_depth": 10, 
                "min_samples_leaf": 100
            }, 
            "fitTimeStd": 0.091714532957190315, 
            "scoreStd": 0.013949953698885739
        }, 
        {
            "scoreTimeStd": 0.052499735449068927, 
            "scoreTime": 0.49733333333333335, 
            "fitTime": 2.1646666666666667, 
            "score": 0.49647047266905314, 
            "params": {
                "max_features": "auto", 
                "min_samples_split": 300, 
                "n_estimators": 100, 
                "max_depth": 15, 
                "min_samples_leaf": 100
            }, 
            "fitTimeStd": 0.14208057182067108, 
            "scoreStd": 0.013949953698885739
        }, 
        {
            "scoreTimeStd": 0.053324999348856587, 
            "scoreTime": 0.44866666666666671, 
            "fitTime": 2.4503333333333335, 
            "score": 0.49647047266905314, 
            "params": {
                "max_features": "auto", 
                "min_samples_split": 300, 
                "n_estimators": 100, 
                "max_depth": 20, 
                "min_samples_leaf": 100
            }, 
            "fitTimeStd": 0.17142798941700149, 
            "scoreStd": 0.013949953698885739
        }
    ], 
    "gridBestScore": 0.60255799186975323, 
    "modelInputIsSparse": false
}