{
  "publishPolicy": "UNCONDITIONAL",
  "rebuildBehavior": "EXPLICIT",
  "name": "Clustering (KMEANS) on train",
  "activeVersion": "initial",
  "tags": [],
  "checklists": {
    "checklists": []
  },
  "versionTag": {
    "versionNumber": 0,
    "lastModifiedBy": {
      "login": "admin",
      "displayName": "Lamia Khan"
    },
    "lastModifiedOn": 1493934310706
  },
  "conditionalOutputs": [],
  "miniTask": {
    "modeling": {
      "db_scan_clustering": {
        "epsilon": [],
        "min_sample_ratio": 0.0,
        "enabled": false,
        "seed": 0
      },
      "spectral_clustering": {
        "k": [],
        "enabled": false,
        "affinity_rbf": false,
        "affinity_nearest_neighbors": false,
        "affinity_sigmoid": false,
        "affinity_polynomial": false,
        "gamma": [],
        "coef0": 0.0,
        "seed": 0
      },
      "ward_clustering": {
        "k": [],
        "enabled": false
      },
      "kmeans_clustering": {
        "k": [],
        "enabled": false,
        "seed": 0,
        "n_jobs": 2
      },
      "mini_batch_kmeans_clustering": {
        "k": [],
        "enabled": false,
        "seed": 0
      },
      "gmm_clustering": {
        "k": [],
        "enabled": false,
        "max_iterations": 0,
        "seed": 0
      },
      "mllib_kmeans_clustering": {
        "k": [],
        "enabled": false,
        "max_iterations": 0
      },
      "mllib_gaussian_mixture_clustering": {
        "k": [],
        "enabled": false,
        "max_iterations": 0
      },
      "h2o_kmeans": {
        "k": [],
        "enabled": false,
        "max_iterations": 0
      },
      "vertica_kmeans_clustering": {
        "enabled": false,
        "k": [
          5
        ],
        "max_iterations": 50
      },
      "metrics": {
        "evaluationMetric": "SILHOUETTE",
        "customEvaluationMetricGIB": true
      },
      "custom_python": [],
      "custom_mllib": []
    },
    "taskType": "CLUSTERING",
    "backendType": "PY_MEMORY",
    "sparkPreparedDFStorageLevel": "MEMORY_AND_DISK",
    "sparkRepartitionNonHDFS": 1,
    "predictionDisplayScript": {
      "steps": [],
      "tags": [],
      "columnsSelection": {
        "mode": "ALL"
      },
      "coloring": {
        "scheme": "MEANING_AND_STATUS",
        "individualColumns": [],
        "valueColoringMode": "HASH"
      },
      "analysisColumnData": {},
      "explorationSampling": {
        "selection": {
          "samplingMethod": "HEAD_SEQUENTIAL",
          "partitionSelectionMethod": "ALL",
          "maxRecords": 10000,
          "targetRatio": 0.02
        },
        "autoRefreshSample": false,
        "_refreshTrigger": 0
      },
      "vizSampling": {
        "autoRefreshSample": false,
        "_refreshTrigger": 0
      },
      "exploreUIParams": {},
      "globalSearchQuery": "",
      "explorationFilters": [],
      "previewMode": "ALL_ROWS",
      "charts": [],
      "chartsEngine": "LINO"
    }
  },
  "lastExportedFrom": "A-FORESTCOVERTYPE-Q3yZscTR-rfBm0woL-s1-pp1-m1",
  "metrics": {
    "probes": [],
    "engineConfig": {
      "padRunsWithMetrics": false,
      "hive": {
        "active": true,
        "extraConf": [],
        "addDkuUdf": false
      },
      "basic": {},
      "dss": {
        "active": true,
        "selection": {
          "samplingMethod": "FULL",
          "partitionSelectionMethod": "ALL",
          "maxRecords": 10000,
          "targetRatio": 0.02
        }
      },
      "sql": {
        "active": true
      },
      "impala": {
        "active": true
      },
      "python": {}
    },
    "displayedState": {
      "partition": "NP",
      "metrics": [
        "reporting:BUILD_DURATION"
      ]
    }
  },
  "metricsChecks": {
    "runOnBuild": false,
    "checks": [],
    "displayedState": {
      "partition": "NP",
      "checks": []
    }
  }
}