{
  "trainedWithDSSVersion": "4.0.1",
  "isValid": true,
  "type": "MULTICLASS_PROBABILISTIC",
  "algorithm_name": "FOREST_CLASSIFIER",
  "columns": [
    "event_type_count",
    "location",
    "log_feature_count",
    "resource_type_count",
    "severity_type",
    "volume_count",
    "dummy:volumes:1, 1",
    "dummy:volumes:1",
    "dummy:volumes:2, 2",
    "dummy:volumes:1, 1, 1, 1",
    "dummy:volumes:2",
    "dummy:volumes:1, 1, 1",
    "dummy:volumes:1, 2",
    "dummy:volumes:2, 1",
    "dummy:volumes:3, 3",
    "dummy:volumes:4, 4",
    "dummy:volumes:4, 2",
    "dummy:volumes:4",
    "dummy:volumes:3, 2",
    "dummy:volumes:1, 1, 1, 1, 1",
    "dummy:volumes:3",
    "dummy:volumes:2, 3",
    "dummy:volumes:1, 1, 1, 1, 1, 1",
    "dummy:volumes:2, 4",
    "dummy:volumes:6, 6",
    "dummy:volumes:1, 3",
    "dummy:volumes:2, 1, 1",
    "dummy:volumes:3, 1",
    "dummy:volumes:1, 1, 2",
    "dummy:volumes:4, 3",
    "dummy:volumes:5, 5",
    "dummy:volumes:2, 2, 2",
    "dummy:volumes:8, 8",
    "dummy:volumes:1, 2, 1",
    "dummy:volumes:4, 1",
    "dummy:volumes:2, 1, 1, 2",
    "dummy:volumes:1, 4",
    "dummy:volumes:6",
    "dummy:volumes:2, 2, 2, 2",
    "dummy:volumes:3, 4",
    "dummy:volumes:2, 2, 1",
    "dummy:volumes:1, 2, 1, 1",
    "dummy:volumes:4, 5",
    "dummy:volumes:2, 1, 2",
    "dummy:volumes:5",
    "dummy:volumes:2, 1, 1, 1",
    "dummy:volumes:7, 7",
    "dummy:volumes:6, 5",
    "dummy:volumes:8",
    "dummy:volumes:5, 8",
    "dummy:volumes:5, 4",
    "dummy:volumes:1, 2, 2",
    "dummy:volumes:1, 1, 1, 2",
    "dummy:volumes:1, 1, 1, 1, 1, 1, 1",
    "dummy:volumes:2, 5",
    "dummy:volumes:7",
    "dummy:volumes:12",
    "dummy:volumes:2, 2, 1, 1",
    "dummy:volumes:3, 5",
    "dummy:volumes:1, 2, 2, 1",
    "dummy:volumes:1, 5",
    "dummy:volumes:6, 3",
    "dummy:volumes:1, 1, 2, 1",
    "dummy:volumes:6, 2",
    "dummy:volumes:12, 12",
    "dummy:volumes:2, 6",
    "dummy:volumes:8, 4",
    "dummy:volumes:3, 6",
    "dummy:volumes:7, 6",
    "dummy:volumes:1, 1, 2, 2",
    "dummy:volumes:7, 5",
    "dummy:volumes:1, 6",
    "dummy:volumes:2, 1, 2, 1",
    "dummy:volumes:10, 10",
    "dummy:volumes:5, 1",
    "dummy:volumes:8, 3",
    "dummy:volumes:2, 10",
    "dummy:volumes:14",
    "dummy:volumes:4, 6",
    "dummy:volumes:11, 11",
    "dummy:volumes:8, 6",
    "dummy:volumes:1, 2, 1, 2",
    "dummy:volumes:5, 6",
    "dummy:volumes:6, 4",
    "dummy:volumes:6, 8",
    "dummy:volumes:6, 10",
    "dummy:volumes:6, 1",
    "dummy:volumes:3, 1, 2",
    "dummy:volumes:10, 9",
    "dummy:volumes:8, 2",
    "dummy:volumes:15, 15",
    "dummy:volumes:14, 14",
    "dummy:volumes:3, 2, 3, 2",
    "dummy:volumes:13, 13",
    "dummy:volumes:6, 7",
    "dummy:volumes:9, 8",
    "dummy:volumes:10, 6",
    "dummy:volumes:1, 10",
    "dummy:volumes:1, 3, 1, 3",
    "dummy:volumes:8, 5",
    "dummy:volumes:6, 14",
    "dummy:volumes:10, 8",
    "dummy:volumes:5, 10",
    "dummy:volumes:5, 2",
    "dummy:volumes:8, 1",
    "dummy:volumes:1, 2, 1, 1, 2",
    "dummy:volumes:2, 8",
    "dummy:volumes:14, 8",
    "dummy:volumes:1, 1, 1, 1, 2",
    "dummy:volumes:9, 10",
    "dummy:volumes:7, 8",
    "dummy:volumes:1, 1, 1, 1, 1, 1, 1, 1",
    "dummy:volumes:9, 9",
    "dummy:volumes:8, 13",
    "dummy:volumes:12, 2",
    "dummy:volumes:N/A",
    "dummy:volumes:__Others__",
    "dummy:resource_types:resource_type 8",
    "dummy:resource_types:resource_type 2",
    "dummy:resource_types:resource_type 8, resource_type 2",
    "dummy:resource_types:resource_type 2, resource_type 8",
    "dummy:resource_types:resource_type 6, resource_type 8",
    "dummy:resource_types:resource_type 8, resource_type 6",
    "dummy:resource_types:resource_type 7, resource_type 8",
    "dummy:resource_types:resource_type 8, resource_type 7",
    "dummy:resource_types:resource_type 7",
    "dummy:resource_types:resource_type 6",
    "dummy:resource_types:N/A",
    "dummy:resource_types:__Others__"
  ],
  "classes": [
    "0",
    "2",
    "1"
  ]
}