{
  "state": "DONE",
  "preSearchDescription": {
    "gridLength": 12,
    "importantParams": [
      {
        "name": "trees",
        "vals": [
          "100"
        ]
      },
      {
        "name": "depth",
        "vals": [
          "5",
          "10",
          "15",
          "20"
        ]
      },
      {
        "name": "min_samples",
        "vals": [
          "1",
          "10",
          "100"
        ]
      }
    ]
  },
  "postSearchDescription": {
    "importantParams": [
      {
        "name": "trees",
        "val": "100"
      },
      {
        "name": "depth",
        "val": "10"
      },
      {
        "name": "min_samples",
        "val": "1"
      }
    ]
  },
  "modelId": "m1",
  "progress": {
    "top_level_todo": [],
    "stack": [],
    "top_level_done": [
      {
        "name": "Loading train set",
        "time": 91
      },
      {
        "name": "Loading test set",
        "time": 34
      },
      {
        "name": "Collecting statistics",
        "time": 59
      },
      {
        "name": "Preprocessing train set",
        "time": 114
      },
      {
        "name": "Preprocessing test set",
        "time": 36
      },
      {
        "name": "Fitting model",
        "time": 25347
      },
      {
        "name": "Saving model",
        "time": 22
      },
      {
        "name": "Scoring model",
        "time": 1059
      }
    ]
  },
  "startTime": 1493919274108,
  "endTime": 1493919300886,
  "preprocessingTime": 349,
  "trainingTime": 26429
}