[
    {
        "parameters": {
            "max_features": "auto", 
            "min_samples_split": 3, 
            "n_estimators": 100, 
            "max_depth": 5, 
            "min_samples_leaf": 1
        }, 
        "score_time": 941, 
        "test_score": 0.5680271099507299, 
        "fit_time": 41308, 
        "num_samples": 26637, 
        "best_iteration": null, 
        "train_score": 0.6396365585222026, 
        "parameter_id": 0, 
        "time": 42249, 
        "done_at": 1523111028467, 
        "grid_point_id": "{\"max_features\": \"auto\", \"min_samples_split\": 3, \"n_estimators\": 100, \"max_depth\": 5, \"min_samples_leaf\": 1}@1"
    }, 
    {
        "parameters": {
            "max_features": "auto", 
            "min_samples_split": 3, 
            "n_estimators": 100, 
            "max_depth": 5, 
            "min_samples_leaf": 1
        }, 
        "score_time": 491, 
        "test_score": 0.5588978228837409, 
        "fit_time": 46362, 
        "num_samples": 26637, 
        "best_iteration": null, 
        "train_score": 0.6386598581081614, 
        "parameter_id": 0, 
        "time": 46853, 
        "done_at": 1523111033283, 
        "grid_point_id": "{\"max_features\": \"auto\", \"min_samples_split\": 3, \"n_estimators\": 100, \"max_depth\": 5, \"min_samples_leaf\": 1}@2"
    }, 
    {
        "parameters": {
            "max_features": "auto", 
            "min_samples_split": 3, 
            "n_estimators": 100, 
            "max_depth": 5, 
            "min_samples_leaf": 1
        }, 
        "score_time": 892, 
        "test_score": 0.5558405192783563, 
        "fit_time": 47778, 
        "num_samples": 26638, 
        "best_iteration": null, 
        "train_score": 0.6479283689467368, 
        "parameter_id": 0, 
        "time": 48670, 
        "done_at": 1523111035301, 
        "grid_point_id": "{\"max_features\": \"auto\", \"min_samples_split\": 3, \"n_estimators\": 100, \"max_depth\": 5, \"min_samples_leaf\": 1}@0"
    }, 
    {
        "parameters": {
            "max_features": "auto", 
            "min_samples_split": 3, 
            "n_estimators": 100, 
            "max_depth": 10, 
            "min_samples_leaf": 1
        }, 
        "score_time": 570, 
        "test_score": 0.57449720318049, 
        "fit_time": 71119, 
        "num_samples": 26638, 
        "best_iteration": null, 
        "train_score": 0.7972953500659237, 
        "parameter_id": 1, 
        "time": 71689, 
        "done_at": 1523111057719, 
        "grid_point_id": "{\"max_features\": \"auto\", \"min_samples_split\": 3, \"n_estimators\": 100, \"max_depth\": 10, \"min_samples_leaf\": 1}@0"
    }, 
    {
        "parameters": {
            "max_features": "auto", 
            "min_samples_split": 3, 
            "n_estimators": 100, 
            "max_depth": 10, 
            "min_samples_leaf": 1
        }, 
        "score_time": 569, 
        "test_score": 0.5836928288317942, 
        "fit_time": 48790, 
        "num_samples": 26637, 
        "best_iteration": null, 
        "train_score": 0.7789416475490766, 
        "parameter_id": 1, 
        "time": 49359, 
        "done_at": 1523111078765, 
        "grid_point_id": "{\"max_features\": \"auto\", \"min_samples_split\": 3, \"n_estimators\": 100, \"max_depth\": 10, \"min_samples_leaf\": 1}@1"
    }, 
    {
        "parameters": {
            "max_features": "auto", 
            "min_samples_split": 3, 
            "n_estimators": 100, 
            "max_depth": 10, 
            "min_samples_leaf": 1
        }, 
        "score_time": 699, 
        "test_score": 0.5466391924513347, 
        "fit_time": 59947, 
        "num_samples": 26637, 
        "best_iteration": null, 
        "train_score": 0.8156511223964142, 
        "parameter_id": 1, 
        "time": 60646, 
        "done_at": 1523111094903, 
        "grid_point_id": "{\"max_features\": \"auto\", \"min_samples_split\": 3, \"n_estimators\": 100, \"max_depth\": 10, \"min_samples_leaf\": 1}@2"
    }, 
    {
        "parameters": {
            "max_features": "auto", 
            "min_samples_split": 3, 
            "n_estimators": 100, 
            "max_depth": 15, 
            "min_samples_leaf": 1
        }, 
        "score_time": 1139, 
        "test_score": 0.56417107507116, 
        "fit_time": 82083, 
        "num_samples": 26638, 
        "best_iteration": null, 
        "train_score": 0.8729551764078195, 
        "parameter_id": 2, 
        "time": 83222, 
        "done_at": 1523111120798, 
        "grid_point_id": "{\"max_features\": \"auto\", \"min_samples_split\": 3, \"n_estimators\": 100, \"max_depth\": 15, \"min_samples_leaf\": 1}@0"
    }, 
    {
        "parameters": {
            "max_features": "auto", 
            "min_samples_split": 3, 
            "n_estimators": 100, 
            "max_depth": 15, 
            "min_samples_leaf": 1
        }, 
        "score_time": 1059, 
        "test_score": 0.570414373682254, 
        "fit_time": 69634, 
        "num_samples": 26637, 
        "best_iteration": null, 
        "train_score": 0.846277492097803, 
        "parameter_id": 2, 
        "time": 70693, 
        "done_at": 1523111130841, 
        "grid_point_id": "{\"max_features\": \"auto\", \"min_samples_split\": 3, \"n_estimators\": 100, \"max_depth\": 15, \"min_samples_leaf\": 1}@1"
    }, 
    {
        "parameters": {
            "max_features": "auto", 
            "min_samples_split": 3, 
            "n_estimators": 100, 
            "max_depth": 15, 
            "min_samples_leaf": 1
        }, 
        "score_time": 667, 
        "test_score": 0.5123269644939403, 
        "fit_time": 96694, 
        "num_samples": 26637, 
        "best_iteration": null, 
        "train_score": 0.8877943485884795, 
        "parameter_id": 2, 
        "time": 97361, 
        "done_at": 1523111178064, 
        "grid_point_id": "{\"max_features\": \"auto\", \"min_samples_split\": 3, \"n_estimators\": 100, \"max_depth\": 15, \"min_samples_leaf\": 1}@2"
    }, 
    {
        "parameters": {
            "max_features": "auto", 
            "min_samples_split": 3, 
            "n_estimators": 100, 
            "max_depth": 20, 
            "min_samples_leaf": 1
        }, 
        "score_time": 1459, 
        "test_score": 0.5535833792000656, 
        "fit_time": 113470, 
        "num_samples": 26638, 
        "best_iteration": null, 
        "train_score": 0.9030707747474511, 
        "parameter_id": 3, 
        "time": 114929, 
        "done_at": 1523111212010, 
        "grid_point_id": "{\"max_features\": \"auto\", \"min_samples_split\": 3, \"n_estimators\": 100, \"max_depth\": 20, \"min_samples_leaf\": 1}@0"
    }, 
    {
        "parameters": {
            "max_features": "auto", 
            "min_samples_split": 3, 
            "n_estimators": 100, 
            "max_depth": 20, 
            "min_samples_leaf": 1
        }, 
        "score_time": 1996, 
        "test_score": 0.5681677640217188, 
        "fit_time": 92138, 
        "num_samples": 26637, 
        "best_iteration": null, 
        "train_score": 0.8689830087526774, 
        "parameter_id": 3, 
        "time": 94134, 
        "done_at": 1523111217672, 
        "grid_point_id": "{\"max_features\": \"auto\", \"min_samples_split\": 3, \"n_estimators\": 100, \"max_depth\": 20, \"min_samples_leaf\": 1}@1"
    }, 
    {
        "parameters": {
            "max_features": "auto", 
            "min_samples_split": 30, 
            "n_estimators": 100, 
            "max_depth": 5, 
            "min_samples_leaf": 10
        }, 
        "score_time": 997, 
        "test_score": 0.5524423281194156, 
        "fit_time": 44172, 
        "num_samples": 26638, 
        "best_iteration": null, 
        "train_score": 0.6193243118151138, 
        "parameter_id": 4, 
        "time": 45169, 
        "done_at": 1523111224711, 
        "grid_point_id": "{\"max_features\": \"auto\", \"min_samples_split\": 30, \"n_estimators\": 100, \"max_depth\": 5, \"min_samples_leaf\": 10}@0"
    }, 
    {
        "parameters": {
            "max_features": "auto", 
            "min_samples_split": 30, 
            "n_estimators": 100, 
            "max_depth": 5, 
            "min_samples_leaf": 10
        }, 
        "score_time": 509, 
        "test_score": 0.5757524596752925, 
        "fit_time": 39625, 
        "num_samples": 26637, 
        "best_iteration": null, 
        "train_score": 0.6166561012050791, 
        "parameter_id": 4, 
        "time": 40134, 
        "done_at": 1523111252972, 
        "grid_point_id": "{\"max_features\": \"auto\", \"min_samples_split\": 30, \"n_estimators\": 100, \"max_depth\": 5, \"min_samples_leaf\": 10}@1"
    }, 
    {
        "parameters": {
            "max_features": "auto", 
            "min_samples_split": 3, 
            "n_estimators": 100, 
            "max_depth": 20, 
            "min_samples_leaf": 1
        }, 
        "score_time": 923, 
        "test_score": 0.497833427063725, 
        "fit_time": 121024, 
        "num_samples": 26637, 
        "best_iteration": null, 
        "train_score": 0.9140046625511988, 
        "parameter_id": 3, 
        "time": 121947, 
        "done_at": 1523111254357, 
        "grid_point_id": "{\"max_features\": \"auto\", \"min_samples_split\": 3, \"n_estimators\": 100, \"max_depth\": 20, \"min_samples_leaf\": 1}@2"
    }, 
    {
        "parameters": {
            "max_features": "auto", 
            "min_samples_split": 30, 
            "n_estimators": 100, 
            "max_depth": 5, 
            "min_samples_leaf": 10
        }, 
        "score_time": 598, 
        "test_score": 0.5661256533493264, 
        "fit_time": 43519, 
        "num_samples": 26637, 
        "best_iteration": null, 
        "train_score": 0.610464706947658, 
        "parameter_id": 4, 
        "time": 44117, 
        "done_at": 1523111262937, 
        "grid_point_id": "{\"max_features\": \"auto\", \"min_samples_split\": 30, \"n_estimators\": 100, \"max_depth\": 5, \"min_samples_leaf\": 10}@2"
    }, 
    {
        "parameters": {
            "max_features": "auto", 
            "min_samples_split": 30, 
            "n_estimators": 100, 
            "max_depth": 10, 
            "min_samples_leaf": 10
        }, 
        "score_time": 875, 
        "test_score": 0.5774818202302364, 
        "fit_time": 76903, 
        "num_samples": 26638, 
        "best_iteration": null, 
        "train_score": 0.6802475378975892, 
        "parameter_id": 5, 
        "time": 77778, 
        "done_at": 1523111304082, 
        "grid_point_id": "{\"max_features\": \"auto\", \"min_samples_split\": 30, \"n_estimators\": 100, \"max_depth\": 10, \"min_samples_leaf\": 10}@0"
    }, 
    {
        "parameters": {
            "max_features": "auto", 
            "min_samples_split": 30, 
            "n_estimators": 100, 
            "max_depth": 10, 
            "min_samples_leaf": 10
        }, 
        "score_time": 1110, 
        "test_score": 0.5974345394001188, 
        "fit_time": 63791, 
        "num_samples": 26637, 
        "best_iteration": null, 
        "train_score": 0.6737122147315016, 
        "parameter_id": 5, 
        "time": 64901, 
        "done_at": 1523111319540, 
        "grid_point_id": "{\"max_features\": \"auto\", \"min_samples_split\": 30, \"n_estimators\": 100, \"max_depth\": 10, \"min_samples_leaf\": 10}@1"
    }, 
    {
        "parameters": {
            "max_features": "auto", 
            "min_samples_split": 30, 
            "n_estimators": 100, 
            "max_depth": 10, 
            "min_samples_leaf": 10
        }, 
        "score_time": 827, 
        "test_score": 0.5820599345204411, 
        "fit_time": 79807, 
        "num_samples": 26637, 
        "best_iteration": null, 
        "train_score": 0.6788167492799573, 
        "parameter_id": 5, 
        "time": 80634, 
        "done_at": 1523111336083, 
        "grid_point_id": "{\"max_features\": \"auto\", \"min_samples_split\": 30, \"n_estimators\": 100, \"max_depth\": 10, \"min_samples_leaf\": 10}@2"
    }, 
    {
        "parameters": {
            "max_features": "auto", 
            "min_samples_split": 30, 
            "n_estimators": 100, 
            "max_depth": 15, 
            "min_samples_leaf": 10
        }, 
        "score_time": 998, 
        "test_score": 0.5806440437189302, 
        "fit_time": 104965, 
        "num_samples": 26638, 
        "best_iteration": null, 
        "train_score": 0.6941731431724, 
        "parameter_id": 6, 
        "time": 105963, 
        "done_at": 1523111370486, 
        "grid_point_id": "{\"max_features\": \"auto\", \"min_samples_split\": 30, \"n_estimators\": 100, \"max_depth\": 15, \"min_samples_leaf\": 10}@0"
    }, 
    {
        "parameters": {
            "max_features": "auto", 
            "min_samples_split": 30, 
            "n_estimators": 100, 
            "max_depth": 15, 
            "min_samples_leaf": 10
        }, 
        "score_time": 852, 
        "test_score": 0.597558976528844, 
        "fit_time": 77952, 
        "num_samples": 26637, 
        "best_iteration": null, 
        "train_score": 0.6866052440694677, 
        "parameter_id": 6, 
        "time": 78804, 
        "done_at": 1523111384339, 
        "grid_point_id": "{\"max_features\": \"auto\", \"min_samples_split\": 30, \"n_estimators\": 100, \"max_depth\": 15, \"min_samples_leaf\": 10}@1"
    }, 
    {
        "parameters": {
            "max_features": "auto", 
            "min_samples_split": 30, 
            "n_estimators": 100, 
            "max_depth": 15, 
            "min_samples_leaf": 10
        }, 
        "score_time": 999, 
        "test_score": 0.5799531752182885, 
        "fit_time": 99571, 
        "num_samples": 26637, 
        "best_iteration": null, 
        "train_score": 0.6922557371100845, 
        "parameter_id": 6, 
        "time": 100570, 
        "done_at": 1523111421394, 
        "grid_point_id": "{\"max_features\": \"auto\", \"min_samples_split\": 30, \"n_estimators\": 100, \"max_depth\": 15, \"min_samples_leaf\": 10}@2"
    }, 
    {
        "parameters": {
            "max_features": "auto", 
            "min_samples_split": 30, 
            "n_estimators": 100, 
            "max_depth": 20, 
            "min_samples_leaf": 10
        }, 
        "score_time": 732, 
        "test_score": 0.5804238401282223, 
        "fit_time": 102501, 
        "num_samples": 26638, 
        "best_iteration": null, 
        "train_score": 0.6968101969458853, 
        "parameter_id": 7, 
        "time": 103233, 
        "done_at": 1523111441161, 
        "grid_point_id": "{\"max_features\": \"auto\", \"min_samples_split\": 30, \"n_estimators\": 100, \"max_depth\": 20, \"min_samples_leaf\": 10}@0"
    }, 
    {
        "parameters": {
            "max_features": "auto", 
            "min_samples_split": 30, 
            "n_estimators": 100, 
            "max_depth": 20, 
            "min_samples_leaf": 10
        }, 
        "score_time": 674, 
        "test_score": 0.5977915054747531, 
        "fit_time": 74577, 
        "num_samples": 26637, 
        "best_iteration": null, 
        "train_score": 0.6890453516240327, 
        "parameter_id": 7, 
        "time": 75251, 
        "done_at": 1523111446968, 
        "grid_point_id": "{\"max_features\": \"auto\", \"min_samples_split\": 30, \"n_estimators\": 100, \"max_depth\": 20, \"min_samples_leaf\": 10}@1"
    }, 
    {
        "parameters": {
            "max_features": "auto", 
            "min_samples_split": 300, 
            "n_estimators": 100, 
            "max_depth": 5, 
            "min_samples_leaf": 100
        }, 
        "score_time": 576, 
        "test_score": 0.5631764125180747, 
        "fit_time": 40432, 
        "num_samples": 26638, 
        "best_iteration": null, 
        "train_score": 0.5589062478469549, 
        "parameter_id": 8, 
        "time": 41008, 
        "done_at": 1523111463462, 
        "grid_point_id": "{\"max_features\": \"auto\", \"min_samples_split\": 300, \"n_estimators\": 100, \"max_depth\": 5, \"min_samples_leaf\": 100}@0"
    }, 
    {
        "parameters": {
            "max_features": "auto", 
            "min_samples_split": 300, 
            "n_estimators": 100, 
            "max_depth": 5, 
            "min_samples_leaf": 100
        }, 
        "score_time": 700, 
        "test_score": 0.5316253904657774, 
        "fit_time": 33427, 
        "num_samples": 26637, 
        "best_iteration": null, 
        "train_score": 0.5619177185907094, 
        "parameter_id": 8, 
        "time": 34127, 
        "done_at": 1523111476583, 
        "grid_point_id": "{\"max_features\": \"auto\", \"min_samples_split\": 300, \"n_estimators\": 100, \"max_depth\": 5, \"min_samples_leaf\": 100}@1"
    }, 
    {
        "parameters": {
            "max_features": "auto", 
            "min_samples_split": 30, 
            "n_estimators": 100, 
            "max_depth": 20, 
            "min_samples_leaf": 10
        }, 
        "score_time": 906, 
        "test_score": 0.5790401110690981, 
        "fit_time": 101945, 
        "num_samples": 26637, 
        "best_iteration": null, 
        "train_score": 0.695112725473867, 
        "parameter_id": 7, 
        "time": 102851, 
        "done_at": 1523111488527, 
        "grid_point_id": "{\"max_features\": \"auto\", \"min_samples_split\": 30, \"n_estimators\": 100, \"max_depth\": 20, \"min_samples_leaf\": 10}@2"
    }, 
    {
        "parameters": {
            "max_features": "auto", 
            "min_samples_split": 300, 
            "n_estimators": 100, 
            "max_depth": 5, 
            "min_samples_leaf": 100
        }, 
        "score_time": 955, 
        "test_score": 0.5403694659378331, 
        "fit_time": 42158, 
        "num_samples": 26637, 
        "best_iteration": null, 
        "train_score": 0.5709921392708546, 
        "parameter_id": 8, 
        "time": 43113, 
        "done_at": 1523111491011, 
        "grid_point_id": "{\"max_features\": \"auto\", \"min_samples_split\": 300, \"n_estimators\": 100, \"max_depth\": 5, \"min_samples_leaf\": 100}@2"
    }, 
    {
        "parameters": {
            "max_features": "auto", 
            "min_samples_split": 300, 
            "n_estimators": 100, 
            "max_depth": 10, 
            "min_samples_leaf": 100
        }, 
        "score_time": 493, 
        "test_score": 0.5345652891908155, 
        "fit_time": 60944, 
        "num_samples": 26637, 
        "best_iteration": null, 
        "train_score": 0.5655274597818667, 
        "parameter_id": 9, 
        "time": 61437, 
        "done_at": 1523111538936, 
        "grid_point_id": "{\"max_features\": \"auto\", \"min_samples_split\": 300, \"n_estimators\": 100, \"max_depth\": 10, \"min_samples_leaf\": 100}@1"
    }, 
    {
        "parameters": {
            "max_features": "auto", 
            "min_samples_split": 300, 
            "n_estimators": 100, 
            "max_depth": 10, 
            "min_samples_leaf": 100
        }, 
        "score_time": 868, 
        "test_score": 0.5639514476526638, 
        "fit_time": 75260, 
        "num_samples": 26638, 
        "best_iteration": null, 
        "train_score": 0.5630409073770828, 
        "parameter_id": 9, 
        "time": 76128, 
        "done_at": 1523111541175, 
        "grid_point_id": "{\"max_features\": \"auto\", \"min_samples_split\": 300, \"n_estimators\": 100, \"max_depth\": 10, \"min_samples_leaf\": 100}@0"
    }, 
    {
        "parameters": {
            "max_features": "auto", 
            "min_samples_split": 300, 
            "n_estimators": 100, 
            "max_depth": 10, 
            "min_samples_leaf": 100
        }, 
        "score_time": 633, 
        "test_score": 0.5432377253042063, 
        "fit_time": 73113, 
        "num_samples": 26637, 
        "best_iteration": null, 
        "train_score": 0.57808606011427, 
        "parameter_id": 9, 
        "time": 73746, 
        "done_at": 1523111563225, 
        "grid_point_id": "{\"max_features\": \"auto\", \"min_samples_split\": 300, \"n_estimators\": 100, \"max_depth\": 10, \"min_samples_leaf\": 100}@2"
    }, 
    {
        "parameters": {
            "max_features": "auto", 
            "min_samples_split": 300, 
            "n_estimators": 100, 
            "max_depth": 15, 
            "min_samples_leaf": 100
        }, 
        "score_time": 719, 
        "test_score": 0.5639258732227801, 
        "fit_time": 84253, 
        "num_samples": 26638, 
        "best_iteration": null, 
        "train_score": 0.5630912068727016, 
        "parameter_id": 10, 
        "time": 84972, 
        "done_at": 1523111576961, 
        "grid_point_id": "{\"max_features\": \"auto\", \"min_samples_split\": 300, \"n_estimators\": 100, \"max_depth\": 15, \"min_samples_leaf\": 100}@0"
    }, 
    {
        "parameters": {
            "max_features": "auto", 
            "min_samples_split": 300, 
            "n_estimators": 100, 
            "max_depth": 15, 
            "min_samples_leaf": 100
        }, 
        "score_time": 749, 
        "test_score": 0.534623031203347, 
        "fit_time": 57312, 
        "num_samples": 26637, 
        "best_iteration": null, 
        "train_score": 0.5656571848752813, 
        "parameter_id": 10, 
        "time": 58061, 
        "done_at": 1523111598087, 
        "grid_point_id": "{\"max_features\": \"auto\", \"min_samples_split\": 300, \"n_estimators\": 100, \"max_depth\": 15, \"min_samples_leaf\": 100}@1"
    }, 
    {
        "parameters": {
            "max_features": "auto", 
            "min_samples_split": 300, 
            "n_estimators": 100, 
            "max_depth": 15, 
            "min_samples_leaf": 100
        }, 
        "score_time": 916, 
        "test_score": 0.5432128931445535, 
        "fit_time": 72946, 
        "num_samples": 26637, 
        "best_iteration": null, 
        "train_score": 0.5782079180032504, 
        "parameter_id": 10, 
        "time": 73862, 
        "done_at": 1523111616589, 
        "grid_point_id": "{\"max_features\": \"auto\", \"min_samples_split\": 300, \"n_estimators\": 100, \"max_depth\": 15, \"min_samples_leaf\": 100}@2"
    }, 
    {
        "parameters": {
            "max_features": "auto", 
            "min_samples_split": 300, 
            "n_estimators": 100, 
            "max_depth": 20, 
            "min_samples_leaf": 100
        }, 
        "score_time": 491, 
        "test_score": 0.5346208792695786, 
        "fit_time": 57763, 
        "num_samples": 26637, 
        "best_iteration": null, 
        "train_score": 0.5656592058388532, 
        "parameter_id": 11, 
        "time": 58254, 
        "done_at": 1523111636029, 
        "grid_point_id": "{\"max_features\": \"auto\", \"min_samples_split\": 300, \"n_estimators\": 100, \"max_depth\": 20, \"min_samples_leaf\": 100}@1"
    }, 
    {
        "parameters": {
            "max_features": "auto", 
            "min_samples_split": 300, 
            "n_estimators": 100, 
            "max_depth": 20, 
            "min_samples_leaf": 100
        }, 
        "score_time": 391, 
        "test_score": 0.5639262268349126, 
        "fit_time": 72787, 
        "num_samples": 26638, 
        "best_iteration": null, 
        "train_score": 0.5630912476784331, 
        "parameter_id": 11, 
        "time": 73178, 
        "done_at": 1523111636992, 
        "grid_point_id": "{\"max_features\": \"auto\", \"min_samples_split\": 300, \"n_estimators\": 100, \"max_depth\": 20, \"min_samples_leaf\": 100}@0"
    }, 
    {
        "parameters": {
            "max_features": "auto", 
            "min_samples_split": 300, 
            "n_estimators": 100, 
            "max_depth": 20, 
            "min_samples_leaf": 100
        }, 
        "score_time": 210, 
        "test_score": 0.5432147382843944, 
        "fit_time": 52348, 
        "num_samples": 26637, 
        "best_iteration": null, 
        "train_score": 0.5782068978944224, 
        "parameter_id": 11, 
        "time": 52558, 
        "done_at": 1523111650861, 
        "grid_point_id": "{\"max_features\": \"auto\", \"min_samples_split\": 300, \"n_estimators\": 100, \"max_depth\": 20, \"min_samples_leaf\": 100}@2"
    }
]