{
    "gridSize": 12, 
    "nThreads": 4, 
    "metric": "R2", 
    "gridPoints": [
        {
            "index": 0, 
            "finishedAt": 1523111035301.0, 
            "score": 0.56092175378477149, 
            "parameters": {
                "max_features": "auto", 
                "min_samples_split": 3, 
                "n_estimators": 100, 
                "max_depth": 5, 
                "min_samples_leaf": 1
            }, 
            "time": 137772.0
        }, 
        {
            "index": 1, 
            "finishedAt": 1523111094903.0, 
            "score": 0.56827613739150395, 
            "parameters": {
                "max_features": "auto", 
                "min_samples_split": 3, 
                "n_estimators": 100, 
                "max_depth": 10, 
                "min_samples_leaf": 1
            }, 
            "time": 181694.0
        }, 
        {
            "index": 2, 
            "finishedAt": 1523111178064.0, 
            "score": 0.54897034586337812, 
            "parameters": {
                "max_features": "auto", 
                "min_samples_split": 3, 
                "n_estimators": 100, 
                "max_depth": 15, 
                "min_samples_leaf": 1
            }, 
            "time": 251276.0
        }, 
        {
            "index": 3, 
            "finishedAt": 1523111254357.0, 
            "score": 0.53986099749877592, 
            "parameters": {
                "max_features": "auto", 
                "min_samples_split": 3, 
                "n_estimators": 100, 
                "max_depth": 20, 
                "min_samples_leaf": 1
            }, 
            "time": 331010.0
        }, 
        {
            "index": 4, 
            "finishedAt": 1523111262937.0, 
            "score": 0.5647734973021199, 
            "parameters": {
                "max_features": "auto", 
                "min_samples_split": 30, 
                "n_estimators": 100, 
                "max_depth": 5, 
                "min_samples_leaf": 10
            }, 
            "time": 129420.0
        }, 
        {
            "index": 5, 
            "finishedAt": 1523111336083.0, 
            "score": 0.58565871968201622, 
            "parameters": {
                "max_features": "auto", 
                "min_samples_split": 30, 
                "n_estimators": 100, 
                "max_depth": 10, 
                "min_samples_leaf": 10
            }, 
            "time": 223313.0
        }, 
        {
            "index": 6, 
            "finishedAt": 1523111421394.0, 
            "score": 0.58605198883527787, 
            "parameters": {
                "max_features": "auto", 
                "min_samples_split": 30, 
                "n_estimators": 100, 
                "max_depth": 15, 
                "min_samples_leaf": 10
            }, 
            "time": 285337.0
        }, 
        {
            "index": 7, 
            "finishedAt": 1523111488527.0, 
            "score": 0.58575173490195587, 
            "parameters": {
                "max_features": "auto", 
                "min_samples_split": 30, 
                "n_estimators": 100, 
                "max_depth": 20, 
                "min_samples_leaf": 10
            }, 
            "time": 281335.0
        }, 
        {
            "index": 8, 
            "finishedAt": 1523111491011.0, 
            "score": 0.54505703098073954, 
            "parameters": {
                "max_features": "auto", 
                "min_samples_split": 300, 
                "n_estimators": 100, 
                "max_depth": 5, 
                "min_samples_leaf": 100
            }, 
            "time": 118248.0
        }, 
        {
            "index": 9, 
            "finishedAt": 1523111563225.0, 
            "score": 0.54725143715528579, 
            "parameters": {
                "max_features": "auto", 
                "min_samples_split": 300, 
                "n_estimators": 100, 
                "max_depth": 10, 
                "min_samples_leaf": 100
            }, 
            "time": 211311.0
        }, 
        {
            "index": 10, 
            "finishedAt": 1523111616589.0, 
            "score": 0.5472538819549424, 
            "parameters": {
                "max_features": "auto", 
                "min_samples_split": 300, 
                "n_estimators": 100, 
                "max_depth": 15, 
                "min_samples_leaf": 100
            }, 
            "time": 216895.0
        }, 
        {
            "index": 11, 
            "finishedAt": 1523111650861.0, 
            "score": 0.54725389758390519, 
            "parameters": {
                "max_features": "auto", 
                "min_samples_split": 300, 
                "n_estimators": 100, 
                "max_depth": 20, 
                "min_samples_leaf": 100
            }, 
            "time": 183990.0
        }
    ], 
    "startedAt": 1523110985072, 
    "nSplits": 3
}