{
    "metrics": {
        "rmse": 2.2532142672526514, 
        "pearson": 0.7864941334172133, 
        "mae": 0.71255489738721511, 
        "r2": 0.61838476287602029, 
        "mape": 0.28728861567143826, 
        "mse": 5.0769745341509021, 
        "evs": 0.61838481476463381, 
        "rmsle": 0
    }, 
    "scatterPlotData": {
        "y": [
            13.1751, 
            3.0556, 
            0.9999, 
            7.5969, 
            4.1093, 
            1.0, 
            6.0119, 
            1.0, 
            1.0004, 
            1.0001, 
            0.9999, 
            0.9995, 
            1.0005, 
            1.4276, 
            1.0, 
            1.7922, 
            1.0009, 
            1.9047, 
            1.0002, 
            2.1237, 
            1.5293, 
            1.0006, 
            2.1868, 
            0.9984, 
            1.0, 
            2.6555, 
            1.0002, 
            1.0, 
            1.571, 
            3.581, 
            1.4799, 
            1.0, 
            2.7187, 
            1.5612, 
            1.481, 
            2.5076, 
            1.0, 
            1.0004, 
            0.9998, 
            1.0002, 
            2.7587, 
            1.0, 
            0.9998, 
            1.2001, 
            0.9998, 
            1.9221, 
            1.0, 
            1.3581, 
            1.5021, 
            1.0, 
            4.736, 
            27.9253, 
            2.2433, 
            1.0, 
            1.0, 
            3.1552, 
            1.4087, 
            1.0, 
            2.4445, 
            4.2459, 
            1.0, 
            13.6021, 
            1.0, 
            1.0002, 
            1.3052, 
            1.0, 
            1.0007, 
            1.0, 
            1.3713, 
            1.0, 
            1.0006, 
            15.8695, 
            1.3612, 
            1.7314, 
            1.0, 
            1.4646, 
            2.1682, 
            1.0, 
            2.1516, 
            1.2989, 
            1.0, 
            1.3313, 
            1.7389, 
            1.6564, 
            1.5631, 
            3.8145, 
            1.9611, 
            9.28, 
            1.2567, 
            1.19, 
            1.0, 
            1.0036, 
            2.685, 
            4.0863, 
            1.4943, 
            5.999, 
            2.6341, 
            2.2941, 
            1.6809, 
            0.9998, 
            1.0, 
            1.14, 
            1.0005, 
            1.2464, 
            3.5332, 
            1.0, 
            1.3525, 
            1.0, 
            1.0, 
            1.3047, 
            1.0, 
            1.1823, 
            1.8926, 
            2.2538, 
            1.5966, 
            1.4015, 
            1.4306, 
            5.8917, 
            1.0003, 
            3.4803, 
            1.0005, 
            2.0542, 
            1.0, 
            1.5165, 
            2.0346, 
            1.0, 
            1.0, 
            1.1856, 
            1.2543, 
            1.0041, 
            1.0, 
            1.0, 
            1.0, 
            1.4283, 
            1.0, 
            1.1368, 
            1.1163, 
            1.9547, 
            1.0, 
            1.0005, 
            1.2304, 
            2.4322, 
            1.0005, 
            1.3282, 
            3.5658, 
            1.5514, 
            1.0, 
            1.0, 
            1.0005, 
            1.5768, 
            1.7344, 
            3.9412, 
            1.4096, 
            1.0, 
            1.0008, 
            1.652, 
            1.6526, 
            2.6383, 
            1.9593, 
            0.996, 
            1.4045, 
            0.9998, 
            2.0298, 
            0.9998, 
            0.9997, 
            1.0, 
            1.0003, 
            1.0, 
            1.0, 
            2.2263, 
            1.0001, 
            1.0027, 
            1.0003, 
            1.0, 
            1.3813, 
            1.0, 
            1.0, 
            1.0, 
            0.9994, 
            2.3638, 
            1.0, 
            2.1476, 
            1.0, 
            1.0003, 
            1.0001, 
            1.0, 
            1.0001, 
            5.0681, 
            3.1343, 
            1.3151, 
            1.8509, 
            1.0, 
            1.0, 
            0.9998, 
            1.0016, 
            2.7732, 
            4.8268, 
            1.429, 
            1.0001, 
            1.0, 
            10.2047, 
            6.6554, 
            1.0, 
            2.1136, 
            1.0003, 
            3.979, 
            1.3743, 
            1.0, 
            2.2411, 
            1.0, 
            1.4393, 
            1.0462, 
            1.0, 
            1.546, 
            1.0005, 
            1.3867, 
            1.0, 
            2.166, 
            1.0001, 
            1.9257, 
            1.4627, 
            1.0, 
            1.0, 
            1.7394, 
            0.9999, 
            1.0, 
            1.0, 
            1.0001, 
            2.2448, 
            1.0001, 
            1.0, 
            1.0, 
            1.3401, 
            3.6441, 
            1.2786, 
            2.1478, 
            1.1884, 
            1.0, 
            0.9998, 
            1.6546, 
            0.9999, 
            1.3631, 
            1.0, 
            3.696, 
            1.0007, 
            1.5304, 
            1.0, 
            3.8128, 
            1.0006, 
            1.0002, 
            0.9999, 
            1.0, 
            1.1904, 
            1.0, 
            1.4086, 
            2.2152, 
            1.0, 
            1.0, 
            1.0, 
            1.0, 
            1.0, 
            1.0, 
            1.0, 
            3.0303, 
            3.5917, 
            1.0003, 
            1.4263, 
            1.0001, 
            2.222, 
            1.4632, 
            2.599, 
            1.3507, 
            1.0, 
            1.0, 
            3.5322, 
            1.0003, 
            1.6268, 
            2.7253, 
            1.0, 
            1.0, 
            1.0, 
            1.7292, 
            2.3475, 
            1.0, 
            6.2672, 
            1.0004, 
            1.0, 
            2.8151, 
            0.9999, 
            3.6165, 
            1.0003, 
            0.9997, 
            3.7943, 
            2.925, 
            0.9999, 
            1.7292, 
            1.3577, 
            1.0, 
            2.7244, 
            1.6676, 
            1.3781, 
            3.1932, 
            1.4475, 
            1.0005, 
            11.0617, 
            2.1767, 
            7.7894, 
            1.4197, 
            1.8415, 
            1.0, 
            9.3093, 
            1.7408, 
            4.48, 
            1.0, 
            1.0, 
            1.0, 
            0.9997, 
            1.3111, 
            2.1363, 
            1.7697, 
            1.0006, 
            5.5563, 
            1.0, 
            1.0, 
            1.0, 
            0.9998, 
            1.0, 
            1.0, 
            1.4389, 
            7.0486, 
            1.5387, 
            1.0001, 
            1.1354, 
            1.0, 
            2.5794, 
            0.9998, 
            4.0655, 
            3.8778, 
            1.0, 
            2.3799, 
            3.3307, 
            1.0005, 
            1.5176, 
            1.0003, 
            1.6816, 
            1.3213, 
            1.0, 
            2.2611, 
            5.7717, 
            1.2202, 
            4.1735, 
            1.0737, 
            3.8013, 
            1.5739, 
            2.2345, 
            1.0004, 
            1.0, 
            14.3711, 
            0.9942, 
            1.8132, 
            1.3876, 
            1.4803, 
            0.9984, 
            1.6351, 
            0.9999, 
            1.0, 
            4.5899, 
            1.7456, 
            0.9997, 
            1.4338, 
            17.1471, 
            2.0432, 
            2.6603, 
            7.5879, 
            4.6809, 
            1.0, 
            0.9998, 
            2.5251, 
            0.9999, 
            1.0004, 
            0.9997, 
            1.0, 
            1.5364, 
            7.3194, 
            1.0, 
            1.0, 
            1.0, 
            1.0, 
            18.2291, 
            1.4948, 
            8.7665, 
            1.4585, 
            1.0001, 
            1.001, 
            1.0, 
            1.0244, 
            1.6388, 
            1.1178, 
            1.0, 
            1.4372, 
            1.0003, 
            1.0, 
            1.0013, 
            1.0001, 
            2.2365, 
            1.0, 
            0.9998, 
            1.0, 
            1.5004, 
            3.7934, 
            1.0, 
            1.0, 
            0.9999, 
            0.9968, 
            1.0006, 
            1.0002, 
            1.0, 
            17.4291, 
            1.0, 
            1.0, 
            6.223, 
            1.0003, 
            6.5393, 
            1.9933, 
            1.4369, 
            0.9992, 
            1.0, 
            1.741, 
            2.757, 
            1.2153, 
            0.9995, 
            1.0, 
            1.0, 
            1.0, 
            1.4748, 
            2.846, 
            1.734, 
            2.7532, 
            2.8319, 
            1.0, 
            0.9999, 
            1.469, 
            1.0, 
            1.0005, 
            1.2386, 
            1.4092, 
            1.0, 
            1.1764, 
            1.0, 
            1.0003, 
            2.3472, 
            1.0, 
            2.4681, 
            1.0, 
            1.0, 
            1.0, 
            2.4341, 
            1.7203, 
            1.7468, 
            1.0001, 
            1.0, 
            0.9998, 
            19.4019, 
            0.9998, 
            1.1029, 
            1.5265, 
            1.0, 
            2.4325, 
            1.1964, 
            1.5586, 
            1.0003, 
            2.0936, 
            1.0, 
            4.466, 
            1.0, 
            1.8717, 
            1.5467, 
            1.0, 
            1.3614, 
            0.9998, 
            1.0, 
            3.1594, 
            1.0004, 
            1.7401, 
            0.9997, 
            1.0, 
            1.0, 
            1.0032, 
            2.0761, 
            9.8757, 
            1.0001, 
            1.0001, 
            1.6473, 
            1.5662, 
            6.8952, 
            0.9999, 
            1.5721, 
            1.0005, 
            1.0001, 
            1.0006, 
            0.9995, 
            1.0001, 
            10.3127, 
            1.6908, 
            1.0, 
            4.112, 
            1.0002, 
            1.3591, 
            1.5322, 
            1.2796, 
            1.0, 
            3.9634, 
            1.6194, 
            1.0, 
            0.9999, 
            1.9824, 
            3.0322, 
            4.3153, 
            1.0, 
            1.0, 
            1.0, 
            1.0004, 
            1.0, 
            1.0005, 
            0.9903, 
            1.0001, 
            2.2222, 
            1.4715, 
            2.1712, 
            1.0, 
            1.0004, 
            1.0002, 
            1.0001, 
            1.9845, 
            1.6781, 
            1.0, 
            1.0, 
            1.0001, 
            0.9972, 
            0.9999, 
            1.0006, 
            1.2158, 
            1.0, 
            2.7403, 
            1.0, 
            1.105, 
            1.0, 
            1.0, 
            1.7564, 
            1.0001, 
            1.0, 
            1.0, 
            0.9999, 
            1.8597, 
            1.0, 
            1.0001, 
            1.0, 
            2.3735, 
            1.0, 
            1.001, 
            1.0, 
            1.0, 
            1.0001, 
            1.4703, 
            1.0, 
            2.809, 
            1.7998, 
            1.0, 
            3.1531, 
            1.3615, 
            1.0, 
            1.0, 
            2.3482, 
            1.0, 
            1.1779, 
            0.9995, 
            1.1664, 
            1.4227, 
            0.9894, 
            1.0, 
            0.998, 
            1.001, 
            1.0007, 
            1.0001, 
            4.2331, 
            1.0, 
            2.9305, 
            1.0, 
            1.0, 
            1.272, 
            2.4303, 
            1.0003, 
            1.4845, 
            1.0005, 
            1.0, 
            11.68, 
            0.9997, 
            2.1902, 
            1.7507, 
            6.9406, 
            1.6374, 
            6.794, 
            1.8989, 
            1.1514, 
            1.0005, 
            1.0004, 
            1.0, 
            1.0, 
            2.3325, 
            1.0, 
            1.0, 
            1.3277, 
            1.0, 
            2.1871, 
            1.495, 
            1.0001, 
            1.0, 
            1.0005, 
            7.2135, 
            38.9035, 
            0.9999, 
            1.5769, 
            1.0003, 
            4.6555, 
            0.9998, 
            1.2383, 
            1.0, 
            3.9223, 
            1.0, 
            2.1803, 
            1.0004, 
            1.4143, 
            1.0004, 
            2.1449, 
            1.9945, 
            1.0917, 
            1.0001, 
            0.9977, 
            1.162, 
            1.5116, 
            1.0006, 
            3.9634, 
            1.0, 
            1.0001, 
            1.0003, 
            0.9999, 
            1.0005, 
            2.4267, 
            3.463, 
            0.9999, 
            1.0, 
            4.1305, 
            1.0, 
            6.9511, 
            2.6526, 
            0.9999, 
            0.9998, 
            1.6439, 
            2.3268, 
            1.0004, 
            1.8103, 
            1.7287, 
            1.0, 
            1.0, 
            0.9872, 
            1.0, 
            1.0, 
            1.0, 
            2.1644, 
            0.9999, 
            1.0004, 
            1.0003, 
            0.9999, 
            1.0005, 
            1.0001, 
            1.3355, 
            3.429, 
            6.8299, 
            1.0, 
            1.3931, 
            1.0005, 
            2.1815, 
            1.0, 
            1.0, 
            0.9995, 
            1.4803, 
            1.5099, 
            1.0003, 
            1.0005, 
            1.2942, 
            1.0, 
            1.0001, 
            1.0, 
            0.9999, 
            1.0001, 
            1.0, 
            3.1526, 
            1.9872, 
            1.6162, 
            5.3373, 
            3.5825, 
            2.1799, 
            4.2404, 
            1.0005, 
            3.9002, 
            1.0, 
            1.0, 
            1.6616, 
            4.9547, 
            1.6051, 
            2.6008, 
            1.408, 
            3.0709, 
            1.0, 
            1.2246, 
            1.0006, 
            1.1886, 
            0.9859, 
            4.2433, 
            5.7294, 
            1.6745, 
            4.4824, 
            1.0, 
            2.2624, 
            3.4114, 
            1.0001, 
            1.5916, 
            1.0, 
            2.163, 
            1.0, 
            1.0, 
            1.0, 
            1.0, 
            1.0003, 
            1.0004, 
            4.3142, 
            1.0, 
            1.0, 
            1.2327, 
            2.4896, 
            1.6368, 
            4.4206, 
            1.0, 
            1.2511, 
            1.0001, 
            1.2734, 
            1.0, 
            2.5188, 
            0.9999, 
            1.4213, 
            1.0001, 
            1.5873, 
            1.0, 
            5.1635, 
            1.6458, 
            2.8942, 
            1.0, 
            0.9999, 
            1.0, 
            0.9999, 
            1.7507, 
            1.0006, 
            1.0003, 
            1.0, 
            3.5606, 
            5.1328, 
            2.6921, 
            1.0066, 
            1.4834, 
            1.0, 
            1.9663, 
            3.5648, 
            0.9999, 
            0.9999, 
            2.1495, 
            1.0011, 
            1.0, 
            3.6543, 
            1.5638, 
            2.4463, 
            3.9841, 
            1.9866, 
            1.0001, 
            1.0, 
            1.5862, 
            1.541, 
            1.0, 
            1.1284, 
            1.0004, 
            1.0, 
            1.3934, 
            1.602, 
            1.0, 
            1.136, 
            0.9998, 
            2.9641, 
            0.9999, 
            1.4817, 
            1.6355, 
            1.0, 
            1.0, 
            1.5556, 
            3.6682, 
            2.6324, 
            1.7518, 
            3.6144, 
            1.0011, 
            1.0, 
            2.2699, 
            1.0, 
            1.4809, 
            1.0001, 
            1.0, 
            1.4145, 
            5.3786, 
            1.9079, 
            1.3431, 
            0.9999, 
            0.9996, 
            3.4273, 
            1.0003, 
            0.9978, 
            1.0001, 
            1.0073, 
            1.0, 
            1.0, 
            1.0, 
            2.2993, 
            0.9998, 
            4.4373, 
            1.0006, 
            1.8655, 
            3.0557, 
            1.3714, 
            1.9822, 
            2.094, 
            1.5281, 
            1.0, 
            3.8812, 
            1.0, 
            4.1593, 
            1.0, 
            4.6559, 
            2.6191, 
            1.3504, 
            2.0584, 
            2.5101, 
            2.527, 
            4.8751, 
            1.0, 
            4.6153, 
            4.4764, 
            1.0, 
            1.0003, 
            0.9999, 
            3.3163, 
            1.0, 
            1.8795, 
            4.8891, 
            1.0, 
            1.0008, 
            7.893, 
            1.0, 
            1.0, 
            1.0001, 
            1.2622, 
            0.9999, 
            1.653, 
            1.3302, 
            1.5778, 
            2.0284, 
            2.9727, 
            1.0, 
            1.0005, 
            1.0, 
            0.9999, 
            3.659, 
            1.4887, 
            1.4817, 
            1.0024, 
            1.0, 
            6.7965, 
            7.0293, 
            2.0987, 
            1.0, 
            1.0003, 
            1.0005, 
            1.0, 
            1.5899, 
            1.0, 
            1.0, 
            1.0, 
            1.0001, 
            1.0004, 
            2.4284, 
            1.0, 
            1.5468, 
            2.0092, 
            0.9999, 
            39.139, 
            1.0, 
            2.4029, 
            1.0, 
            1.0006, 
            2.5658, 
            5.0592, 
            1.0069, 
            1.5265, 
            5.7836, 
            1.0007, 
            1.0002, 
            1.0, 
            1.0001, 
            1.9315, 
            6.3257, 
            1.2387, 
            1.6448, 
            1.0179, 
            1.7263, 
            1.6366, 
            1.0, 
            4.6323, 
            1.0001, 
            2.7499, 
            3.2397, 
            1.0001, 
            1.5859, 
            2.2981, 
            9.9694, 
            1.5156, 
            1.0, 
            2.0159, 
            1.0, 
            1.0, 
            1.0, 
            1.0, 
            1.0, 
            1.6787, 
            1.0001, 
            1.9858, 
            2.3972, 
            1.2428, 
            15.2045, 
            1.0, 
            1.0, 
            2.2749, 
            0.9998, 
            1.7127, 
            6.2677, 
            17.4108, 
            2.6055, 
            1.4364, 
            26.4173, 
            2.1799, 
            4.6778, 
            1.0, 
            1.0, 
            1.1025, 
            1.0, 
            0.9999, 
            1.0004, 
            0.9998, 
            1.0, 
            3.1826, 
            1.0002, 
            2.5309, 
            0.9996, 
            1.0, 
            1.0, 
            1.0, 
            1.0006, 
            1.4184, 
            1.0864, 
            1.0, 
            1.668, 
            5.1052, 
            2.0345, 
            5.365, 
            1.0097, 
            1.2026, 
            1.5282, 
            2.6761, 
            1.0, 
            1.0, 
            3.4875, 
            5.6206, 
            1.0, 
            3.7481, 
            1.2431, 
            2.4371, 
            1.3576, 
            0.9997, 
            1.0, 
            1.0, 
            1.0, 
            1.0, 
            2.2379, 
            1.0, 
            4.8403, 
            2.105
        ], 
        "x": [
            10.0, 
            3.0, 
            1.0, 
            3.0, 
            2.0, 
            1.0, 
            1.0, 
            1.0, 
            1.0, 
            1.0, 
            1.0, 
            1.0, 
            1.0, 
            1.0, 
            1.0, 
            2.0, 
            1.0, 
            3.0, 
            1.0, 
            2.0, 
            2.0, 
            1.0, 
            2.0, 
            1.0, 
            1.0, 
            1.0, 
            1.0, 
            1.0, 
            1.0, 
            5.0, 
            1.0, 
            1.0, 
            4.0, 
            1.0, 
            2.0, 
            4.0, 
            1.0, 
            1.0, 
            1.0, 
            1.0, 
            1.0, 
            1.0, 
            1.0, 
            1.0, 
            1.0, 
            3.0, 
            1.0, 
            1.0, 
            1.0, 
            1.0, 
            6.0, 
            12.0, 
            4.0, 
            1.0, 
            1.0, 
            4.0, 
            2.0, 
            1.0, 
            2.0, 
            7.0, 
            1.0, 
            12.0, 
            1.0, 
            1.0, 
            1.0, 
            1.0, 
            1.0, 
            1.0, 
            2.0, 
            1.0, 
            1.0, 
            5.0, 
            2.0, 
            2.0, 
            1.0, 
            1.0, 
            3.0, 
            1.0, 
            2.0, 
            1.0, 
            1.0, 
            1.0, 
            1.0, 
            2.0, 
            2.0, 
            2.0, 
            5.0, 
            3.0, 
            1.0, 
            2.0, 
            1.0, 
            1.0, 
            2.0, 
            4.0, 
            2.0, 
            6.0, 
            1.0, 
            5.0, 
            1.0, 
            1.0, 
            1.0, 
            1.0, 
            1.0, 
            1.0, 
            3.0, 
            1.0, 
            1.0, 
            1.0, 
            1.0, 
            1.0, 
            1.0, 
            1.0, 
            3.0, 
            2.0, 
            2.0, 
            2.0, 
            2.0, 
            5.0, 
            1.0, 
            6.0, 
            1.0, 
            1.0, 
            1.0, 
            1.0, 
            2.0, 
            1.0, 
            1.0, 
            1.0, 
            1.0, 
            1.0, 
            1.0, 
            1.0, 
            1.0, 
            1.0, 
            1.0, 
            2.0, 
            1.0, 
            1.0, 
            1.0, 
            1.0, 
            2.0, 
            2.0, 
            1.0, 
            1.0, 
            4.0, 
            1.0, 
            1.0, 
            1.0, 
            1.0, 
            2.0, 
            2.0, 
            1.0, 
            1.0, 
            1.0, 
            1.0, 
            2.0, 
            2.0, 
            1.0, 
            3.0, 
            1.0, 
            1.0, 
            1.0, 
            1.0, 
            1.0, 
            1.0, 
            1.0, 
            1.0, 
            1.0, 
            1.0, 
            2.0, 
            1.0, 
            1.0, 
            1.0, 
            1.0, 
            2.0, 
            1.0, 
            1.0, 
            1.0, 
            1.0, 
            2.0, 
            1.0, 
            3.0, 
            1.0, 
            1.0, 
            1.0, 
            1.0, 
            1.0, 
            3.0, 
            1.0, 
            2.0, 
            2.0, 
            1.0, 
            1.0, 
            1.0, 
            1.0, 
            7.0, 
            4.0, 
            2.0, 
            1.0, 
            1.0, 
            6.0, 
            21.0, 
            1.0, 
            2.0, 
            1.0, 
            9.0, 
            2.0, 
            1.0, 
            1.0, 
            1.0, 
            2.0, 
            1.0, 
            1.0, 
            1.0, 
            1.0, 
            2.0, 
            1.0, 
            2.0, 
            1.0, 
            3.0, 
            2.0, 
            1.0, 
            1.0, 
            1.0, 
            1.0, 
            1.0, 
            1.0, 
            1.0, 
            2.0, 
            1.0, 
            1.0, 
            1.0, 
            1.0, 
            3.0, 
            1.0, 
            3.0, 
            1.0, 
            1.0, 
            1.0, 
            2.0, 
            1.0, 
            1.0, 
            1.0, 
            1.0, 
            1.0, 
            1.0, 
            1.0, 
            7.0, 
            1.0, 
            1.0, 
            1.0, 
            1.0, 
            1.0, 
            1.0, 
            1.0, 
            1.0, 
            1.0, 
            1.0, 
            1.0, 
            1.0, 
            1.0, 
            1.0, 
            1.0, 
            4.0, 
            2.0, 
            1.0, 
            2.0, 
            1.0, 
            6.0, 
            2.0, 
            3.0, 
            1.0, 
            1.0, 
            1.0, 
            1.0, 
            1.0, 
            1.0, 
            2.0, 
            1.0, 
            1.0, 
            1.0, 
            1.0, 
            2.0, 
            1.0, 
            1.0, 
            1.0, 
            1.0, 
            1.0, 
            1.0, 
            6.0, 
            1.0, 
            1.0, 
            2.0, 
            3.0, 
            1.0, 
            1.0, 
            1.0, 
            1.0, 
            3.0, 
            1.0, 
            1.0, 
            7.0, 
            1.0, 
            1.0, 
            6.0, 
            2.0, 
            9.0, 
            2.0, 
            2.0, 
            1.0, 
            14.0, 
            1.0, 
            2.0, 
            1.0, 
            1.0, 
            1.0, 
            1.0, 
            3.0, 
            1.0, 
            1.0, 
            1.0, 
            2.0, 
            1.0, 
            1.0, 
            1.0, 
            1.0, 
            1.0, 
            1.0, 
            2.0, 
            3.0, 
            2.0, 
            1.0, 
            2.0, 
            1.0, 
            2.0, 
            1.0, 
            4.0, 
            1.0, 
            1.0, 
            3.0, 
            4.0, 
            1.0, 
            2.0, 
            1.0, 
            3.0, 
            1.0, 
            1.0, 
            2.0, 
            10.0, 
            1.0, 
            5.0, 
            1.0, 
            4.0, 
            3.0, 
            1.0, 
            1.0, 
            1.0, 
            27.0, 
            1.0, 
            1.0, 
            2.0, 
            2.0, 
            1.0, 
            2.0, 
            1.0, 
            1.0, 
            2.0, 
            1.0, 
            1.0, 
            2.0, 
            22.0, 
            2.0, 
            1.0, 
            5.0, 
            6.0, 
            1.0, 
            1.0, 
            2.0, 
            1.0, 
            1.0, 
            1.0, 
            1.0, 
            2.0, 
            13.0, 
            1.0, 
            1.0, 
            1.0, 
            1.0, 
            24.0, 
            1.0, 
            23.0, 
            2.0, 
            1.0, 
            1.0, 
            1.0, 
            1.0, 
            1.0, 
            1.0, 
            1.0, 
            1.0, 
            1.0, 
            1.0, 
            1.0, 
            1.0, 
            3.0, 
            1.0, 
            1.0, 
            1.0, 
            1.0, 
            4.0, 
            1.0, 
            1.0, 
            1.0, 
            1.0, 
            1.0, 
            1.0, 
            1.0, 
            3.0, 
            1.0, 
            1.0, 
            9.0, 
            1.0, 
            4.0, 
            1.0, 
            1.0, 
            1.0, 
            1.0, 
            1.0, 
            4.0, 
            1.0, 
            1.0, 
            1.0, 
            1.0, 
            1.0, 
            1.0, 
            1.0, 
            1.0, 
            1.0, 
            4.0, 
            1.0, 
            1.0, 
            2.0, 
            1.0, 
            1.0, 
            1.0, 
            2.0, 
            1.0, 
            2.0, 
            1.0, 
            1.0, 
            1.0, 
            1.0, 
            1.0, 
            1.0, 
            1.0, 
            1.0, 
            2.0, 
            3.0, 
            1.0, 
            1.0, 
            1.0, 
            1.0, 
            35.0, 
            1.0, 
            1.0, 
            2.0, 
            1.0, 
            3.0, 
            1.0, 
            2.0, 
            1.0, 
            1.0, 
            1.0, 
            3.0, 
            1.0, 
            1.0, 
            1.0, 
            1.0, 
            2.0, 
            1.0, 
            1.0, 
            3.0, 
            1.0, 
            3.0, 
            1.0, 
            1.0, 
            1.0, 
            1.0, 
            1.0, 
            3.0, 
            1.0, 
            1.0, 
            2.0, 
            2.0, 
            11.0, 
            1.0, 
            1.0, 
            1.0, 
            1.0, 
            1.0, 
            1.0, 
            1.0, 
            7.0, 
            3.0, 
            1.0, 
            2.0, 
            1.0, 
            1.0, 
            1.0, 
            1.0, 
            1.0, 
            1.0, 
            1.0, 
            1.0, 
            1.0, 
            2.0, 
            2.0, 
            8.0, 
            1.0, 
            1.0, 
            1.0, 
            1.0, 
            1.0, 
            1.0, 
            1.0, 
            1.0, 
            2.0, 
            1.0, 
            1.0, 
            1.0, 
            1.0, 
            1.0, 
            1.0, 
            2.0, 
            2.0, 
            1.0, 
            1.0, 
            1.0, 
            1.0, 
            1.0, 
            1.0, 
            2.0, 
            1.0, 
            1.0, 
            1.0, 
            1.0, 
            1.0, 
            1.0, 
            2.0, 
            1.0, 
            1.0, 
            1.0, 
            1.0, 
            1.0, 
            1.0, 
            1.0, 
            1.0, 
            2.0, 
            1.0, 
            1.0, 
            1.0, 
            1.0, 
            1.0, 
            1.0, 
            1.0, 
            4.0, 
            1.0, 
            0.0, 
            4.0, 
            1.0, 
            1.0, 
            1.0, 
            4.0, 
            1.0, 
            1.0, 
            1.0, 
            2.0, 
            1.0, 
            1.0, 
            1.0, 
            1.0, 
            1.0, 
            1.0, 
            1.0, 
            12.0, 
            1.0, 
            4.0, 
            1.0, 
            1.0, 
            2.0, 
            4.0, 
            1.0, 
            1.0, 
            1.0, 
            1.0, 
            12.0, 
            1.0, 
            2.0, 
            2.0, 
            10.0, 
            2.0, 
            3.0, 
            3.0, 
            1.0, 
            1.0, 
            1.0, 
            1.0, 
            1.0, 
            2.0, 
            1.0, 
            1.0, 
            1.0, 
            1.0, 
            1.0, 
            1.0, 
            1.0, 
            1.0, 
            1.0, 
            2.0, 
            117.0, 
            1.0, 
            2.0, 
            1.0, 
            4.0, 
            1.0, 
            2.0, 
            1.0, 
            5.0, 
            1.0, 
            1.0, 
            1.0, 
            1.0, 
            1.0, 
            1.0, 
            2.0, 
            1.0, 
            1.0, 
            1.0, 
            1.0, 
            1.0, 
            1.0, 
            6.0, 
            1.0, 
            1.0, 
            1.0, 
            1.0, 
            1.0, 
            1.0, 
            2.0, 
            1.0, 
            1.0, 
            2.0, 
            1.0, 
            12.0, 
            3.0, 
            1.0, 
            1.0, 
            5.0, 
            3.0, 
            1.0, 
            2.0, 
            2.0, 
            1.0, 
            1.0, 
            1.0, 
            1.0, 
            1.0, 
            1.0, 
            2.0, 
            1.0, 
            1.0, 
            1.0, 
            1.0, 
            1.0, 
            1.0, 
            2.0, 
            8.0, 
            15.0, 
            1.0, 
            1.0, 
            1.0, 
            2.0, 
            1.0, 
            1.0, 
            1.0, 
            1.0, 
            1.0, 
            1.0, 
            1.0, 
            2.0, 
            1.0, 
            1.0, 
            1.0, 
            1.0, 
            1.0, 
            1.0, 
            2.0, 
            1.0, 
            1.0, 
            5.0, 
            6.0, 
            1.0, 
            1.0, 
            1.0, 
            2.0, 
            1.0, 
            1.0, 
            2.0, 
            4.0, 
            1.0, 
            1.0, 
            1.0, 
            3.0, 
            1.0, 
            1.0, 
            1.0, 
            2.0, 
            1.0, 
            2.0, 
            10.0, 
            1.0, 
            6.0, 
            1.0, 
            2.0, 
            4.0, 
            1.0, 
            2.0, 
            1.0, 
            2.0, 
            1.0, 
            1.0, 
            1.0, 
            1.0, 
            1.0, 
            1.0, 
            2.0, 
            1.0, 
            1.0, 
            1.0, 
            2.0, 
            1.0, 
            1.0, 
            1.0, 
            1.0, 
            1.0, 
            1.0, 
            1.0, 
            3.0, 
            1.0, 
            2.0, 
            1.0, 
            2.0, 
            1.0, 
            8.0, 
            2.0, 
            2.0, 
            1.0, 
            1.0, 
            1.0, 
            1.0, 
            2.0, 
            1.0, 
            1.0, 
            1.0, 
            5.0, 
            7.0, 
            1.0, 
            1.0, 
            1.0, 
            1.0, 
            3.0, 
            4.0, 
            1.0, 
            1.0, 
            1.0, 
            1.0, 
            1.0, 
            4.0, 
            1.0, 
            2.0, 
            3.0, 
            2.0, 
            1.0, 
            1.0, 
            2.0, 
            1.0, 
            1.0, 
            1.0, 
            1.0, 
            1.0, 
            1.0, 
            1.0, 
            1.0, 
            1.0, 
            1.0, 
            2.0, 
            1.0, 
            2.0, 
            3.0, 
            1.0, 
            1.0, 
            1.0, 
            2.0, 
            3.0, 
            1.0, 
            5.0, 
            1.0, 
            1.0, 
            2.0, 
            1.0, 
            2.0, 
            1.0, 
            1.0, 
            3.0, 
            10.0, 
            2.0, 
            3.0, 
            1.0, 
            1.0, 
            5.0, 
            1.0, 
            1.0, 
            1.0, 
            1.0, 
            1.0, 
            1.0, 
            1.0, 
            2.0, 
            1.0, 
            2.0, 
            1.0, 
            1.0, 
            3.0, 
            3.0, 
            2.0, 
            2.0, 
            1.0, 
            1.0, 
            4.0, 
            1.0, 
            5.0, 
            1.0, 
            3.0, 
            1.0, 
            1.0, 
            1.0, 
            3.0, 
            4.0, 
            1.0, 
            1.0, 
            8.0, 
            4.0, 
            1.0, 
            1.0, 
            1.0, 
            1.0, 
            1.0, 
            3.0, 
            5.0, 
            1.0, 
            1.0, 
            2.0, 
            1.0, 
            1.0, 
            1.0, 
            2.0, 
            1.0, 
            1.0, 
            2.0, 
            1.0, 
            3.0, 
            1.0, 
            1.0, 
            1.0, 
            1.0, 
            1.0, 
            3.0, 
            1.0, 
            1.0, 
            1.0, 
            1.0, 
            12.0, 
            5.0, 
            1.0, 
            1.0, 
            1.0, 
            1.0, 
            1.0, 
            2.0, 
            1.0, 
            1.0, 
            1.0, 
            1.0, 
            1.0, 
            3.0, 
            1.0, 
            2.0, 
            2.0, 
            1.0, 
            64.0, 
            1.0, 
            1.0, 
            1.0, 
            1.0, 
            4.0, 
            11.0, 
            1.0, 
            1.0, 
            5.0, 
            1.0, 
            1.0, 
            1.0, 
            1.0, 
            1.0, 
            3.0, 
            1.0, 
            1.0, 
            1.0, 
            3.0, 
            2.0, 
            1.0, 
            7.0, 
            1.0, 
            1.0, 
            1.0, 
            1.0, 
            2.0, 
            1.0, 
            29.0, 
            1.0, 
            1.0, 
            1.0, 
            1.0, 
            1.0, 
            1.0, 
            1.0, 
            1.0, 
            2.0, 
            1.0, 
            2.0, 
            2.0, 
            1.0, 
            17.0, 
            1.0, 
            1.0, 
            2.0, 
            1.0, 
            1.0, 
            4.0, 
            8.0, 
            2.0, 
            1.0, 
            17.0, 
            1.0, 
            2.0, 
            1.0, 
            1.0, 
            2.0, 
            1.0, 
            1.0, 
            1.0, 
            1.0, 
            1.0, 
            3.0, 
            1.0, 
            3.0, 
            1.0, 
            1.0, 
            1.0, 
            1.0, 
            1.0, 
            1.0, 
            1.0, 
            1.0, 
            1.0, 
            7.0, 
            1.0, 
            4.0, 
            1.0, 
            1.0, 
            1.0, 
            4.0, 
            1.0, 
            1.0, 
            1.0, 
            5.0, 
            1.0, 
            1.0, 
            2.0, 
            2.0, 
            1.0, 
            1.0, 
            1.0, 
            1.0, 
            1.0, 
            1.0, 
            1.0, 
            1.0, 
            5.0, 
            2.0
        ]
    }, 
    "processed_feature_names": [
        "item_category_id", 
        "item_cnt_month_avg", 
        "item_cnt_prev_month", 
        "item_id", 
        "shop_id", 
        "dummy:shop_name:\u041c\u043e\u0441\u043a\u0432\u0430 \u0422\u0420\u041a \"\u0410\u0442\u0440\u0438\u0443\u043c\"", 
        "dummy:shop_name:\u041c\u043e\u0441\u043a\u0432\u0430 \u0422\u0426 \"\u0421\u0435\u043c\u0435\u043d\u043e\u0432\u0441\u043a\u0438\u0439\"", 
        "dummy:shop_name:!\u042f\u043a\u0443\u0442\u0441\u043a \u041e\u0440\u0434\u0436\u043e\u043d\u0438\u043a\u0438\u0434\u0437\u0435, 56 \u0444\u0440\u0430\u043d", 
        "dummy:shop_name:\u041c\u043e\u0441\u043a\u0432\u0430 \u0422\u0426 \"\u041c\u0415\u0413\u0410 \u0422\u0435\u043f\u043b\u044b\u0439 \u0421\u0442\u0430\u043d\" II", 
        "dummy:shop_name:\u041c\u043e\u0441\u043a\u0432\u0430 \u0422\u0426 \"\u041c\u0415\u0413\u0410 \u0411\u0435\u043b\u0430\u044f \u0414\u0430\u0447\u0430 II\"", 
        "dummy:shop_name:\u0412\u043e\u0440\u043e\u043d\u0435\u0436 (\u041f\u043b\u0435\u0445\u0430\u043d\u043e\u0432\u0441\u043a\u0430\u044f, 13)", 
        "dummy:shop_name:!\u042f\u043a\u0443\u0442\u0441\u043a \u0422\u0426 \"\u0426\u0435\u043d\u0442\u0440\u0430\u043b\u044c\u043d\u044b\u0439\" \u0444\u0440\u0430\u043d", 
        "dummy:shop_name:\u0425\u0438\u043c\u043a\u0438 \u0422\u0426 \"\u041c\u0435\u0433\u0430\"", 
        "dummy:shop_name:\u041c\u043e\u0441\u043a\u0432\u0430 \u0422\u0426 \"\u041f\u0435\u0440\u043b\u043e\u0432\u0441\u043a\u0438\u0439\"", 
        "dummy:shop_name:\u041a\u043e\u043b\u043e\u043c\u043d\u0430 \u0422\u0426 \"\u0420\u0438\u043e\"", 
        "dummy:shop_name:\u041a\u0443\u0440\u0441\u043a \u0422\u0426 \"\u041f\u0443\u0448\u043a\u0438\u043d\u0441\u043a\u0438\u0439\"", 
        "dummy:shop_name:\u041a\u0440\u0430\u0441\u043d\u043e\u044f\u0440\u0441\u043a \u0422\u0426 \"\u0418\u044e\u043d\u044c\"", 
        "dummy:shop_name:\u041c\u043e\u0441\u043a\u0432\u0430 \u0422\u0426 \"\u041d\u043e\u0432\u044b\u0439 \u0432\u0435\u043a\" (\u041d\u043e\u0432\u043e\u043a\u043e\u0441\u0438\u043d\u043e)", 
        "dummy:shop_name:\u041c\u043e\u0441\u043a\u0432\u0430 \u0422\u0426 \"\u0410\u0440\u0435\u0430\u043b\" (\u0411\u0435\u043b\u044f\u0435\u0432\u043e)", 
        "dummy:shop_name:\u0412\u043e\u0440\u043e\u043d\u0435\u0436 \u0422\u0420\u0426 \"\u041c\u0430\u043a\u0441\u0438\u043c\u0438\u0440\"", 
        "dummy:shop_name:\u041a\u0430\u043b\u0443\u0433\u0430 \u0422\u0420\u0426 \"XXI \u0432\u0435\u043a\"", 
        "dummy:shop_name:\u041c\u043e\u0441\u043a\u0432\u0430 \u0422\u041a \"\u0411\u0443\u0434\u0435\u043d\u043e\u0432\u0441\u043a\u0438\u0439\" (\u043f\u0430\u0432.\u04102)", 
        "dummy:shop_name:\u041c\u043e\u0441\u043a\u0432\u0430 \u041c\u0422\u0420\u0426 \"\u0410\u0444\u0438 \u041c\u043e\u043b\u043b\"", 
        "dummy:shop_name:\u0412\u043e\u043b\u0436\u0441\u043a\u0438\u0439 \u0422\u0426 \"\u0412\u043e\u043b\u0433\u0430 \u041c\u043e\u043b\u043b\"", 
        "dummy:shop_name:\u041c\u043e\u0441\u043a\u0432\u0430 \u0422\u041a \"\u0411\u0443\u0434\u0435\u043d\u043e\u0432\u0441\u043a\u0438\u0439\" (\u043f\u0430\u0432.\u041a7)", 
        "dummy:shop_name:\u041a\u0430\u0437\u0430\u043d\u044c \u0422\u0426 \"\u041f\u0430\u0440\u043a\u0425\u0430\u0443\u0441\" II", 
        "dummy:shop_name:\u0421\u041f\u0431 \u0422\u041a \"\u041d\u0435\u0432\u0441\u043a\u0438\u0439 \u0426\u0435\u043d\u0442\u0440\"", 
        "dummy:shop_name:\u041c\u043e\u0441\u043a\u0432\u0430 \u041c\u0430\u0433\u0430\u0437\u0438\u043d \u042121", 
        "dummy:shop_name:\u0412\u043e\u0440\u043e\u043d\u0435\u0436 \u0422\u0420\u0426 \u0421\u0438\u0442\u0438-\u041f\u0430\u0440\u043a \"\u0413\u0440\u0430\u0434\"", 
        "dummy:shop_name:\u0427\u0435\u0445\u043e\u0432 \u0422\u0420\u0426 \"\u041a\u0430\u0440\u043d\u0430\u0432\u0430\u043b\"", 
        "dummy:shop_name:\u0421\u0435\u0440\u0433\u0438\u0435\u0432 \u041f\u043e\u0441\u0430\u0434 \u0422\u0426 \"7\u042f\"", 
        "dummy:shop_name:\u0422\u044e\u043c\u0435\u043d\u044c \u0422\u0426 \"\u0413\u0443\u0434\u0432\u0438\u043d\"", 
        "dummy:shop_name:\u0422\u044e\u043c\u0435\u043d\u044c \u0422\u0426 \"\u0417\u0435\u043b\u0435\u043d\u044b\u0439 \u0411\u0435\u0440\u0435\u0433\"", 
        "dummy:shop_name:\u041d\u043e\u0432\u043e\u0441\u0438\u0431\u0438\u0440\u0441\u043a \u0422\u0426 \"\u041c\u0435\u0433\u0430\"", 
        "dummy:shop_name:\u041a\u0430\u0437\u0430\u043d\u044c \u0422\u0426 \"\u0411\u0435\u0445\u0435\u0442\u043b\u0435\"", 
        "dummy:shop_name:\u0416\u0443\u043a\u043e\u0432\u0441\u043a\u0438\u0439 \u0443\u043b. \u0427\u043a\u0430\u043b\u043e\u0432\u0430 39\u043c?", 
        "dummy:shop_name:\u041d.\u041d\u043e\u0432\u0433\u043e\u0440\u043e\u0434 \u0422\u0420\u0426 \"\u0424\u0430\u043d\u0442\u0430\u0441\u0442\u0438\u043a\u0430\"", 
        "dummy:shop_name:\u0421\u0430\u043c\u0430\u0440\u0430 \u0422\u0426 \"\u041c\u0435\u043b\u043e\u0434\u0438\u044f\"", 
        "dummy:shop_name:\u0411\u0430\u043b\u0430\u0448\u0438\u0445\u0430 \u0422\u0420\u041a \"\u041e\u043a\u0442\u044f\u0431\u0440\u044c-\u041a\u0438\u043d\u043e\u043c\u0438\u0440\"", 
        "dummy:shop_name:\u0423\u0444\u0430 \u0422\u0426 \"\u0421\u0435\u043c\u044c\u044f\" 2", 
        "dummy:shop_name:\u0410\u0434\u044b\u0433\u0435\u044f \u0422\u0426 \"\u041c\u0435\u0433\u0430\"", 
        "dummy:shop_name:\u0421\u0443\u0440\u0433\u0443\u0442 \u0422\u0420\u0426 \"\u0421\u0438\u0442\u0438 \u041c\u043e\u043b\u043b\"", 
        "dummy:shop_name:\u042f\u0440\u043e\u0441\u043b\u0430\u0432\u043b\u044c \u0422\u0426 \"\u0410\u043b\u044c\u0442\u0430\u0438\u0440\"", 
        "dummy:shop_name:\u0423\u0444\u0430 \u0422\u041a \"\u0426\u0435\u043d\u0442\u0440\u0430\u043b\u044c\u043d\u044b\u0439\"", 
        "dummy:shop_name:\u0420\u043e\u0441\u0442\u043e\u0432\u041d\u0430\u0414\u043e\u043d\u0443 \u0422\u0426 \"\u041c\u0435\u0433\u0430\"", 
        "dummy:shop_name:\u0418\u043d\u0442\u0435\u0440\u043d\u0435\u0442-\u043c\u0430\u0433\u0430\u0437\u0438\u043d \u0427\u0421", 
        "dummy:shop_name:\u0421\u0430\u043c\u0430\u0440\u0430 \u0422\u0426 \"\u041f\u0430\u0440\u043a\u0425\u0430\u0443\u0441\"", 
        "dummy:shop_name:\u0421\u041f\u0431 \u0422\u041a \"\u0421\u0435\u043d\u043d\u0430\u044f\"", 
        "dummy:shop_name:\u041e\u043c\u0441\u043a \u0422\u0426 \"\u041c\u0435\u0433\u0430\"", 
        "dummy:shop_name:\u041c\u043e\u0441\u043a\u0432\u0430 \u0422\u0426 \"\u0421\u0435\u0440\u0435\u0431\u0440\u044f\u043d\u044b\u0439 \u0414\u043e\u043c\"", 
        "dummy:shop_name:\u0412\u043e\u043b\u043e\u0433\u0434\u0430 \u0422\u0420\u0426 \"\u041c\u0430\u0440\u043c\u0435\u043b\u0430\u0434\"", 
        "dummy:shop_name:N/A", 
        "dummy:shop_name:__Others__"
    ], 
    "regression_performance": {
        "max_error": 3.4627481185915174, 
        "median_error": -1.9281757084099738e-05, 
        "error_distribution": [
            {
                "count": 580, 
                "bin_max": -2.5873947048662593, 
                "bin_id": 0, 
                "bin_min": -3.2663551772765214
            }, 
            {
                "count": 294, 
                "bin_max": -1.915156613370951, 
                "bin_id": 1, 
                "bin_min": -2.5873947048662593
            }, 
            {
                "count": 683, 
                "bin_max": -1.2429185218756422, 
                "bin_id": 2, 
                "bin_min": -1.915156613370951
            }, 
            {
                "count": 1624, 
                "bin_max": -0.57068043038033389, 
                "bin_id": 3, 
                "bin_min": -1.2429185218756422
            }, 
            {
                "count": 12738, 
                "bin_max": 0.10155766111497444, 
                "bin_id": 4, 
                "bin_min": -0.57068043038033389
            }, 
            {
                "count": 2130, 
                "bin_max": 0.77379575261028366, 
                "bin_id": 5, 
                "bin_min": 0.10155766111497444
            }, 
            {
                "count": 799, 
                "bin_max": 1.446033844105592, 
                "bin_id": 6, 
                "bin_min": 0.77379575261028366
            }, 
            {
                "count": 431, 
                "bin_max": 2.1182719356009003, 
                "bin_id": 7, 
                "bin_min": 1.446033844105592
            }, 
            {
                "count": 259, 
                "bin_max": 2.7905100270962087, 
                "bin_id": 8, 
                "bin_min": 2.1182719356009003
            }, 
            {
                "count": 550, 
                "bin_max": 3.4627481185915174, 
                "bin_id": 9, 
                "bin_min": 2.7905100270962087
            }
        ], 
        "min_error": -3.2596327963615681, 
        "average_error": -0.040831620540043904, 
        "std_error": 1.0212403651275128, 
        "p75_error": 0.0002432929369194925, 
        "p90_error": 0.7906600279787515, 
        "p25_error": -0.2914394303855594
    }
}