{
  "state": "DONE",
  "preSearchDescription": {
    "gridLength": 12,
    "importantParams": [
      {
        "name": "trees",
        "vals": [
          "100"
        ]
      },
      {
        "name": "depth",
        "vals": [
          "5",
          "10",
          "15",
          "20"
        ]
      },
      {
        "name": "min_samples",
        "vals": [
          "1",
          "10",
          "100"
        ]
      }
    ]
  },
  "postSearchDescription": {
    "importantParams": [
      {
        "name": "trees",
        "val": "100"
      },
      {
        "name": "depth",
        "val": "15"
      },
      {
        "name": "min_samples",
        "val": "10"
      }
    ]
  },
  "modelId": "m1",
  "progress": {
    "top_level_todo": [],
    "stack": [],
    "top_level_done": [
      {
        "name": "Loading train set",
        "time": 233
      },
      {
        "name": "Loading test set",
        "time": 60
      },
      {
        "name": "Collecting statistics",
        "time": 51
      },
      {
        "name": "Preprocessing train set",
        "time": 126
      },
      {
        "name": "Preprocessing test set",
        "time": 60
      },
      {
        "name": "Grid searching",
        "time": 666962
      },
      {
        "name": "Fitting model",
        "time": 38198
      },
      {
        "name": "Saving model",
        "time": 80
      },
      {
        "name": "Scoring model",
        "time": 3198
      }
    ]
  },
  "startTime": 1523110984429,
  "endTime": 1523111693399,
  "preprocessingTime": 531,
  "trainingTime": 708439
}