{
    "trainingTime": 1310, 
    "state": "DONE", 
    "startTime": 1493403843276, 
    "preprocessingTime": 132, 
    "progress": {
        "top_level_todo": [], 
        "stack": [], 
        "top_level_done": [
            {
                "name": "Loading train set", 
                "time": 40
            }, 
            {
                "name": "Loading test set", 
                "time": 6
            }, 
            {
                "name": "Collecting statistics", 
                "time": 10
            }, 
            {
                "name": "Preprocessing train set", 
                "time": 53
            }, 
            {
                "name": "Preprocessing test set", 
                "time": 22
            }, 
            {
                "name": "Fitting model", 
                "time": 546
            }, 
            {
                "name": "Saving model", 
                "time": 286
            }, 
            {
                "name": "Scoring model", 
                "time": 475
            }
        ]
    }, 
    "endTime": 1493403844718, 
    "modelId": "NA"
}