{
    "gridSize": 3, 
    "nThreads": 4, 
    "metric": "R2", 
    "gridPoints": [
        {
            "index": 0, 
            "finishedAt": 1523116242667.0, 
            "score": 0.53669664449607302, 
            "parameters": {
                "hidden_layer_sizes": 10
            }, 
            "time": 214630.0
        }, 
        {
            "index": 1, 
            "finishedAt": 1523116321570.0, 
            "score": 0.53022158175610901, 
            "parameters": {
                "hidden_layer_sizes": 100
            }, 
            "time": 275861.0
        }, 
        {
            "index": 2, 
            "finishedAt": 1523116331054.0, 
            "score": 0.54391844748632479, 
            "parameters": {
                "hidden_layer_sizes": 40
            }, 
            "time": 142920.0
        }
    ], 
    "startedAt": 1523116151938, 
    "nSplits": 3
}