[
    {
        "parameters": {
            "hidden_layer_sizes": 10
        }, 
        "score_time": 150, 
        "test_score": 0.6769222505713874, 
        "fit_time": 44916, 
        "num_samples": 266549, 
        "best_iteration": null, 
        "train_score": 0.5126048413144253, 
        "parameter_id": 0, 
        "time": 45066, 
        "done_at": 1523116197335, 
        "grid_point_id": "{\"hidden_layer_sizes\": 10}@1"
    }, 
    {
        "parameters": {
            "hidden_layer_sizes": 10
        }, 
        "score_time": 157, 
        "test_score": 0.4001327102852359, 
        "fit_time": 79050, 
        "num_samples": 266548, 
        "best_iteration": null, 
        "train_score": 0.6714067736238398, 
        "parameter_id": 0, 
        "time": 79207, 
        "done_at": 1523116231526, 
        "grid_point_id": "{\"hidden_layer_sizes\": 10}@2"
    }, 
    {
        "parameters": {
            "hidden_layer_sizes": 100
        }, 
        "score_time": 1101, 
        "test_score": 0.49310586474838836, 
        "fit_time": 79702, 
        "num_samples": 266549, 
        "best_iteration": null, 
        "train_score": 0.5622265907238599, 
        "parameter_id": 1, 
        "time": 80803, 
        "done_at": 1523116234884, 
        "grid_point_id": "{\"hidden_layer_sizes\": 100}@0"
    }, 
    {
        "parameters": {
            "hidden_layer_sizes": 10
        }, 
        "score_time": 182, 
        "test_score": 0.533034460290772, 
        "fit_time": 90175, 
        "num_samples": 266549, 
        "best_iteration": null, 
        "train_score": 0.5725880060390485, 
        "parameter_id": 0, 
        "time": 90357, 
        "done_at": 1523116242667, 
        "grid_point_id": "{\"hidden_layer_sizes\": 10}@0"
    }, 
    {
        "parameters": {
            "hidden_layer_sizes": 40
        }, 
        "score_time": 484, 
        "test_score": 0.5402409458683488, 
        "fit_time": 48648, 
        "num_samples": 266549, 
        "best_iteration": null, 
        "train_score": 0.5707917630952275, 
        "parameter_id": 2, 
        "time": 49132, 
        "done_at": 1523116284985, 
        "grid_point_id": "{\"hidden_layer_sizes\": 40}@0"
    }, 
    {
        "parameters": {
            "hidden_layer_sizes": 40
        }, 
        "score_time": 447, 
        "test_score": 0.6806368834001899, 
        "fit_time": 47906, 
        "num_samples": 266549, 
        "best_iteration": null, 
        "train_score": 0.5119673069856265, 
        "parameter_id": 2, 
        "time": 48353, 
        "done_at": 1523116291959, 
        "grid_point_id": "{\"hidden_layer_sizes\": 40}@1"
    }, 
    {
        "parameters": {
            "hidden_layer_sizes": 100
        }, 
        "score_time": 943, 
        "test_score": 0.6824614710359919, 
        "fit_time": 105462, 
        "num_samples": 266549, 
        "best_iteration": null, 
        "train_score": 0.5085182937200734, 
        "parameter_id": 1, 
        "time": 106405, 
        "done_at": 1523116305555, 
        "grid_point_id": "{\"hidden_layer_sizes\": 100}@1"
    }, 
    {
        "parameters": {
            "hidden_layer_sizes": 100
        }, 
        "score_time": 666, 
        "test_score": 0.41509798063555226, 
        "fit_time": 87987, 
        "num_samples": 266548, 
        "best_iteration": null, 
        "train_score": 0.6715042924292536, 
        "parameter_id": 1, 
        "time": 88653, 
        "done_at": 1523116321570, 
        "grid_point_id": "{\"hidden_layer_sizes\": 100}@2"
    }, 
    {
        "parameters": {
            "hidden_layer_sizes": 40
        }, 
        "score_time": 299, 
        "test_score": 0.4108780261108963, 
        "fit_time": 45136, 
        "num_samples": 266548, 
        "best_iteration": null, 
        "train_score": 0.6716430315444969, 
        "parameter_id": 2, 
        "time": 45435, 
        "done_at": 1523116331054, 
        "grid_point_id": "{\"hidden_layer_sizes\": 40}@2"
    }
]