{
    "usedGridSearch": true, 
    "gridSize": 3, 
    "modelInputNRows": 799646, 
    "modelInputNCols": 67, 
    "modelInputMemory": 428610256, 
    "gridCells": [
        {
            "scoreTimeStd": 0.013735598518691008, 
            "scoreTime": 0.16300000000000001, 
            "fitTime": 71.38033333333334, 
            "score": 0.53669664449607302, 
            "params": {
                "hidden_layer_sizes": 10
            }, 
            "fitTimeStd": 19.256377477489259, 
            "scoreStd": 0.11302848944882976
        }, 
        {
            "scoreTimeStd": 0.17978938295189237, 
            "scoreTime": 0.90333333333333332, 
            "fitTime": 91.050333333333313, 
            "score": 0.53022191610842295, 
            "params": {
                "hidden_layer_sizes": 100
            }, 
            "fitTimeStd": 10.73723764392976, 
            "scoreStd": 0.11226160137537249
        }, 
        {
            "scoreTimeStd": 0.07992913528036362, 
            "scoreTime": 0.40999999999999998, 
            "fitTime": 47.229999999999997, 
            "score": 0.54391878483417277, 
            "params": {
                "hidden_layer_sizes": 40
            }, 
            "fitTimeStd": 1.5113499484456487, 
            "scoreStd": 0.1101592598309226
        }
    ], 
    "gridBestScore": 0.54391878483417277, 
    "modelInputIsSparse": false
}