{
    "metrics": {
        "rmse": 6.512470164577363, 
        "pearson": 0.77837201367280817, 
        "mae": 1.13454137471547, 
        "r2": 0.57393698494893619, 
        "mape": 0.49316226531335833, 
        "mse": 42.412267644510308, 
        "evs": 0.57395084103187055, 
        "rmsle": 0
    }, 
    "scatterPlotData": {
        "y": [
            1.0221, 
            1.1377, 
            1.3025, 
            2.8689, 
            1.417, 
            2.0268, 
            2.7378, 
            1.2465, 
            1.4834, 
            1.0269, 
            1.0057, 
            3.3236, 
            1.0587, 
            1.1296, 
            1.6397, 
            5.7084, 
            1.6101, 
            2.6042, 
            1.4157, 
            1.0822, 
            1.7117, 
            1.0423, 
            3.0638, 
            1.0793, 
            1.0866, 
            1.552, 
            3.6762, 
            3.9406, 
            1.1387, 
            2.2137, 
            1.1634, 
            1.8274, 
            3.7501, 
            1.0114, 
            1.7357, 
            0.9754, 
            1.3002, 
            1.3556, 
            0.9906, 
            1.1445, 
            2.2887, 
            0.9763, 
            1.3331, 
            5.1398, 
            0.9322, 
            1.3937, 
            0.9409, 
            1.3545, 
            2.4722, 
            1.5037, 
            4.3438, 
            1.2973, 
            1.214, 
            1.0106, 
            1.2541, 
            1.4083, 
            1.4044, 
            1.4136, 
            1.0672, 
            1.1015, 
            3.586, 
            1.1333, 
            1.5914, 
            2.1012, 
            18.8565, 
            467.7921, 
            1.6658, 
            1.7249, 
            2.3015, 
            1.1642, 
            1.3698, 
            1.8505, 
            1.0674, 
            1.8988, 
            1.5062, 
            1.9385, 
            2.2732, 
            1.1425, 
            1.6134, 
            0.9719, 
            1.3274, 
            0.9878, 
            5.2263, 
            1.1678, 
            2.955, 
            1.1228, 
            1.028, 
            2.9495, 
            1.9133, 
            0.9557, 
            1.0175, 
            2.0729, 
            1.1168, 
            4.0943, 
            1.1825, 
            1.2151, 
            1.1926, 
            2.3333, 
            7.5794, 
            1.0482, 
            1.4659, 
            3.6916, 
            0.9769, 
            1.3113, 
            11.073, 
            1.0426, 
            1.6175, 
            1.7366, 
            1.5206, 
            1.9849, 
            2.9965, 
            3.2646, 
            2.0403, 
            1.1919, 
            5.5352, 
            2.9534, 
            1.0037, 
            2.1938, 
            2.8351, 
            1.2719, 
            2.9504, 
            3.9933, 
            1.2734, 
            1.0903, 
            0.9566, 
            2.9703, 
            1.1053, 
            1.3021, 
            1.1656, 
            1.8332, 
            1.8599, 
            1.9373, 
            2.6018, 
            1.1629, 
            3.2687, 
            1.3027, 
            2.4459, 
            1.1263, 
            4.2989, 
            1.0864, 
            1.182, 
            1.2768, 
            1.4275, 
            7.3372, 
            1.0354, 
            1.1931, 
            1.155, 
            1.0189, 
            1.7611, 
            1.3199, 
            3.8246, 
            2.7799, 
            2.0484, 
            1.7017, 
            1.1973, 
            1.1053, 
            1.8711, 
            2.6209, 
            1.1063, 
            0.9068, 
            1.1422, 
            5.0636, 
            1.4173, 
            1.7867, 
            0.9805, 
            1.2037, 
            1.9489, 
            2.362, 
            1.3503, 
            1.0461, 
            1.2226, 
            0.9416, 
            7.3974, 
            1.2234, 
            3.0206, 
            1.0003, 
            3.2823, 
            1.6452, 
            1.4626, 
            10.7207, 
            6.5929, 
            1.0704, 
            2.4062, 
            1.4536, 
            1.9381, 
            2.0282, 
            1.9242, 
            1.2225, 
            1.0033, 
            2.6892, 
            1.5581, 
            1.2324, 
            1.9262, 
            3.3593, 
            1.0574, 
            1.0794, 
            1.3115, 
            4.4758, 
            2.1748, 
            3.9641, 
            1.285, 
            2.5203, 
            2.91, 
            1.1186, 
            1.7698, 
            1.4278, 
            1.1558, 
            2.6109, 
            0.87, 
            2.957, 
            1.4225, 
            2.5728, 
            1.1373, 
            1.0558, 
            1.0772, 
            3.4124, 
            2.1283, 
            1.7714, 
            6.2044, 
            1.2713, 
            1.3186, 
            2.3444, 
            2.3797, 
            3.012, 
            3.1149, 
            2.9429, 
            1.7736, 
            1.3138, 
            2.3109, 
            1.7693, 
            3.214, 
            2.1365, 
            2.799, 
            7.5893, 
            1.1361, 
            1.4094, 
            1.6637, 
            1.2327, 
            1.025, 
            3.9571, 
            3.0104, 
            1.0495, 
            0.9652, 
            1.3743, 
            1.0812, 
            1.153, 
            1.1482, 
            0.9618, 
            1.4064, 
            9.2204, 
            1.9413, 
            1.2838, 
            2.4012, 
            1.5472, 
            1.4162, 
            1.0537, 
            1.0009, 
            5.1258, 
            3.6573, 
            11.2808, 
            1.3625, 
            1.1111, 
            1.0508, 
            5.7907, 
            1.8562, 
            5.3697, 
            2.3755, 
            1.6971, 
            2.0942, 
            1.3676, 
            1.0859, 
            1.104, 
            1.6808, 
            1.0754, 
            1.3656, 
            1.1741, 
            2.9222, 
            1.2332, 
            1.1122, 
            1.2515, 
            1.4198, 
            1.1326, 
            4.152, 
            1.5488, 
            1.1364, 
            3.6298, 
            2.8292, 
            2.2004, 
            3.0516, 
            0.9914, 
            1.6358, 
            1.3453, 
            1.0139, 
            1.7092, 
            0.9553, 
            1.4913, 
            1.0949, 
            1.5338, 
            1.5198, 
            1.2154, 
            3.1553, 
            1.5432, 
            1.6916, 
            2.8569, 
            1.9382, 
            1.7049, 
            1.1354, 
            2.4068, 
            1.0803, 
            1.5587, 
            1.9768, 
            2.4662, 
            1.8448, 
            1.6763, 
            1.9964, 
            1.1436, 
            1.101, 
            0.9789, 
            1.9911, 
            1.3483, 
            1.7386, 
            1.5896, 
            2.079, 
            1.156, 
            1.1812, 
            2.0028, 
            1.01, 
            1.0529, 
            1.5218, 
            1.1446, 
            1.0847, 
            1.2156, 
            1.4887, 
            1.8038, 
            1.4835, 
            0.9816, 
            2.5914, 
            0.9842, 
            0.9848, 
            1.2211, 
            1.4068, 
            2.1047, 
            1.4963, 
            1.0073, 
            3.289, 
            1.0777, 
            1.4683, 
            1.1649, 
            1.7715, 
            1.1435, 
            1.0991, 
            1.1566, 
            1.1634, 
            2.0797, 
            1.3119, 
            1.9866, 
            7.2988, 
            1.0439, 
            1.1532, 
            3.8118, 
            6.0397, 
            0.8574, 
            1.1767, 
            1.4919, 
            1.0356, 
            0.9022, 
            1.8496, 
            0.9798, 
            1.1052, 
            1.2862, 
            2.3627, 
            1.1399, 
            1.2977, 
            1.5375, 
            1.1299, 
            1.0674, 
            1.4316, 
            1.1187, 
            1.7804, 
            2.1872, 
            0.8917, 
            1.3374, 
            5.3895, 
            2.0175, 
            1.0745, 
            1.5961, 
            1.4953, 
            1.1976, 
            1.9436, 
            1.0036, 
            1.0982, 
            2.283, 
            1.3439, 
            1.8333, 
            0.9953, 
            2.8091, 
            0.9306, 
            2.3164, 
            7.4998, 
            7.7795, 
            1.4991, 
            1.3722, 
            4.5288, 
            1.0857, 
            2.294, 
            2.3511, 
            1.1736, 
            1.323, 
            1.1684, 
            1.043, 
            1.1735, 
            1.8182, 
            1.1952, 
            1.0575, 
            2.0273, 
            1.018, 
            5.5755, 
            1.2843, 
            1.6884, 
            1.2543, 
            2.0871, 
            1.1845, 
            1.9621, 
            1.9533, 
            1.0735, 
            3.2502, 
            2.3263, 
            3.3497, 
            1.7526, 
            1.1782, 
            1.1624, 
            1.4713, 
            1.173, 
            1.0532, 
            1.1117, 
            1.8481, 
            1.5296, 
            1.6875, 
            1.0454, 
            2.2182, 
            5.1578, 
            1.1408, 
            1.4262, 
            1.0858, 
            1.3204, 
            1.4089, 
            2.5023, 
            4.1151, 
            1.496, 
            1.0396, 
            5.1698, 
            1.2842, 
            1.5636, 
            1.0518, 
            1.0361, 
            2.6261, 
            1.1408, 
            13.51, 
            1.4516, 
            2.121, 
            1.2267, 
            1.4456, 
            1.8774, 
            1.3331, 
            1.5428, 
            1.3623, 
            2.4593, 
            1.7405, 
            1.2898, 
            1.1489, 
            1.3393, 
            1.1564, 
            1.3821, 
            2.4272, 
            2.1036, 
            3.0293, 
            1.8545, 
            9.0376, 
            1.0271, 
            2.4451, 
            1.0123, 
            1.137, 
            5.7534, 
            1.8762, 
            1.9949, 
            1.0308, 
            1.603, 
            2.4207, 
            3.3013, 
            0.9318, 
            1.5217, 
            1.1004, 
            4.4356, 
            2.0811, 
            1.2345, 
            2.2851, 
            1.1507, 
            1.031, 
            1.8825, 
            1.3399, 
            1.1337, 
            1.143, 
            2.3015, 
            3.2353, 
            1.371, 
            2.3827, 
            1.0976, 
            1.4011, 
            0.9636, 
            1.0779, 
            0.9935, 
            5.421, 
            1.0213, 
            1.0504, 
            1.2958, 
            1.3097, 
            0.9991, 
            1.1011, 
            2.6897, 
            1.0587, 
            4.1468, 
            1.408, 
            1.3098, 
            1.2634, 
            3.7227, 
            1.1026, 
            0.9742, 
            2.1211, 
            1.2207, 
            1.3082, 
            1.0948, 
            3.3115, 
            1.1676, 
            1.3223, 
            2.3539, 
            1.1169, 
            2.1388, 
            2.5773, 
            1.1384, 
            2.6667, 
            1.0496, 
            1.008, 
            1.0966, 
            1.7066, 
            0.8452, 
            1.0491, 
            1.2794, 
            1.0027, 
            1.6805, 
            2.0831, 
            0.9039, 
            1.3966, 
            27.8108, 
            1.4901, 
            1.0425, 
            1.0983, 
            2.2963, 
            1.3773, 
            1.3932, 
            1.1505, 
            1.6317, 
            2.7889, 
            0.9443, 
            2.2882, 
            1.1788, 
            1.2923, 
            1.0915, 
            4.0711, 
            1.1235, 
            1.3171, 
            5.7892, 
            1.198, 
            2.0824, 
            1.6874, 
            9.6108, 
            1.2257, 
            3.5598, 
            1.1847, 
            2.5632, 
            1.2064, 
            3.773, 
            2.4269, 
            1.2636, 
            1.2051, 
            1.4875, 
            2.6707, 
            0.9987, 
            7.1544, 
            1.2762, 
            1.2345, 
            1.2895, 
            1.1803, 
            2.4426, 
            2.0257, 
            4.693, 
            1.0578, 
            1.0795, 
            1.5932, 
            1.1265, 
            0.9854, 
            1.1777, 
            1.5452, 
            3.1622, 
            1.857, 
            1.7741, 
            6.4917, 
            3.2933, 
            1.0192, 
            1.1376, 
            6.8473, 
            1.2701, 
            1.5341, 
            1.4322, 
            1.8899, 
            2.1145, 
            2.3422, 
            1.0467, 
            1.525, 
            1.1906, 
            1.1001, 
            1.047, 
            1.2213, 
            11.6431, 
            1.8055, 
            0.8486, 
            2.552, 
            1.7161, 
            8.2898, 
            1.4067, 
            1.3519, 
            0.9029, 
            0.8846, 
            1.4292, 
            1.0837, 
            1.5443, 
            1.7525, 
            9.1401, 
            1.1513, 
            2.4643, 
            1.1306, 
            3.0394, 
            1.8477, 
            2.755, 
            1.2562, 
            5.4618, 
            1.4444, 
            1.9243, 
            6.5586, 
            1.7907, 
            2.5343, 
            1.1705, 
            0.9455, 
            5.0609, 
            2.4648, 
            4.8705, 
            2.2855, 
            2.7182, 
            1.1138, 
            1.1465, 
            1.3253, 
            1.0761, 
            3.3514, 
            1.1022, 
            1.0603, 
            1.3743, 
            1.0867, 
            1.184, 
            3.6423, 
            1.6273, 
            2.4757, 
            4.4861, 
            1.3586, 
            6.6697, 
            1.0136, 
            14.5707, 
            1.0749, 
            1.2174, 
            1.3934, 
            2.1022, 
            1.0023, 
            1.0797, 
            1.5544, 
            1.1659, 
            2.6631, 
            2.5341, 
            0.9638, 
            1.6204, 
            1.1525, 
            1.3564, 
            1.2839, 
            3.6891, 
            1.2669, 
            1.3577, 
            1.6023, 
            3.4712, 
            1.5051, 
            1.6828, 
            2.7173, 
            1.5813, 
            4.7107, 
            1.1749, 
            2.3559, 
            0.9981, 
            1.5717, 
            2.5339, 
            0.9242, 
            1.1569, 
            1.0978, 
            0.9963, 
            1.1639, 
            0.9335, 
            1.2805, 
            0.8998, 
            0.9944, 
            0.8731, 
            1.8915, 
            1.7669, 
            1.0356, 
            1.1338, 
            1.1595, 
            3.2669, 
            1.9607, 
            1.477, 
            1.7296, 
            1.0559, 
            1.7125, 
            1.9547, 
            1.7055, 
            1.565, 
            1.6742, 
            1.6699, 
            1.1598, 
            5.2991, 
            0.991, 
            1.1303, 
            1.314, 
            5.9407, 
            1.2531, 
            3.1364, 
            1.3057, 
            3.3223, 
            2.939, 
            2.8521, 
            0.9629, 
            1.4342, 
            1.0806, 
            1.1022, 
            1.0732, 
            1.1081, 
            1.7695, 
            5.8285, 
            0.9212, 
            16.4368, 
            0.9738, 
            1.3336, 
            1.1255, 
            1.0084, 
            2.0596, 
            2.1612, 
            1.2969, 
            1.1489, 
            0.9333, 
            1.013, 
            5.8169, 
            1.7181, 
            2.9516, 
            1.3147, 
            0.9492, 
            1.7237, 
            0.9479, 
            1.9337, 
            1.1447, 
            0.9923, 
            1.0848, 
            1.2952, 
            1.0761, 
            1.2753, 
            1.4556, 
            1.2405, 
            1.7347, 
            1.3253, 
            1.0306, 
            1.3434, 
            1.371, 
            6.0471, 
            1.4406, 
            1.9966, 
            1.0751, 
            1.3159, 
            1.0072, 
            3.3442, 
            1.2561, 
            1.0883, 
            3.8365, 
            1.3437, 
            1.1798, 
            3.3344, 
            1.1073, 
            1.1127, 
            1.0809, 
            11.0305, 
            1.3312, 
            1.109, 
            5.2065, 
            1.6372, 
            1.5927, 
            0.9286, 
            1.8241, 
            6.932, 
            4.2402, 
            1.1574, 
            1.216, 
            4.5159, 
            16.0408, 
            1.6297, 
            0.9868, 
            1.7988, 
            1.0554, 
            1.0559, 
            1.0034, 
            2.2575, 
            1.466, 
            1.39, 
            1.4367, 
            1.5381, 
            1.5237, 
            20.6895, 
            3.8335, 
            1.4183, 
            1.8737, 
            1.2393, 
            1.0927, 
            1.4248, 
            1.1977, 
            1.899, 
            1.0147, 
            1.0873, 
            1.1405, 
            1.2901, 
            1.8888, 
            1.3998, 
            2.1471, 
            1.2425, 
            3.4919, 
            2.2852, 
            1.2445, 
            1.8208, 
            3.5318, 
            1.8069, 
            1.4066, 
            0.9939, 
            1.0593, 
            2.1849, 
            3.4273, 
            0.9855, 
            2.7848, 
            3.3709, 
            2.319, 
            1.5035, 
            1.3534, 
            1.6202, 
            2.9816, 
            1.04, 
            0.9161, 
            1.45, 
            1.4027, 
            1.4712, 
            1.6444, 
            1.9288, 
            1.2002, 
            0.9518, 
            3.3082, 
            1.5229, 
            1.6364, 
            1.564, 
            1.6574, 
            1.0545, 
            1.4922, 
            2.1286, 
            1.2622, 
            1.5952, 
            1.2001, 
            1.9821, 
            1.1074, 
            0.9659, 
            2.1517, 
            1.1417, 
            1.9033, 
            1.2941, 
            1.381, 
            0.5978, 
            1.6123, 
            1.0517, 
            1.5359, 
            13.5171, 
            1.5994, 
            1.0367, 
            2.1389, 
            1.2376, 
            1.3768, 
            1.0332, 
            1.0171, 
            1.122, 
            2.3455, 
            1.1701, 
            1.8715, 
            1.7272, 
            1.5299, 
            1.196, 
            4.9206, 
            10.6583, 
            1.6608, 
            1.1602, 
            1.2512, 
            1.1494, 
            1.6781, 
            2.0011, 
            9.7482, 
            3.4773, 
            1.8127, 
            2.1079, 
            1.471, 
            1.9715, 
            3.0343, 
            1.2933, 
            2.028, 
            1.2559, 
            3.3948, 
            2.0339, 
            1.6163, 
            1.2651, 
            1.8669, 
            3.3609, 
            1.4309, 
            1.1859, 
            1.5109, 
            1.4248, 
            1.009, 
            1.1548, 
            1.9661, 
            2.1694, 
            2.3626, 
            1.1135, 
            1.0985, 
            2.7394, 
            3.7399, 
            1.6314, 
            1.0821, 
            2.9118, 
            1.6079, 
            1.2103, 
            2.4039, 
            1.0532, 
            1.039, 
            3.9306, 
            3.8302, 
            27.0833, 
            1.5105, 
            2.0643, 
            0.9215, 
            1.1544, 
            2.071, 
            1.3185, 
            1.4157, 
            2.3903, 
            1.6644, 
            1.5815, 
            1.049, 
            2.1208, 
            2.4479, 
            1.7878, 
            1.6242, 
            1.1465, 
            3.1985, 
            1.7655, 
            7.7665, 
            1.6038, 
            2.0809, 
            1.122, 
            1.1023, 
            0.8974, 
            1.0946, 
            2.1129, 
            1.0215, 
            2.4009, 
            1.6169, 
            0.9767, 
            0.9618, 
            1.0765, 
            2.5567, 
            1.6924, 
            1.546, 
            1.6122, 
            1.1041, 
            1.0807, 
            2.3995, 
            1.7249, 
            1.1835, 
            1.0283, 
            1.2307
        ], 
        "x": [
            1.0, 
            1.0, 
            1.0, 
            3.0, 
            3.0, 
            2.0, 
            5.0, 
            1.0, 
            1.0, 
            1.0, 
            1.0, 
            2.0, 
            1.0, 
            1.0, 
            2.0, 
            2.0, 
            2.0, 
            2.0, 
            1.0, 
            1.0, 
            1.0, 
            1.0, 
            3.0, 
            1.0, 
            1.0, 
            1.0, 
            15.0, 
            2.0, 
            1.0, 
            1.0, 
            1.0, 
            2.0, 
            2.0, 
            1.0, 
            1.0, 
            1.0, 
            1.0, 
            1.0, 
            1.0, 
            1.0, 
            3.0, 
            1.0, 
            1.0, 
            18.0, 
            1.0, 
            1.0, 
            1.0, 
            1.0, 
            2.0, 
            1.0, 
            9.0, 
            2.0, 
            1.0, 
            1.0, 
            2.0, 
            1.0, 
            2.0, 
            1.0, 
            1.0, 
            1.0, 
            5.0, 
            1.0, 
            1.0, 
            1.0, 
            35.0, 
            795.0, 
            2.0, 
            1.0, 
            2.0, 
            1.0, 
            1.0, 
            1.0, 
            1.0, 
            1.0, 
            2.0, 
            2.0, 
            2.0, 
            1.0, 
            1.0, 
            1.0, 
            1.0, 
            1.0, 
            7.0, 
            1.0, 
            2.0, 
            1.0, 
            1.0, 
            1.0, 
            3.0, 
            1.0, 
            1.0, 
            1.0, 
            1.0, 
            1.0, 
            1.0, 
            1.0, 
            1.0, 
            1.0, 
            10.0, 
            1.0, 
            2.0, 
            9.0, 
            1.0, 
            1.0, 
            1.0, 
            1.0, 
            1.0, 
            2.0, 
            1.0, 
            1.0, 
            2.0, 
            3.0, 
            1.0, 
            1.0, 
            3.0, 
            1.0, 
            1.0, 
            1.0, 
            6.0, 
            1.0, 
            5.0, 
            2.0, 
            1.0, 
            1.0, 
            1.0, 
            1.0, 
            1.0, 
            2.0, 
            1.0, 
            3.0, 
            1.0, 
            1.0, 
            1.0, 
            1.0, 
            8.0, 
            1.0, 
            1.0, 
            1.0, 
            7.0, 
            1.0, 
            1.0, 
            1.0, 
            1.0, 
            14.0, 
            1.0, 
            1.0, 
            1.0, 
            1.0, 
            1.0, 
            1.0, 
            4.0, 
            1.0, 
            1.0, 
            1.0, 
            1.0, 
            1.0, 
            1.0, 
            2.0, 
            1.0, 
            1.0, 
            1.0, 
            3.0, 
            1.0, 
            2.0, 
            1.0, 
            1.0, 
            2.0, 
            3.0, 
            1.0, 
            1.0, 
            1.0, 
            1.0, 
            1.0, 
            2.0, 
            1.0, 
            1.0, 
            8.0, 
            1.0, 
            2.0, 
            21.0, 
            3.0, 
            1.0, 
            1.0, 
            2.0, 
            6.0, 
            5.0, 
            2.0, 
            1.0, 
            1.0, 
            2.0, 
            1.0, 
            1.0, 
            1.0, 
            1.0, 
            1.0, 
            1.0, 
            1.0, 
            6.0, 
            2.0, 
            1.0, 
            2.0, 
            4.0, 
            2.0, 
            1.0, 
            1.0, 
            1.0, 
            1.0, 
            2.0, 
            1.0, 
            3.0, 
            1.0, 
            2.0, 
            1.0, 
            1.0, 
            1.0, 
            1.0, 
            2.0, 
            2.0, 
            9.0, 
            1.0, 
            1.0, 
            1.0, 
            1.0, 
            5.0, 
            5.0, 
            1.0, 
            2.0, 
            1.0, 
            4.0, 
            1.0, 
            3.0, 
            3.0, 
            1.0, 
            4.0, 
            1.0, 
            2.0, 
            1.0, 
            1.0, 
            1.0, 
            1.0, 
            4.0, 
            1.0, 
            1.0, 
            1.0, 
            1.0, 
            1.0, 
            1.0, 
            1.0, 
            2.0, 
            12.0, 
            3.0, 
            1.0, 
            3.0, 
            1.0, 
            1.0, 
            1.0, 
            1.0, 
            4.0, 
            4.0, 
            1.0, 
            1.0, 
            1.0, 
            1.0, 
            9.0, 
            1.0, 
            5.0, 
            1.0, 
            1.0, 
            1.0, 
            1.0, 
            1.0, 
            1.0, 
            1.0, 
            1.0, 
            1.0, 
            1.0, 
            3.0, 
            1.0, 
            1.0, 
            1.0, 
            1.0, 
            1.0, 
            4.0, 
            2.0, 
            1.0, 
            3.0, 
            1.0, 
            2.0, 
            1.0, 
            1.0, 
            3.0, 
            1.0, 
            1.0, 
            2.0, 
            1.0, 
            1.0, 
            1.0, 
            2.0, 
            1.0, 
            1.0, 
            2.0, 
            1.0, 
            1.0, 
            5.0, 
            4.0, 
            1.0, 
            1.0, 
            1.0, 
            1.0, 
            1.0, 
            2.0, 
            1.0, 
            6.0, 
            1.0, 
            2.0, 
            1.0, 
            1.0, 
            1.0, 
            1.0, 
            1.0, 
            1.0, 
            1.0, 
            1.0, 
            1.0, 
            1.0, 
            5.0, 
            1.0, 
            1.0, 
            1.0, 
            1.0, 
            1.0, 
            1.0, 
            1.0, 
            2.0, 
            2.0, 
            1.0, 
            1.0, 
            1.0, 
            1.0, 
            1.0, 
            1.0, 
            2.0, 
            2.0, 
            1.0, 
            1.0, 
            1.0, 
            2.0, 
            1.0, 
            2.0, 
            1.0, 
            1.0, 
            1.0, 
            1.0, 
            1.0, 
            2.0, 
            2.0, 
            11.0, 
            2.0, 
            1.0, 
            2.0, 
            8.0, 
            1.0, 
            1.0, 
            1.0, 
            1.0, 
            0.0, 
            2.0, 
            1.0, 
            1.0, 
            1.0, 
            2.0, 
            1.0, 
            1.0, 
            1.0, 
            1.0, 
            1.0, 
            1.0, 
            1.0, 
            1.0, 
            1.0, 
            1.0, 
            1.0, 
            11.0, 
            2.0, 
            1.0, 
            1.0, 
            1.0, 
            1.0, 
            1.0, 
            1.0, 
            1.0, 
            9.0, 
            1.0, 
            2.0, 
            1.0, 
            2.0, 
            1.0, 
            2.0, 
            8.0, 
            6.0, 
            1.0, 
            1.0, 
            1.0, 
            1.0, 
            3.0, 
            3.0, 
            1.0, 
            1.0, 
            2.0, 
            1.0, 
            1.0, 
            1.0, 
            1.0, 
            1.0, 
            2.0, 
            1.0, 
            4.0, 
            1.0, 
            2.0, 
            1.0, 
            2.0, 
            1.0, 
            2.0, 
            1.0, 
            1.0, 
            5.0, 
            15.0, 
            1.0, 
            2.0, 
            1.0, 
            1.0, 
            1.0, 
            1.0, 
            1.0, 
            1.0, 
            1.0, 
            1.0, 
            1.0, 
            1.0, 
            1.0, 
            3.0, 
            2.0, 
            1.0, 
            0.0, 
            2.0, 
            2.0, 
            1.0, 
            3.0, 
            1.0, 
            1.0, 
            12.0, 
            1.0, 
            3.0, 
            1.0, 
            1.0, 
            2.0, 
            1.0, 
            15.0, 
            1.0, 
            3.0, 
            1.0, 
            1.0, 
            2.0, 
            1.0, 
            1.0, 
            1.0, 
            2.0, 
            2.0, 
            2.0, 
            1.0, 
            2.0, 
            1.0, 
            1.0, 
            4.0, 
            1.0, 
            3.0, 
            1.0, 
            1.0, 
            1.0, 
            1.0, 
            1.0, 
            1.0, 
            5.0, 
            3.0, 
            2.0, 
            1.0, 
            1.0, 
            1.0, 
            1.0, 
            1.0, 
            1.0, 
            1.0, 
            12.0, 
            2.0, 
            1.0, 
            7.0, 
            1.0, 
            1.0, 
            1.0, 
            1.0, 
            1.0, 
            1.0, 
            12.0, 
            6.0, 
            2.0, 
            3.0, 
            1.0, 
            1.0, 
            2.0, 
            1.0, 
            1.0, 
            6.0, 
            1.0, 
            1.0, 
            2.0, 
            1.0, 
            1.0, 
            1.0, 
            1.0, 
            1.0, 
            3.0, 
            2.0, 
            2.0, 
            2.0, 
            9.0, 
            1.0, 
            1.0, 
            7.0, 
            1.0, 
            1.0, 
            1.0, 
            18.0, 
            1.0, 
            1.0, 
            2.0, 
            1.0, 
            4.0, 
            1.0, 
            1.0, 
            1.0, 
            1.0, 
            1.0, 
            1.0, 
            1.0, 
            1.0, 
            1.0, 
            1.0, 
            1.0, 
            2.0, 
            1.0, 
            1.0, 
            2.0, 
            2.0, 
            2.0, 
            1.0, 
            1.0, 
            2.0, 
            1.0, 
            1.0, 
            1.0, 
            2.0, 
            1.0, 
            1.0, 
            1.0, 
            1.0, 
            1.0, 
            1.0, 
            12.0, 
            1.0, 
            1.0, 
            4.0, 
            1.0, 
            7.0, 
            1.0, 
            2.0, 
            2.0, 
            1.0, 
            1.0, 
            1.0, 
            1.0, 
            2.0, 
            3.0, 
            1.0, 
            1.0, 
            1.0, 
            2.0, 
            1.0, 
            30.0, 
            1.0, 
            1.0, 
            1.0, 
            1.0, 
            5.0, 
            2.0, 
            14.0, 
            1.0, 
            1.0, 
            3.0, 
            1.0, 
            1.0, 
            1.0, 
            1.0, 
            3.0, 
            4.0, 
            3.0, 
            1.0, 
            5.0, 
            1.0, 
            1.0, 
            5.0, 
            1.0, 
            2.0, 
            1.0, 
            4.0, 
            2.0, 
            1.0, 
            1.0, 
            1.0, 
            1.0, 
            1.0, 
            1.0, 
            2.0, 
            10.0, 
            2.0, 
            1.0, 
            7.0, 
            1.0, 
            1.0, 
            1.0, 
            1.0, 
            1.0, 
            1.0, 
            1.0, 
            1.0, 
            1.0, 
            1.0, 
            4.0, 
            1.0, 
            1.0, 
            1.0, 
            2.0, 
            3.0, 
            5.0, 
            2.0, 
            4.0, 
            2.0, 
            1.0, 
            9.0, 
            2.0, 
            4.0, 
            1.0, 
            1.0, 
            4.0, 
            2.0, 
            7.0, 
            2.0, 
            3.0, 
            1.0, 
            1.0, 
            1.0, 
            1.0, 
            1.0, 
            1.0, 
            1.0, 
            1.0, 
            1.0, 
            2.0, 
            6.0, 
            2.0, 
            1.0, 
            4.0, 
            2.0, 
            5.0, 
            1.0, 
            19.0, 
            1.0, 
            1.0, 
            1.0, 
            1.0, 
            1.0, 
            1.0, 
            1.0, 
            1.0, 
            3.0, 
            1.0, 
            1.0, 
            3.0, 
            1.0, 
            1.0, 
            2.0, 
            5.0, 
            1.0, 
            1.0, 
            3.0, 
            1.0, 
            1.0, 
            5.0, 
            4.0, 
            1.0, 
            3.0, 
            1.0, 
            4.0, 
            1.0, 
            1.0, 
            1.0, 
            1.0, 
            1.0, 
            1.0, 
            1.0, 
            1.0, 
            1.0, 
            1.0, 
            1.0, 
            1.0, 
            1.0, 
            2.0, 
            2.0, 
            1.0, 
            1.0, 
            1.0, 
            1.0, 
            1.0, 
            1.0, 
            1.0, 
            1.0, 
            4.0, 
            2.0, 
            2.0, 
            1.0, 
            1.0, 
            3.0, 
            1.0, 
            8.0, 
            1.0, 
            1.0, 
            1.0, 
            9.0, 
            2.0, 
            1.0, 
            1.0, 
            1.0, 
            1.0, 
            3.0, 
            1.0, 
            1.0, 
            1.0, 
            1.0, 
            1.0, 
            1.0, 
            1.0, 
            1.0, 
            1.0, 
            12.0, 
            1.0, 
            1.0, 
            1.0, 
            1.0, 
            1.0, 
            1.0, 
            1.0, 
            1.0, 
            1.0, 
            1.0, 
            1.0, 
            3.0, 
            1.0, 
            1.0, 
            1.0, 
            1.0, 
            1.0, 
            1.0, 
            1.0, 
            1.0, 
            1.0, 
            2.0, 
            1.0, 
            2.0, 
            1.0, 
            1.0, 
            1.0, 
            1.0, 
            1.0, 
            1.0, 
            2.0, 
            1.0, 
            3.0, 
            1.0, 
            1.0, 
            1.0, 
            1.0, 
            2.0, 
            1.0, 
            1.0, 
            4.0, 
            1.0, 
            1.0, 
            2.0, 
            1.0, 
            1.0, 
            1.0, 
            2.0, 
            1.0, 
            1.0, 
            11.0, 
            1.0, 
            1.0, 
            1.0, 
            1.0, 
            6.0, 
            2.0, 
            1.0, 
            1.0, 
            18.0, 
            2.0, 
            2.0, 
            1.0, 
            1.0, 
            1.0, 
            1.0, 
            1.0, 
            5.0, 
            1.0, 
            1.0, 
            2.0, 
            1.0, 
            1.0, 
            7.0, 
            1.0, 
            2.0, 
            2.0, 
            1.0, 
            1.0, 
            1.0, 
            1.0, 
            1.0, 
            1.0, 
            1.0, 
            1.0, 
            4.0, 
            1.0, 
            1.0, 
            4.0, 
            1.0, 
            1.0, 
            3.0, 
            1.0, 
            1.0, 
            6.0, 
            2.0, 
            1.0, 
            1.0, 
            1.0, 
            1.0, 
            3.0, 
            1.0, 
            5.0, 
            13.0, 
            2.0, 
            2.0, 
            1.0, 
            2.0, 
            1.0, 
            1.0, 
            1.0, 
            1.0, 
            1.0, 
            1.0, 
            1.0, 
            1.0, 
            1.0, 
            1.0, 
            3.0, 
            1.0, 
            2.0, 
            1.0, 
            1.0, 
            1.0, 
            2.0, 
            3.0, 
            2.0, 
            1.0, 
            1.0, 
            1.0, 
            1.0, 
            1.0, 
            2.0, 
            1.0, 
            1.0, 
            1.0, 
            1.0, 
            1.0, 
            1.0, 
            1.0, 
            2.0, 
            9.0, 
            1.0, 
            1.0, 
            1.0, 
            1.0, 
            1.0, 
            1.0, 
            1.0, 
            1.0, 
            1.0, 
            1.0, 
            1.0, 
            1.0, 
            1.0, 
            1.0, 
            9.0, 
            1.0, 
            1.0, 
            1.0, 
            1.0, 
            1.0, 
            1.0, 
            3.0, 
            1.0, 
            5.0, 
            2.0, 
            1.0, 
            3.0, 
            3.0, 
            2.0, 
            1.0, 
            1.0, 
            1.0, 
            5.0, 
            8.0, 
            1.0, 
            1.0, 
            2.0, 
            2.0, 
            1.0, 
            1.0, 
            1.0, 
            1.0, 
            1.0, 
            1.0, 
            1.0, 
            2.0, 
            2.0, 
            1.0, 
            1.0, 
            1.0, 
            4.0, 
            1.0, 
            1.0, 
            1.0, 
            3.0, 
            1.0, 
            2.0, 
            1.0, 
            1.0, 
            1.0, 
            1.0, 
            9.0, 
            2.0, 
            3.0, 
            1.0, 
            1.0, 
            2.0, 
            2.0, 
            2.0, 
            1.0, 
            2.0, 
            1.0, 
            1.0, 
            1.0, 
            4.0, 
            2.0, 
            1.0, 
            1.0, 
            8.0, 
            1.0, 
            10.0, 
            2.0, 
            2.0, 
            1.0, 
            1.0, 
            1.0, 
            1.0, 
            1.0, 
            1.0, 
            2.0, 
            1.0, 
            1.0, 
            1.0, 
            1.0, 
            10.0, 
            1.0, 
            1.0, 
            1.0, 
            1.0, 
            1.0, 
            1.0, 
            2.0, 
            1.0, 
            1.0, 
            1.0
        ]
    }, 
    "processed_feature_names": [
        "item_category_id", 
        "item_cnt_month_avg", 
        "item_cnt_prev_month", 
        "item_id", 
        "shop_id", 
        "dummy:shop_name:\u041c\u043e\u0441\u043a\u0432\u0430 \u0422\u0426 \"\u0421\u0435\u043c\u0435\u043d\u043e\u0432\u0441\u043a\u0438\u0439\"", 
        "dummy:shop_name:\u041c\u043e\u0441\u043a\u0432\u0430 \u0422\u0420\u041a \"\u0410\u0442\u0440\u0438\u0443\u043c\"", 
        "dummy:shop_name:\u0425\u0438\u043c\u043a\u0438 \u0422\u0426 \"\u041c\u0435\u0433\u0430\"", 
        "dummy:shop_name:\u041c\u043e\u0441\u043a\u0432\u0430 \u0422\u0426 \"\u041c\u0415\u0413\u0410 \u0422\u0435\u043f\u043b\u044b\u0439 \u0421\u0442\u0430\u043d\" II", 
        "dummy:shop_name:\u042f\u043a\u0443\u0442\u0441\u043a \u041e\u0440\u0434\u0436\u043e\u043d\u0438\u043a\u0438\u0434\u0437\u0435, 56", 
        "dummy:shop_name:\u0421\u041f\u0431 \u0422\u041a \"\u041d\u0435\u0432\u0441\u043a\u0438\u0439 \u0426\u0435\u043d\u0442\u0440\"", 
        "dummy:shop_name:\u041c\u043e\u0441\u043a\u0432\u0430 \u0422\u0426 \"\u041c\u0415\u0413\u0410 \u0411\u0435\u043b\u0430\u044f \u0414\u0430\u0447\u0430 II\"", 
        "dummy:shop_name:\u0412\u043e\u0440\u043e\u043d\u0435\u0436 (\u041f\u043b\u0435\u0445\u0430\u043d\u043e\u0432\u0441\u043a\u0430\u044f, 13)", 
        "dummy:shop_name:\u0427\u0435\u0445\u043e\u0432 \u0422\u0420\u0426 \"\u041a\u0430\u0440\u043d\u0430\u0432\u0430\u043b\"", 
        "dummy:shop_name:\u042f\u043a\u0443\u0442\u0441\u043a \u0422\u0426 \"\u0426\u0435\u043d\u0442\u0440\u0430\u043b\u044c\u043d\u044b\u0439\"", 
        "dummy:shop_name:\u041c\u043e\u0441\u043a\u0432\u0430 \u041c\u0422\u0420\u0426 \"\u0410\u0444\u0438 \u041c\u043e\u043b\u043b\"", 
        "dummy:shop_name:\u0421\u0435\u0440\u0433\u0438\u0435\u0432 \u041f\u043e\u0441\u0430\u0434 \u0422\u0426 \"7\u042f\"", 
        "dummy:shop_name:\u041a\u0443\u0440\u0441\u043a \u0422\u0426 \"\u041f\u0443\u0448\u043a\u0438\u043d\u0441\u043a\u0438\u0439\"", 
        "dummy:shop_name:\u0422\u044e\u043c\u0435\u043d\u044c \u0422\u0426 \"\u0413\u0443\u0434\u0432\u0438\u043d\"", 
        "dummy:shop_name:\u041d.\u041d\u043e\u0432\u0433\u043e\u0440\u043e\u0434 \u0422\u0420\u0426 \"\u0424\u0430\u043d\u0442\u0430\u0441\u0442\u0438\u043a\u0430\"", 
        "dummy:shop_name:\u0412\u043e\u0440\u043e\u043d\u0435\u0436 \u0422\u0420\u0426 \"\u041c\u0430\u043a\u0441\u0438\u043c\u0438\u0440\"", 
        "dummy:shop_name:\u041c\u043e\u0441\u043a\u0432\u0430 \u0422\u0426 \"\u0410\u0440\u0435\u0430\u043b\" (\u0411\u0435\u043b\u044f\u0435\u0432\u043e)", 
        "dummy:shop_name:\u0421\u0443\u0440\u0433\u0443\u0442 \u0422\u0420\u0426 \"\u0421\u0438\u0442\u0438 \u041c\u043e\u043b\u043b\"", 
        "dummy:shop_name:\u041a\u0430\u043b\u0443\u0433\u0430 \u0422\u0420\u0426 \"XXI \u0432\u0435\u043a\"", 
        "dummy:shop_name:\u041c\u043e\u0441\u043a\u0432\u0430 \u0422\u0426 \"\u041f\u0435\u0440\u043b\u043e\u0432\u0441\u043a\u0438\u0439\"", 
        "dummy:shop_name:\u041a\u043e\u043b\u043e\u043c\u043d\u0430 \u0422\u0426 \"\u0420\u0438\u043e\"", 
        "dummy:shop_name:\u0423\u0444\u0430 \u0422\u0426 \"\u0421\u0435\u043c\u044c\u044f\" 2", 
        "dummy:shop_name:\u041a\u0440\u0430\u0441\u043d\u043e\u044f\u0440\u0441\u043a \u0422\u0426 \"\u0418\u044e\u043d\u044c\"", 
        "dummy:shop_name:\u0422\u044e\u043c\u0435\u043d\u044c \u0422\u0426 \"\u0417\u0435\u043b\u0435\u043d\u044b\u0439 \u0411\u0435\u0440\u0435\u0433\"", 
        "dummy:shop_name:\u041c\u043e\u0441\u043a\u0432\u0430 \u0422\u041a \"\u0411\u0443\u0434\u0435\u043d\u043e\u0432\u0441\u043a\u0438\u0439\" (\u043f\u0430\u0432.\u041a7)", 
        "dummy:shop_name:\u0423\u0444\u0430 \u0422\u041a \"\u0426\u0435\u043d\u0442\u0440\u0430\u043b\u044c\u043d\u044b\u0439\"", 
        "dummy:shop_name:\u041c\u043e\u0441\u043a\u0432\u0430 \u0422\u0426 \"\u041d\u043e\u0432\u044b\u0439 \u0432\u0435\u043a\" (\u041d\u043e\u0432\u043e\u043a\u043e\u0441\u0438\u043d\u043e)", 
        "dummy:shop_name:\u0421\u0430\u043c\u0430\u0440\u0430 \u0422\u0426 \"\u041c\u0435\u043b\u043e\u0434\u0438\u044f\"", 
        "dummy:shop_name:\u041e\u043c\u0441\u043a \u0422\u0426 \"\u041c\u0435\u0433\u0430\"", 
        "dummy:shop_name:\u041d\u043e\u0432\u043e\u0441\u0438\u0431\u0438\u0440\u0441\u043a \u0422\u0426 \"\u041c\u0435\u0433\u0430\"", 
        "dummy:shop_name:\u0420\u043e\u0441\u0442\u043e\u0432\u041d\u0430\u0414\u043e\u043d\u0443 \u0422\u0426 \"\u041c\u0435\u0433\u0430\"", 
        "dummy:shop_name:\u042f\u0440\u043e\u0441\u043b\u0430\u0432\u043b\u044c \u0422\u0426 \"\u0410\u043b\u044c\u0442\u0430\u0438\u0440\"", 
        "dummy:shop_name:\u041c\u043e\u0441\u043a\u0432\u0430 \u041c\u0430\u0433\u0430\u0437\u0438\u043d \u042121", 
        "dummy:shop_name:\u0412\u043e\u043b\u043e\u0433\u0434\u0430 \u0422\u0420\u0426 \"\u041c\u0430\u0440\u043c\u0435\u043b\u0430\u0434\"", 
        "dummy:shop_name:\u0412\u043e\u043b\u0436\u0441\u043a\u0438\u0439 \u0422\u0426 \"\u0412\u043e\u043b\u0433\u0430 \u041c\u043e\u043b\u043b\"", 
        "dummy:shop_name:\u0421\u0430\u043c\u0430\u0440\u0430 \u0422\u0426 \"\u041f\u0430\u0440\u043a\u0425\u0430\u0443\u0441\"", 
        "dummy:shop_name:\u041a\u0430\u0437\u0430\u043d\u044c \u0422\u0426 \"\u041f\u0430\u0440\u043a\u0425\u0430\u0443\u0441\" II", 
        "dummy:shop_name:\u0421\u041f\u0431 \u0422\u041a \"\u0421\u0435\u043d\u043d\u0430\u044f\"", 
        "dummy:shop_name:\u0418\u043d\u0442\u0435\u0440\u043d\u0435\u0442-\u043c\u0430\u0433\u0430\u0437\u0438\u043d \u0427\u0421", 
        "dummy:shop_name:\u0411\u0430\u043b\u0430\u0448\u0438\u0445\u0430 \u0422\u0420\u041a \"\u041e\u043a\u0442\u044f\u0431\u0440\u044c-\u041a\u0438\u043d\u043e\u043c\u0438\u0440\"", 
        "dummy:shop_name:\u0410\u0434\u044b\u0433\u0435\u044f \u0422\u0426 \"\u041c\u0435\u0433\u0430\"", 
        "dummy:shop_name:\u041a\u0440\u0430\u0441\u043d\u043e\u044f\u0440\u0441\u043a \u0422\u0426 \"\u0412\u0437\u043b\u0435\u0442\u043a\u0430 \u041f\u043b\u0430\u0437\u0430\"", 
        "dummy:shop_name:\u0416\u0443\u043a\u043e\u0432\u0441\u043a\u0438\u0439 \u0443\u043b. \u0427\u043a\u0430\u043b\u043e\u0432\u0430 39\u043c?", 
        "dummy:shop_name:\u0422\u043e\u043c\u0441\u043a \u0422\u0420\u0426 \"\u0418\u0437\u0443\u043c\u0440\u0443\u0434\u043d\u044b\u0439 \u0413\u043e\u0440\u043e\u0434\"", 
        "dummy:shop_name:\u0426\u0438\u0444\u0440\u043e\u0432\u043e\u0439 \u0441\u043a\u043b\u0430\u0434 1\u0421-\u041e\u043d\u043b\u0430\u0439\u043d", 
        "dummy:shop_name:\u041a\u0430\u0437\u0430\u043d\u044c \u0422\u0426 \"\u0411\u0435\u0445\u0435\u0442\u043b\u0435\"", 
        "dummy:shop_name:\u0422\u044e\u043c\u0435\u043d\u044c \u0422\u0420\u0426 \"\u041a\u0440\u0438\u0441\u0442\u0430\u043b\u043b\"", 
        "dummy:shop_name:\u0420\u043e\u0441\u0442\u043e\u0432\u041d\u0430\u0414\u043e\u043d\u0443 \u0422\u0420\u041a \"\u041c\u0435\u0433\u0430\u0446\u0435\u043d\u0442\u0440 \u0413\u043e\u0440\u0438\u0437\u043e\u043d\u0442\"", 
        "dummy:shop_name:\u041c\u043e\u0441\u043a\u0432\u0430 \u0422\u0426 \"\u0421\u0435\u0440\u0435\u0431\u0440\u044f\u043d\u044b\u0439 \u0414\u043e\u043c\"", 
        "dummy:shop_name:!\u042f\u043a\u0443\u0442\u0441\u043a \u041e\u0440\u0434\u0436\u043e\u043d\u0438\u043a\u0438\u0434\u0437\u0435, 56 \u0444\u0440\u0430\u043d", 
        "dummy:shop_name:\u041c\u043e\u0441\u043a\u0432\u0430 \u0422\u041a \"\u0411\u0443\u0434\u0435\u043d\u043e\u0432\u0441\u043a\u0438\u0439\" (\u043f\u0430\u0432.\u04102)", 
        "dummy:shop_name:\u041d.\u041d\u043e\u0432\u0433\u043e\u0440\u043e\u0434 \u0422\u0420\u0426 \"\u0420\u0418\u041e\"", 
        "dummy:shop_name:\u041c\u044b\u0442\u0438\u0449\u0438 \u0422\u0420\u041a \"XL-3\"", 
        "dummy:shop_name:!\u042f\u043a\u0443\u0442\u0441\u043a \u0422\u0426 \"\u0426\u0435\u043d\u0442\u0440\u0430\u043b\u044c\u043d\u044b\u0439\" \u0444\u0440\u0430\u043d", 
        "dummy:shop_name:\u0412\u043e\u0440\u043e\u043d\u0435\u0436 \u0422\u0420\u0426 \u0421\u0438\u0442\u0438-\u041f\u0430\u0440\u043a \"\u0413\u0440\u0430\u0434\"", 
        "dummy:shop_name:\u0420\u043e\u0441\u0442\u043e\u0432\u041d\u0430\u0414\u043e\u043d\u0443 \u0422\u0420\u041a \"\u041c\u0435\u0433\u0430\u0446\u0435\u043d\u0442\u0440 \u0413\u043e\u0440\u0438\u0437\u043e\u043d\u0442\" \u041e\u0441\u0442\u0440\u043e\u0432\u043d\u043e\u0439", 
        "dummy:shop_name:\u0412\u044b\u0435\u0437\u0434\u043d\u0430\u044f \u0422\u043e\u0440\u0433\u043e\u0432\u043b\u044f", 
        "dummy:shop_name:\u041c\u043e\u0441\u043a\u0432\u0430 \"\u0420\u0430\u0441\u043f\u0440\u043e\u0434\u0430\u0436\u0430\"", 
        "dummy:shop_name:\u0416\u0443\u043a\u043e\u0432\u0441\u043a\u0438\u0439 \u0443\u043b. \u0427\u043a\u0430\u043b\u043e\u0432\u0430 39\u043c\u00b2", 
        "dummy:shop_name:\u041d\u043e\u0432\u043e\u0441\u0438\u0431\u0438\u0440\u0441\u043a \u0422\u0420\u0426 \"\u0413\u0430\u043b\u0435\u0440\u0435\u044f \u041d\u043e\u0432\u043e\u0441\u0438\u0431\u0438\u0440\u0441\u043a\"", 
        "dummy:shop_name:N/A", 
        "dummy:shop_name:__Others__"
    ], 
    "regression_performance": {
        "max_error": 5.1603544835236326, 
        "median_error": -0.1289126905116612, 
        "error_distribution": [
            {
                "count": 6094, 
                "bin_max": -3.1109750420605855, 
                "bin_id": 0, 
                "bin_min": -4.0392020221539253
            }, 
            {
                "count": 4126, 
                "bin_max": -2.1919384281067833, 
                "bin_id": 1, 
                "bin_min": -3.1109750420605855
            }, 
            {
                "count": 10119, 
                "bin_max": -1.2729018141529815, 
                "bin_id": 2, 
                "bin_min": -2.1919384281067833
            }, 
            {
                "count": 44701, 
                "bin_max": -0.35386520019917933, 
                "bin_id": 3, 
                "bin_min": -1.2729018141529815
            }, 
            {
                "count": 102933, 
                "bin_max": 0.56517141375462288, 
                "bin_id": 4, 
                "bin_min": -0.35386520019917933
            }, 
            {
                "count": 16702, 
                "bin_max": 1.4842080277084246, 
                "bin_id": 5, 
                "bin_min": 0.56517141375462288
            }, 
            {
                "count": 5653, 
                "bin_max": 2.4032446416622273, 
                "bin_id": 6, 
                "bin_min": 1.4842080277084246
            }, 
            {
                "count": 2830, 
                "bin_max": 3.322281255616029, 
                "bin_id": 7, 
                "bin_min": 2.4032446416622273
            }, 
            {
                "count": 1575, 
                "bin_max": 4.2413178695698317, 
                "bin_id": 8, 
                "bin_min": 3.322281255616029
            }, 
            {
                "count": 5111, 
                "bin_max": 5.1603544835236326, 
                "bin_id": 9, 
                "bin_min": 4.2413178695698317
            }
        ], 
        "min_error": -4.0300116560143877, 
        "average_error": -0.10133170644360479, 
        "std_error": 1.3860975142477983, 
        "p75_error": 0.06759865680819788, 
        "p90_error": 1.0429242179977363, 
        "p25_error": -0.5065922812909706
    }
}