{
  "state": "DONE",
  "preSearchDescription": {
    "gridLength": 1,
    "importantParams": []
  },
  "postSearchDescription": {
    "importantParams": [
      {
        "name": "layer_sizes",
        "val": "[10, 100, 40]"
      },
      {
        "name": "activation",
        "val": "relu"
      },
      {
        "name": "alpha",
        "val": "0.001"
      },
      {
        "name": "solver",
        "val": "adam"
      }
    ]
  },
  "modelId": "m1",
  "progress": {
    "top_level_todo": [],
    "stack": [],
    "top_level_done": [
      {
        "name": "Loading train set",
        "time": 1734
      },
      {
        "name": "Loading test set",
        "time": 467
      },
      {
        "name": "Collecting statistics",
        "time": 366
      },
      {
        "name": "Preprocessing train set",
        "time": 894
      },
      {
        "name": "Preprocessing test set",
        "time": 237
      },
      {
        "name": "Fitting model",
        "time": 208195
      },
      {
        "name": "Saving model",
        "time": 1
      },
      {
        "name": "Scoring model",
        "time": 1127
      }
    ]
  },
  "startTime": 1523116147540,
  "endTime": 1523116360583,
  "preprocessingTime": 3701,
  "trainingTime": 209342
}