{
    "metrics": {
        "rmse": 6.6850939479987925, 
        "pearson": 0.75289550575467923, 
        "mae": 1.2048194369933043, 
        "r2": 0.55105062340910638, 
        "mape": 0.5488454086532072, 
        "mse": 44.690481093570078, 
        "evs": 0.55106328112022729, 
        "rmsle": 0
    }, 
    "scatterPlotData": {
        "y": [
            1.428, 
            1.3166, 
            1.4427, 
            2.4986, 
            1.6204, 
            1.9598, 
            2.3267, 
            1.5528, 
            1.4162, 
            1.3033, 
            1.3166, 
            2.7009, 
            1.3258, 
            1.3521, 
            1.5491, 
            4.8156, 
            1.6887, 
            2.3948, 
            1.6966, 
            1.3166, 
            1.9379, 
            1.418, 
            2.5118, 
            1.3258, 
            1.418, 
            1.5493, 
            2.8688, 
            3.2337, 
            1.3564, 
            2.0091, 
            1.3072, 
            1.8097, 
            2.8511, 
            1.4201, 
            1.8637, 
            1.3258, 
            1.5372, 
            1.4164, 
            1.3164, 
            1.3105, 
            2.09, 
            1.4057, 
            1.5958, 
            4.3972, 
            1.3835, 
            1.4752, 
            1.3092, 
            1.4515, 
            2.1553, 
            1.5507, 
            3.4146, 
            1.6434, 
            1.3342, 
            1.3167, 
            1.4143, 
            1.5517, 
            1.5261, 
            1.4815, 
            1.3092, 
            1.3369, 
            2.9267, 
            1.3188, 
            1.5815, 
            1.9043, 
            17.6845, 
            481.9733, 
            1.4118, 
            1.6887, 
            2.1684, 
            1.3183, 
            1.6104, 
            1.9282, 
            1.3186, 
            1.911, 
            1.7782, 
            2.0709, 
            2.1051, 
            1.3039, 
            1.349, 
            1.3183, 
            1.4192, 
            1.3258, 
            4.6193, 
            1.3495, 
            2.5433, 
            1.3258, 
            1.3313, 
            2.6942, 
            1.9189, 
            1.3183, 
            1.3105, 
            1.9792, 
            1.3039, 
            3.0373, 
            1.3558, 
            1.3183, 
            1.3616, 
            1.9243, 
            6.7216, 
            1.3478, 
            1.5439, 
            3.1422, 
            1.3258, 
            1.4563, 
            10.0646, 
            1.3407, 
            1.4812, 
            1.9552, 
            1.6697, 
            1.9727, 
            2.6609, 
            2.6411, 
            1.9877, 
            1.3167, 
            5.0991, 
            2.4214, 
            1.3996, 
            2.1635, 
            2.3408, 
            1.4515, 
            2.4064, 
            2.9359, 
            1.35, 
            1.3024, 
            1.3167, 
            2.5643, 
            1.3333, 
            1.3364, 
            1.3033, 
            1.8028, 
            1.802, 
            1.8947, 
            2.2894, 
            1.3183, 
            2.6576, 
            1.3219, 
            2.2104, 
            1.3105, 
            3.479, 
            1.418, 
            1.3632, 
            1.5065, 
            1.3039, 
            6.9949, 
            1.3183, 
            1.3644, 
            1.3167, 
            1.3183, 
            1.7053, 
            1.4522, 
            3.3299, 
            2.3043, 
            1.9449, 
            1.8844, 
            1.3546, 
            1.3039, 
            1.9142, 
            2.2385, 
            1.3174, 
            1.3333, 
            1.3188, 
            4.5953, 
            1.3033, 
            1.6848, 
            1.3258, 
            1.3495, 
            2.0174, 
            2.226, 
            1.4591, 
            1.3039, 
            1.3105, 
            1.3039, 
            6.9177, 
            1.3648, 
            2.5561, 
            1.4201, 
            2.6558, 
            1.6273, 
            1.4539, 
            10.1656, 
            5.6595, 
            1.3105, 
            2.1357, 
            1.5025, 
            1.9096, 
            2.0276, 
            1.9666, 
            1.3183, 
            1.3033, 
            2.3081, 
            1.4664, 
            1.3183, 
            2.0015, 
            2.6731, 
            1.3333, 
            1.3188, 
            1.4533, 
            3.9092, 
            2.1106, 
            3.1997, 
            1.4232, 
            2.1822, 
            2.5595, 
            1.3033, 
            1.6224, 
            1.3632, 
            1.418, 
            2.3821, 
            1.418, 
            2.559, 
            1.3033, 
            2.2946, 
            1.3369, 
            1.3167, 
            1.3333, 
            2.8384, 
            2.011, 
            1.9533, 
            5.5087, 
            1.4203, 
            1.4331, 
            2.1043, 
            2.2612, 
            2.5249, 
            2.6092, 
            2.3852, 
            1.6699, 
            1.3527, 
            2.0789, 
            1.6456, 
            2.7366, 
            2.0621, 
            2.3766, 
            6.7216, 
            1.4565, 
            1.5517, 
            1.6453, 
            1.4468, 
            1.3916, 
            3.1516, 
            2.6301, 
            1.43, 
            1.3167, 
            1.4277, 
            1.3167, 
            1.3238, 
            1.3039, 
            1.3258, 
            1.5822, 
            8.3058, 
            2.0138, 
            1.4359, 
            2.2894, 
            1.5405, 
            1.4376, 
            1.3505, 
            1.3039, 
            4.3089, 
            2.6661, 
            10.9748, 
            1.5397, 
            1.3039, 
            1.3188, 
            5.1217, 
            1.93, 
            4.8343, 
            2.2172, 
            1.7553, 
            1.9727, 
            1.6631, 
            1.3024, 
            1.3039, 
            1.5583, 
            1.3164, 
            1.4919, 
            1.3164, 
            2.5151, 
            1.3596, 
            1.3033, 
            1.433, 
            1.6988, 
            1.5707, 
            3.2006, 
            1.5618, 
            1.3333, 
            2.8435, 
            2.4157, 
            2.0377, 
            2.7366, 
            1.3183, 
            1.547, 
            1.4406, 
            1.418, 
            1.7442, 
            1.3405, 
            1.771, 
            1.3183, 
            1.4666, 
            1.5208, 
            1.3525, 
            2.8125, 
            1.7359, 
            1.9282, 
            2.4137, 
            1.9267, 
            1.7742, 
            1.3407, 
            2.3637, 
            1.3456, 
            1.7026, 
            1.9727, 
            2.5395, 
            1.9325, 
            1.7588, 
            1.9684, 
            1.3033, 
            1.3407, 
            1.3188, 
            1.9481, 
            1.5958, 
            1.932, 
            1.6334, 
            2.0373, 
            1.3039, 
            1.3561, 
            1.9987, 
            1.4057, 
            1.4201, 
            1.7341, 
            1.3419, 
            1.3179, 
            1.3258, 
            1.564, 
            2.0541, 
            1.4468, 
            1.3188, 
            2.1797, 
            1.3188, 
            1.3916, 
            1.3529, 
            1.4599, 
            2.0456, 
            1.6968, 
            1.418, 
            2.7467, 
            1.3105, 
            1.564, 
            1.3183, 
            1.801, 
            1.456, 
            1.3258, 
            1.3186, 
            1.3258, 
            2.0611, 
            1.4531, 
            1.9524, 
            6.7553, 
            1.5789, 
            1.4198, 
            2.8652, 
            5.4968, 
            1.3866, 
            1.3451, 
            1.6641, 
            1.3369, 
            1.3916, 
            2.0541, 
            1.3348, 
            1.3039, 
            1.5513, 
            2.2167, 
            1.3183, 
            1.4334, 
            1.5679, 
            1.3258, 
            1.3033, 
            1.4556, 
            1.3033, 
            1.8595, 
            2.2162, 
            1.2522, 
            1.5896, 
            4.5566, 
            1.9147, 
            1.3183, 
            1.6578, 
            1.4752, 
            1.3085, 
            1.9532, 
            1.3167, 
            1.3039, 
            2.1468, 
            1.3988, 
            1.9895, 
            1.3348, 
            2.5339, 
            1.3167, 
            2.152, 
            6.8027, 
            7.2117, 
            1.4162, 
            1.4378, 
            3.998, 
            1.5167, 
            2.2172, 
            2.1969, 
            1.3564, 
            1.3397, 
            1.4741, 
            1.3183, 
            1.3105, 
            1.9644, 
            1.4223, 
            1.3033, 
            2.0421, 
            1.3166, 
            4.6977, 
            1.3468, 
            1.7695, 
            1.3502, 
            1.9895, 
            1.3478, 
            2.0305, 
            1.9595, 
            1.3861, 
            2.6369, 
            2.1043, 
            2.8288, 
            1.6782, 
            1.3039, 
            1.3033, 
            1.5409, 
            1.6751, 
            1.3092, 
            1.3092, 
            1.6387, 
            1.5418, 
            1.5451, 
            1.4545, 
            2.0801, 
            4.4494, 
            1.2599, 
            1.4468, 
            1.3934, 
            1.4313, 
            1.5932, 
            2.2527, 
            3.2674, 
            1.4673, 
            1.3407, 
            4.3985, 
            1.4226, 
            1.7548, 
            1.3258, 
            1.3165, 
            2.3451, 
            1.3407, 
            12.3351, 
            1.5422, 
            2.219, 
            1.3183, 
            1.7157, 
            1.9762, 
            1.3628, 
            1.5642, 
            1.6025, 
            2.1756, 
            1.8704, 
            1.5067, 
            1.3881, 
            1.4144, 
            1.3258, 
            1.3105, 
            2.1441, 
            2.0976, 
            2.4814, 
            1.7341, 
            9.0837, 
            1.3333, 
            2.1684, 
            1.418, 
            1.3333, 
            4.8641, 
            2.092, 
            1.9727, 
            1.3166, 
            1.7745, 
            2.2305, 
            2.6731, 
            1.3033, 
            1.5372, 
            1.3039, 
            3.2701, 
            1.9727, 
            1.3397, 
            2.0992, 
            1.3719, 
            1.3164, 
            1.9008, 
            1.3561, 
            1.3164, 
            1.4565, 
            2.2092, 
            3.0737, 
            1.4849, 
            2.2013, 
            1.3183, 
            1.4515, 
            1.3483, 
            1.418, 
            1.3072, 
            4.587, 
            1.357, 
            1.3369, 
            1.5709, 
            1.3397, 
            1.3181, 
            1.3258, 
            2.1684, 
            1.3144, 
            3.6008, 
            1.7376, 
            1.5784, 
            1.4988, 
            3.1525, 
            1.3238, 
            1.3186, 
            2.1695, 
            1.5818, 
            1.4502, 
            1.3369, 
            2.9, 
            1.4198, 
            1.3534, 
            2.2041, 
            1.3646, 
            2.0677, 
            2.3829, 
            1.3188, 
            2.3398, 
            1.3183, 
            1.4551, 
            1.3258, 
            1.7598, 
            1.3183, 
            1.3258, 
            1.4565, 
            1.3166, 
            2.0054, 
            2.1695, 
            1.3258, 
            1.4599, 
            27.7125, 
            1.6551, 
            1.3092, 
            1.3146, 
            2.1969, 
            1.6057, 
            1.4602, 
            1.3731, 
            1.6253, 
            2.3825, 
            1.418, 
            2.1276, 
            1.3258, 
            1.3469, 
            1.3183, 
            3.2326, 
            1.3258, 
            1.4397, 
            4.5636, 
            1.4164, 
            1.9598, 
            1.9808, 
            9.2881, 
            1.3981, 
            2.7712, 
            1.443, 
            2.3614, 
            1.4198, 
            2.9545, 
            2.2038, 
            1.4144, 
            1.3105, 
            1.5491, 
            2.4169, 
            1.4198, 
            6.4868, 
            1.4162, 
            1.3408, 
            1.3521, 
            1.3302, 
            2.1043, 
            2.0954, 
            4.1134, 
            1.3238, 
            1.4017, 
            1.5886, 
            1.3039, 
            1.3105, 
            1.3164, 
            1.5491, 
            2.8262, 
            1.8028, 
            1.8997, 
            5.6952, 
            2.6668, 
            1.4139, 
            1.3468, 
            5.8406, 
            1.3351, 
            1.5325, 
            1.4515, 
            1.9533, 
            2.0416, 
            2.1051, 
            1.3039, 
            1.7361, 
            1.3407, 
            1.3369, 
            1.3238, 
            1.5937, 
            10.6385, 
            1.8056, 
            1.2309, 
            2.1441, 
            1.8575, 
            7.3694, 
            1.4097, 
            1.5376, 
            1.3188, 
            1.4201, 
            1.3039, 
            1.3092, 
            1.4574, 
            1.4824, 
            8.8341, 
            1.3558, 
            2.1591, 
            1.3183, 
            2.5544, 
            1.8602, 
            2.3454, 
            1.419, 
            4.8536, 
            1.5417, 
            1.564, 
            5.7071, 
            1.8885, 
            2.2632, 
            1.428, 
            1.3039, 
            4.237, 
            2.1432, 
            4.2551, 
            2.0914, 
            2.2482, 
            1.418, 
            1.3558, 
            1.4393, 
            1.3144, 
            2.6986, 
            1.3564, 
            1.3164, 
            1.449, 
            1.3167, 
            1.5709, 
            3.1291, 
            1.8595, 
            2.4124, 
            3.8924, 
            1.5514, 
            5.7266, 
            1.3039, 
            12.9518, 
            1.3157, 
            1.3105, 
            1.6109, 
            1.9797, 
            1.3996, 
            1.3167, 
            1.4527, 
            1.3258, 
            2.4351, 
            2.1756, 
            1.3166, 
            1.5642, 
            1.3934, 
            1.4393, 
            1.5377, 
            2.8522, 
            1.3628, 
            1.3407, 
            1.6137, 
            2.7595, 
            1.5491, 
            1.584, 
            2.382, 
            1.6134, 
            4.0252, 
            1.3033, 
            2.2084, 
            1.3258, 
            1.593, 
            2.3451, 
            1.418, 
            1.3092, 
            1.3039, 
            1.3039, 
            1.5067, 
            1.3164, 
            1.3539, 
            1.4178, 
            1.3092, 
            1.3258, 
            1.9513, 
            2.0059, 
            1.3183, 
            1.3096, 
            1.3033, 
            2.688, 
            1.9498, 
            1.5287, 
            1.6559, 
            1.3258, 
            1.6721, 
            1.9671, 
            1.801, 
            1.5601, 
            1.7427, 
            1.8947, 
            1.3258, 
            4.5708, 
            1.3033, 
            1.3333, 
            1.427, 
            5.2789, 
            1.3435, 
            2.3522, 
            1.3527, 
            2.6731, 
            2.5689, 
            2.5564, 
            1.3085, 
            1.5932, 
            1.3039, 
            1.3472, 
            1.3333, 
            1.3188, 
            1.6846, 
            4.9337, 
            1.3033, 
            14.4483, 
            1.3183, 
            1.4664, 
            1.3237, 
            1.3181, 
            1.9743, 
            2.0976, 
            1.3603, 
            1.3105, 
            1.3166, 
            1.3039, 
            5.0867, 
            1.776, 
            2.5249, 
            1.4565, 
            1.4201, 
            1.749, 
            1.3039, 
            1.9877, 
            1.3534, 
            1.4017, 
            1.3105, 
            1.4749, 
            1.3144, 
            1.3632, 
            1.5275, 
            1.4193, 
            1.5881, 
            1.6534, 
            1.3934, 
            1.4302, 
            1.5669, 
            5.1532, 
            1.6436, 
            1.9727, 
            1.3039, 
            1.6025, 
            1.3906, 
            2.7074, 
            1.4361, 
            1.3167, 
            3.1422, 
            1.42, 
            1.3186, 
            2.9439, 
            1.3164, 
            1.4192, 
            1.3167, 
            10.3643, 
            1.3451, 
            1.3019, 
            4.5679, 
            1.6108, 
            1.5376, 
            1.3258, 
            1.9282, 
            5.8406, 
            3.8975, 
            1.3397, 
            1.4361, 
            3.9022, 
            13.7295, 
            1.4812, 
            1.3186, 
            1.8105, 
            1.3166, 
            1.3039, 
            1.3183, 
            2.213, 
            1.5262, 
            1.7108, 
            1.5958, 
            1.4406, 
            1.5562, 
            20.4944, 
            2.888, 
            1.6987, 
            1.8867, 
            1.4092, 
            1.3313, 
            1.3167, 
            1.3502, 
            1.9629, 
            1.3092, 
            1.3228, 
            1.3167, 
            1.4017, 
            1.8982, 
            1.4162, 
            2.0208, 
            1.3105, 
            2.7771, 
            2.2044, 
            1.3534, 
            1.9282, 
            2.7882, 
            1.8781, 
            1.3564, 
            1.3166, 
            1.3518, 
            2.1396, 
            2.8236, 
            1.3167, 
            2.4852, 
            2.7195, 
            2.1867, 
            1.7401, 
            1.4174, 
            1.6697, 
            2.5669, 
            1.3098, 
            1.3166, 
            1.5763, 
            1.4849, 
            1.4164, 
            1.7361, 
            1.9192, 
            1.3602, 
            1.3183, 
            2.8236, 
            1.6968, 
            1.6042, 
            1.7399, 
            1.6427, 
            1.3603, 
            1.7567, 
            2.0929, 
            1.343, 
            1.5439, 
            1.3407, 
            2.0978, 
            1.3092, 
            1.3258, 
            2.0189, 
            1.3164, 
            1.9927, 
            1.4863, 
            1.4238, 
            1.1778, 
            1.5493, 
            1.3039, 
            1.4654, 
            12.3351, 
            1.5992, 
            1.3092, 
            1.949, 
            1.5813, 
            1.5037, 
            1.3092, 
            1.3039, 
            1.3795, 
            2.0918, 
            1.3408, 
            1.8582, 
            1.6697, 
            1.5376, 
            1.3796, 
            4.019, 
            10.145, 
            1.8007, 
            1.3186, 
            1.4414, 
            1.3039, 
            1.9261, 
            1.9441, 
            9.0409, 
            2.7563, 
            1.9727, 
            2.0751, 
            1.548, 
            1.9534, 
            2.5844, 
            1.6554, 
            1.9639, 
            1.3712, 
            2.9026, 
            2.0744, 
            1.8578, 
            1.4083, 
            1.6848, 
            2.7344, 
            1.6135, 
            1.3105, 
            1.5958, 
            1.5511, 
            1.3183, 
            1.3183, 
            1.9727, 
            2.2146, 
            2.1705, 
            1.418, 
            1.3238, 
            2.4814, 
            2.7953, 
            1.8517, 
            1.303, 
            2.6701, 
            1.5913, 
            1.3258, 
            2.1192, 
            1.3183, 
            1.3033, 
            3.186, 
            3.1191, 
            27.9079, 
            1.5588, 
            1.9817, 
            1.418, 
            1.3092, 
            2.2351, 
            1.3529, 
            1.5707, 
            2.2482, 
            1.5899, 
            1.5618, 
            1.3039, 
            2.0259, 
            2.2355, 
            1.9608, 
            1.5439, 
            1.3558, 
            2.668, 
            1.9808, 
            6.9194, 
            1.6846, 
            2.0492, 
            1.3183, 
            1.3934, 
            1.3039, 
            1.3157, 
            2.0682, 
            1.3167, 
            2.2456, 
            1.5313, 
            1.3039, 
            1.2606, 
            1.3237, 
            2.1796, 
            1.6785, 
            1.6138, 
            1.7867, 
            1.3633, 
            1.3039, 
            2.2324, 
            1.6179, 
            1.3164, 
            1.3167, 
            1.418
        ], 
        "x": [
            1.0, 
            1.0, 
            1.0, 
            3.0, 
            3.0, 
            2.0, 
            5.0, 
            1.0, 
            1.0, 
            1.0, 
            1.0, 
            2.0, 
            1.0, 
            1.0, 
            2.0, 
            2.0, 
            2.0, 
            2.0, 
            1.0, 
            1.0, 
            1.0, 
            1.0, 
            3.0, 
            1.0, 
            1.0, 
            1.0, 
            15.0, 
            2.0, 
            1.0, 
            1.0, 
            1.0, 
            2.0, 
            2.0, 
            1.0, 
            1.0, 
            1.0, 
            1.0, 
            1.0, 
            1.0, 
            1.0, 
            3.0, 
            1.0, 
            1.0, 
            18.0, 
            1.0, 
            1.0, 
            1.0, 
            1.0, 
            2.0, 
            1.0, 
            9.0, 
            2.0, 
            1.0, 
            1.0, 
            2.0, 
            1.0, 
            2.0, 
            1.0, 
            1.0, 
            1.0, 
            5.0, 
            1.0, 
            1.0, 
            1.0, 
            35.0, 
            795.0, 
            2.0, 
            1.0, 
            2.0, 
            1.0, 
            1.0, 
            1.0, 
            1.0, 
            1.0, 
            2.0, 
            2.0, 
            2.0, 
            1.0, 
            1.0, 
            1.0, 
            1.0, 
            1.0, 
            7.0, 
            1.0, 
            2.0, 
            1.0, 
            1.0, 
            1.0, 
            3.0, 
            1.0, 
            1.0, 
            1.0, 
            1.0, 
            1.0, 
            1.0, 
            1.0, 
            1.0, 
            1.0, 
            10.0, 
            1.0, 
            2.0, 
            9.0, 
            1.0, 
            1.0, 
            1.0, 
            1.0, 
            1.0, 
            2.0, 
            1.0, 
            1.0, 
            2.0, 
            3.0, 
            1.0, 
            1.0, 
            3.0, 
            1.0, 
            1.0, 
            1.0, 
            6.0, 
            1.0, 
            5.0, 
            2.0, 
            1.0, 
            1.0, 
            1.0, 
            1.0, 
            1.0, 
            2.0, 
            1.0, 
            3.0, 
            1.0, 
            1.0, 
            1.0, 
            1.0, 
            8.0, 
            1.0, 
            1.0, 
            1.0, 
            7.0, 
            1.0, 
            1.0, 
            1.0, 
            1.0, 
            14.0, 
            1.0, 
            1.0, 
            1.0, 
            1.0, 
            1.0, 
            1.0, 
            4.0, 
            1.0, 
            1.0, 
            1.0, 
            1.0, 
            1.0, 
            1.0, 
            2.0, 
            1.0, 
            1.0, 
            1.0, 
            3.0, 
            1.0, 
            2.0, 
            1.0, 
            1.0, 
            2.0, 
            3.0, 
            1.0, 
            1.0, 
            1.0, 
            1.0, 
            1.0, 
            2.0, 
            1.0, 
            1.0, 
            8.0, 
            1.0, 
            2.0, 
            21.0, 
            3.0, 
            1.0, 
            1.0, 
            2.0, 
            6.0, 
            5.0, 
            2.0, 
            1.0, 
            1.0, 
            2.0, 
            1.0, 
            1.0, 
            1.0, 
            1.0, 
            1.0, 
            1.0, 
            1.0, 
            6.0, 
            2.0, 
            1.0, 
            2.0, 
            4.0, 
            2.0, 
            1.0, 
            1.0, 
            1.0, 
            1.0, 
            2.0, 
            1.0, 
            3.0, 
            1.0, 
            2.0, 
            1.0, 
            1.0, 
            1.0, 
            1.0, 
            2.0, 
            2.0, 
            9.0, 
            1.0, 
            1.0, 
            1.0, 
            1.0, 
            5.0, 
            5.0, 
            1.0, 
            2.0, 
            1.0, 
            4.0, 
            1.0, 
            3.0, 
            3.0, 
            1.0, 
            4.0, 
            1.0, 
            2.0, 
            1.0, 
            1.0, 
            1.0, 
            1.0, 
            4.0, 
            1.0, 
            1.0, 
            1.0, 
            1.0, 
            1.0, 
            1.0, 
            1.0, 
            2.0, 
            12.0, 
            3.0, 
            1.0, 
            3.0, 
            1.0, 
            1.0, 
            1.0, 
            1.0, 
            4.0, 
            4.0, 
            1.0, 
            1.0, 
            1.0, 
            1.0, 
            9.0, 
            1.0, 
            5.0, 
            1.0, 
            1.0, 
            1.0, 
            1.0, 
            1.0, 
            1.0, 
            1.0, 
            1.0, 
            1.0, 
            1.0, 
            3.0, 
            1.0, 
            1.0, 
            1.0, 
            1.0, 
            1.0, 
            4.0, 
            2.0, 
            1.0, 
            3.0, 
            1.0, 
            2.0, 
            1.0, 
            1.0, 
            3.0, 
            1.0, 
            1.0, 
            2.0, 
            1.0, 
            1.0, 
            1.0, 
            2.0, 
            1.0, 
            1.0, 
            2.0, 
            1.0, 
            1.0, 
            5.0, 
            4.0, 
            1.0, 
            1.0, 
            1.0, 
            1.0, 
            1.0, 
            2.0, 
            1.0, 
            6.0, 
            1.0, 
            2.0, 
            1.0, 
            1.0, 
            1.0, 
            1.0, 
            1.0, 
            1.0, 
            1.0, 
            1.0, 
            1.0, 
            1.0, 
            5.0, 
            1.0, 
            1.0, 
            1.0, 
            1.0, 
            1.0, 
            1.0, 
            1.0, 
            2.0, 
            2.0, 
            1.0, 
            1.0, 
            1.0, 
            1.0, 
            1.0, 
            1.0, 
            2.0, 
            2.0, 
            1.0, 
            1.0, 
            1.0, 
            2.0, 
            1.0, 
            2.0, 
            1.0, 
            1.0, 
            1.0, 
            1.0, 
            1.0, 
            2.0, 
            2.0, 
            11.0, 
            2.0, 
            1.0, 
            2.0, 
            8.0, 
            1.0, 
            1.0, 
            1.0, 
            1.0, 
            0.0, 
            2.0, 
            1.0, 
            1.0, 
            1.0, 
            2.0, 
            1.0, 
            1.0, 
            1.0, 
            1.0, 
            1.0, 
            1.0, 
            1.0, 
            1.0, 
            1.0, 
            1.0, 
            1.0, 
            11.0, 
            2.0, 
            1.0, 
            1.0, 
            1.0, 
            1.0, 
            1.0, 
            1.0, 
            1.0, 
            9.0, 
            1.0, 
            2.0, 
            1.0, 
            2.0, 
            1.0, 
            2.0, 
            8.0, 
            6.0, 
            1.0, 
            1.0, 
            1.0, 
            1.0, 
            3.0, 
            3.0, 
            1.0, 
            1.0, 
            2.0, 
            1.0, 
            1.0, 
            1.0, 
            1.0, 
            1.0, 
            2.0, 
            1.0, 
            4.0, 
            1.0, 
            2.0, 
            1.0, 
            2.0, 
            1.0, 
            2.0, 
            1.0, 
            1.0, 
            5.0, 
            15.0, 
            1.0, 
            2.0, 
            1.0, 
            1.0, 
            1.0, 
            1.0, 
            1.0, 
            1.0, 
            1.0, 
            1.0, 
            1.0, 
            1.0, 
            1.0, 
            3.0, 
            2.0, 
            1.0, 
            0.0, 
            2.0, 
            2.0, 
            1.0, 
            3.0, 
            1.0, 
            1.0, 
            12.0, 
            1.0, 
            3.0, 
            1.0, 
            1.0, 
            2.0, 
            1.0, 
            15.0, 
            1.0, 
            3.0, 
            1.0, 
            1.0, 
            2.0, 
            1.0, 
            1.0, 
            1.0, 
            2.0, 
            2.0, 
            2.0, 
            1.0, 
            2.0, 
            1.0, 
            1.0, 
            4.0, 
            1.0, 
            3.0, 
            1.0, 
            1.0, 
            1.0, 
            1.0, 
            1.0, 
            1.0, 
            5.0, 
            3.0, 
            2.0, 
            1.0, 
            1.0, 
            1.0, 
            1.0, 
            1.0, 
            1.0, 
            1.0, 
            12.0, 
            2.0, 
            1.0, 
            7.0, 
            1.0, 
            1.0, 
            1.0, 
            1.0, 
            1.0, 
            1.0, 
            12.0, 
            6.0, 
            2.0, 
            3.0, 
            1.0, 
            1.0, 
            2.0, 
            1.0, 
            1.0, 
            6.0, 
            1.0, 
            1.0, 
            2.0, 
            1.0, 
            1.0, 
            1.0, 
            1.0, 
            1.0, 
            3.0, 
            2.0, 
            2.0, 
            2.0, 
            9.0, 
            1.0, 
            1.0, 
            7.0, 
            1.0, 
            1.0, 
            1.0, 
            18.0, 
            1.0, 
            1.0, 
            2.0, 
            1.0, 
            4.0, 
            1.0, 
            1.0, 
            1.0, 
            1.0, 
            1.0, 
            1.0, 
            1.0, 
            1.0, 
            1.0, 
            1.0, 
            1.0, 
            2.0, 
            1.0, 
            1.0, 
            2.0, 
            2.0, 
            2.0, 
            1.0, 
            1.0, 
            2.0, 
            1.0, 
            1.0, 
            1.0, 
            2.0, 
            1.0, 
            1.0, 
            1.0, 
            1.0, 
            1.0, 
            1.0, 
            12.0, 
            1.0, 
            1.0, 
            4.0, 
            1.0, 
            7.0, 
            1.0, 
            2.0, 
            2.0, 
            1.0, 
            1.0, 
            1.0, 
            1.0, 
            2.0, 
            3.0, 
            1.0, 
            1.0, 
            1.0, 
            2.0, 
            1.0, 
            30.0, 
            1.0, 
            1.0, 
            1.0, 
            1.0, 
            5.0, 
            2.0, 
            14.0, 
            1.0, 
            1.0, 
            3.0, 
            1.0, 
            1.0, 
            1.0, 
            1.0, 
            3.0, 
            4.0, 
            3.0, 
            1.0, 
            5.0, 
            1.0, 
            1.0, 
            5.0, 
            1.0, 
            2.0, 
            1.0, 
            4.0, 
            2.0, 
            1.0, 
            1.0, 
            1.0, 
            1.0, 
            1.0, 
            1.0, 
            2.0, 
            10.0, 
            2.0, 
            1.0, 
            7.0, 
            1.0, 
            1.0, 
            1.0, 
            1.0, 
            1.0, 
            1.0, 
            1.0, 
            1.0, 
            1.0, 
            1.0, 
            4.0, 
            1.0, 
            1.0, 
            1.0, 
            2.0, 
            3.0, 
            5.0, 
            2.0, 
            4.0, 
            2.0, 
            1.0, 
            9.0, 
            2.0, 
            4.0, 
            1.0, 
            1.0, 
            4.0, 
            2.0, 
            7.0, 
            2.0, 
            3.0, 
            1.0, 
            1.0, 
            1.0, 
            1.0, 
            1.0, 
            1.0, 
            1.0, 
            1.0, 
            1.0, 
            2.0, 
            6.0, 
            2.0, 
            1.0, 
            4.0, 
            2.0, 
            5.0, 
            1.0, 
            19.0, 
            1.0, 
            1.0, 
            1.0, 
            1.0, 
            1.0, 
            1.0, 
            1.0, 
            1.0, 
            3.0, 
            1.0, 
            1.0, 
            3.0, 
            1.0, 
            1.0, 
            2.0, 
            5.0, 
            1.0, 
            1.0, 
            3.0, 
            1.0, 
            1.0, 
            5.0, 
            4.0, 
            1.0, 
            3.0, 
            1.0, 
            4.0, 
            1.0, 
            1.0, 
            1.0, 
            1.0, 
            1.0, 
            1.0, 
            1.0, 
            1.0, 
            1.0, 
            1.0, 
            1.0, 
            1.0, 
            1.0, 
            2.0, 
            2.0, 
            1.0, 
            1.0, 
            1.0, 
            1.0, 
            1.0, 
            1.0, 
            1.0, 
            1.0, 
            4.0, 
            2.0, 
            2.0, 
            1.0, 
            1.0, 
            3.0, 
            1.0, 
            8.0, 
            1.0, 
            1.0, 
            1.0, 
            9.0, 
            2.0, 
            1.0, 
            1.0, 
            1.0, 
            1.0, 
            3.0, 
            1.0, 
            1.0, 
            1.0, 
            1.0, 
            1.0, 
            1.0, 
            1.0, 
            1.0, 
            1.0, 
            12.0, 
            1.0, 
            1.0, 
            1.0, 
            1.0, 
            1.0, 
            1.0, 
            1.0, 
            1.0, 
            1.0, 
            1.0, 
            1.0, 
            3.0, 
            1.0, 
            1.0, 
            1.0, 
            1.0, 
            1.0, 
            1.0, 
            1.0, 
            1.0, 
            1.0, 
            2.0, 
            1.0, 
            2.0, 
            1.0, 
            1.0, 
            1.0, 
            1.0, 
            1.0, 
            1.0, 
            2.0, 
            1.0, 
            3.0, 
            1.0, 
            1.0, 
            1.0, 
            1.0, 
            2.0, 
            1.0, 
            1.0, 
            4.0, 
            1.0, 
            1.0, 
            2.0, 
            1.0, 
            1.0, 
            1.0, 
            2.0, 
            1.0, 
            1.0, 
            11.0, 
            1.0, 
            1.0, 
            1.0, 
            1.0, 
            6.0, 
            2.0, 
            1.0, 
            1.0, 
            18.0, 
            2.0, 
            2.0, 
            1.0, 
            1.0, 
            1.0, 
            1.0, 
            1.0, 
            5.0, 
            1.0, 
            1.0, 
            2.0, 
            1.0, 
            1.0, 
            7.0, 
            1.0, 
            2.0, 
            2.0, 
            1.0, 
            1.0, 
            1.0, 
            1.0, 
            1.0, 
            1.0, 
            1.0, 
            1.0, 
            4.0, 
            1.0, 
            1.0, 
            4.0, 
            1.0, 
            1.0, 
            3.0, 
            1.0, 
            1.0, 
            6.0, 
            2.0, 
            1.0, 
            1.0, 
            1.0, 
            1.0, 
            3.0, 
            1.0, 
            5.0, 
            13.0, 
            2.0, 
            2.0, 
            1.0, 
            2.0, 
            1.0, 
            1.0, 
            1.0, 
            1.0, 
            1.0, 
            1.0, 
            1.0, 
            1.0, 
            1.0, 
            1.0, 
            3.0, 
            1.0, 
            2.0, 
            1.0, 
            1.0, 
            1.0, 
            2.0, 
            3.0, 
            2.0, 
            1.0, 
            1.0, 
            1.0, 
            1.0, 
            1.0, 
            2.0, 
            1.0, 
            1.0, 
            1.0, 
            1.0, 
            1.0, 
            1.0, 
            1.0, 
            2.0, 
            9.0, 
            1.0, 
            1.0, 
            1.0, 
            1.0, 
            1.0, 
            1.0, 
            1.0, 
            1.0, 
            1.0, 
            1.0, 
            1.0, 
            1.0, 
            1.0, 
            1.0, 
            9.0, 
            1.0, 
            1.0, 
            1.0, 
            1.0, 
            1.0, 
            1.0, 
            3.0, 
            1.0, 
            5.0, 
            2.0, 
            1.0, 
            3.0, 
            3.0, 
            2.0, 
            1.0, 
            1.0, 
            1.0, 
            5.0, 
            8.0, 
            1.0, 
            1.0, 
            2.0, 
            2.0, 
            1.0, 
            1.0, 
            1.0, 
            1.0, 
            1.0, 
            1.0, 
            1.0, 
            2.0, 
            2.0, 
            1.0, 
            1.0, 
            1.0, 
            4.0, 
            1.0, 
            1.0, 
            1.0, 
            3.0, 
            1.0, 
            2.0, 
            1.0, 
            1.0, 
            1.0, 
            1.0, 
            9.0, 
            2.0, 
            3.0, 
            1.0, 
            1.0, 
            2.0, 
            2.0, 
            2.0, 
            1.0, 
            2.0, 
            1.0, 
            1.0, 
            1.0, 
            4.0, 
            2.0, 
            1.0, 
            1.0, 
            8.0, 
            1.0, 
            10.0, 
            2.0, 
            2.0, 
            1.0, 
            1.0, 
            1.0, 
            1.0, 
            1.0, 
            1.0, 
            2.0, 
            1.0, 
            1.0, 
            1.0, 
            1.0, 
            10.0, 
            1.0, 
            1.0, 
            1.0, 
            1.0, 
            1.0, 
            1.0, 
            2.0, 
            1.0, 
            1.0, 
            1.0
        ]
    }, 
    "processed_feature_names": [
        "item_category_id", 
        "item_cnt_month_avg", 
        "item_cnt_prev_month", 
        "item_id", 
        "shop_id", 
        "dummy:shop_name:\u041c\u043e\u0441\u043a\u0432\u0430 \u0422\u0426 \"\u0421\u0435\u043c\u0435\u043d\u043e\u0432\u0441\u043a\u0438\u0439\"", 
        "dummy:shop_name:\u041c\u043e\u0441\u043a\u0432\u0430 \u0422\u0420\u041a \"\u0410\u0442\u0440\u0438\u0443\u043c\"", 
        "dummy:shop_name:\u0425\u0438\u043c\u043a\u0438 \u0422\u0426 \"\u041c\u0435\u0433\u0430\"", 
        "dummy:shop_name:\u041c\u043e\u0441\u043a\u0432\u0430 \u0422\u0426 \"\u041c\u0415\u0413\u0410 \u0422\u0435\u043f\u043b\u044b\u0439 \u0421\u0442\u0430\u043d\" II", 
        "dummy:shop_name:\u042f\u043a\u0443\u0442\u0441\u043a \u041e\u0440\u0434\u0436\u043e\u043d\u0438\u043a\u0438\u0434\u0437\u0435, 56", 
        "dummy:shop_name:\u0421\u041f\u0431 \u0422\u041a \"\u041d\u0435\u0432\u0441\u043a\u0438\u0439 \u0426\u0435\u043d\u0442\u0440\"", 
        "dummy:shop_name:\u041c\u043e\u0441\u043a\u0432\u0430 \u0422\u0426 \"\u041c\u0415\u0413\u0410 \u0411\u0435\u043b\u0430\u044f \u0414\u0430\u0447\u0430 II\"", 
        "dummy:shop_name:\u0412\u043e\u0440\u043e\u043d\u0435\u0436 (\u041f\u043b\u0435\u0445\u0430\u043d\u043e\u0432\u0441\u043a\u0430\u044f, 13)", 
        "dummy:shop_name:\u0427\u0435\u0445\u043e\u0432 \u0422\u0420\u0426 \"\u041a\u0430\u0440\u043d\u0430\u0432\u0430\u043b\"", 
        "dummy:shop_name:\u042f\u043a\u0443\u0442\u0441\u043a \u0422\u0426 \"\u0426\u0435\u043d\u0442\u0440\u0430\u043b\u044c\u043d\u044b\u0439\"", 
        "dummy:shop_name:\u041c\u043e\u0441\u043a\u0432\u0430 \u041c\u0422\u0420\u0426 \"\u0410\u0444\u0438 \u041c\u043e\u043b\u043b\"", 
        "dummy:shop_name:\u0421\u0435\u0440\u0433\u0438\u0435\u0432 \u041f\u043e\u0441\u0430\u0434 \u0422\u0426 \"7\u042f\"", 
        "dummy:shop_name:\u041a\u0443\u0440\u0441\u043a \u0422\u0426 \"\u041f\u0443\u0448\u043a\u0438\u043d\u0441\u043a\u0438\u0439\"", 
        "dummy:shop_name:\u0422\u044e\u043c\u0435\u043d\u044c \u0422\u0426 \"\u0413\u0443\u0434\u0432\u0438\u043d\"", 
        "dummy:shop_name:\u041d.\u041d\u043e\u0432\u0433\u043e\u0440\u043e\u0434 \u0422\u0420\u0426 \"\u0424\u0430\u043d\u0442\u0430\u0441\u0442\u0438\u043a\u0430\"", 
        "dummy:shop_name:\u0412\u043e\u0440\u043e\u043d\u0435\u0436 \u0422\u0420\u0426 \"\u041c\u0430\u043a\u0441\u0438\u043c\u0438\u0440\"", 
        "dummy:shop_name:\u041c\u043e\u0441\u043a\u0432\u0430 \u0422\u0426 \"\u0410\u0440\u0435\u0430\u043b\" (\u0411\u0435\u043b\u044f\u0435\u0432\u043e)", 
        "dummy:shop_name:\u0421\u0443\u0440\u0433\u0443\u0442 \u0422\u0420\u0426 \"\u0421\u0438\u0442\u0438 \u041c\u043e\u043b\u043b\"", 
        "dummy:shop_name:\u041a\u0430\u043b\u0443\u0433\u0430 \u0422\u0420\u0426 \"XXI \u0432\u0435\u043a\"", 
        "dummy:shop_name:\u041c\u043e\u0441\u043a\u0432\u0430 \u0422\u0426 \"\u041f\u0435\u0440\u043b\u043e\u0432\u0441\u043a\u0438\u0439\"", 
        "dummy:shop_name:\u041a\u043e\u043b\u043e\u043c\u043d\u0430 \u0422\u0426 \"\u0420\u0438\u043e\"", 
        "dummy:shop_name:\u0423\u0444\u0430 \u0422\u0426 \"\u0421\u0435\u043c\u044c\u044f\" 2", 
        "dummy:shop_name:\u041a\u0440\u0430\u0441\u043d\u043e\u044f\u0440\u0441\u043a \u0422\u0426 \"\u0418\u044e\u043d\u044c\"", 
        "dummy:shop_name:\u0422\u044e\u043c\u0435\u043d\u044c \u0422\u0426 \"\u0417\u0435\u043b\u0435\u043d\u044b\u0439 \u0411\u0435\u0440\u0435\u0433\"", 
        "dummy:shop_name:\u041c\u043e\u0441\u043a\u0432\u0430 \u0422\u041a \"\u0411\u0443\u0434\u0435\u043d\u043e\u0432\u0441\u043a\u0438\u0439\" (\u043f\u0430\u0432.\u041a7)", 
        "dummy:shop_name:\u0423\u0444\u0430 \u0422\u041a \"\u0426\u0435\u043d\u0442\u0440\u0430\u043b\u044c\u043d\u044b\u0439\"", 
        "dummy:shop_name:\u041c\u043e\u0441\u043a\u0432\u0430 \u0422\u0426 \"\u041d\u043e\u0432\u044b\u0439 \u0432\u0435\u043a\" (\u041d\u043e\u0432\u043e\u043a\u043e\u0441\u0438\u043d\u043e)", 
        "dummy:shop_name:\u0421\u0430\u043c\u0430\u0440\u0430 \u0422\u0426 \"\u041c\u0435\u043b\u043e\u0434\u0438\u044f\"", 
        "dummy:shop_name:\u041e\u043c\u0441\u043a \u0422\u0426 \"\u041c\u0435\u0433\u0430\"", 
        "dummy:shop_name:\u041d\u043e\u0432\u043e\u0441\u0438\u0431\u0438\u0440\u0441\u043a \u0422\u0426 \"\u041c\u0435\u0433\u0430\"", 
        "dummy:shop_name:\u0420\u043e\u0441\u0442\u043e\u0432\u041d\u0430\u0414\u043e\u043d\u0443 \u0422\u0426 \"\u041c\u0435\u0433\u0430\"", 
        "dummy:shop_name:\u042f\u0440\u043e\u0441\u043b\u0430\u0432\u043b\u044c \u0422\u0426 \"\u0410\u043b\u044c\u0442\u0430\u0438\u0440\"", 
        "dummy:shop_name:\u041c\u043e\u0441\u043a\u0432\u0430 \u041c\u0430\u0433\u0430\u0437\u0438\u043d \u042121", 
        "dummy:shop_name:\u0412\u043e\u043b\u043e\u0433\u0434\u0430 \u0422\u0420\u0426 \"\u041c\u0430\u0440\u043c\u0435\u043b\u0430\u0434\"", 
        "dummy:shop_name:\u0412\u043e\u043b\u0436\u0441\u043a\u0438\u0439 \u0422\u0426 \"\u0412\u043e\u043b\u0433\u0430 \u041c\u043e\u043b\u043b\"", 
        "dummy:shop_name:\u0421\u0430\u043c\u0430\u0440\u0430 \u0422\u0426 \"\u041f\u0430\u0440\u043a\u0425\u0430\u0443\u0441\"", 
        "dummy:shop_name:\u041a\u0430\u0437\u0430\u043d\u044c \u0422\u0426 \"\u041f\u0430\u0440\u043a\u0425\u0430\u0443\u0441\" II", 
        "dummy:shop_name:\u0421\u041f\u0431 \u0422\u041a \"\u0421\u0435\u043d\u043d\u0430\u044f\"", 
        "dummy:shop_name:\u0418\u043d\u0442\u0435\u0440\u043d\u0435\u0442-\u043c\u0430\u0433\u0430\u0437\u0438\u043d \u0427\u0421", 
        "dummy:shop_name:\u0411\u0430\u043b\u0430\u0448\u0438\u0445\u0430 \u0422\u0420\u041a \"\u041e\u043a\u0442\u044f\u0431\u0440\u044c-\u041a\u0438\u043d\u043e\u043c\u0438\u0440\"", 
        "dummy:shop_name:\u0410\u0434\u044b\u0433\u0435\u044f \u0422\u0426 \"\u041c\u0435\u0433\u0430\"", 
        "dummy:shop_name:\u041a\u0440\u0430\u0441\u043d\u043e\u044f\u0440\u0441\u043a \u0422\u0426 \"\u0412\u0437\u043b\u0435\u0442\u043a\u0430 \u041f\u043b\u0430\u0437\u0430\"", 
        "dummy:shop_name:\u0416\u0443\u043a\u043e\u0432\u0441\u043a\u0438\u0439 \u0443\u043b. \u0427\u043a\u0430\u043b\u043e\u0432\u0430 39\u043c?", 
        "dummy:shop_name:\u0422\u043e\u043c\u0441\u043a \u0422\u0420\u0426 \"\u0418\u0437\u0443\u043c\u0440\u0443\u0434\u043d\u044b\u0439 \u0413\u043e\u0440\u043e\u0434\"", 
        "dummy:shop_name:\u0426\u0438\u0444\u0440\u043e\u0432\u043e\u0439 \u0441\u043a\u043b\u0430\u0434 1\u0421-\u041e\u043d\u043b\u0430\u0439\u043d", 
        "dummy:shop_name:\u041a\u0430\u0437\u0430\u043d\u044c \u0422\u0426 \"\u0411\u0435\u0445\u0435\u0442\u043b\u0435\"", 
        "dummy:shop_name:\u0422\u044e\u043c\u0435\u043d\u044c \u0422\u0420\u0426 \"\u041a\u0440\u0438\u0441\u0442\u0430\u043b\u043b\"", 
        "dummy:shop_name:\u0420\u043e\u0441\u0442\u043e\u0432\u041d\u0430\u0414\u043e\u043d\u0443 \u0422\u0420\u041a \"\u041c\u0435\u0433\u0430\u0446\u0435\u043d\u0442\u0440 \u0413\u043e\u0440\u0438\u0437\u043e\u043d\u0442\"", 
        "dummy:shop_name:\u041c\u043e\u0441\u043a\u0432\u0430 \u0422\u0426 \"\u0421\u0435\u0440\u0435\u0431\u0440\u044f\u043d\u044b\u0439 \u0414\u043e\u043c\"", 
        "dummy:shop_name:!\u042f\u043a\u0443\u0442\u0441\u043a \u041e\u0440\u0434\u0436\u043e\u043d\u0438\u043a\u0438\u0434\u0437\u0435, 56 \u0444\u0440\u0430\u043d", 
        "dummy:shop_name:\u041c\u043e\u0441\u043a\u0432\u0430 \u0422\u041a \"\u0411\u0443\u0434\u0435\u043d\u043e\u0432\u0441\u043a\u0438\u0439\" (\u043f\u0430\u0432.\u04102)", 
        "dummy:shop_name:\u041d.\u041d\u043e\u0432\u0433\u043e\u0440\u043e\u0434 \u0422\u0420\u0426 \"\u0420\u0418\u041e\"", 
        "dummy:shop_name:\u041c\u044b\u0442\u0438\u0449\u0438 \u0422\u0420\u041a \"XL-3\"", 
        "dummy:shop_name:!\u042f\u043a\u0443\u0442\u0441\u043a \u0422\u0426 \"\u0426\u0435\u043d\u0442\u0440\u0430\u043b\u044c\u043d\u044b\u0439\" \u0444\u0440\u0430\u043d", 
        "dummy:shop_name:\u0412\u043e\u0440\u043e\u043d\u0435\u0436 \u0422\u0420\u0426 \u0421\u0438\u0442\u0438-\u041f\u0430\u0440\u043a \"\u0413\u0440\u0430\u0434\"", 
        "dummy:shop_name:\u0420\u043e\u0441\u0442\u043e\u0432\u041d\u0430\u0414\u043e\u043d\u0443 \u0422\u0420\u041a \"\u041c\u0435\u0433\u0430\u0446\u0435\u043d\u0442\u0440 \u0413\u043e\u0440\u0438\u0437\u043e\u043d\u0442\" \u041e\u0441\u0442\u0440\u043e\u0432\u043d\u043e\u0439", 
        "dummy:shop_name:\u0412\u044b\u0435\u0437\u0434\u043d\u0430\u044f \u0422\u043e\u0440\u0433\u043e\u0432\u043b\u044f", 
        "dummy:shop_name:\u041c\u043e\u0441\u043a\u0432\u0430 \"\u0420\u0430\u0441\u043f\u0440\u043e\u0434\u0430\u0436\u0430\"", 
        "dummy:shop_name:\u0416\u0443\u043a\u043e\u0432\u0441\u043a\u0438\u0439 \u0443\u043b. \u0427\u043a\u0430\u043b\u043e\u0432\u0430 39\u043c\u00b2", 
        "dummy:shop_name:\u041d\u043e\u0432\u043e\u0441\u0438\u0431\u0438\u0440\u0441\u043a \u0422\u0420\u0426 \"\u0413\u0430\u043b\u0435\u0440\u0435\u044f \u041d\u043e\u0432\u043e\u0441\u0438\u0431\u0438\u0440\u0441\u043a\"", 
        "dummy:shop_name:N/A", 
        "dummy:shop_name:__Others__"
    ], 
    "regression_performance": {
        "max_error": 5.6851151261940434, 
        "median_error": -0.325797631230641, 
        "error_distribution": [
            {
                "count": 5836, 
                "bin_max": -2.4527752819528938, 
                "bin_id": 0, 
                "bin_min": -3.3660274277560505
            }, 
            {
                "count": 5262, 
                "bin_max": -1.5485652366032343, 
                "bin_id": 1, 
                "bin_min": -2.4527752819528938
            }, 
            {
                "count": 28677, 
                "bin_max": -0.64435519125357477, 
                "bin_id": 2, 
                "bin_min": -1.5485652366032343
            }, 
            {
                "count": 115963, 
                "bin_max": 0.25985485409608522, 
                "bin_id": 3, 
                "bin_min": -0.64435519125357477
            }, 
            {
                "count": 24003, 
                "bin_max": 1.1640648994457452, 
                "bin_id": 4, 
                "bin_min": 0.25985485409608522
            }, 
            {
                "count": 7697, 
                "bin_max": 2.0682749447954043, 
                "bin_id": 5, 
                "bin_min": 1.1640648994457452
            }, 
            {
                "count": 3756, 
                "bin_max": 2.9724849901450643, 
                "bin_id": 6, 
                "bin_min": 2.0682749447954043
            }, 
            {
                "count": 2233, 
                "bin_max": 3.8766950354947243, 
                "bin_id": 7, 
                "bin_min": 2.9724849901450643
            }, 
            {
                "count": 1352, 
                "bin_max": 4.7809050808443834, 
                "bin_id": 8, 
                "bin_min": 3.8766950354947243
            }, 
            {
                "count": 5065, 
                "bin_max": 5.6851151261940434, 
                "bin_id": 9, 
                "bin_min": 4.7809050808443834
            }
        ], 
        "min_error": -3.3569853273025538, 
        "average_error": -0.09515456209036297, 
        "std_error": 1.3886802659863684, 
        "p75_error": 0.03162613836420314, 
        "p90_error": 1.1881895025762743, 
        "p25_error": -0.549257404507459
    }
}