{
  "state": "DONE",
  "preSearchDescription": {
    "gridLength": 1,
    "importantParams": [
      {
        "name": "trees",
        "vals": [
          "30"
        ]
      },
      {
        "name": "depth",
        "vals": [
          "8"
        ]
      },
      {
        "name": "min_samples",
        "vals": [
          "3"
        ]
      }
    ]
  },
  "postSearchDescription": {
    "importantParams": [
      {
        "name": "trees",
        "val": "30"
      },
      {
        "name": "depth",
        "val": "8"
      },
      {
        "name": "min_samples",
        "val": "3"
      }
    ]
  },
  "modelId": "m1",
  "progress": {
    "top_level_todo": [],
    "stack": [],
    "top_level_done": [
      {
        "name": "Loading train set",
        "time": 1689
      },
      {
        "name": "Loading test set",
        "time": 451
      },
      {
        "name": "Collecting statistics",
        "time": 330
      },
      {
        "name": "Preprocessing train set",
        "time": 918
      },
      {
        "name": "Preprocessing test set",
        "time": 194
      },
      {
        "name": "Fitting model",
        "time": 1014129
      },
      {
        "name": "Saving model",
        "time": 411
      },
      {
        "name": "Scoring model",
        "time": 18877
      }
    ]
  },
  "startTime": 1523113099664,
  "endTime": 1523114136846,
  "preprocessingTime": 3583,
  "trainingTime": 1033599
}