{
  "state": "DONE",
  "preSearchDescription": {
    "gridLength": 1,
    "importantParams": [
      {
        "name": "max_depth",
        "vals": [
          "5"
        ]
      },
      {
        "name": "min_samples",
        "vals": [
          "1"
        ]
      },
      {
        "name": "criterion",
        "vals": [
          "gini"
        ]
      }
    ]
  },
  "postSearchDescription": {
    "importantParams": [
      {
        "name": "criterion",
        "val": "mse"
      },
      {
        "name": "max_depth",
        "val": "5"
      },
      {
        "name": "min_samples",
        "val": "1"
      }
    ]
  },
  "modelId": "m1",
  "progress": {
    "top_level_todo": [],
    "stack": [],
    "top_level_done": [
      {
        "name": "Loading train set",
        "time": 2822
      },
      {
        "name": "Loading test set",
        "time": 625
      },
      {
        "name": "Collecting statistics",
        "time": 1382
      },
      {
        "name": "Preprocessing train set",
        "time": 2438
      },
      {
        "name": "Preprocessing test set",
        "time": 942
      },
      {
        "name": "Fitting model",
        "time": 16702
      },
      {
        "name": "Saving model",
        "time": 4
      },
      {
        "name": "Scoring model",
        "time": 48949
      }
    ]
  },
  "startTime": 1525695887946,
  "endTime": 1525695961855,
  "preprocessingTime": 8218,
  "trainingTime": 65691
}