{
  "state": "DONE",
  "preSearchDescription": {
    "gridLength": 1,
    "importantParams": [
      {
        "name": "max_depth",
        "vals": [
          "5"
        ]
      },
      {
        "name": "min_samples",
        "vals": [
          "1"
        ]
      },
      {
        "name": "criterion",
        "vals": [
          "gini"
        ]
      }
    ]
  },
  "postSearchDescription": {
    "importantParams": [
      {
        "name": "criterion",
        "val": "gini"
      },
      {
        "name": "max_depth",
        "val": "5"
      },
      {
        "name": "min_samples",
        "val": "1"
      }
    ]
  },
  "modelId": "m1",
  "progress": {
    "top_level_todo": [],
    "stack": [],
    "top_level_done": [
      {
        "name": "Loading train set",
        "time": 17
      },
      {
        "name": "Loading test set",
        "time": 7
      },
      {
        "name": "Collecting statistics",
        "time": 64
      },
      {
        "name": "Preprocessing train set",
        "time": 97
      },
      {
        "name": "Preprocessing test set",
        "time": 75
      },
      {
        "name": "Fitting model",
        "time": 233
      },
      {
        "name": "Saving model",
        "time": 5
      },
      {
        "name": "Scoring model",
        "time": 146
      }
    ]
  },
  "startTime": 1524747865382,
  "endTime": 1524747866034,
  "preprocessingTime": 264,
  "trainingTime": 388
}