{
    "usedGridSearch": true, 
    "probaAware": true, 
    "gridSize": 1, 
    "rawImportance": {
        "variables": [
            "Work_accident", 
            "average_montly_hours", 
            "last_evaluation", 
            "number_project", 
            "promotion_last_5years", 
            "satisfaction_level", 
            "time_spend_company", 
            "dummy:salary:low", 
            "dummy:salary:medium", 
            "dummy:salary:high", 
            "dummy:department:sales", 
            "dummy:department:technical", 
            "dummy:department:support", 
            "dummy:department:it", 
            "dummy:department:product_mng", 
            "dummy:department:marketing", 
            "dummy:department:randd", 
            "dummy:department:accounting", 
            "dummy:department:hr", 
            "dummy:department:__Others__"
        ], 
        "importances": [
            0.024917619302868843, 
            0.2456362098455429, 
            0.17637406289577484, 
            0.0851001888513565, 
            0.00426119240000844, 
            0.20559105277061462, 
            0.09715782850980759, 
            0.01796562783420086, 
            0.011200708337128162, 
            0.009118969552218914, 
            0.018309855833649635, 
            0.020362630486488342, 
            0.015035321936011314, 
            0.010586033575236797, 
            0.009612868539988995, 
            0.009232577867805958, 
            0.008906718343496323, 
            0.012586446478962898, 
            0.01109536737203598, 
            0.006948655471205711
        ]
    }, 
    "modelInputNRows": 11943, 
    "modelInputNCols": 23, 
    "modelInputMemory": 2197512, 
    "gridCells": [
        {
            "score": 0.99315407161531466, 
            "params": {
                "reg_alpha": 0.0, 
                "colsample_bytree": 0.8, 
                "colsample_bylevel": 1.0, 
                "learning_rate": 0.2, 
                "max_delta_step": 0.0, 
                "min_child_weight": 0.0, 
                "subsample": 1.0, 
                "reg_lambda": 1.0, 
                "max_depth": 10, 
                "gamma": 0.0
            }
        }
    ], 
    "gridBestScore": 0.99315407161531466, 
    "modelInputIsSparse": false, 
    "nBoostedEstimators": 62
}