{
    "trainingTime": 1800, 
    "state": "DONE", 
    "startTime": 1493822877775, 
    "preprocessingTime": 99, 
    "progress": {
        "top_level_todo": [], 
        "stack": [], 
        "top_level_done": [
            {
                "name": "Loading train set", 
                "time": 12
            }, 
            {
                "name": "Loading test set", 
                "time": 5
            }, 
            {
                "name": "Collecting statistics", 
                "time": 12
            }, 
            {
                "name": "Preprocessing train set", 
                "time": 35
            }, 
            {
                "name": "Preprocessing test set", 
                "time": 32
            }, 
            {
                "name": "Fitting model", 
                "time": 1145
            }, 
            {
                "name": "Saving model", 
                "time": 28
            }, 
            {
                "name": "Scoring model", 
                "time": 627
            }
        ]
    }, 
    "endTime": 1493822879674, 
    "modelId": "NA"
}