{
    "rawImportance": {
        "variables": [
            "Area_Mean", 
            "Area_Se", 
            "Area_Worst", 
            "Compactness_Se", 
            "Compactness_Worst", 
            "Compactness_mean", 
            "Concave_Points_Mean", 
            "Concave_Points_Se", 
            "Concave_Points_Worst", 
            "Concavity_Mean", 
            "Concavity_Se", 
            "Concavity_Worst", 
            "Fractal_Dimension", 
            "Fractal_Dimension_Mean", 
            "Fractal_Dimension_Worst", 
            "Perimeter_Mean", 
            "Perimeter_Se", 
            "Perimeter_Worst", 
            "Radius_Mean", 
            "Radius_Se", 
            "Radius_Worst", 
            "Smoothness_Mean", 
            "Smoothness_Worst", 
            "Smothness_Se", 
            "Symmetry_Mean", 
            "Symmetry_Se", 
            "Symmetry_Worst", 
            "Texture_Mean", 
            "Texture_Se", 
            "Texture_Worst", 
            "dummy:Diagnosis:B", 
            "dummy:Diagnosis:M"
        ], 
        "importances": [
            0.032307071192340851, 
            0.016404274026681917, 
            0.052051274543205003, 
            0.0024452974793551531, 
            0.0081089441287747911, 
            0.0091296377847176619, 
            0.091821164905004596, 
            0.00093594594309041564, 
            0.074581175089662166, 
            0.016962944753935102, 
            0.0022224398241582196, 
            0.027650984620638336, 
            0.0023083633382890551, 
            0.0005702684105238305, 
            0.0015785585575988283, 
            0.046664184559332217, 
            0.011859526483304369, 
            0.090320646477443201, 
            0.026869539369551217, 
            0.0027319030312046183, 
            0.094631758331059537, 
            0.0015986737015016761, 
            0.0099818857662774072, 
            0.0027271262000804304, 
            0.0015967890817030217, 
            0.00097368044912726792, 
            0.0041367913107513126, 
            0.0049842225798911524, 
            0.00079258087074120015, 
            0.0059329279563150933, 
            0.19918191350139158, 
            0.1559375057323488
        ]
    }, 
    "probaAware": true, 
    "modelInputNRows": 448, 
    "modelInputNCols": 34, 
    "modelInputMemory": 121856, 
    "modelInputIsSparse": false
}