{
    "liftVizData": {
        "wizard": {
            "positives": 50, 
            "total": 121
        }, 
        "bins": [
            {
                "cum_lift": 1.0, 
                "bin_pos_prop": 0.8333333333, 
                "bin_min": 0.0119047619, 
                "percentile_idx": 0, 
                "cum_size": 0.4958677686, 
                "bin_lift": 2.0166666667, 
                "bin_max": 1.0
            }, 
            {
                "cum_lift": 1.0, 
                "bin_pos_prop": 0.0, 
                "bin_min": 0.0, 
                "percentile_idx": 1, 
                "cum_size": 1.0, 
                "bin_lift": 0.0, 
                "bin_max": 0.0119047619
            }
        ]
    }, 
    "usedThreshold": 0.30000000000000004, 
    "probaPercentiles": [
        0.0, 
        0.0, 
        0.0, 
        0.0, 
        0.0, 
        0.0, 
        0.0, 
        0.0, 
        0.0, 
        0.0, 
        0.0, 
        0.0, 
        0.0, 
        0.0, 
        0.0, 
        0.0, 
        0.0, 
        0.0, 
        0.0, 
        0.0, 
        0.0, 
        0.0, 
        0.0, 
        0.0, 
        0.0, 
        0.0, 
        0.0, 
        0.0, 
        0.0, 
        0.0, 
        0.0, 
        0.0, 
        0.0, 
        0.0, 
        0.0, 
        0.0, 
        0.0, 
        0.0, 
        0.0, 
        0.0, 
        0.0, 
        0.0, 
        0.0, 
        0.0, 
        0.0, 
        0.011904761904761904, 
        0.011904761904761904, 
        0.011904761904761904, 
        0.011904761904761904, 
        0.011904761904761904, 
        0.015307098249135748, 
        0.033333333333333465, 
        0.054761904761904776, 
        0.06904761904761918, 
        0.07902848639455781, 
        0.08961522108843546, 
        0.16884566326530498, 
        0.2785714285714283, 
        0.6690476190476178, 
        0.7619047619047619, 
        0.8909332482993197, 
        0.9052189625850342, 
        0.9195046768707482, 
        0.9372342687074829, 
        0.9404761904761905, 
        0.9642857142857143, 
        0.9642857142857143, 
        0.9714285714285715, 
        0.9857142857142857, 
        0.9880952380952381, 
        0.9880952380952381, 
        0.9911352040816326, 
        0.9982780612244898, 
        1.0, 
        1.0, 
        1.0, 
        1.0, 
        1.0, 
        1.0, 
        1.0, 
        1.0, 
        1.0, 
        1.0, 
        1.0, 
        1.0, 
        1.0, 
        1.0, 
        1.0, 
        1.0, 
        1.0, 
        1.0, 
        1.0, 
        1.0, 
        1.0, 
        1.0, 
        1.0, 
        1.0, 
        1.0, 
        1.0
    ], 
    "rocVizData": [
        [
            {
                "y": 0.66000000000000003, 
                "x": 0.0, 
                "p": 1.0
            }, 
            {
                "y": 0.76000000000000001, 
                "x": 0.0, 
                "p": 0.98809523809523814
            }, 
            {
                "y": 0.83999999999999997, 
                "x": 0.0, 
                "p": 0.9642857142857143
            }, 
            {
                "y": 0.95999999999999996, 
                "x": 0.0, 
                "p": 0.88855229591836737
            }, 
            {
                "y": 1.0, 
                "x": 0.14084507042253522, 
                "p": 0.013181491859038698
            }, 
            {
                "y": 1.0, 
                "x": 0.22535211267605634, 
                "p": 0.011904761904761904
            }, 
            {
                "y": 1.0, 
                "x": 1.0, 
                "p": 0.0
            }
        ]
    ], 
    "metrics": {}, 
    "densityData": {
        "1": {
            "incorrect": [
                15.573752277653748, 
                14.575889362801359, 
                11.29810010608696, 
                7.382564876876633, 
                4.262466164548927, 
                2.4290614431592705, 
                1.6032046332772765, 
                1.280679401630243, 
                1.0988678801745093, 
                0.9123593893624983, 
                0.7126683840570642, 
                0.5277290072506823, 
                0.3705617063702905, 
                0.24055474196116566, 
                0.13874816555285788, 
                0.06864448090907045, 
                0.02852879002418371, 
                0.010257679741868536, 
                0.005064770558578716, 
                0.00905841419175181, 
                0.02494527870566074, 
                0.05960378643663567, 
                0.11674613402099351, 
                0.1875446422590515, 
                0.2497736222451787, 
                0.28312477163393746, 
                0.2882531762953319, 
                0.28500068888642255, 
                0.28749467944116935, 
                0.2860924372554043, 
                0.25973096127110085, 
                0.202474930757312, 
                0.1313728996239216, 
                0.07000232170672493, 
                0.030470242601404275, 
                0.010811883489159587, 
                0.003124977495723757, 
                0.0007354996544008309, 
                0.00014094793120715576, 
                2.1991601085891805e-05, 
                2.793635822751972e-06, 
                2.8893146090365465e-07, 
                2.4329375023012386e-08, 
                1.667929772069283e-09, 
                9.309687645410886e-11, 
                4.230609541089218e-12, 
                1.5652411005110908e-13, 
                4.714872988482323e-15, 
                1.1562964860972244e-16, 
                2.30876040448997e-18, 
                3.753176400126313e-20, 
                4.967404647950543e-22, 
                5.352671032470087e-24, 
                4.6959343636798373e-26, 
                3.3541612258154847e-28, 
                1.9505464703438606e-30, 
                9.235047212910904e-33, 
                3.5598556649821676e-35, 
                1.117213334793647e-37, 
                2.8546330053148088e-40, 
                5.938474639057983e-43, 
                1.005796177121325e-45, 
                1.386933078614117e-48, 
                1.5570819961023755e-51, 
                1.4232392468765668e-54, 
                1.0591434639452326e-57, 
                6.417148965147856e-61, 
                3.1654823955907946e-64, 
                1.2713002588885716e-67, 
                4.156873605247926e-71, 
                1.1066134761668993e-74, 
                2.3984769055838457e-78, 
                4.2323890167269936e-82, 
                6.080594852223025e-86, 
                7.1124136616132815e-90, 
                6.773270165597769e-94, 
                5.251583087615246e-98, 
                3.315068712567311e-102, 
                1.703747687450802e-106, 
                7.128997711696272e-111, 
                2.4286342894616867e-115, 
                6.736064248153867e-120, 
                1.5211105213439222e-124, 
                2.796570492914407e-129, 
                4.186019266996628e-134, 
                5.1013735495672046e-139, 
                5.0615494054915403e-144, 
                4.088747445607707e-149, 
                2.689103651891062e-154, 
                1.4399096767922826e-159, 
                6.277307585432799e-165, 
                2.228035055528166e-170, 
                6.438446349116769e-176, 
                1.514783597292249e-181, 
                2.901553332385146e-187, 
                4.525024892159684e-193, 
                5.745420753568209e-199, 
                5.93927119536224e-205, 
                4.998675273568531e-211, 
                3.4252095371693305e-217
            ], 
            "incorrectMedian": 0.0, 
            "correct": [
                3.652373284566525e-200, 
                6.4629341224858696e-195, 
                9.732988350346037e-190, 
                1.2474541172384344e-184, 
                1.3607077573894385e-179, 
                1.2631852429449831e-174, 
                9.980013503188864e-170, 
                6.710534556411782e-165, 
                3.8401218770080565e-160, 
                1.870229064428299e-155, 
                7.751870312330347e-151, 
                2.7345136632164897e-146, 
                8.209479065818013e-142, 
                2.0975532963689793e-137, 
                4.561128546150159e-133, 
                8.440992656667567e-129, 
                1.3294641646708386e-124, 
                1.782057247592374e-120, 
                2.03295876583758e-116, 
                1.9737738525218874e-112, 
                1.630902939595116e-108, 
                1.1468872967899118e-104, 
                6.863968346382041e-101, 
                3.4961632587514656e-97, 
                1.5155492000932924e-93, 
                5.591267591901454e-90, 
                1.7555468274050867e-86, 
                4.6911191286289995e-83, 
                1.0668476576054073e-79, 
                2.0648583154339685e-76, 
                3.401261386891442e-73, 
                4.768169256725493e-70, 
                5.6888596645575574e-67, 
                5.7764455048794004e-64, 
                4.991809961209786e-61, 
                3.671278313569924e-58, 
                2.2979389009956047e-55, 
                1.224113107550814e-52, 
                5.549661856152835e-50, 
                2.1412796948930703e-47, 
                7.031406046393221e-45, 
                1.9650466286472753e-42, 
                4.6737496442362075e-40, 
                9.460627275942453e-38, 
                1.629807541881353e-35, 
                2.3895417138037535e-33, 
                2.981637296506695e-31, 
                3.16633536009104e-29, 
                2.861678972867463e-27, 
                2.2011356948274694e-25, 
                1.4409025952671435e-23, 
                8.02757428906031e-22, 
                3.806238044234106e-20, 
                1.535923060826912e-18, 
                5.274786416051025e-17, 
                1.5417082623059241e-15, 
                3.8349651653657456e-14, 
                8.118626270339763e-13, 
                1.4627347493138866e-11, 
                2.2429030970238113e-10, 
                2.9269637594805287e-09, 
                3.25076879769512e-08, 
                3.0726756774502666e-07, 
                2.471776879022663e-06, 
                1.692246837553594e-05, 
                9.860071394101049e-05, 
                0.0004889430876200609, 
                0.002063471451125215, 
                0.007411404575986975, 
                0.022655021608742353, 
                0.05893731447069208, 
                0.13049026347037393, 
                0.24588258842759972, 
                0.39431141650768475, 
                0.5381617905390397, 
                0.6250985676026458, 
                0.6179421827138102, 
                0.5199037074614975, 
                0.372363523170679, 
                0.22740960564119395, 
                0.11998009593068862, 
                0.06009892130733797, 
                0.044085074434656146, 
                0.07003547889062749, 
                0.14523428450930437, 
                0.28183626668517514, 
                0.4845871503920454, 
                0.7397758177223365, 
                1.0158040553538832, 
                1.278862339227204, 
                1.5165404456350982, 
                1.7595590714049016, 
                2.0993904024821046, 
                2.700416908259109, 
                3.782840087012525, 
                5.526375546773488, 
                7.877666273442232, 
                10.37033114296935, 
                12.177623218333574, 
                12.507832119567318
            ], 
            "correctMedian": 1.0
        }, 
        "0": {
            "incorrect": [
                12.507832119567318, 
                12.177623218333574, 
                10.370331142969333, 
                7.877666273442219, 
                5.526375546773478, 
                3.7828400870125116, 
                2.700416908259104, 
                2.099390402482099, 
                1.7595590714048985, 
                1.5165404456350968, 
                1.2788623392271996, 
                1.0158040553538819, 
                0.7397758177223341, 
                0.484587150392045, 
                0.28183626668517386, 
                0.14523428450930448, 
                0.0700354788906273, 
                0.04408507443465622, 
                0.06009892130733839, 
                0.1199800959306899, 
                0.22740960564119525, 
                0.372363523170681, 
                0.5199037074614986, 
                0.617942182713811, 
                0.6250985676026453, 
                0.5381617905390383, 
                0.3943114165076821, 
                0.24588258842759808, 
                0.1304902634703723, 
                0.058937314470691164, 
                0.02265502160874205, 
                0.007411404575986804, 
                0.0020634714511251788, 
                0.000488943087620047, 
                9.860071394100821e-05, 
                1.6922468375535335e-05, 
                2.4717768790225665e-06, 
                3.072675677450168e-07, 
                3.2507687976949814e-08, 
                2.926963759480414e-09, 
                2.242903097023684e-10, 
                1.4627347493138242e-11, 
                8.118626270339387e-13, 
                3.834965165365473e-14, 
                1.5417082623058474e-15, 
                5.274786416050575e-17, 
                1.5359230608268137e-18, 
                3.8062380442337543e-20, 
                8.027574289059625e-22, 
                1.4409025952670412e-23, 
                2.201135694827313e-25, 
                2.8616789728671986e-27, 
                3.1663353600907253e-29, 
                2.981637296506483e-31, 
                2.3895417138034818e-33, 
                1.6298075418811908e-35, 
                9.460627275941244e-38, 
                4.673749644235743e-40, 
                1.96504662864708e-42, 
                7.031406046392223e-45, 
                2.1412796948927964e-47, 
                5.549661856151889e-50, 
                1.22411310755064e-52, 
                2.2979389009952127e-55, 
                3.671278313569298e-58, 
                4.991809961208935e-61, 
                5.776445504878415e-64, 
                5.6888596645565875e-67, 
                4.7681692567245445e-70, 
                3.401261386890862e-73, 
                2.0648583154335577e-76, 
                1.066847657605195e-79, 
                4.691119128628199e-83, 
                1.7555468274047373e-86, 
                5.591267591899864e-90, 
                1.5155492000927755e-93, 
                3.49616325875077e-97, 
                6.86396834638048e-101, 
                1.146887296789586e-104, 
                1.6309029395949308e-108, 
                1.9737738525214384e-112, 
                2.0329587658370025e-116, 
                1.7820572475918672e-120, 
                1.329464164670461e-124, 
                8.440992656665647e-129, 
                4.5611285461483446e-133, 
                2.0975532963686215e-137, 
                8.20947906581568e-142, 
                2.7345136632152463e-146, 
                7.751870312327263e-151, 
                1.8702290644276612e-155, 
                3.840121877006965e-160, 
                6.710534556408731e-165, 
                9.980013503187162e-170, 
                1.2631852429444806e-174, 
                1.3607077573887424e-179, 
                1.2474541172381507e-184, 
                9.732988350342164e-190, 
                6.462934122484033e-195, 
                3.652373284565694e-200
            ], 
            "incorrectMedian": 0.0, 
            "correct": [
                3.4252095371693305e-217, 
                4.998675273569383e-211, 
                5.939271195363253e-205, 
                5.745420753568209e-199, 
                4.52502489216097e-193, 
                2.901553332385476e-187, 
                1.514783597292249e-181, 
                6.438446349118598e-176, 
                2.2280350555284195e-170, 
                6.277307585433869e-165, 
                1.439909676792692e-159, 
                2.6891036518918266e-154, 
                4.088747445608172e-149, 
                5.0615494054915403e-144, 
                5.101373549568364e-139, 
                4.186019266997104e-134, 
                2.796570492914884e-129, 
                1.521110521344268e-124, 
                6.736064248155398e-120, 
                2.4286342894619626e-115, 
                7.128997711696272e-111, 
                1.7037476874510923e-106, 
                3.315068712567405e-102, 
                5.251583087616142e-98, 
                6.773270165598731e-94, 
                7.11241366161409e-90, 
                6.0805948522238886e-86, 
                4.2323890167274747e-82, 
                2.3984769055841865e-78, 
                1.1066134761670566e-74, 
                4.156873605248281e-71, 
                1.271300258888716e-67, 
                3.1654823955910645e-64, 
                6.417148965148768e-61, 
                1.0591434639453229e-57, 
                1.4232392468767288e-54, 
                1.5570819961025524e-51, 
                1.3869330786142355e-48, 
                1.0057961771214394e-45, 
                5.938474639058405e-43, 
                2.8546330053150926e-40, 
                1.1172133347937264e-37, 
                3.5598556649824204e-35, 
                9.235047212911692e-33, 
                1.9505464703439716e-30, 
                3.354161225815771e-28, 
                4.695934363680071e-26, 
                5.352671032470505e-24, 
                4.967404647950861e-22, 
                3.7531764001264733e-20, 
                2.3087604044900684e-18, 
                1.1562964860972984e-16, 
                4.71487298848259e-15, 
                1.5652411005111466e-13, 
                4.230609541089459e-12, 
                9.309687645411217e-11, 
                1.66792977206936e-09, 
                2.4329375023013077e-08, 
                2.889314609036618e-07, 
                2.793635822752071e-06, 
                2.1991601085892313e-05, 
                0.00014094793120715977, 
                0.0007354996544008432, 
                0.0031249774957238263, 
                0.010811883489159789, 
                0.030470242601404584, 
                0.07000232170672578, 
                0.13137289962392232, 
                0.20247493075731307, 
                0.2597309612711012, 
                0.2860924372554043, 
                0.2874946794411688, 
                0.28500068888642216, 
                0.28825317629533165, 
                0.2831247716339372, 
                0.24977362224517816, 
                0.18754464225905093, 
                0.1167461340209933, 
                0.059603786436635275, 
                0.024945278705660608, 
                0.009058414191751712, 
                0.005064770558578716, 
                0.010257679741868682, 
                0.028528790024183938, 
                0.06864448090907063, 
                0.13874816555285888, 
                0.2405547419611664, 
                0.3705617063702922, 
                0.5277290072506837, 
                0.7126683840570674, 
                0.9123593893624999, 
                1.0988678801745093, 
                1.2806794016302452, 
                1.6032046332772807, 
                2.4290614431592834, 
                4.262466164548946, 
                7.382564876876639, 
                11.29810010608698, 
                14.575889362801371, 
                15.573752277653748
            ], 
            "correctMedian": 1.0
        }
    }, 
    "perCutData": {
        "fp": [
            16, 
            8, 
            7, 
            5, 
            3, 
            2, 
            2, 
            2, 
            2, 
            2, 
            1, 
            1, 
            0, 
            0, 
            0, 
            0, 
            0, 
            0, 
            0, 
            0, 
            0, 
            0, 
            0, 
            0, 
            0, 
            0, 
            0, 
            0, 
            0, 
            0, 
            0, 
            0, 
            0, 
            0, 
            0, 
            0, 
            0, 
            0, 
            0, 
            0
        ], 
        "f1": [
            0.86206896551724133, 
            0.92592592592592593, 
            0.93457943925233633, 
            0.95238095238095233, 
            0.970873786407767, 
            0.98039215686274506, 
            0.98039215686274506, 
            0.98039215686274506, 
            0.98039215686274506, 
            0.98039215686274506, 
            0.99009900990098998, 
            0.99009900990098998, 
            1.0, 
            1.0, 
            1.0, 
            1.0, 
            1.0, 
            1.0, 
            1.0, 
            1.0, 
            1.0, 
            1.0, 
            1.0, 
            1.0, 
            1.0, 
            1.0, 
            1.0, 
            1.0, 
            1.0, 
            1.0, 
            1.0, 
            0.97959183673469385, 
            0.97959183673469385, 
            0.97959183673469385, 
            0.97959183673469385, 
            0.97959183673469385, 
            0.96907216494845361, 
            0.93617021276595747, 
            0.91304347826086962, 
            0.8764044943820225
        ], 
        "mcc": [
            0.76606426629486957, 
            0.87460530194560149, 
            0.88921829000780483, 
            0.91927711955384483, 
            0.95054427252566964, 
            0.96667102525760262, 
            0.96667102525760262, 
            0.96667102525760262, 
            0.96667102525760262, 
            0.96667102525760262, 
            0.98314994615533591, 
            0.98314994615533591, 
            1.0, 
            1.0, 
            1.0, 
            1.0, 
            1.0, 
            1.0, 
            1.0, 
            1.0, 
            1.0, 
            1.0, 
            1.0, 
            1.0, 
            1.0, 
            1.0, 
            1.0, 
            1.0, 
            1.0, 
            1.0, 
            1.0, 
            0.96628082364134193, 
            0.96628082364134193, 
            0.96628082364134193, 
            0.96628082364134193, 
            0.96628082364134193, 
            0.94967988916892065, 
            0.90079330116768475, 
            0.86887093912776125, 
            0.8218064575424906
        ], 
        "precision": [
            0.75757575757575757, 
            0.86206896551724133, 
            0.8771929824561403, 
            0.90909090909090906, 
            0.94339622641509435, 
            0.96153846153846156, 
            0.96153846153846156, 
            0.96153846153846156, 
            0.96153846153846156, 
            0.96153846153846156, 
            0.98039215686274506, 
            0.98039215686274506, 
            1.0, 
            1.0, 
            1.0, 
            1.0, 
            1.0, 
            1.0, 
            1.0, 
            1.0, 
            1.0, 
            1.0, 
            1.0, 
            1.0, 
            1.0, 
            1.0, 
            1.0, 
            1.0, 
            1.0, 
            1.0, 
            1.0, 
            1.0, 
            1.0, 
            1.0, 
            1.0, 
            1.0, 
            1.0, 
            1.0, 
            1.0, 
            1.0
        ], 
        "hammingLoss": [
            0.13223140495867769, 
            0.066115702479338845, 
            0.057851239669421489, 
            0.041322314049586778, 
            0.024793388429752067, 
            0.016528925619834711, 
            0.016528925619834711, 
            0.016528925619834711, 
            0.016528925619834711, 
            0.016528925619834711, 
            0.0082644628099173556, 
            0.0082644628099173556, 
            0.0, 
            0.0, 
            0.0, 
            0.0, 
            0.0, 
            0.0, 
            0.0, 
            0.0, 
            0.0, 
            0.0, 
            0.0, 
            0.0, 
            0.0, 
            0.0, 
            0.0, 
            0.0, 
            0.0, 
            0.0, 
            0.0, 
            0.016528925619834711, 
            0.016528925619834711, 
            0.016528925619834711, 
            0.016528925619834711, 
            0.016528925619834711, 
            0.024793388429752067, 
            0.049586776859504134, 
            0.066115702479338845, 
            0.090909090909090912
        ], 
        "fn": [
            0, 
            0, 
            0, 
            0, 
            0, 
            0, 
            0, 
            0, 
            0, 
            0, 
            0, 
            0, 
            0, 
            0, 
            0, 
            0, 
            0, 
            0, 
            0, 
            0, 
            0, 
            0, 
            0, 
            0, 
            0, 
            0, 
            0, 
            0, 
            0, 
            0, 
            0, 
            2, 
            2, 
            2, 
            2, 
            2, 
            3, 
            6, 
            8, 
            11
        ], 
        "cut": [
            0.0, 
            0.025000000000000001, 
            0.050000000000000003, 
            0.075000000000000011, 
            0.10000000000000001, 
            0.125, 
            0.15000000000000002, 
            0.17500000000000002, 
            0.20000000000000001, 
            0.22500000000000001, 
            0.25, 
            0.27500000000000002, 
            0.30000000000000004, 
            0.32500000000000001, 
            0.35000000000000003, 
            0.375, 
            0.40000000000000002, 
            0.42500000000000004, 
            0.45000000000000001, 
            0.47500000000000003, 
            0.5, 
            0.52500000000000002, 
            0.55000000000000004, 
            0.57500000000000007, 
            0.60000000000000009, 
            0.625, 
            0.65000000000000002, 
            0.67500000000000004, 
            0.70000000000000007, 
            0.72500000000000009, 
            0.75, 
            0.77500000000000002, 
            0.80000000000000004, 
            0.82500000000000007, 
            0.85000000000000009, 
            0.875, 
            0.90000000000000002, 
            0.92500000000000004, 
            0.95000000000000007, 
            0.97500000000000009
        ], 
        "recall": [
            1.0, 
            1.0, 
            1.0, 
            1.0, 
            1.0, 
            1.0, 
            1.0, 
            1.0, 
            1.0, 
            1.0, 
            1.0, 
            1.0, 
            1.0, 
            1.0, 
            1.0, 
            1.0, 
            1.0, 
            1.0, 
            1.0, 
            1.0, 
            1.0, 
            1.0, 
            1.0, 
            1.0, 
            1.0, 
            1.0, 
            1.0, 
            1.0, 
            1.0, 
            1.0, 
            1.0, 
            0.95999999999999996, 
            0.95999999999999996, 
            0.95999999999999996, 
            0.95999999999999996, 
            0.95999999999999996, 
            0.93999999999999995, 
            0.88, 
            0.83999999999999997, 
            0.78000000000000003
        ], 
        "tp": [
            50, 
            50, 
            50, 
            50, 
            50, 
            50, 
            50, 
            50, 
            50, 
            50, 
            50, 
            50, 
            50, 
            50, 
            50, 
            50, 
            50, 
            50, 
            50, 
            50, 
            50, 
            50, 
            50, 
            50, 
            50, 
            50, 
            50, 
            50, 
            50, 
            50, 
            50, 
            48, 
            48, 
            48, 
            48, 
            48, 
            47, 
            44, 
            42, 
            39
        ], 
        "tn": [
            55, 
            63, 
            64, 
            66, 
            68, 
            69, 
            69, 
            69, 
            69, 
            69, 
            70, 
            70, 
            71, 
            71, 
            71, 
            71, 
            71, 
            71, 
            71, 
            71, 
            71, 
            71, 
            71, 
            71, 
            71, 
            71, 
            71, 
            71, 
            71, 
            71, 
            71, 
            71, 
            71, 
            71, 
            71, 
            71, 
            71, 
            71, 
            71, 
            71
        ], 
        "accuracy": [
            0.86776859504132231, 
            0.93388429752066116, 
            0.94214876033057848, 
            0.95867768595041325, 
            0.97520661157024791, 
            0.98347107438016534, 
            0.98347107438016534, 
            0.98347107438016534, 
            0.98347107438016534, 
            0.98347107438016534, 
            0.99173553719008267, 
            0.99173553719008267, 
            1.0, 
            1.0, 
            1.0, 
            1.0, 
            1.0, 
            1.0, 
            1.0, 
            1.0, 
            1.0, 
            1.0, 
            1.0, 
            1.0, 
            1.0, 
            1.0, 
            1.0, 
            1.0, 
            1.0, 
            1.0, 
            1.0, 
            0.98347107438016534, 
            0.98347107438016534, 
            0.98347107438016534, 
            0.98347107438016534, 
            0.98347107438016534, 
            0.97520661157024791, 
            0.95041322314049592, 
            0.93388429752066116, 
            0.90909090909090906
        ]
    }, 
    "optimalThreshold": 0.30000000000000004, 
    "tiMetrics": {
        "logLoss": 0.020422971773483647, 
        "auc": 1.0, 
        "lift": 2.42
    }
}