{
    "trainingTime": 2355, 
    "state": "DONE", 
    "startTime": 1493924731524, 
    "preprocessingTime": 241, 
    "progress": {
        "top_level_todo": [], 
        "stack": [], 
        "top_level_done": [
            {
                "name": "Loading train set", 
                "time": 56
            }, 
            {
                "name": "Loading test set", 
                "time": 6
            }, 
            {
                "name": "Collecting statistics", 
                "time": 53
            }, 
            {
                "name": "Preprocessing train set", 
                "time": 87
            }, 
            {
                "name": "Preprocessing test set", 
                "time": 38
            }, 
            {
                "name": "Fitting model", 
                "time": 1841
            }, 
            {
                "name": "Saving model", 
                "time": 18
            }, 
            {
                "name": "Scoring model", 
                "time": 496
            }
        ]
    }, 
    "endTime": 1493924734120, 
    "modelId": "NA"
}