{
    "gridSize": 10, 
    "nThreads": 4, 
    "metric": "ROC_AUC", 
    "gridPoints": [
        {
            "index": 0, 
            "finishedAt": 1524752504415.0, 
            "score": 0.5, 
            "parameters": {
                "penalty": "l1", 
                "C": 0.01
            }, 
            "time": 256.0
        }, 
        {
            "index": 1, 
            "finishedAt": 1524752504531.0, 
            "score": 0.59154206547789834, 
            "parameters": {
                "penalty": "l2", 
                "C": 0.01
            }, 
            "time": 248.0
        }, 
        {
            "index": 2, 
            "finishedAt": 1524752504658.0, 
            "score": 0.53401767221634533, 
            "parameters": {
                "penalty": "l1", 
                "C": 0.1
            }, 
            "time": 215.0
        }, 
        {
            "index": 3, 
            "finishedAt": 1524752504711.0, 
            "score": 0.57425250211109924, 
            "parameters": {
                "penalty": "l2", 
                "C": 0.1
            }, 
            "time": 225.0
        }, 
        {
            "index": 4, 
            "finishedAt": 1524752504889.0, 
            "score": 0.54858894430212113, 
            "parameters": {
                "penalty": "l1", 
                "C": 1.0
            }, 
            "time": 294.0
        }, 
        {
            "index": 5, 
            "finishedAt": 1524752504994.0, 
            "score": 0.5489026572671859, 
            "parameters": {
                "penalty": "l2", 
                "C": 1.0
            }, 
            "time": 221.0
        }, 
        {
            "index": 6, 
            "finishedAt": 1524752505374.0, 
            "score": 0.52724009228748647, 
            "parameters": {
                "penalty": "l1", 
                "C": 10.0
            }, 
            "time": 1073.0
        }, 
        {
            "index": 7, 
            "finishedAt": 1524752505344.0, 
            "score": 0.53824917069261113, 
            "parameters": {
                "penalty": "l2", 
                "C": 10.0
            }, 
            "time": 232.0
        }, 
        {
            "index": 8, 
            "finishedAt": 1524752505613.0, 
            "score": 0.52441185283854697, 
            "parameters": {
                "penalty": "l1", 
                "C": 100.0
            }, 
            "time": 554.0
        }, 
        {
            "index": 9, 
            "finishedAt": 1524752505659.0, 
            "score": 0.53304235499074437, 
            "parameters": {
                "penalty": "l2", 
                "C": 100.0
            }, 
            "time": 265.0
        }
    ], 
    "startedAt": 1524752504219, 
    "nSplits": 3
}