[
    {
        "parameters": {
            "penalty": "l2", 
            "C": 0.01
        }, 
        "score_time": 43, 
        "test_score": 0.6189128778695265, 
        "fit_time": 38, 
        "num_samples": 410, 
        "best_iteration": null, 
        "train_score": 0.7987050987043114, 
        "parameter_id": 1, 
        "time": 81, 
        "done_at": 1524752504407, 
        "grid_point_id": "{\"penalty\": \"l2\", \"C\": 0.01}@0"
    }, 
    {
        "parameters": {
            "penalty": "l2", 
            "C": 1.0
        }, 
        "score_time": 35, 
        "test_score": 0.5341206264437239, 
        "fit_time": 35, 
        "num_samples": 408, 
        "best_iteration": null, 
        "train_score": 0.99835584565762, 
        "parameter_id": 5, 
        "time": 70, 
        "done_at": 1524752504994, 
        "grid_point_id": "{\"penalty\": \"l2\", \"C\": 1.0}@2"
    }, 
    {
        "parameters": {
            "penalty": "l2", 
            "C": 1.0
        }, 
        "score_time": 50, 
        "test_score": 0.5394570301915316, 
        "fit_time": 30, 
        "num_samples": 410, 
        "best_iteration": null, 
        "train_score": 0.9985937569120008, 
        "parameter_id": 5, 
        "time": 80, 
        "done_at": 1524752504946, 
        "grid_point_id": "{\"penalty\": \"l2\", \"C\": 1.0}@1"
    }, 
    {
        "parameters": {
            "penalty": "l2", 
            "C": 0.01
        }, 
        "score_time": 57, 
        "test_score": 0.5661192936294014, 
        "fit_time": 26, 
        "num_samples": 410, 
        "best_iteration": null, 
        "train_score": 0.837040799456562, 
        "parameter_id": 1, 
        "time": 83, 
        "done_at": 1524752504531, 
        "grid_point_id": "{\"penalty\": \"l2\", \"C\": 0.01}@1"
    }, 
    {
        "parameters": {
            "penalty": "l1", 
            "C": 0.01
        }, 
        "score_time": 40, 
        "test_score": 0.5, 
        "fit_time": 20, 
        "num_samples": 410, 
        "best_iteration": null, 
        "train_score": 0.5, 
        "parameter_id": 0, 
        "time": 60, 
        "done_at": 1524752504351, 
        "grid_point_id": "{\"penalty\": \"l1\", \"C\": 0.01}@0"
    }, 
    {
        "parameters": {
            "penalty": "l1", 
            "C": 0.1
        }, 
        "score_time": 41, 
        "test_score": 0.5325261044319893, 
        "fit_time": 27, 
        "num_samples": 410, 
        "best_iteration": null, 
        "train_score": 0.5774335679383623, 
        "parameter_id": 2, 
        "time": 68, 
        "done_at": 1524752504564, 
        "grid_point_id": "{\"penalty\": \"l1\", \"C\": 0.1}@0"
    }, 
    {
        "parameters": {
            "penalty": "l1", 
            "C": 0.01
        }, 
        "score_time": 62, 
        "test_score": 0.5, 
        "fit_time": 25, 
        "num_samples": 408, 
        "best_iteration": null, 
        "train_score": 0.5, 
        "parameter_id": 0, 
        "time": 87, 
        "done_at": 1524752504367, 
        "grid_point_id": "{\"penalty\": \"l1\", \"C\": 0.01}@2"
    }, 
    {
        "parameters": {
            "penalty": "l2", 
            "C": 0.01
        }, 
        "score_time": 57, 
        "test_score": 0.5894700114135552, 
        "fit_time": 27, 
        "num_samples": 408, 
        "best_iteration": null, 
        "train_score": 0.8333360816374068, 
        "parameter_id": 1, 
        "time": 84, 
        "done_at": 1524752504517, 
        "grid_point_id": "{\"penalty\": \"l2\", \"C\": 0.01}@2"
    }, 
    {
        "parameters": {
            "penalty": "l2", 
            "C": 1.0
        }, 
        "score_time": 33, 
        "test_score": 0.5730842389366648, 
        "fit_time": 38, 
        "num_samples": 410, 
        "best_iteration": null, 
        "train_score": 0.9973722868404498, 
        "parameter_id": 5, 
        "time": 71, 
        "done_at": 1524752504861, 
        "grid_point_id": "{\"penalty\": \"l2\", \"C\": 1.0}@0"
    }, 
    {
        "parameters": {
            "penalty": "l1", 
            "C": 0.1
        }, 
        "score_time": 69, 
        "test_score": 0.5285648438280519, 
        "fit_time": 16, 
        "num_samples": 408, 
        "best_iteration": null, 
        "train_score": 0.6013991616038448, 
        "parameter_id": 2, 
        "time": 85, 
        "done_at": 1524752504658, 
        "grid_point_id": "{\"penalty\": \"l1\", \"C\": 0.1}@2"
    }, 
    {
        "parameters": {
            "penalty": "l1", 
            "C": 1.0
        }, 
        "score_time": 25, 
        "test_score": 0.5873127290748583, 
        "fit_time": 62, 
        "num_samples": 410, 
        "best_iteration": null, 
        "train_score": 0.9596670168122357, 
        "parameter_id": 4, 
        "time": 87, 
        "done_at": 1524752504820, 
        "grid_point_id": "{\"penalty\": \"l1\", \"C\": 1.0}@0"
    }, 
    {
        "parameters": {
            "penalty": "l1", 
            "C": 1.0
        }, 
        "score_time": 49, 
        "test_score": 0.5530577185451399, 
        "fit_time": 62, 
        "num_samples": 410, 
        "best_iteration": null, 
        "train_score": 0.9656087415678273, 
        "parameter_id": 4, 
        "time": 111, 
        "done_at": 1524752504878, 
        "grid_point_id": "{\"penalty\": \"l1\", \"C\": 1.0}@1"
    }, 
    {
        "parameters": {
            "penalty": "l2", 
            "C": 0.1
        }, 
        "score_time": 55, 
        "test_score": 0.5523015635324711, 
        "fit_time": 25, 
        "num_samples": 410, 
        "best_iteration": null, 
        "train_score": 0.9341189209068395, 
        "parameter_id": 3, 
        "time": 80, 
        "done_at": 1524752504711, 
        "grid_point_id": "{\"penalty\": \"l2\", \"C\": 0.1}@1"
    }, 
    {
        "parameters": {
            "penalty": "l2", 
            "C": 10.0
        }, 
        "score_time": 15, 
        "test_score": 0.5577632607899903, 
        "fit_time": 52, 
        "num_samples": 410, 
        "best_iteration": null, 
        "train_score": 1.0, 
        "parameter_id": 7, 
        "time": 67, 
        "done_at": 1524752505089, 
        "grid_point_id": "{\"penalty\": \"l2\", \"C\": 10.0}@0"
    }, 
    {
        "parameters": {
            "penalty": "l2", 
            "C": 0.1
        }, 
        "score_time": 59, 
        "test_score": 0.6055518119197364, 
        "fit_time": 23, 
        "num_samples": 410, 
        "best_iteration": null, 
        "train_score": 0.9174868376756631, 
        "parameter_id": 3, 
        "time": 82, 
        "done_at": 1524752504704, 
        "grid_point_id": "{\"penalty\": \"l2\", \"C\": 0.1}@0"
    }, 
    {
        "parameters": {
            "penalty": "l1", 
            "C": 0.01
        }, 
        "score_time": 68, 
        "test_score": 0.5, 
        "fit_time": 41, 
        "num_samples": 410, 
        "best_iteration": null, 
        "train_score": 0.5, 
        "parameter_id": 0, 
        "time": 109, 
        "done_at": 1524752504415, 
        "grid_point_id": "{\"penalty\": \"l1\", \"C\": 0.01}@1"
    }, 
    {
        "parameters": {
            "penalty": "l1", 
            "C": 1.0
        }, 
        "score_time": 39, 
        "test_score": 0.5054181841851114, 
        "fit_time": 57, 
        "num_samples": 408, 
        "best_iteration": null, 
        "train_score": 0.9658009211721026, 
        "parameter_id": 4, 
        "time": 96, 
        "done_at": 1524752504889, 
        "grid_point_id": "{\"penalty\": \"l1\", \"C\": 1.0}@2"
    }, 
    {
        "parameters": {
            "penalty": "l2", 
            "C": 10.0
        }, 
        "score_time": 13, 
        "test_score": 0.5300431231192686, 
        "fit_time": 48, 
        "num_samples": 410, 
        "best_iteration": null, 
        "train_score": 1.0, 
        "parameter_id": 7, 
        "time": 61, 
        "done_at": 1524752505180, 
        "grid_point_id": "{\"penalty\": \"l2\", \"C\": 10.0}@1"
    }, 
    {
        "parameters": {
            "penalty": "l1", 
            "C": 0.1
        }, 
        "score_time": 35, 
        "test_score": 0.540935469226125, 
        "fit_time": 27, 
        "num_samples": 410, 
        "best_iteration": null, 
        "train_score": 0.586669603915632, 
        "parameter_id": 2, 
        "time": 62, 
        "done_at": 1524752504556, 
        "grid_point_id": "{\"penalty\": \"l1\", \"C\": 0.1}@1"
    }, 
    {
        "parameters": {
            "penalty": "l2", 
            "C": 0.1
        }, 
        "score_time": 44, 
        "test_score": 0.5650568104411323, 
        "fit_time": 19, 
        "num_samples": 408, 
        "best_iteration": null, 
        "train_score": 0.9337513132436761, 
        "parameter_id": 3, 
        "time": 63, 
        "done_at": 1524752504685, 
        "grid_point_id": "{\"penalty\": \"l2\", \"C\": 0.1}@2"
    }, 
    {
        "parameters": {
            "penalty": "l2", 
            "C": 100.0
        }, 
        "score_time": 10, 
        "test_score": 0.526960437045312, 
        "fit_time": 54, 
        "num_samples": 408, 
        "best_iteration": null, 
        "train_score": 1.0, 
        "parameter_id": 9, 
        "time": 64, 
        "done_at": 1524752505659, 
        "grid_point_id": "{\"penalty\": \"l2\", \"C\": 100.0}@2"
    }, 
    {
        "parameters": {
            "penalty": "l1", 
            "C": 10.0
        }, 
        "score_time": 35, 
        "test_score": 0.5258744657891109, 
        "fit_time": 280, 
        "num_samples": 410, 
        "best_iteration": null, 
        "train_score": 1.0, 
        "parameter_id": 6, 
        "time": 315, 
        "done_at": 1524752505257, 
        "grid_point_id": "{\"penalty\": \"l1\", \"C\": 10.0}@1"
    }, 
    {
        "parameters": {
            "penalty": "l2", 
            "C": 10.0
        }, 
        "score_time": 53, 
        "test_score": 0.5269010986682167, 
        "fit_time": 51, 
        "num_samples": 408, 
        "best_iteration": null, 
        "train_score": 1.0, 
        "parameter_id": 7, 
        "time": 104, 
        "done_at": 1524752505344, 
        "grid_point_id": "{\"penalty\": \"l2\", \"C\": 10.0}@2"
    }, 
    {
        "parameters": {
            "penalty": "l1", 
            "C": 100.0
        }, 
        "score_time": 41, 
        "test_score": 0.5265151920306906, 
        "fit_time": 154, 
        "num_samples": 410, 
        "best_iteration": null, 
        "train_score": 1.0, 
        "parameter_id": 8, 
        "time": 195, 
        "done_at": 1524752505604, 
        "grid_point_id": "{\"penalty\": \"l1\", \"C\": 100.0}@1"
    }, 
    {
        "parameters": {
            "penalty": "l1", 
            "C": 100.0
        }, 
        "score_time": 16, 
        "test_score": 0.5447168385173776, 
        "fit_time": 142, 
        "num_samples": 410, 
        "best_iteration": null, 
        "train_score": 1.0, 
        "parameter_id": 8, 
        "time": 158, 
        "done_at": 1524752505440, 
        "grid_point_id": "{\"penalty\": \"l1\", \"C\": 100.0}@0"
    }, 
    {
        "parameters": {
            "penalty": "l1", 
            "C": 10.0
        }, 
        "score_time": 62, 
        "test_score": 0.5513169278892549, 
        "fit_time": 350, 
        "num_samples": 410, 
        "best_iteration": null, 
        "train_score": 1.0, 
        "parameter_id": 6, 
        "time": 412, 
        "done_at": 1524752505374, 
        "grid_point_id": "{\"penalty\": \"l1\", \"C\": 10.0}@0"
    }, 
    {
        "parameters": {
            "penalty": "l1", 
            "C": 10.0
        }, 
        "score_time": 49, 
        "test_score": 0.5046463311626387, 
        "fit_time": 297, 
        "num_samples": 408, 
        "best_iteration": null, 
        "train_score": 1.0, 
        "parameter_id": 6, 
        "time": 346, 
        "done_at": 1524752505365, 
        "grid_point_id": "{\"penalty\": \"l1\", \"C\": 10.0}@2"
    }, 
    {
        "parameters": {
            "penalty": "l2", 
            "C": 100.0
        }, 
        "score_time": 26, 
        "test_score": 0.5244186074150134, 
        "fit_time": 58, 
        "num_samples": 410, 
        "best_iteration": null, 
        "train_score": 1.0, 
        "parameter_id": 9, 
        "time": 84, 
        "done_at": 1524752505581, 
        "grid_point_id": "{\"penalty\": \"l2\", \"C\": 100.0}@1"
    }, 
    {
        "parameters": {
            "penalty": "l2", 
            "C": 100.0
        }, 
        "score_time": 30, 
        "test_score": 0.5477059534505626, 
        "fit_time": 87, 
        "num_samples": 410, 
        "best_iteration": null, 
        "train_score": 1.0, 
        "parameter_id": 9, 
        "time": 117, 
        "done_at": 1524752505598, 
        "grid_point_id": "{\"penalty\": \"l2\", \"C\": 100.0}@0"
    }, 
    {
        "parameters": {
            "penalty": "l1", 
            "C": 100.0
        }, 
        "score_time": 48, 
        "test_score": 0.5021025766782012, 
        "fit_time": 153, 
        "num_samples": 408, 
        "best_iteration": null, 
        "train_score": 1.0, 
        "parameter_id": 8, 
        "time": 201, 
        "done_at": 1524752505613, 
        "grid_point_id": "{\"penalty\": \"l1\", \"C\": 100.0}@2"
    }
]