{
    "usedGridSearch": true, 
    "probaAware": true, 
    "gridSize": 10, 
    "modelInputNRows": 1228, 
    "modelInputNCols": 1467, 
    "modelInputMemory": 14411808, 
    "gridCells": [
        {
            "scoreTimeStd": 0.012036980056845193, 
            "scoreTime": 0.056666666666666671, 
            "fitTime": 0.028666666666666663, 
            "score": 0.5, 
            "params": {
                "penalty": "l1", 
                "C": 0.01
            }, 
            "fitTimeStd": 0.0089566858950296032, 
            "scoreStd": 0.0
        }, 
        {
            "scoreTimeStd": 0.0065996632910744462, 
            "scoreTime": 0.052333333333333336, 
            "fitTime": 0.030333333333333334, 
            "score": 0.59150403499290793, 
            "params": {
                "penalty": "l2", 
                "C": 0.01
            }, 
            "fitTimeStd": 0.0054365021434333635, 
            "scoreStd": 0.021618098514127781
        }, 
        {
            "scoreTimeStd": 0.014817407180595248, 
            "scoreTime": 0.048333333333333339, 
            "fitTime": 0.023333333333333334, 
            "score": 0.53401767221634533, 
            "params": {
                "penalty": "l1", 
                "C": 0.1
            }, 
            "fitTimeStd": 0.0051854497287013484, 
            "scoreStd": 0.0051574780896480677
        }, 
        {
            "scoreTimeStd": 0.0063420991968134825, 
            "scoreTime": 0.05266666666666666, 
            "fitTime": 0.022333333333333334, 
            "score": 0.57431845488223698, 
            "params": {
                "penalty": "l2", 
                "C": 0.1
            }, 
            "fitTimeStd": 0.0024944382578492947, 
            "scoreStd": 0.022716682786617141
        }, 
        {
            "scoreTimeStd": 0.0098432153734889331, 
            "scoreTime": 0.037666666666666675, 
            "fitTime": 0.060333333333333329, 
            "score": 0.5486665331202969, 
            "params": {
                "penalty": "l1", 
                "C": 1.0
            }, 
            "fitTimeStd": 0.002357022603955157, 
            "scoreStd": 0.03356387912654521
        }, 
        {
            "scoreTimeStd": 0.0075865377844940287, 
            "scoreTime": 0.039333333333333338, 
            "fitTime": 0.034333333333333334, 
            "score": 0.54891134847850154, 
            "params": {
                "penalty": "l2", 
                "C": 1.0
            }, 
            "fitTimeStd": 0.0032998316455372218, 
            "scoreStd": 0.017251694474055439
        }, 
        {
            "scoreTimeStd": 0.01102522360569415, 
            "scoreTime": 0.048666666666666671, 
            "fitTime": 0.309, 
            "score": 0.52731610303134091, 
            "params": {
                "penalty": "l1", 
                "C": 10.0
            }, 
            "fitTimeStd": 0.029810512687081812, 
            "scoreStd": 0.019072703240332979
        }, 
        {
            "scoreTimeStd": 0.018402898322456347, 
            "scoreTime": 0.026999999999999996, 
            "fitTime": 0.050333333333333334, 
            "score": 0.53825428799627739, 
            "params": {
                "penalty": "l2", 
                "C": 10.0
            }, 
            "fitTimeStd": 0.0016996731711975933, 
            "scoreStd": 0.013871168930062086
        }, 
        {
            "scoreTimeStd": 0.013735598518691012, 
            "scoreTime": 0.035000000000000003, 
            "fitTime": 0.14966666666666664, 
            "score": 0.52448125717379002, 
            "params": {
                "penalty": "l1", 
                "C": 100.0
            }, 
            "fitTimeStd": 0.0054365021434333687, 
            "scoreStd": 0.017449578193534293
        }, 
        {
            "scoreTimeStd": 0.0086409875978771464, 
            "scoreTime": 0.021999999999999995, 
            "fitTime": 0.066333333333333327, 
            "score": 0.53303821520307293, 
            "params": {
                "penalty": "l2", 
                "C": 100.0
            }, 
            "fitTimeStd": 0.014704496666741848, 
            "scoreStd": 0.010436005753563545
        }
    ], 
    "gridBestScore": 0.59150403499290793, 
    "modelInputIsSparse": false
}