{
  "state": "DONE",
  "preSearchDescription": {
    "gridLength": 10,
    "importantParams": [
      {
        "name": "penalty",
        "vals": [
          "l1",
          "l2"
        ]
      },
      {
        "name": "C",
        "vals": [
          "0.01",
          "0.1",
          "1.0",
          "10.0",
          "100.0"
        ]
      }
    ]
  },
  "postSearchDescription": {
    "importantParams": [
      {
        "name": "C",
        "val": "0.01"
      },
      {
        "name": "penalty",
        "val": "l2"
      }
    ]
  },
  "modelId": "m1",
  "progress": {
    "top_level_todo": [],
    "stack": [],
    "top_level_done": [
      {
        "name": "Loading train set",
        "time": 21
      },
      {
        "name": "Loading test set",
        "time": 11
      },
      {
        "name": "Collecting statistics",
        "time": 50
      },
      {
        "name": "Preprocessing train set",
        "time": 58
      },
      {
        "name": "Preprocessing test set",
        "time": 54
      },
      {
        "name": "Grid searching",
        "time": 2105
      },
      {
        "name": "Fitting model",
        "time": 16
      },
      {
        "name": "Saving model",
        "time": 2
      },
      {
        "name": "Scoring model",
        "time": 122
      }
    ]
  },
  "startTime": 1524752503992,
  "endTime": 1524752506437,
  "preprocessingTime": 199,
  "trainingTime": 2246
}