{
    "metrics": {
        "pearson": 0.50675185324964311, 
        "r2": 0.25636025314768474, 
        "rmse": 1.2385473744918913, 
        "mape": 0.22879713009175628, 
        "mae": 0.75124588126648351, 
        "mse": 1.5339995988607573, 
        "evs": 0.25636027924158189, 
        "rmsle": 0.23833222272205454
    }, 
    "scatterPlotData": {
        "y": [
            4.2503, 
            3.0223, 
            3.3029, 
            3.4482, 
            3.0937, 
            3.3127, 
            3.4985, 
            3.4608, 
            3.2668, 
            4.1004, 
            2.9063, 
            2.8858, 
            5.1185, 
            2.9696, 
            3.0745, 
            2.7796, 
            3.2488, 
            3.2232, 
            4.012, 
            4.0399, 
            4.0656, 
            3.108, 
            3.1377, 
            2.9812, 
            2.999, 
            3.7998, 
            3.026, 
            3.0251, 
            5.209, 
            3.1977, 
            3.0163, 
            3.2223, 
            3.3565, 
            5.2385, 
            4.0382, 
            3.6649, 
            3.0026, 
            3.2167, 
            3.1566, 
            2.979, 
            3.096, 
            3.0126, 
            3.003, 
            3.4587, 
            2.9885, 
            3.3888, 
            3.0, 
            2.8478, 
            3.2646, 
            4.2563, 
            2.9574, 
            2.9356, 
            3.3376, 
            4.1839, 
            3.2007, 
            2.9783, 
            2.7856, 
            2.9708, 
            2.924, 
            2.7677, 
            3.0001, 
            3.0499, 
            3.0058, 
            3.5887, 
            4.0689, 
            4.3217, 
            3.0426, 
            2.9981, 
            3.0291, 
            2.7958, 
            4.1306, 
            5.4825, 
            3.0357, 
            2.9235, 
            2.9969, 
            3.4287, 
            2.903, 
            3.1214, 
            4.3132, 
            3.2852, 
            3.559, 
            2.9714, 
            3.8591, 
            3.3602, 
            4.0849, 
            4.9947, 
            2.9989, 
            4.0957, 
            3.015, 
            4.083, 
            3.0014, 
            3.7963, 
            3.861, 
            3.3396, 
            3.0186, 
            3.5299, 
            3.7317, 
            4.2738, 
            4.192, 
            5.105, 
            4.0172, 
            2.8854, 
            3.0519, 
            3.194, 
            3.0136, 
            3.1854, 
            4.0875, 
            3.182, 
            2.9283, 
            4.2536, 
            5.1012, 
            2.7606, 
            2.9667, 
            3.1691, 
            3.2819, 
            5.2273, 
            3.0373, 
            2.7962, 
            3.2554, 
            3.0471, 
            4.9195, 
            3.035, 
            5.4509, 
            4.2612, 
            5.0952, 
            3.4135, 
            3.0935, 
            5.0872, 
            3.8029, 
            3.0, 
            3.4267, 
            5.3896, 
            2.9995, 
            3.1824, 
            4.0791, 
            4.5531, 
            2.9928, 
            3.8219, 
            3.1046, 
            3.0744, 
            2.7956, 
            2.8351, 
            3.1966, 
            2.9857, 
            3.5919, 
            3.0763, 
            3.5015, 
            4.7153, 
            3.0453, 
            3.09, 
            2.998, 
            2.8753, 
            3.4849, 
            2.8459, 
            2.9984, 
            4.043, 
            4.0897, 
            3.2019, 
            3.0999, 
            3.3511, 
            5.2253, 
            2.9968, 
            5.177, 
            2.7608, 
            2.9995, 
            5.1776, 
            4.2406, 
            2.9779, 
            2.8983, 
            4.0578, 
            3.1046, 
            4.3484, 
            4.3537, 
            3.283, 
            3.3158, 
            2.9292, 
            3.0013, 
            3.5327, 
            3.0721, 
            3.2487, 
            3.365, 
            2.968, 
            3.301, 
            3.6881, 
            3.0987, 
            2.9888, 
            5.4342, 
            3.2957, 
            2.8815, 
            3.7357, 
            3.3875, 
            2.8695, 
            2.9966, 
            3.1302, 
            3.4948, 
            2.9985, 
            3.0395, 
            5.176, 
            2.9648, 
            2.9733, 
            5.3019, 
            3.0844, 
            4.0608, 
            2.9305, 
            2.9987, 
            4.3888, 
            4.469, 
            3.0258, 
            3.5865, 
            4.9571, 
            4.9712, 
            2.9255, 
            3.8191, 
            3.1707, 
            3.6824, 
            2.9181, 
            3.0362, 
            2.7373, 
            3.1526, 
            3.0285, 
            3.1358, 
            3.0777, 
            2.9335, 
            3.5285, 
            5.2914, 
            3.0425, 
            2.8486, 
            5.6876, 
            3.9626, 
            3.1214, 
            4.0475, 
            2.7822, 
            3.3925, 
            3.4638, 
            3.6716, 
            4.0602, 
            3.0186, 
            3.0996, 
            3.0163, 
            3.0364, 
            4.1303, 
            3.5778, 
            2.789, 
            2.8494, 
            3.0073, 
            5.2762, 
            4.0445, 
            3.9039, 
            2.8478, 
            3.0668, 
            3.0648, 
            2.7574, 
            4.5208, 
            4.5369, 
            2.8933, 
            4.2729, 
            4.0554, 
            2.8532, 
            3.2084, 
            4.6071, 
            5.2385, 
            2.9987, 
            5.1671, 
            4.5078, 
            3.819, 
            2.8661, 
            3.024, 
            2.8769, 
            2.8212, 
            2.9993, 
            4.7342, 
            3.0745, 
            3.1344, 
            2.9609, 
            3.6995, 
            5.4755, 
            5.0319, 
            3.0785, 
            2.847, 
            3.2772, 
            3.086, 
            2.8033, 
            4.5949, 
            3.5597, 
            2.8709, 
            3.0001, 
            2.926, 
            3.0693, 
            3.0844, 
            2.9251, 
            3.002, 
            3.9751, 
            4.4093, 
            4.3087, 
            3.3592, 
            4.5229, 
            4.342, 
            5.3857, 
            5.1304, 
            5.0778, 
            5.4138, 
            3.7996, 
            3.0843, 
            3.1375, 
            2.8202, 
            3.0075, 
            2.9132, 
            2.9971, 
            2.8858, 
            4.8967, 
            4.9704, 
            3.3537, 
            3.2068, 
            3.6208, 
            3.0024, 
            5.156, 
            4.2331, 
            3.3341, 
            3.692, 
            5.122, 
            4.0265, 
            5.0177, 
            3.4852, 
            2.8651, 
            2.9977, 
            3.1328, 
            5.2452, 
            2.9983, 
            3.0468, 
            3.3899, 
            4.1712, 
            2.8706, 
            3.2209, 
            3.0175, 
            4.7969, 
            3.287, 
            4.3402, 
            5.0976, 
            3.0424, 
            3.0412, 
            2.9909, 
            3.1169, 
            4.0173, 
            3.1094, 
            3.1217, 
            3.1802, 
            3.1833, 
            3.3242, 
            2.9309, 
            4.1204, 
            2.8858, 
            3.296, 
            2.9981, 
            4.6841, 
            3.1053, 
            4.6613, 
            3.1677, 
            3.9219, 
            2.9995, 
            3.2869, 
            4.004, 
            2.9885, 
            3.1402, 
            4.3396, 
            3.3405, 
            3.0601, 
            4.334, 
            2.8554, 
            3.0173, 
            4.1699, 
            2.919, 
            3.1215, 
            2.7876, 
            3.0235, 
            3.1041, 
            2.9982, 
            3.3969, 
            3.406, 
            2.9788, 
            3.6372, 
            2.7416, 
            2.9459, 
            3.0857, 
            2.9622, 
            4.5317, 
            3.1312, 
            4.0097, 
            2.8714, 
            3.6459, 
            2.8426, 
            3.0382, 
            3.0523, 
            3.0348, 
            4.3329, 
            5.1264, 
            3.1674, 
            3.0063, 
            3.0319, 
            4.3807, 
            2.8419, 
            3.1241, 
            4.7378, 
            3.007, 
            4.0539, 
            2.9671, 
            3.0421, 
            3.9233, 
            2.9569, 
            3.1711, 
            3.3121, 
            3.1651, 
            3.0264, 
            3.9326, 
            3.1077, 
            2.8161, 
            3.4322, 
            3.1234, 
            3.369, 
            2.9911, 
            4.0374, 
            2.8683, 
            3.7618, 
            3.6263, 
            3.4063, 
            3.3474, 
            2.6289, 
            3.6473, 
            3.0096, 
            3.7377, 
            3.2462, 
            2.8651, 
            3.614, 
            2.9809, 
            5.1555, 
            4.4351, 
            2.9975, 
            4.0869, 
            4.0741, 
            4.4604, 
            3.0418, 
            2.947, 
            3.0001, 
            3.2573, 
            4.0791, 
            2.8933, 
            2.9395, 
            4.2082, 
            3.0228, 
            3.1142, 
            3.1707, 
            3.1997, 
            3.1067, 
            2.9707, 
            2.7683, 
            3.2216, 
            3.1373, 
            2.9504, 
            5.0134, 
            2.9771, 
            3.9475, 
            3.011, 
            3.1451, 
            3.8034, 
            3.9675, 
            5.2157, 
            2.9978, 
            4.0201, 
            2.9137, 
            4.0792, 
            5.0471, 
            3.1883, 
            2.704, 
            4.3918, 
            3.0904, 
            4.1973, 
            5.2901, 
            2.8986, 
            3.058, 
            2.931, 
            3.8786, 
            2.9775, 
            4.1035, 
            2.9759, 
            3.3902, 
            2.8635, 
            3.0063, 
            3.2264, 
            3.189, 
            5.176, 
            2.7957, 
            3.7618, 
            3.2952, 
            2.9706, 
            5.0177, 
            3.417, 
            4.6107, 
            4.072, 
            3.0489, 
            2.8571, 
            2.9982, 
            3.3487, 
            5.5139, 
            2.8547, 
            3.0384, 
            2.9995, 
            3.018, 
            4.1045, 
            2.8238, 
            5.4485, 
            2.8655, 
            3.628, 
            4.2332, 
            2.9402, 
            3.3094, 
            4.3013, 
            2.9491, 
            3.8968, 
            2.833, 
            2.9981, 
            3.1311, 
            4.1679, 
            3.1991, 
            2.73, 
            4.0684, 
            2.8123, 
            4.329, 
            3.6786, 
            4.2791, 
            4.0376, 
            2.998, 
            4.0605, 
            3.116, 
            4.7276, 
            4.3671, 
            2.9103, 
            3.0663, 
            2.9987, 
            3.5969, 
            3.7694, 
            2.9984, 
            2.9683, 
            2.9968, 
            4.0332, 
            4.5108, 
            2.9081, 
            3.3202, 
            2.8323, 
            3.0359, 
            3.5938, 
            5.1477, 
            3.0852, 
            2.8799, 
            3.2234, 
            4.1211, 
            3.1421, 
            3.1963, 
            5.2231, 
            5.0921, 
            3.2233, 
            4.4381, 
            2.8507, 
            4.4383, 
            2.8794, 
            3.1566, 
            2.9129, 
            3.1571, 
            5.1502, 
            2.755, 
            2.9362, 
            2.915, 
            3.0019, 
            2.9256, 
            3.9956, 
            2.7726, 
            3.9615, 
            3.1158, 
            3.2457, 
            3.4065, 
            2.9035, 
            4.1211, 
            3.1296, 
            3.4576, 
            2.8684, 
            2.9985, 
            2.8769, 
            3.7303, 
            4.0361, 
            2.9989, 
            2.8866, 
            4.0976, 
            3.3597, 
            2.983, 
            3.0743, 
            2.8119, 
            3.1134, 
            3.7785, 
            2.9227, 
            3.4801, 
            3.0935, 
            3.8283, 
            3.0004, 
            3.1019, 
            3.0013, 
            3.0634, 
            3.2197, 
            2.9981, 
            3.0283, 
            4.0575, 
            4.1344, 
            4.447, 
            3.8268, 
            3.0153, 
            2.879, 
            4.7218, 
            2.9892, 
            2.955, 
            4.4691, 
            3.2353, 
            4.8399, 
            3.2049, 
            2.9936, 
            5.0704, 
            3.0144, 
            3.7178, 
            2.9726, 
            3.9101, 
            4.1242, 
            3.0049, 
            3.3112, 
            5.1583, 
            2.6151, 
            4.1046, 
            4.2632, 
            3.0013, 
            3.5083, 
            3.0435, 
            3.2068, 
            3.6529, 
            3.5659, 
            2.841, 
            5.5665, 
            3.0618, 
            3.1402, 
            4.076, 
            3.0226, 
            3.0621, 
            2.9784, 
            2.8983, 
            2.9257, 
            3.0794, 
            4.241, 
            3.0305, 
            3.0108, 
            2.995, 
            4.3417, 
            3.289, 
            4.1306, 
            3.1506, 
            2.999, 
            3.0017, 
            2.9269, 
            2.9831, 
            3.3246, 
            4.1371, 
            3.4999, 
            2.8796, 
            3.4277, 
            3.1749, 
            2.8228, 
            3.3194, 
            3.2611, 
            2.8762, 
            4.2906, 
            3.837, 
            2.9171, 
            2.8228, 
            3.2258, 
            4.0791, 
            2.9919, 
            2.9687, 
            2.9993, 
            3.6819, 
            3.1197, 
            5.2377, 
            4.144, 
            3.2114, 
            2.9276, 
            2.9782, 
            2.9668, 
            3.1018, 
            2.9378, 
            4.2735, 
            3.002, 
            3.041, 
            2.9981, 
            3.6451, 
            3.0037, 
            2.8721, 
            2.751, 
            2.7793, 
            4.1204, 
            3.6469, 
            5.0246, 
            3.0024, 
            5.1503, 
            3.8487, 
            3.2147, 
            3.0005, 
            2.9698, 
            4.9767, 
            2.8454, 
            2.977, 
            3.0147, 
            3.305, 
            5.545, 
            3.9894, 
            4.1469, 
            3.543, 
            3.2016, 
            2.8448, 
            3.0279, 
            3.261, 
            2.8998, 
            3.7232, 
            3.7886, 
            3.3146, 
            3.4309, 
            2.9843, 
            5.4856, 
            3.5849, 
            3.6244, 
            3.4035, 
            3.9513, 
            4.5684, 
            3.9029, 
            4.3257, 
            3.8541, 
            4.0704, 
            3.8668, 
            5.5112, 
            2.8868, 
            2.8818, 
            2.8584, 
            3.191, 
            4.144, 
            2.8891, 
            3.1834, 
            2.9135, 
            2.9145, 
            3.2772, 
            2.9785, 
            3.1617, 
            3.0853, 
            2.9058, 
            3.8394, 
            4.0904, 
            2.8945, 
            2.9994, 
            3.045, 
            2.9995, 
            3.0465, 
            3.0243, 
            3.4427, 
            2.8493, 
            3.1369, 
            3.4187, 
            3.7092, 
            2.6826, 
            4.0616, 
            3.0555, 
            2.9931, 
            2.886, 
            4.0319, 
            3.2917, 
            3.1257, 
            2.9902, 
            3.4918, 
            2.8341, 
            2.9435, 
            5.5136, 
            2.9618, 
            2.9255, 
            2.9009, 
            4.6478, 
            3.0487, 
            2.9916, 
            2.9218, 
            4.1608, 
            2.9995, 
            3.1162, 
            4.6319, 
            4.412, 
            2.8199, 
            5.1784, 
            4.7937, 
            3.0397, 
            2.9893, 
            3.0248, 
            3.0954, 
            2.9098, 
            2.893, 
            3.1388, 
            4.0343, 
            3.1214, 
            3.0747, 
            5.4024, 
            3.0307, 
            3.1007, 
            2.8436, 
            2.8256, 
            3.4112, 
            2.7343, 
            2.9504, 
            3.0888, 
            3.1312, 
            4.1608, 
            3.1557, 
            4.2233, 
            3.2472, 
            2.8758, 
            3.0019, 
            3.061, 
            2.8024, 
            3.2444, 
            3.2281, 
            2.9859, 
            4.899, 
            2.9967, 
            3.9185, 
            4.0874, 
            3.0053, 
            5.2058, 
            2.9497, 
            3.0463, 
            3.5534, 
            2.9653, 
            3.6413, 
            3.0017, 
            2.9559, 
            5.0619, 
            4.6024, 
            3.3002, 
            3.0587, 
            2.9748, 
            2.9633, 
            4.534, 
            5.1503, 
            2.9909, 
            3.0869, 
            4.6478, 
            2.8284, 
            3.0042, 
            5.1566, 
            3.2283, 
            3.5919, 
            3.024, 
            3.0629, 
            3.4615, 
            4.4414, 
            2.9831, 
            4.0737, 
            3.093, 
            2.9644, 
            2.6901, 
            3.3693, 
            3.1218, 
            3.9425, 
            3.2926, 
            5.317, 
            2.9469, 
            3.5137, 
            3.649, 
            2.9965, 
            4.1231, 
            2.9921, 
            2.8231, 
            2.999, 
            3.1252, 
            3.6158, 
            3.3022, 
            4.596, 
            2.7749, 
            3.0036, 
            4.231, 
            3.3647, 
            5.3701, 
            3.033, 
            4.4831, 
            3.0215, 
            3.032, 
            2.9665, 
            2.9799, 
            3.2838, 
            5.199, 
            3.2209, 
            2.8626, 
            3.0287, 
            3.0544, 
            3.162, 
            3.9823, 
            2.9134, 
            2.8326, 
            2.8068, 
            3.0493, 
            2.9614, 
            3.051, 
            3.1386, 
            4.2161, 
            4.2813, 
            3.0367, 
            2.9651, 
            3.4986, 
            2.6515, 
            2.913, 
            3.0918, 
            2.9642, 
            3.2541, 
            3.9989, 
            2.8117, 
            2.9265, 
            3.5097, 
            5.2494, 
            2.8482, 
            3.1647, 
            3.9392, 
            3.0207, 
            3.0042, 
            3.1964, 
            2.8597, 
            5.121, 
            3.1219, 
            3.1606, 
            2.9995, 
            2.9982, 
            3.9168, 
            3.8668, 
            3.1975, 
            2.8365, 
            4.1616, 
            3.1434, 
            3.1643, 
            2.8108, 
            3.0175, 
            4.7431, 
            3.1897, 
            2.8758, 
            4.025, 
            2.9975, 
            3.3314, 
            4.377, 
            3.0461, 
            3.2156, 
            3.3661, 
            4.0202, 
            2.9277, 
            3.0803, 
            4.1563, 
            3.6299, 
            3.0161, 
            3.4381, 
            3.9343, 
            2.9311, 
            2.9182, 
            2.8323, 
            3.3574, 
            4.4014, 
            4.1753, 
            3.0642, 
            4.7324, 
            3.9086, 
            3.0477, 
            3.4987, 
            3.8144, 
            2.8625, 
            3.9566, 
            3.1964, 
            3.981, 
            2.8236, 
            3.8334, 
            4.7492, 
            2.9874, 
            3.0556, 
            3.7678, 
            3.0063, 
            2.9339, 
            3.053, 
            3.0002, 
            2.9923, 
            4.4402, 
            2.9949, 
            3.0519, 
            3.0014, 
            3.0024, 
            3.3209, 
            2.8953, 
            3.9583, 
            4.1829, 
            3.0986, 
            3.0054, 
            3.0798
        ], 
        "x": [
            3.0, 
            3.0, 
            4.0, 
            3.0, 
            3.0, 
            3.0, 
            10.0, 
            5.0, 
            2.0, 
            4.0, 
            3.0, 
            3.0, 
            5.0, 
            3.0, 
            2.0, 
            2.0, 
            3.0, 
            2.0, 
            4.0, 
            4.0, 
            4.0, 
            3.0, 
            2.0, 
            3.0, 
            3.0, 
            3.0, 
            3.0, 
            3.0, 
            5.0, 
            2.0, 
            3.0, 
            3.0, 
            3.0, 
            5.0, 
            3.0, 
            4.0, 
            3.0, 
            5.0, 
            4.0, 
            4.0, 
            4.0, 
            3.0, 
            2.0, 
            3.0, 
            3.0, 
            2.0, 
            3.0, 
            2.0, 
            3.0, 
            5.0, 
            3.0, 
            2.0, 
            2.0, 
            10.0, 
            2.0, 
            3.0, 
            3.0, 
            2.0, 
            3.0, 
            4.0, 
            3.0, 
            3.0, 
            3.0, 
            3.0, 
            4.0, 
            7.0, 
            3.0, 
            3.0, 
            4.0, 
            3.0, 
            4.0, 
            10.0, 
            2.0, 
            3.0, 
            3.0, 
            2.0, 
            3.0, 
            3.0, 
            2.0, 
            3.0, 
            2.0, 
            5.0, 
            6.0, 
            6.0, 
            2.0, 
            5.0, 
            3.0, 
            3.0, 
            3.0, 
            4.0, 
            3.0, 
            3.0, 
            10.0, 
            2.0, 
            3.0, 
            4.0, 
            4.0, 
            3.0, 
            7.0, 
            5.0, 
            4.0, 
            3.0, 
            4.0, 
            2.0, 
            2.0, 
            3.0, 
            4.0, 
            2.0, 
            3.0, 
            7.0, 
            5.0, 
            2.0, 
            4.0, 
            3.0, 
            2.0, 
            6.0, 
            3.0, 
            2.0, 
            3.0, 
            4.0, 
            8.0, 
            2.0, 
            10.0, 
            6.0, 
            5.0, 
            4.0, 
            3.0, 
            5.0, 
            3.0, 
            3.0, 
            2.0, 
            5.0, 
            3.0, 
            4.0, 
            4.0, 
            5.0, 
            3.0, 
            8.0, 
            2.0, 
            3.0, 
            3.0, 
            4.0, 
            3.0, 
            3.0, 
            4.0, 
            2.0, 
            5.0, 
            6.0, 
            3.0, 
            2.0, 
            3.0, 
            3.0, 
            3.0, 
            2.0, 
            3.0, 
            4.0, 
            6.0, 
            2.0, 
            2.0, 
            3.0, 
            5.0, 
            3.0, 
            6.0, 
            3.0, 
            3.0, 
            5.0, 
            2.0, 
            2.0, 
            3.0, 
            6.0, 
            2.0, 
            5.0, 
            4.0, 
            4.0, 
            8.0, 
            2.0, 
            3.0, 
            3.0, 
            2.0, 
            4.0, 
            2.0, 
            3.0, 
            2.0, 
            5.0, 
            3.0, 
            2.0, 
            5.0, 
            2.0, 
            3.0, 
            5.0, 
            3.0, 
            3.0, 
            4.0, 
            2.0, 
            4.0, 
            3.0, 
            4.0, 
            5.0, 
            2.0, 
            2.0, 
            6.0, 
            3.0, 
            4.0, 
            3.0, 
            3.0, 
            5.0, 
            4.0, 
            3.0, 
            4.0, 
            3.0, 
            5.0, 
            3.0, 
            4.0, 
            3.0, 
            6.0, 
            3.0, 
            5.0, 
            3.0, 
            2.0, 
            4.0, 
            3.0, 
            3.0, 
            5.0, 
            4.0, 
            5.0, 
            3.0, 
            2.0, 
            7.0, 
            6.0, 
            4.0, 
            4.0, 
            4.0, 
            3.0, 
            3.0, 
            3.0, 
            4.0, 
            3.0, 
            2.0, 
            4.0, 
            2.0, 
            4.0, 
            3.0, 
            3.0, 
            3.0, 
            5.0, 
            6.0, 
            4.0, 
            5.0, 
            2.0, 
            3.0, 
            5.0, 
            4.0, 
            3.0, 
            5.0, 
            3.0, 
            3.0, 
            4.0, 
            3.0, 
            3.0, 
            3.0, 
            5.0, 
            3.0, 
            5.0, 
            5.0, 
            10.0, 
            3.0, 
            2.0, 
            2.0, 
            3.0, 
            3.0, 
            10.0, 
            4.0, 
            3.0, 
            2.0, 
            5.0, 
            5.0, 
            5.0, 
            3.0, 
            3.0, 
            3.0, 
            2.0, 
            2.0, 
            5.0, 
            5.0, 
            2.0, 
            3.0, 
            3.0, 
            3.0, 
            3.0, 
            4.0, 
            3.0, 
            2.0, 
            3.0, 
            3.0, 
            2.0, 
            5.0, 
            10.0, 
            5.0, 
            5.0, 
            5.0, 
            6.0, 
            3.0, 
            3.0, 
            4.0, 
            4.0, 
            3.0, 
            3.0, 
            3.0, 
            3.0, 
            3.0, 
            5.0, 
            5.0, 
            4.0, 
            3.0, 
            3.0, 
            5.0, 
            4.0, 
            2.0, 
            2.0, 
            5.0, 
            10.0, 
            5.0, 
            3.0, 
            8.0, 
            3.0, 
            3.0, 
            5.0, 
            3.0, 
            2.0, 
            3.0, 
            3.0, 
            4.0, 
            4.0, 
            3.0, 
            3.0, 
            8.0, 
            4.0, 
            5.0, 
            2.0, 
            4.0, 
            2.0, 
            3.0, 
            4.0, 
            3.0, 
            4.0, 
            3.0, 
            2.0, 
            3.0, 
            3.0, 
            2.0, 
            3.0, 
            3.0, 
            3.0, 
            5.0, 
            3.0, 
            3.0, 
            3.0, 
            3.0, 
            3.0, 
            3.0, 
            3.0, 
            3.0, 
            3.0, 
            5.0, 
            3.0, 
            4.0, 
            2.0, 
            3.0, 
            3.0, 
            5.0, 
            2.0, 
            4.0, 
            3.0, 
            2.0, 
            3.0, 
            3.0, 
            2.0, 
            4.0, 
            4.0, 
            6.0, 
            4.0, 
            3.0, 
            3.0, 
            3.0, 
            6.0, 
            4.0, 
            4.0, 
            3.0, 
            3.0, 
            2.0, 
            8.0, 
            3.0, 
            4.0, 
            5.0, 
            5.0, 
            3.0, 
            3.0, 
            3.0, 
            5.0, 
            2.0, 
            3.0, 
            4.0, 
            3.0, 
            4.0, 
            3.0, 
            2.0, 
            3.0, 
            3.0, 
            3.0, 
            5.0, 
            3.0, 
            2.0, 
            4.0, 
            3.0, 
            3.0, 
            2.0, 
            2.0, 
            4.0, 
            3.0, 
            4.0, 
            2.0, 
            2.0, 
            4.0, 
            2.0, 
            2.0, 
            5.0, 
            4.0, 
            3.0, 
            4.0, 
            3.0, 
            8.0, 
            3.0, 
            3.0, 
            5.0, 
            3.0, 
            2.0, 
            3.0, 
            6.0, 
            4.0, 
            3.0, 
            4.0, 
            3.0, 
            3.0, 
            4.0, 
            3.0, 
            2.0, 
            4.0, 
            3.0, 
            3.0, 
            3.0, 
            7.0, 
            2.0, 
            4.0, 
            2.0, 
            3.0, 
            3.0, 
            2.0, 
            3.0, 
            3.0, 
            6.0, 
            3.0, 
            3.0, 
            3.0, 
            10.0, 
            3.0, 
            3.0, 
            3.0, 
            4.0, 
            4.0, 
            5.0, 
            5.0, 
            2.0, 
            2.0, 
            2.0, 
            4.0, 
            8.0, 
            2.0, 
            3.0, 
            2.0, 
            4.0, 
            2.0, 
            4.0, 
            3.0, 
            3.0, 
            2.0, 
            3.0, 
            2.0, 
            3.0, 
            5.0, 
            2.0, 
            2.0, 
            3.0, 
            3.0, 
            5.0, 
            3.0, 
            4.0, 
            4.0, 
            2.0, 
            3.0, 
            3.0, 
            2.0, 
            6.0, 
            3.0, 
            2.0, 
            3.0, 
            3.0, 
            5.0, 
            3.0, 
            6.0, 
            3.0, 
            2.0, 
            4.0, 
            2.0, 
            2.0, 
            4.0, 
            2.0, 
            6.0, 
            2.0, 
            3.0, 
            6.0, 
            4.0, 
            3.0, 
            3.0, 
            4.0, 
            4.0, 
            5.0, 
            7.0, 
            2.0, 
            4.0, 
            3.0, 
            4.0, 
            4.0, 
            2.0, 
            6.0, 
            3.0, 
            2.0, 
            3.0, 
            4.0, 
            4.0, 
            3.0, 
            3.0, 
            3.0, 
            5.0, 
            2.0, 
            3.0, 
            3.0, 
            3.0, 
            3.0, 
            5.0, 
            6.0, 
            5.0, 
            3.0, 
            3.0, 
            6.0, 
            2.0, 
            2.0, 
            5.0, 
            5.0, 
            3.0, 
            3.0, 
            2.0, 
            5.0, 
            2.0, 
            2.0, 
            3.0, 
            3.0, 
            5.0, 
            2.0, 
            6.0, 
            3.0, 
            2.0, 
            2.0, 
            4.0, 
            2.0, 
            10.0, 
            5.0, 
            3.0, 
            4.0, 
            2.0, 
            3.0, 
            2.0, 
            3.0, 
            3.0, 
            3.0, 
            3.0, 
            3.0, 
            2.0, 
            3.0, 
            2.0, 
            4.0, 
            3.0, 
            3.0, 
            2.0, 
            3.0, 
            3.0, 
            3.0, 
            3.0, 
            2.0, 
            3.0, 
            10.0, 
            3.0, 
            5.0, 
            3.0, 
            3.0, 
            2.0, 
            3.0, 
            3.0, 
            3.0, 
            4.0, 
            4.0, 
            2.0, 
            3.0, 
            3.0, 
            7.0, 
            3.0, 
            2.0, 
            2.0, 
            4.0, 
            3.0, 
            3.0, 
            3.0, 
            5.0, 
            3.0, 
            3.0, 
            3.0, 
            3.0, 
            4.0, 
            3.0, 
            3.0, 
            5.0, 
            2.0, 
            4.0, 
            3.0, 
            3.0, 
            3.0, 
            3.0, 
            3.0, 
            4.0, 
            3.0, 
            8.0, 
            2.0, 
            2.0, 
            3.0, 
            4.0, 
            2.0, 
            2.0, 
            3.0, 
            3.0, 
            3.0, 
            2.0, 
            2.0, 
            3.0, 
            3.0, 
            3.0, 
            4.0, 
            2.0, 
            4.0, 
            3.0, 
            3.0, 
            3.0, 
            2.0, 
            2.0, 
            4.0, 
            4.0, 
            4.0, 
            4.0, 
            2.0, 
            3.0, 
            3.0, 
            4.0, 
            2.0, 
            3.0, 
            3.0, 
            5.0, 
            2.0, 
            3.0, 
            2.0, 
            10.0, 
            2.0, 
            2.0, 
            3.0, 
            8.0, 
            5.0, 
            5.0, 
            4.0, 
            3.0, 
            4.0, 
            3.0, 
            3.0, 
            3.0, 
            3.0, 
            3.0, 
            3.0, 
            2.0, 
            3.0, 
            3.0, 
            2.0, 
            2.0, 
            3.0, 
            4.0, 
            5.0, 
            3.0, 
            5.0, 
            3.0, 
            5.0, 
            3.0, 
            3.0, 
            3.0, 
            2.0, 
            5.0, 
            2.0, 
            3.0, 
            3.0, 
            3.0, 
            6.0, 
            4.0, 
            4.0, 
            4.0, 
            3.0, 
            2.0, 
            3.0, 
            3.0, 
            2.0, 
            2.0, 
            5.0, 
            7.0, 
            5.0, 
            5.0, 
            10.0, 
            5.0, 
            2.0, 
            2.0, 
            2.0, 
            4.0, 
            5.0, 
            3.0, 
            3.0, 
            4.0, 
            4.0, 
            6.0, 
            2.0, 
            3.0, 
            2.0, 
            2.0, 
            4.0, 
            2.0, 
            2.0, 
            2.0, 
            3.0, 
            2.0, 
            3.0, 
            2.0, 
            4.0, 
            4.0, 
            10.0, 
            6.0, 
            3.0, 
            3.0, 
            2.0, 
            3.0, 
            3.0, 
            3.0, 
            3.0, 
            3.0, 
            3.0, 
            3.0, 
            6.0, 
            3.0, 
            4.0, 
            3.0, 
            3.0, 
            3.0, 
            4.0, 
            5.0, 
            2.0, 
            3.0, 
            7.0, 
            2.0, 
            2.0, 
            5.0, 
            4.0, 
            3.0, 
            4.0, 
            3.0, 
            3.0, 
            4.0, 
            3.0, 
            5.0, 
            3.0, 
            6.0, 
            2.0, 
            5.0, 
            3.0, 
            5.0, 
            5.0, 
            3.0, 
            3.0, 
            2.0, 
            5.0, 
            3.0, 
            4.0, 
            3.0, 
            6.0, 
            4.0, 
            2.0, 
            5.0, 
            3.0, 
            3.0, 
            2.0, 
            3.0, 
            4.0, 
            3.0, 
            6.0, 
            2.0, 
            3.0, 
            3.0, 
            2.0, 
            5.0, 
            4.0, 
            3.0, 
            2.0, 
            2.0, 
            3.0, 
            3.0, 
            3.0, 
            2.0, 
            5.0, 
            5.0, 
            5.0, 
            4.0, 
            3.0, 
            5.0, 
            3.0, 
            3.0, 
            3.0, 
            3.0, 
            6.0, 
            3.0, 
            3.0, 
            6.0, 
            3.0, 
            3.0, 
            2.0, 
            3.0, 
            3.0, 
            5.0, 
            5.0, 
            3.0, 
            4.0, 
            3.0, 
            2.0, 
            3.0, 
            5.0, 
            4.0, 
            2.0, 
            3.0, 
            4.0, 
            2.0, 
            2.0, 
            6.0, 
            4.0, 
            4.0, 
            2.0, 
            3.0, 
            4.0, 
            2.0, 
            3.0, 
            3.0, 
            5.0, 
            3.0, 
            3.0, 
            2.0, 
            3.0, 
            4.0, 
            3.0, 
            2.0, 
            3.0, 
            3.0, 
            6.0, 
            3.0, 
            4.0, 
            3.0, 
            3.0, 
            3.0, 
            3.0, 
            10.0, 
            3.0, 
            3.0, 
            2.0, 
            2.0, 
            2.0, 
            4.0, 
            3.0, 
            5.0, 
            2.0, 
            3.0, 
            4.0, 
            3.0, 
            2.0, 
            2.0, 
            3.0, 
            2.0, 
            4.0, 
            2.0, 
            3.0, 
            3.0, 
            2.0, 
            5.0, 
            5.0, 
            3.0, 
            3.0, 
            5.0, 
            3.0, 
            3.0, 
            3.0, 
            3.0, 
            3.0, 
            2.0, 
            3.0, 
            4.0, 
            2.0, 
            5.0, 
            2.0, 
            4.0, 
            6.0, 
            3.0, 
            3.0, 
            3.0, 
            2.0, 
            5.0, 
            3.0, 
            3.0, 
            3.0, 
            3.0, 
            4.0, 
            4.0, 
            2.0, 
            3.0, 
            4.0, 
            5.0, 
            2.0, 
            2.0, 
            3.0, 
            5.0, 
            3.0, 
            3.0, 
            4.0, 
            3.0, 
            2.0, 
            6.0, 
            3.0, 
            4.0, 
            2.0, 
            4.0, 
            2.0, 
            3.0, 
            4.0, 
            3.0, 
            3.0, 
            3.0, 
            3.0, 
            3.0, 
            2.0, 
            4.0, 
            10.0, 
            6.0, 
            4.0, 
            3.0, 
            7.0, 
            2.0, 
            3.0, 
            4.0, 
            6.0, 
            3.0, 
            4.0, 
            2.0, 
            6.0, 
            3.0, 
            5.0, 
            3.0, 
            3.0, 
            2.0, 
            3.0, 
            3.0, 
            2.0, 
            4.0, 
            3.0, 
            3.0, 
            3.0, 
            3.0, 
            4.0, 
            3.0, 
            3.0, 
            7.0, 
            2.0, 
            3.0, 
            7.0, 
            3.0, 
            3.0, 
            8.0
        ]
    }, 
    "regression_performance": {
        "max_error": 4.1961779757474575, 
        "median_error": -0.05830185185310999, 
        "error_distribution": [
            {
                "count": 191, 
                "bin_max": -1.3860438419792067, 
                "bin_id": 0, 
                "bin_min": -2.0124931793018659
            }, 
            {
                "count": 568, 
                "bin_max": -0.76579697334291064, 
                "bin_id": 1, 
                "bin_min": -1.3860438419792067
            }, 
            {
                "count": 488, 
                "bin_max": -0.14555010470661456, 
                "bin_id": 2, 
                "bin_min": -0.76579697334291064
            }, 
            {
                "count": 1208, 
                "bin_max": 0.47469676392968152, 
                "bin_id": 3, 
                "bin_min": -0.14555010470661456
            }, 
            {
                "count": 280, 
                "bin_max": 1.0949436325659776, 
                "bin_id": 4, 
                "bin_min": 0.47469676392968152
            }, 
            {
                "count": 111, 
                "bin_max": 1.7151905012022737, 
                "bin_id": 5, 
                "bin_min": 1.0949436325659776
            }, 
            {
                "count": 72, 
                "bin_max": 2.3354373698385698, 
                "bin_id": 6, 
                "bin_min": 1.7151905012022737
            }, 
            {
                "count": 35, 
                "bin_max": 2.9556842384748658, 
                "bin_id": 7, 
                "bin_min": 2.3354373698385698
            }, 
            {
                "count": 28, 
                "bin_max": 3.5759311071111619, 
                "bin_id": 8, 
                "bin_min": 2.9556842384748658
            }, 
            {
                "count": 75, 
                "bin_max": 4.1961779757474575, 
                "bin_id": 9, 
                "bin_min": 3.5759311071111619
            }
        ], 
        "min_error": -2.0062907106155028, 
        "average_error": -0.016386377902007462, 
        "std_error": 1.113437376602287, 
        "p75_error": 0.14511525432206407, 
        "p90_error": 1.1308553268645889, 
        "p25_error": -0.75511267837871232
    }
}