{
  "state": "DONE",
  "preSearchDescription": {
    "gridLength": 1,
    "importantParams": [
      {
        "name": "trees",
        "vals": [
          "100"
        ]
      },
      {
        "name": "depth",
        "vals": [
          "23"
        ]
      },
      {
        "name": "min_samples",
        "vals": [
          "10"
        ]
      }
    ]
  },
  "postSearchDescription": {
    "importantParams": [
      {
        "name": "trees",
        "val": "100"
      },
      {
        "name": "depth",
        "val": "23"
      },
      {
        "name": "min_samples",
        "val": "10"
      }
    ]
  },
  "modelId": "m1",
  "progress": {
    "top_level_todo": [],
    "stack": [],
    "top_level_done": [
      {
        "name": "Loading train set",
        "time": 30
      },
      {
        "name": "Loading test set",
        "time": 7
      },
      {
        "name": "Collecting statistics",
        "time": 59
      },
      {
        "name": "Preprocessing train set",
        "time": 151
      },
      {
        "name": "Preprocessing test set",
        "time": 86
      },
      {
        "name": "Fitting model",
        "time": 7821
      },
      {
        "name": "Saving model",
        "time": 48
      },
      {
        "name": "Scoring model",
        "time": 1618
      }
    ]
  },
  "startTime": 1493409386842,
  "endTime": 1493409396665,
  "preprocessingTime": 335,
  "trainingTime": 9488
}