{
  "state": "DONE",
  "preSearchDescription": {
    "gridLength": 1,
    "importantParams": [
      {
        "name": "trees",
        "vals": [
          "100"
        ]
      },
      {
        "name": "depth",
        "vals": [
          "15"
        ]
      },
      {
        "name": "min_samples",
        "vals": [
          "1"
        ]
      }
    ]
  },
  "postSearchDescription": {
    "importantParams": [
      {
        "name": "trees",
        "val": "100"
      },
      {
        "name": "depth",
        "val": "15"
      },
      {
        "name": "min_samples",
        "val": "1"
      }
    ]
  },
  "modelId": "m1",
  "progress": {
    "top_level_todo": [],
    "stack": [],
    "top_level_done": [
      {
        "name": "Loading train set",
        "time": 171
      },
      {
        "name": "Loading test set",
        "time": 32
      },
      {
        "name": "Collecting statistics",
        "time": 74
      },
      {
        "name": "Preprocessing train set",
        "time": 104
      },
      {
        "name": "Preprocessing test set",
        "time": 84
      },
      {
        "name": "Fitting model",
        "time": 853
      },
      {
        "name": "Saving model",
        "time": 78
      },
      {
        "name": "Scoring model",
        "time": 2958
      }
    ]
  },
  "startTime": 1493926256451,
  "endTime": 1493926260821,
  "preprocessingTime": 480,
  "trainingTime": 3890
}