{
    "usedGridSearch": true, 
    "gridSize": 3, 
    "modelInputNRows": 3846, 
    "modelInputNCols": 311, 
    "modelInputMemory": 9568848, 
    "gridCells": [
        {
            "score": 0.6710057450632169, 
            "params": {
                "alpha": 0.1
            }
        }, 
        {
            "score": 0.6537227725875655, 
            "params": {
                "alpha": 1.0
            }
        }, 
        {
            "score": 0.5445744900673799, 
            "params": {
                "alpha": 3.0
            }
        }
    ], 
    "lmCoefficients": {
        "variables": [
            "Bathroom", 
            "Bedroom2", 
            "BuildingArea", 
            "Car", 
            "Date_parsed", 
            "Distance", 
            "Landsize", 
            "Lattitude", 
            "Longtitude", 
            "Postcode", 
            "Rooms", 
            "YearBuilt", 
            "dummy:geopoint:POINT(144.9966 -37.8361)", 
            "dummy:geopoint:POINT(144.9906 -37.8231)", 
            "dummy:geopoint:POINT(144.9449 -37.8424)", 
            "dummy:geopoint:POINT(145.0094 -37.8127)", 
            "dummy:geopoint:POINT(144.9767 -37.859)", 
            "dummy:geopoint:POINT(145.0104 -37.822)", 
            "dummy:geopoint:POINT(144.9415 -37.8435)", 
            "dummy:geopoint:POINT(144.9646 -37.8106)", 
            "dummy:geopoint:POINT(144.8741 -37.8413)", 
            "dummy:geopoint:POINT(144.9683 -37.828)", 
            "dummy:geopoint:POINT(144.968 -37.8369)", 
            "dummy:geopoint:POINT(145.005 -37.8198)", 
            "dummy:geopoint:POINT(144.9687 -37.8267)", 
            "dummy:geopoint:POINT(144.9713 -37.7546)", 
            "dummy:geopoint:POINT(144.9825 -37.8573)", 
            "dummy:geopoint:POINT(144.9989 -37.7112)", 
            "dummy:geopoint:POINT(145.1098 -37.8161)", 
            "dummy:geopoint:POINT(144.9845 -37.8042)", 
            "dummy:geopoint:POINT(144.9911 -37.809)", 
            "dummy:geopoint:POINT(144.9898 -37.8201)", 
            "dummy:geopoint:POINT(144.9965 -37.8173)", 
            "dummy:geopoint:POINT(144.9237 -37.758)", 
            "dummy:geopoint:POINT(144.9847 -37.8376)", 
            "dummy:geopoint:POINT(145.0496 -37.8269)", 
            "dummy:geopoint:POINT(144.8924 -37.7907)", 
            "dummy:geopoint:POINT(144.9904 -37.8437)", 
            "dummy:geopoint:POINT(144.9691 -37.8095)", 
            "dummy:geopoint:POINT(144.9936 -37.847)", 
            "dummy:geopoint:POINT(144.8861 -37.8284)", 
            "dummy:geopoint:POINT(144.8485 -37.7908)", 
            "dummy:geopoint:POINT(145.0642 -37.8972)", 
            "dummy:geopoint:POINT(144.9679 -37.8311)", 
            "dummy:geopoint:POINT(145.0228 -37.9164)", 
            "dummy:geopoint:POINT(144.9255 -37.7833)", 
            "dummy:geopoint:POINT(144.9911 -37.796)", 
            "dummy:geopoint:POINT(144.8875 -37.7943)", 
            "dummy:geopoint:POINT(145.0448 -37.8318)", 
            "dummy:geopoint:POINT(144.9982 -37.823)", 
            "dummy:geopoint:POINT(144.894 -37.8173)", 
            "dummy:geopoint:POINT(145.0262 -37.8543)", 
            "dummy:geopoint:POINT(145.017 -37.8186)", 
            "dummy:geopoint:POINT(144.985 -37.8035)", 
            "dummy:geopoint:POINT(144.9607 -37.7775)", 
            "dummy:geopoint:POINT(144.9385 -37.8405)", 
            "dummy:geopoint:POINT(145.0103 -37.8195)", 
            "dummy:geopoint:POINT(144.9692 -37.8295)", 
            "dummy:geopoint:POINT(145.0396 -37.8866)", 
            "dummy:geopoint:POINT(144.9727 -37.8157)", 
            "dummy:geopoint:POINT(144.933 -37.7893)", 
            "dummy:geopoint:POINT(145.0184 -37.8424)", 
            "dummy:geopoint:POINT(144.988 -37.851)", 
            "dummy:geopoint:POINT(144.9802 -37.7941)", 
            "dummy:geopoint:POINT(144.9389 -37.8407)", 
            "dummy:CouncilArea:Moreland", 
            "dummy:CouncilArea:Boroondara", 
            "dummy:CouncilArea:Moonee Valley", 
            "dummy:CouncilArea:Darebin", 
            "dummy:CouncilArea:Glen Eira", 
            "dummy:CouncilArea:Maribyrnong", 
            "dummy:CouncilArea:Stonnington", 
            "dummy:CouncilArea:Yarra", 
            "dummy:CouncilArea:Port Phillip", 
            "dummy:CouncilArea:Banyule", 
            "dummy:CouncilArea:Melbourne", 
            "dummy:CouncilArea:Hobsons Bay", 
            "dummy:CouncilArea:Bayside", 
            "dummy:CouncilArea:Manningham", 
            "dummy:CouncilArea:Brimbank", 
            "dummy:CouncilArea:Whitehorse", 
            "dummy:Suburb:Reservoir", 
            "dummy:Suburb:Richmond", 
            "dummy:Suburb:Brunswick", 
            "dummy:Suburb:Bentleigh East", 
            "dummy:Suburb:South Yarra", 
            "dummy:Suburb:Northcote", 
            "dummy:Suburb:Preston", 
            "dummy:Suburb:Yarraville", 
            "dummy:Suburb:Essendon", 
            "dummy:Suburb:Brighton", 
            "dummy:Suburb:Hawthorn", 
            "dummy:Suburb:Coburg", 
            "dummy:Suburb:Carnegie", 
            "dummy:Suburb:St Kilda", 
            "dummy:Suburb:Glen Iris", 
            "dummy:Suburb:Balwyn North", 
            "dummy:Suburb:Pascoe Vale", 
            "dummy:Suburb:Kew", 
            "dummy:Suburb:Port Melbourne", 
            "dummy:Suburb:Footscray", 
            "dummy:Suburb:Moonee Ponds", 
            "dummy:Suburb:Ascot Vale", 
            "dummy:Suburb:Newport", 
            "dummy:Suburb:Elwood", 
            "dummy:Suburb:Brunswick West", 
            "dummy:Suburb:Brighton East", 
            "dummy:Suburb:Glenroy", 
            "dummy:Suburb:Doncaster", 
            "dummy:Suburb:Surrey Hills", 
            "dummy:Suburb:Camberwell", 
            "dummy:Suburb:Ivanhoe", 
            "dummy:Suburb:Thornbury", 
            "dummy:Suburb:Malvern East", 
            "dummy:Suburb:Bentleigh", 
            "dummy:Suburb:Hampton", 
            "dummy:Suburb:Hawthorn East", 
            "dummy:Suburb:Kensington", 
            "dummy:Suburb:Prahran", 
            "dummy:Suburb:Maribyrnong", 
            "dummy:Suburb:Balwyn", 
            "dummy:Suburb:Templestowe Lower", 
            "dummy:Suburb:Keilor East", 
            "dummy:Suburb:Williamstown", 
            "dummy:Suburb:Fawkner", 
            "dummy:Suburb:Sunshine West", 
            "dummy:Suburb:Ormond", 
            "dummy:Suburb:North Melbourne", 
            "dummy:Suburb:South Melbourne", 
            "dummy:Suburb:Toorak", 
            "dummy:Suburb:West Footscray", 
            "dummy:Suburb:Sunshine", 
            "dummy:Suburb:Fitzroy North", 
            "dummy:Suburb:Armadale", 
            "dummy:Suburb:Box Hill", 
            "dummy:Suburb:Burwood", 
            "dummy:Suburb:Moorabbin", 
            "dummy:Suburb:Brunswick East", 
            "dummy:Suburb:Windsor", 
            "dummy:Suburb:Murrumbeena", 
            "dummy:Suburb:Coburg North", 
            "dummy:Suburb:Seddon", 
            "dummy:Suburb:Ashburton", 
            "dummy:Suburb:Altona", 
            "dummy:Suburb:Collingwood", 
            "dummy:Suburb:Hadfield", 
            "dummy:Suburb:Maidstone", 
            "dummy:Suburb:Heidelberg Heights", 
            "dummy:Suburb:Airport West", 
            "dummy:Suburb:Elsternwick", 
            "dummy:Suburb:Malvern", 
            "dummy:Suburb:Rosanna", 
            "dummy:Suburb:Bulleen", 
            "dummy:Suburb:Melbourne", 
            "dummy:Suburb:Fitzroy", 
            "dummy:Suburb:Braybrook", 
            "dummy:Suburb:Southbank", 
            "dummy:Suburb:Avondale Heights", 
            "dummy:Suburb:Canterbury", 
            "dummy:Suburb:Heidelberg", 
            "dummy:Suburb:Abbotsford", 
            "dummy:Suburb:Aberfeldie", 
            "dummy:Suburb:Ashwood", 
            "dummy:Suburb:Caulfield South", 
            "dummy:Suburb:Niddrie", 
            "dummy:Suburb:Clifton Hill", 
            "dummy:Suburb:Altona North", 
            "dummy:Suburb:Strathmore", 
            "dummy:Suburb:Albert Park", 
            "dummy:Suburb:Fairfield", 
            "dummy:Suburb:Heidelberg West", 
            "dummy:Suburb:Oakleigh", 
            "dummy:Suburb:Kingsville", 
            "dummy:Suburb:Flemington", 
            "dummy:Suburb:Oakleigh South", 
            "dummy:Suburb:Carlton North", 
            "dummy:Suburb:Hughesdale", 
            "dummy:Suburb:Watsonia", 
            "dummy:Suburb:Oak Park", 
            "dummy:Suburb:Sunshine North", 
            "dummy:Suburb:Kew East", 
            "dummy:Suburb:Viewbank", 
            "dummy:Suburb:Mont Albert", 
            "dummy:Suburb:Spotswood", 
            "dummy:Suburb:West Melbourne", 
            "dummy:Suburb:Cremorne", 
            "dummy:Suburb:Yallambie", 
            "dummy:Suburb:Albion", 
            "dummy:Suburb:Carlton", 
            "dummy:Address:25 Gray St", 
            "dummy:Address:38 Lily St", 
            "dummy:Address:12 Witchwood Cl", 
            "dummy:Address:3 Clive Ct", 
            "dummy:Address:41 Helston St", 
            "dummy:Address:15 Ellendale St", 
            "dummy:Address:28 Blair St", 
            "dummy:Address:122 Stephen St", 
            "dummy:Address:80 South Rd", 
            "dummy:Address:18 William St", 
            "dummy:Address:3/220 Warrigal Rd", 
            "dummy:Address:47 Clifton St", 
            "dummy:Address:70 Park St", 
            "dummy:Address:4 Adelaide St", 
            "dummy:Address:59 Hope St", 
            "dummy:Address:11 Nottingham St", 
            "dummy:Address:36 Belford Rd", 
            "dummy:Address:2/102 Rathcown Rd", 
            "dummy:Address:14 Rose St", 
            "dummy:Date:27/11/2016", 
            "dummy:Date:25/02/2017", 
            "dummy:Date:15/10/2016", 
            "dummy:Date:4/03/2017", 
            "dummy:Date:10/12/2016", 
            "dummy:Date:12/11/2016", 
            "dummy:Date:3/12/2016", 
            "dummy:Date:19/11/2016", 
            "dummy:Date:28/05/2016", 
            "dummy:Date:18/06/2016", 
            "dummy:Date:7/05/2016", 
            "dummy:Date:17/09/2016", 
            "dummy:Date:4/06/2016", 
            "dummy:Date:8/10/2016", 
            "dummy:Date:24/09/2016", 
            "dummy:Date:10/09/2016", 
            "dummy:Date:16/04/2016", 
            "dummy:Date:3/09/2016", 
            "dummy:Date:27/06/2016", 
            "dummy:Date:28/08/2016", 
            "dummy:Date:18/03/2017", 
            "dummy:Date:22/05/2016", 
            "dummy:Date:7/11/2016", 
            "dummy:Date:22/08/2016", 
            "dummy:Date:6/08/2016", 
            "dummy:Date:14/05/2016", 
            "dummy:Date:30/07/2016", 
            "dummy:Date:16/07/2016", 
            "dummy:Date:26/07/2016", 
            "dummy:Date:13/08/2016", 
            "dummy:SellerG:Nelson", 
            "dummy:SellerG:Jellis", 
            "dummy:SellerG:hockingstuart", 
            "dummy:SellerG:Barry", 
            "dummy:SellerG:Marshall", 
            "dummy:SellerG:Buxton", 
            "dummy:SellerG:Ray", 
            "dummy:SellerG:Biggin", 
            "dummy:SellerG:Brad", 
            "dummy:SellerG:Fletchers", 
            "dummy:SellerG:Greg", 
            "dummy:SellerG:Jas", 
            "dummy:SellerG:Sweeney", 
            "dummy:SellerG:Woodards", 
            "dummy:SellerG:Miles", 
            "dummy:SellerG:RT", 
            "dummy:SellerG:Gary", 
            "dummy:SellerG:Village", 
            "dummy:SellerG:Noel", 
            "dummy:SellerG:Hodges", 
            "dummy:SellerG:McGrath", 
            "dummy:SellerG:Kay", 
            "dummy:SellerG:Stockdale", 
            "dummy:SellerG:Williams", 
            "dummy:SellerG:Raine", 
            "dummy:SellerG:Chisholm", 
            "dummy:SellerG:Love", 
            "dummy:SellerG:Harcourts", 
            "dummy:SellerG:Rendina", 
            "dummy:SellerG:Douglas", 
            "dummy:SellerG:LITTLE", 
            "dummy:SellerG:Collins", 
            "dummy:SellerG:Cayzer", 
            "dummy:SellerG:Burnham", 
            "dummy:SellerG:Alexkarbon", 
            "dummy:SellerG:Nick", 
            "dummy:SellerG:RW", 
            "dummy:SellerG:YPA", 
            "dummy:SellerG:Dingle", 
            "dummy:SellerG:Harrington", 
            "dummy:SellerG:Peter", 
            "dummy:SellerG:Eview", 
            "dummy:SellerG:Walshe", 
            "dummy:SellerG:Bells", 
            "dummy:SellerG:Edward", 
            "dummy:SellerG:Buckingham", 
            "dummy:SellerG:Frank", 
            "dummy:SellerG:McDonald", 
            "dummy:SellerG:Moonee", 
            "dummy:SellerG:Thomson", 
            "dummy:SellerG:Castran", 
            "dummy:SellerG:Beller", 
            "dummy:SellerG:Wilson", 
            "dummy:SellerG:Lindellas", 
            "dummy:SellerG:Purplebricks", 
            "dummy:SellerG:Whiting", 
            "dummy:SellerG:Haughton", 
            "dummy:SellerG:Gunn&Co", 
            "dummy:SellerG:C21", 
            "dummy:Type:h", 
            "dummy:Type:u", 
            "dummy:Method:S", 
            "dummy:Method:SP", 
            "dummy:Method:PI", 
            "dummy:Method:VB"
        ], 
        "tstat": [
            116701.11331790262, 
            31510.950974569721, 
            154903.05499022952, 
            56707.372784554231, 
            13122.685096346269, 
            -78843.310214689831, 
            30409.516553372505, 
            -51313.988760366861, 
            34939.745051912636, 
            30123.045718962134, 
            104164.59949519711, 
            -90380.817566007754, 
            -71687360.202445805, 
            -26903465.016437847, 
            -3943720.3659357862, 
            -66616658.262242287, 
            -164586031.7435531, 
            9234559.1876664143, 
            261249113.85938033, 
            40673276.00108128, 
            50602434.188459694, 
            -93390996.544812158, 
            184020623.19149396, 
            99112598.747543752, 
            -123558349.34606867, 
            72510640.036777735, 
            -63505220.286199614, 
            175178626.59224486, 
            -161233815.93074092, 
            -22969158.730512615, 
            39979080.117030144, 
            -462692573.19159484, 
            45716294.270713069, 
            119858464.66523735, 
            528032660.17423731, 
            210576555.11282653, 
            136850001.17210814, 
            -217319221.29120424, 
            96635487.817306519, 
            19989218.540809136, 
            -41288527.308509178, 
            -127880691.45394628, 
            -187208038.25681859, 
            -255179877.0562855, 
            -145379985.00901502, 
            103777580.35407849, 
            -18601838.096691921, 
            -60779703.75196059, 
            -73483441.644881666, 
            70591802.731501848, 
            104525696.24870658, 
            -543465415.50272572, 
            -309701746.46523279, 
            22789634.169874109, 
            98772807.547406152, 
            -2544713.1916757738, 
            115292879.37478527, 
            -98846624.092041507, 
            28605394.062347177, 
            45614609.030166678, 
            -39218832.367772132, 
            -721244771.25695491, 
            -212620212.35151109, 
            -18252076.451294985, 
            -40152016.806775972, 
            -907454.38392907602, 
            1602173.7466610025, 
            -262463.23300549178, 
            -203156.53385717908, 
            -235381.67729188115, 
            -1046242.9515462576, 
            1811228.1279203282, 
            148056.33044153961, 
            1205455.1712276747, 
            937392.46948091569, 
            1813689.9935479744, 
            -934921.35448222957, 
            3414622.7972789616, 
            -1662581.3626134277, 
            -6451933.1332798908, 
            -942886.04065984534, 
            -4470956.9159472901, 
            -753747.20170096471, 
            1826560.9380033347, 
            -4353374.5969321569, 
            1120069.9981585897, 
            11950276.161620187, 
            -7920129.9648619201, 
            600041.04610788159, 
            7565928.8337471392, 
            21676762.234658673, 
            2988210.3727582493, 
            -4058887.2042187974, 
            2839582.6587641286, 
            -2051837.7464019118, 
            7778185.1067892835, 
            9861647.8194316626, 
            -1636383.1317172414, 
            11397934.893868802, 
            -6100021.5554416711, 
            -2120296.8468737444, 
            1903680.937318611, 
            -3137302.1215118975, 
            -8411778.880054811, 
            1102899.3692552052, 
            1329654.856906258, 
            -977589.44827875064, 
            -9132348.191282738, 
            4603007.3062131712, 
            9179317.0530162677, 
            12585240.573213849, 
            921385.46003296808, 
            -3037286.099231475, 
            -1384781.6719396019, 
            -4403041.7755691223, 
            13844036.745353026, 
            1034412.5025648414, 
            -5000929.0009737657, 
            -8998228.0302808061, 
            -10838436.181527594, 
            15423382.407372864, 
            -13197633.746646471, 
            -16180501.753484879, 
            28919658.753551617, 
            -16118513.574609132, 
            -20814729.027922969, 
            14719577.210036639, 
            -5124240.3554618163, 
            -7698060.5192722268, 
            55184502.322713278, 
            -23287937.983387429, 
            4549838.5149452193, 
            8191182.9157183915, 
            31699363.66769563, 
            9448757.4261639696, 
            -6875943.6718010949, 
            -22556542.459241338, 
            10372076.312866643, 
            -8749057.0952681359, 
            -7477840.4979552198, 
            -20088601.286377467, 
            -2711720.9181118347, 
            -1806583.2808983608, 
            8420667.4661040008, 
            -5769246.5950935632, 
            -16801818.727027599, 
            -16847996.041903451, 
            -46905964.463290863, 
            -7498855.9127659751, 
            -7822473.8780421605, 
            66160513.357741848, 
            -23434484.865098454, 
            -22499095.347504795, 
            -6745693.1039080359, 
            27721662.396685187, 
            -23941590.265143629, 
            -20062662.903631177, 
            -29112666.978643116, 
            63380042.748430863, 
            -5498382.3881074041, 
            -4780955.7303033154, 
            59871979.690298647, 
            -27648672.440407645, 
            2498421.650345773, 
            5015490.4520680457, 
            -5575166.7393823937, 
            -38125114.245785929, 
            10799092.780429978, 
            50769637.716054201, 
            18622918.191576224, 
            -65279771.453630723, 
            -35780999.765187204, 
            -8201761.2116183415, 
            -25932332.567134019, 
            -71062592.69713065, 
            95496997.312177986, 
            3746560.3329264089, 
            -41686421.275821038, 
            11281680.877086902, 
            -23572059.068991888, 
            8918817.6063650735, 
            -71807205.457424328, 
            81494669.081722677, 
            -45552644.777085982, 
            -26421422.554152139, 
            -6525178.941993719, 
            -86589459.013672173, 
            10390815.198523972, 
            -3498334.0386323142, 
            -53695182.970550157, 
            182404940.90531114, 
            418126327.17480004, 
            -288463063.24415666, 
            -74068957.688427716, 
            -285552231.34493256, 
            156256844.4162733, 
            104525696.24870685, 
            -127880691.45394512, 
            20249134.245514568, 
            -394228514.8962968, 
            -330419432.38779712, 
            505205403.7822147, 
            -60779703.751959674, 
            -41288527.308508784, 
            -39218832.367772177, 
            -500062775.89785767, 
            267589389.02034456, 
            -196655455.00014251, 
            755759.51160223805, 
            220985.06681029059, 
            632083.4047922123, 
            398300.03106045933, 
            1453550.1731426909, 
            737838.25181444525, 
            846415.04424516461, 
            1097404.7978211639, 
            460810.3013568389, 
            2003394.1070108162, 
            -131553.99981557843, 
            -1088577.5450664675, 
            -1385286.1520294361, 
            -766647.25383761385, 
            458459.29300116806, 
            -303524.28741630801, 
            -938324.57809354435, 
            639567.97948424041, 
            -1098721.3023952835, 
            -304246.62804693362, 
            84625.230248094478, 
            -1354596.7481257557, 
            -1272.7849193859265, 
            1360944.6351111389, 
            -460158.84164805006, 
            -1477564.231255926, 
            -4190108.0428463486, 
            -1432862.9712230912, 
            -1031117.4166440059, 
            3214281.681459175, 
            -67180.640105511993, 
            720473.29696288565, 
            -893974.33427557873, 
            -337272.22905473929, 
            4045210.9838731973, 
            -824896.31447299896, 
            -1528091.7666124818, 
            -986854.59916556464, 
            -1349062.0832380208, 
            -1008024.028497579, 
            2238013.3174975426, 
            -2992678.8991454579, 
            -3332758.5036812145, 
            -1154396.0672960298, 
            2675522.8627721411, 
            2551486.0537640117, 
            -2526211.3995147767, 
            386489.04739431845, 
            -7277417.4070706461, 
            244746.95883759597, 
            7178115.4437732752, 
            29431793.302003741, 
            -8321524.8097339328, 
            -4899572.5117897363, 
            -12992414.497678326, 
            728944.83065948344, 
            6787390.0090573989, 
            830914.56245202222, 
            -4891156.6585050216, 
            -17921445.296071135, 
            -22426193.113938849, 
            39826894.466419831, 
            42238399.139605463, 
            -4788919.4919893127, 
            4209380.8919611936, 
            21792452.073471658, 
            24231177.267333269, 
            -27001493.02941221, 
            -17004907.971667476, 
            -37917770.812042378, 
            13668086.501609342, 
            -25647068.073600307, 
            3449886.5600071321, 
            8698517.3808923569, 
            -5471104.6142683094, 
            -26779250.509685718, 
            -33411626.994977705, 
            -17658769.851564225, 
            -28776341.330138914, 
            -85714438.751479253, 
            168632536.84719691, 
            -12178576.728690598, 
            13839288.86238334, 
            167388796.46383327, 
            -52241007.915646337, 
            -25422884.356791291, 
            -54572915.100199588, 
            -45402625.300460085, 
            -30214021.10367091, 
            792086.95581285399, 
            -787858.43876382895, 
            181684.40055315694, 
            138949.38208178544, 
            -575961.66554201371, 
            -430928.50666368456
        ], 
        "interceptCoef": 964329.78935324459, 
        "pvalue": [
            0.0, 
            0.0, 
            0.0, 
            0.0, 
            0.0, 
            0.0, 
            0.0, 
            0.0, 
            0.0, 
            0.0, 
            0.0, 
            0.0, 
            0.0, 
            0.0, 
            0.0, 
            0.0, 
            0.0, 
            0.0, 
            0.0, 
            0.0, 
            0.0, 
            0.0, 
            0.0, 
            0.0, 
            0.0, 
            0.0, 
            0.0, 
            0.0, 
            0.0, 
            0.0, 
            0.0, 
            0.0, 
            0.0, 
            0.0, 
            0.0, 
            0.0, 
            0.0, 
            0.0, 
            0.0, 
            0.0, 
            0.0, 
            0.0, 
            0.0, 
            0.0, 
            0.0, 
            0.0, 
            0.0, 
            0.0, 
            0.0, 
            0.0, 
            0.0, 
            0.0, 
            0.0, 
            0.0, 
            0.0, 
            0.0, 
            0.0, 
            0.0, 
            0.0, 
            0.0, 
            0.0, 
            0.0, 
            0.0, 
            0.0, 
            0.0, 
            0.0, 
            0.0, 
            0.0, 
            0.0, 
            0.0, 
            0.0, 
            0.0, 
            0.0, 
            0.0, 
            0.0, 
            0.0, 
            0.0, 
            0.0, 
            0.0, 
            0.0, 
            0.0, 
            0.0, 
            0.0, 
            0.0, 
            0.0, 
            0.0, 
            0.0, 
            0.0, 
            0.0, 
            0.0, 
            0.0, 
            0.0, 
            0.0, 
            0.0, 
            0.0, 
            0.0, 
            0.0, 
            0.0, 
            0.0, 
            0.0, 
            0.0, 
            0.0, 
            0.0, 
            0.0, 
            0.0, 
            0.0, 
            0.0, 
            0.0, 
            0.0, 
            0.0, 
            0.0, 
            0.0, 
            0.0, 
            0.0, 
            0.0, 
            0.0, 
            0.0, 
            0.0, 
            0.0, 
            0.0, 
            0.0, 
            0.0, 
            0.0, 
            0.0, 
            0.0, 
            0.0, 
            0.0, 
            0.0, 
            0.0, 
            0.0, 
            0.0, 
            0.0, 
            0.0, 
            0.0, 
            0.0, 
            0.0, 
            0.0, 
            0.0, 
            0.0, 
            0.0, 
            0.0, 
            0.0, 
            0.0, 
            0.0, 
            0.0, 
            0.0, 
            0.0, 
            0.0, 
            0.0, 
            0.0, 
            0.0, 
            0.0, 
            0.0, 
            0.0, 
            0.0, 
            0.0, 
            0.0, 
            0.0, 
            0.0, 
            0.0, 
            0.0, 
            0.0, 
            0.0, 
            0.0, 
            0.0, 
            0.0, 
            0.0, 
            0.0, 
            0.0, 
            0.0, 
            0.0, 
            0.0, 
            0.0, 
            0.0, 
            0.0, 
            0.0, 
            0.0, 
            0.0, 
            0.0, 
            0.0, 
            0.0, 
            0.0, 
            0.0, 
            0.0, 
            0.0, 
            0.0, 
            0.0, 
            0.0, 
            0.0, 
            0.0, 
            0.0, 
            0.0, 
            0.0, 
            0.0, 
            0.0, 
            0.0, 
            0.0, 
            0.0, 
            0.0, 
            0.0, 
            0.0, 
            0.0, 
            0.0, 
            0.0, 
            0.0, 
            0.0, 
            0.0, 
            0.0, 
            0.0, 
            0.0, 
            0.0, 
            0.0, 
            0.0, 
            0.0, 
            0.0, 
            0.0, 
            0.0, 
            0.0, 
            0.0, 
            0.0, 
            0.0, 
            0.0, 
            0.0, 
            0.0, 
            0.0, 
            0.0, 
            0.0, 
            0.0, 
            0.0, 
            0.0, 
            0.0, 
            0.0, 
            0.0, 
            0.0, 
            0.0, 
            0.0, 
            0.0, 
            0.0, 
            0.0, 
            0.0, 
            0.0, 
            0.0, 
            0.0, 
            0.0, 
            0.0, 
            0.0, 
            0.0, 
            0.0, 
            0.0, 
            0.0, 
            0.0, 
            0.0, 
            0.0, 
            0.0, 
            0.0, 
            0.0, 
            0.0, 
            0.0, 
            0.0, 
            0.0, 
            0.0, 
            0.0, 
            0.0, 
            0.0, 
            0.0, 
            0.0, 
            0.0, 
            0.0, 
            0.0, 
            0.0, 
            0.0, 
            0.0, 
            0.0, 
            0.0, 
            0.0, 
            0.0, 
            0.0, 
            0.0, 
            0.0, 
            0.0, 
            0.0, 
            0.0, 
            0.0, 
            0.0, 
            0.0, 
            0.0, 
            0.0, 
            0.0, 
            0.0, 
            0.0, 
            0.0, 
            0.0, 
            0.0, 
            0.0, 
            0.0, 
            0.0, 
            0.0, 
            0.0, 
            0.0, 
            0.0, 
            0.0, 
            0.0, 
            0.0
        ], 
        "coefs": [
            115853.03348073646, 
            31281.957425049855, 
            129150.71073864466, 
            56295.27406406495, 
            13027.321099179242, 
            -78270.34720012905, 
            30188.527249038139, 
            -50941.084355298233, 
            34685.834078383057, 
            29904.138229717111, 
            103407.62388401384, 
            -89724.01021545408, 
            -138930.46727490867, 
            -38288.338922951756, 
            -5612.6042461830702, 
            -94807.162865480772, 
            -234234.7263272795, 
            10763.420405110739, 
            304501.16630220361, 
            47407.088953140148, 
            58980.10523553488, 
            -108852.68451217491, 
            214486.83043430094, 
            115521.5474916941, 
            -144014.50372958701, 
            84515.404222203884, 
            -74019.059271660066, 
            204180.96475254901, 
            -187927.46996528286, 
            -26771.901803219866, 
            36293.332772569935, 
            -420036.06588951877, 
            41501.622254408583, 
            108808.48511198617, 
            479352.32612632058, 
            191163.10246357304, 
            124233.5395893762, 
            -197284.1494378873, 
            87726.478616478737, 
            18146.374509907128, 
            -37482.05953990273, 
            -116091.12757317701, 
            -169948.97356981618, 
            -231654.3594238965, 
            -131977.12801190291, 
            94210.128074414475, 
            -16886.899304547092, 
            -55176.307399540769, 
            -66708.86356275501, 
            64083.810334061483, 
            94889.273743517071, 
            -493362.30642338801, 
            -281149.75411654758, 
            20688.614502164135, 
            89666.754780382762, 
            -2310.1112483299953, 
            104663.80980272748, 
            -89733.766037538531, 
            25968.208441920116, 
            41409.311569360172, 
            -35603.173707562724, 
            -654751.84564224724, 
            -193018.35105907667, 
            -16569.382849683359, 
            -36450.326100359351, 
            -88709.585255705766, 
            156300.50013303448, 
            -20088.384987904905, 
            -15199.083570811908, 
            -17048.962812167101, 
            -67267.89361430495, 
            111195.56017917607, 
            8923.358405310677, 
            68843.113989708581, 
            43189.747577075614, 
            77195.00835636683, 
            -35815.165856563064, 
            129184.87846091056, 
            -42851.471582012695, 
            -164714.38115947534, 
            -20596.767789598794, 
            -126137.57819546229, 
            -20531.191319215803, 
            38095.852081752841, 
            -86487.042321478759, 
            21696.757787156665, 
            201768.23313718551, 
            -131747.80789015943, 
            9531.9264845063553, 
            120188.24028467972, 
            344345.28334873595, 
            47469.088620064053, 
            -64477.279830222193, 
            44398.269231808496, 
            -32081.490709056477, 
            121615.74358126808, 
            151725.3023345579, 
            -24766.913444173621, 
            166800.61017339843, 
            -87740.550932779748, 
            -30497.599360084241, 
            24992.371998645976, 
            -40399.049193012826, 
            -106202.29366945761, 
            13646.962605553746, 
            16452.770412541402, 
            -11850.212022577784, 
            -110701.13586153116, 
            55797.055314110985, 
            108957.48637362606, 
            146212.51294144857, 
            10472.032815381561, 
            -34520.362085718363, 
            -15738.775723866498, 
            -50042.897312060857, 
            157344.79583549936, 
            11234.371567520251, 
            -54313.240066629434, 
            -95453.018790860209, 
            -112234.11747206903, 
            155811.26223828254, 
            -123301.71128431275, 
            -151169.79255091533, 
            270188.0869347016, 
            -142417.82893102276, 
            -178630.82631159152, 
            122585.88917744617, 
            -42675.10889544605, 
            -62154.850852184856, 
            445564.76305080554, 
            -182110.86871653324, 
            35579.579654827467, 
            64054.766792217328, 
            247887.92633351291, 
            71486.5045282426, 
            -52021.356487474703, 
            -159176.54564911919, 
            73193.455143864907, 
            -59512.098997289373, 
            -48959.798260331067, 
            -131526.45694732471, 
            -17754.498658453504, 
            -11828.274887309659, 
            55132.786059092883, 
            -37773.090972871192, 
            -110006.84696428926, 
            -106014.08876741714, 
            -295150.41836220812, 
            -47185.693444656594, 
            -47226.772597811396, 
            382547.94453046733, 
            -135500.97424122732, 
            -124347.639542355, 
            -37281.98852409111, 
            153211.63940043305, 
            -132319.99733229281, 
            -110882.0037636393, 
            -153462.03775889348, 
            334096.16922266938, 
            -28983.705487222167, 
            -23979.896035671496, 
            300300.59457005578, 
            -138677.77240498507, 
            12531.362934155755, 
            23873.606093472146, 
            -26537.650886477397, 
            -181474.56733712176, 
            51403.405044972089, 
            241662.17519995332, 
            83879.537463694578, 
            -294026.79960990523, 
            -152001.15588915916, 
            -34841.876769072325, 
            -110163.06282591744, 
            -301880.78313434066, 
            405680.50279908197, 
            14956.107419342561, 
            -166410.39757183401, 
            45035.983962564613, 
            -94098.644143696336, 
            35603.535595576337, 
            -286651.27019726392, 
            325323.20757743961, 
            -170170.22554149115, 
            -91927.37413239936, 
            -22702.886820423864, 
            -301268.47176216822, 
            36152.495360066263, 
            -12171.663404963871, 
            -48744.922047470405, 
            165588.68288761383, 
            379578.46675574698, 
            -261869.10544886181, 
            -67240.399769938551, 
            -259226.62867215005, 
            141851.22908757845, 
            94889.273743517319, 
            -116091.12757317597, 
            18382.328092032531, 
            -357883.83918999997, 
            -299957.43721641257, 
            458629.55786613922, 
            -55176.307399539939, 
            -37482.059539902373, 
            -35603.173707562768, 
            -453961.03861591849, 
            242919.814905573, 
            -178525.41501626524, 
            34115.576190729749, 
            9197.572371437278, 
            24963.688116826721, 
            15730.578713080315, 
            56373.105957691812, 
            27914.516637215751, 
            32022.285069212216, 
            39425.345679655678, 
            15672.40516673128, 
            66693.046974721525, 
            -4379.4364068005689, 
            -35715.161814035317, 
            -44782.8013248106, 
            -24783.768757468937, 
            14710.353727696063, 
            -9665.8495126654907, 
            -29654.948806359065, 
            19749.61270003856, 
            -32864.61221119995, 
            -8953.0424356871717, 
            2469.7314331344505, 
            -36236.966108463515, 
            -33.737771591883991, 
            34744.184221060321, 
            -11522.314514107027, 
            -36273.799907713117, 
            -90496.453064770714, 
            -27400.362186163366, 
            -19717.85944638525, 
            55872.049522291869, 
            -7619.7309462707499, 
            73739.135727006622, 
            -72809.223156724838, 
            -19947.741797346986, 
            224588.44745736514, 
            -35109.571159022336, 
            -54533.043681513227, 
            -33563.453493193898, 
            -36746.871722978911, 
            -21770.942002040731, 
            47783.290526737786, 
            -57970.867281725026, 
            -62904.435172955484, 
            -20641.013574365385, 
            47173.385341573347, 
            42442.825551737325, 
            -38234.602802223417, 
            5655.9902763952241, 
            -95541.179964282419, 
            2966.7907721520723, 
            76145.301722929449, 
            297328.09206165257, 
            -79853.644542660491, 
            -43290.994333274481, 
            -91684.603840278825, 
            4958.3671078374655, 
            44439.199478580129, 
            4804.4466678742701, 
            -28281.248604741311, 
            -99047.956610443507, 
            -118215.5278650431, 
            209940.10569037963, 
            211855.6366587987, 
            -21569.785562427809, 
            17881.858118966215, 
            92576.44913683043, 
            96729.815591756182, 
            -107788.79674815742, 
            -67882.859924919758, 
            -131926.3221562425, 
            47555.020890044914, 
            -89233.182557405889, 
            11118.058247961382, 
            25800.278104610308, 
            -16227.595394315576, 
            -79428.721048559484, 
            -90520.236091949264, 
            -47841.908934794927, 
            -77962.118141041443, 
            -210197.37147450517, 
            413537.28154402861, 
            -29865.502871617649, 
            33938.064395238303, 
            410487.25913021929, 
            -128110.53431599629, 
            -55808.793250400689, 
            -119799.48825456922, 
            -99668.695843391979, 
            -66326.386627629123, 
            183525.14860774213, 
            -156074.38851811711, 
            41561.362357818871, 
            15812.738328051535, 
            -64225.70253410381, 
            -37000.505923974539
        ]
    }, 
    "modelInputIsSparse": false
}