{
  "state": "DONE",
  "preSearchDescription": {
    "gridLength": 3,
    "importantParams": [
      {
        "name": "alpha",
        "vals": [
          "0.1",
          "1.0",
          "3.0"
        ]
      }
    ]
  },
  "postSearchDescription": {
    "importantParams": [
      {
        "name": "alpha",
        "val": "0.1"
      }
    ]
  },
  "modelId": "m1",
  "progress": {
    "top_level_todo": [],
    "stack": [],
    "top_level_done": [
      {
        "name": "Loading train set",
        "time": 92
      },
      {
        "name": "Loading test set",
        "time": 51
      },
      {
        "name": "Collecting statistics",
        "time": 103
      },
      {
        "name": "Preprocessing train set",
        "time": 126
      },
      {
        "name": "Preprocessing test set",
        "time": 156
      },
      {
        "name": "Fitting model",
        "time": 1674
      },
      {
        "name": "Saving model",
        "time": 2
      },
      {
        "name": "Scoring model",
        "time": 726
      }
    ]
  },
  "startTime": 1493927609795,
  "endTime": 1493927612727,
  "preprocessingTime": 530,
  "trainingTime": 2402
}