{
  "state": "DONE",
  "preSearchDescription": {
    "gridLength": 1,
    "importantParams": [
      {
        "name": "trees",
        "vals": [
          "100"
        ]
      },
      {
        "name": "learning_rate",
        "vals": [
          "0.1"
        ]
      },
      {
        "name": "max_depth",
        "vals": [
          "3"
        ]
      }
    ]
  },
  "postSearchDescription": {
    "importantParams": [
      {
        "name": "trees",
        "val": "100"
      },
      {
        "name": "learning_rate",
        "val": "0.1"
      },
      {
        "name": "max_depth",
        "val": "3"
      }
    ]
  },
  "sampleWeightsEnabled": false,
  "modelId": "m1",
  "progress": {
    "top_level_todo": [],
    "stack": [],
    "top_level_done": [
      {
        "name": "Loading train set",
        "time": 1253
      },
      {
        "name": "Loading test set",
        "time": 95
      },
      {
        "name": "Collecting statistics",
        "time": 50
      },
      {
        "name": "Preprocessing train set",
        "time": 82
      },
      {
        "name": "Preprocessing test set",
        "time": 57
      },
      {
        "name": "Fitting model",
        "time": 889
      },
      {
        "name": "Saving model",
        "time": 164
      },
      {
        "name": "Scoring model",
        "time": 663
      }
    ]
  },
  "startTime": 1525621133992,
  "endTime": 1525621137250,
  "preprocessingTime": 1541,
  "trainingTime": 1717
}