[
    {
        "parameters": {
            "alpha": 0.1
        }, 
        "score_time": 19, 
        "test_score": 0.46898372590897364, 
        "fit_time": 546, 
        "num_samples": 26637, 
        "best_iteration": null, 
        "train_score": 0.4904811605875229, 
        "parameter_id": 0, 
        "time": 565, 
        "done_at": 1523110985573, 
        "grid_point_id": "{\"alpha\": 0.1}@2"
    }, 
    {
        "parameters": {
            "alpha": 0.1
        }, 
        "score_time": 12, 
        "test_score": 0.444812274161169, 
        "fit_time": 448, 
        "num_samples": 26638, 
        "best_iteration": null, 
        "train_score": 0.5044746486665506, 
        "parameter_id": 0, 
        "time": 460, 
        "done_at": 1523110985441, 
        "grid_point_id": "{\"alpha\": 0.1}@0"
    }, 
    {
        "parameters": {
            "alpha": 1.0
        }, 
        "score_time": 20, 
        "test_score": 0.3013469680166556, 
        "fit_time": 319, 
        "num_samples": 26637, 
        "best_iteration": null, 
        "train_score": 0.2934959485735884, 
        "parameter_id": 1, 
        "time": 339, 
        "done_at": 1523110985812, 
        "grid_point_id": "{\"alpha\": 1.0}@1"
    }, 
    {
        "parameters": {
            "alpha": 0.1
        }, 
        "score_time": 20, 
        "test_score": 0.5009892707809794, 
        "fit_time": 539, 
        "num_samples": 26637, 
        "best_iteration": null, 
        "train_score": 0.45388478061855453, 
        "parameter_id": 0, 
        "time": 559, 
        "done_at": 1523110985580, 
        "grid_point_id": "{\"alpha\": 0.1}@1"
    }, 
    {
        "parameters": {
            "alpha": 1.0
        }, 
        "score_time": 7, 
        "test_score": 0.33831216043574186, 
        "fit_time": 538, 
        "num_samples": 26638, 
        "best_iteration": null, 
        "train_score": 0.3484537292580132, 
        "parameter_id": 1, 
        "time": 545, 
        "done_at": 1523110985579, 
        "grid_point_id": "{\"alpha\": 1.0}@0"
    }, 
    {
        "parameters": {
            "alpha": 3.0
        }, 
        "score_time": 10, 
        "test_score": 0.19759695894599572, 
        "fit_time": 464, 
        "num_samples": 26638, 
        "best_iteration": null, 
        "train_score": 0.19668233811905367, 
        "parameter_id": 2, 
        "time": 474, 
        "done_at": 1523110986087, 
        "grid_point_id": "{\"alpha\": 3.0}@0"
    }, 
    {
        "parameters": {
            "alpha": 1.0
        }, 
        "score_time": 30, 
        "test_score": 0.3211615114215164, 
        "fit_time": 378, 
        "num_samples": 26637, 
        "best_iteration": null, 
        "train_score": 0.3378560162727763, 
        "parameter_id": 1, 
        "time": 408, 
        "done_at": 1523110986011, 
        "grid_point_id": "{\"alpha\": 1.0}@2"
    }, 
    {
        "parameters": {
            "alpha": 3.0
        }, 
        "score_time": 8, 
        "test_score": 0.1812654894672524, 
        "fit_time": 305, 
        "num_samples": 26637, 
        "best_iteration": null, 
        "train_score": 0.19031988338886763, 
        "parameter_id": 2, 
        "time": 313, 
        "done_at": 1523110986139, 
        "grid_point_id": "{\"alpha\": 3.0}@2"
    }, 
    {
        "parameters": {
            "alpha": 3.0
        }, 
        "score_time": 31, 
        "test_score": 0.16073416806549334, 
        "fit_time": 387, 
        "num_samples": 26637, 
        "best_iteration": null, 
        "train_score": 0.16213199246430166, 
        "parameter_id": 2, 
        "time": 418, 
        "done_at": 1523110986032, 
        "grid_point_id": "{\"alpha\": 3.0}@1"
    }
]