{
    "gridSize": 3, 
    "nThreads": 4, 
    "metric": "R2", 
    "gridPoints": [
        {
            "index": 0, 
            "finishedAt": 1523110985580.0, 
            "score": 0.47159475512983651, 
            "parameters": {
                "alpha": 0.1
            }, 
            "time": 1584.0
        }, 
        {
            "index": 1, 
            "finishedAt": 1523110986011.0, 
            "score": 0.32027377235561466, 
            "parameters": {
                "alpha": 1.0
            }, 
            "time": 1292.0
        }, 
        {
            "index": 2, 
            "finishedAt": 1523110986139.0, 
            "score": 0.1798655563449007, 
            "parameters": {
                "alpha": 3.0
            }, 
            "time": 1205.0
        }
    ], 
    "startedAt": 1523110984961, 
    "nSplits": 3
}