{
  "state": "DONE",
  "preSearchDescription": {
    "gridLength": 3,
    "importantParams": [
      {
        "name": "alpha",
        "vals": [
          "0.1",
          "1.0",
          "3.0"
        ]
      }
    ]
  },
  "postSearchDescription": {
    "importantParams": [
      {
        "name": "alpha",
        "val": "0.1"
      }
    ]
  },
  "modelId": "m1",
  "progress": {
    "top_level_todo": [],
    "stack": [],
    "top_level_done": [
      {
        "name": "Loading train set",
        "time": 217
      },
      {
        "name": "Loading test set",
        "time": 63
      },
      {
        "name": "Collecting statistics",
        "time": 48
      },
      {
        "name": "Preprocessing train set",
        "time": 121
      },
      {
        "name": "Preprocessing test set",
        "time": 48
      },
      {
        "name": "Grid searching",
        "time": 2131
      },
      {
        "name": "Fitting model",
        "time": 1916
      },
      {
        "name": "Saving model",
        "time": 18
      },
      {
        "name": "Scoring model",
        "time": 3013
      }
    ]
  },
  "startTime": 1523110984396,
  "endTime": 1523110991976,
  "preprocessingTime": 500,
  "trainingTime": 7080
}