{
  "trainedWithDSSVersion": "4.1.4",
  "isValid": true,
  "type": "REGRESSION",
  "algorithm_name": "FOREST_REGRESSOR",
  "columns": [
    "CPI",
    "Dept",
    "Fuel_Price",
    "MarkDown1",
    "MarkDown2",
    "MarkDown3",
    "MarkDown4",
    "MarkDown5",
    "Size",
    "Temperature",
    "Unemployment",
    "dummy:IsHoliday:FALSE",
    "dummy:IsHoliday:TRUE",
    "dummy:IsHoliday:N/A",
    "dummy:IsHoliday:__Others__",
    "dummy:Date:2011-06-03",
    "dummy:Date:2011-03-18",
    "dummy:Date:2010-07-16",
    "dummy:Date:2010-07-02",
    "dummy:Date:2010-02-05",
    "dummy:Date:2011-07-01",
    "dummy:Date:2011-06-10",
    "dummy:Date:2011-04-08",
    "dummy:Date:2010-07-23",
    "dummy:Date:2010-12-31",
    "dummy:Date:2010-08-20",
    "dummy:Date:2010-04-02",
    "dummy:Date:2010-11-05",
    "dummy:Date:2010-10-22",
    "dummy:Date:2011-03-04",
    "dummy:Date:2011-01-14",
    "dummy:Date:2010-12-03",
    "dummy:Date:2010-11-26",
    "dummy:Date:2010-05-14",
    "dummy:Date:2010-05-28",
    "dummy:Date:2010-04-30",
    "dummy:Date:2010-11-12",
    "dummy:Date:2011-07-15",
    "dummy:Date:2010-02-19",
    "dummy:Date:2010-05-07",
    "dummy:Date:2010-03-05",
    "dummy:Date:2011-04-29",
    "dummy:Date:2011-04-22",
    "dummy:Date:2010-03-19",
    "dummy:Date:2010-10-08",
    "dummy:Date:2010-07-30",
    "dummy:Date:2011-05-20",
    "dummy:Date:2010-07-09",
    "dummy:Date:2010-08-13",
    "dummy:Date:2010-09-03",
    "dummy:Date:2010-10-15",
    "dummy:Date:2011-05-27",
    "dummy:Date:2011-01-28",
    "dummy:Date:2010-06-11",
    "dummy:Date:2010-09-24",
    "dummy:Date:2011-01-07",
    "dummy:Date:2011-04-01",
    "dummy:Date:2011-02-11",
    "dummy:Date:2011-06-17",
    "dummy:Date:2010-03-12",
    "dummy:Date:2011-02-04",
    "dummy:Date:2011-03-25",
    "dummy:Date:2011-07-08",
    "dummy:Date:2011-01-21",
    "dummy:Date:2011-03-11",
    "dummy:Date:2011-04-15",
    "dummy:Date:2010-06-04",
    "dummy:Date:2011-05-13",
    "dummy:Date:2010-10-29",
    "dummy:Date:2010-08-27",
    "dummy:Date:2010-12-10",
    "dummy:Date:2010-12-24",
    "dummy:Date:2010-03-26",
    "dummy:Date:2010-05-21",
    "dummy:Date:2010-09-10",
    "dummy:Date:2011-06-24",
    "dummy:Date:2010-12-17",
    "dummy:Date:2010-06-25",
    "dummy:Date:2010-10-01",
    "dummy:Date:2010-04-23",
    "dummy:Date:2011-02-18",
    "dummy:Date:2010-06-18",
    "dummy:Date:2010-04-09",
    "dummy:Date:2010-04-16",
    "dummy:Date:2012-06-15",
    "dummy:Date:2010-02-12",
    "dummy:Date:2011-02-25",
    "dummy:Date:2010-02-26",
    "dummy:Date:2011-09-09",
    "dummy:Date:2010-08-06",
    "dummy:Date:2011-05-06",
    "dummy:Date:2010-09-17",
    "dummy:Date:2011-07-22",
    "dummy:Date:2012-01-06",
    "dummy:Date:2011-10-21",
    "dummy:Date:2012-01-20",
    "dummy:Date:2010-11-19",
    "dummy:Date:2012-07-20",
    "dummy:Date:2012-08-03",
    "dummy:Date:2011-12-30",
    "dummy:Date:2012-03-02",
    "dummy:Date:2011-12-09",
    "dummy:Date:2011-07-29",
    "dummy:Date:2011-11-25",
    "dummy:Date:2011-09-23",
    "dummy:Date:2012-02-17",
    "dummy:Date:2012-03-30",
    "dummy:Date:2012-06-29",
    "dummy:Date:2011-08-26",
    "dummy:Date:2012-06-01",
    "dummy:Date:2011-12-23",
    "dummy:Date:2011-10-14",
    "dummy:Date:2012-03-16",
    "dummy:Date:2012-07-27",
    "dummy:Date:2012-09-21",
    "dummy:Date:2012-04-27",
    "dummy:Date:N/A",
    "dummy:Date:__Others__",
    "dummy:Type:A",
    "dummy:Type:B",
    "dummy:Type:C",
    "dummy:Type:N/A",
    "dummy:Type:__Others__"
  ]
}