{
    "modelInputIsSparse": false, 
    "modelInputNRows": 79912, 
    "modelInputNCols": 123, 
    "modelInputMemory": 78633408, 
    "rawImportance": {
        "variables": [
            "CPI", 
            "Dept", 
            "Fuel_Price", 
            "MarkDown1", 
            "MarkDown2", 
            "MarkDown3", 
            "MarkDown4", 
            "MarkDown5", 
            "Size", 
            "Temperature", 
            "Unemployment", 
            "dummy:IsHoliday:FALSE", 
            "dummy:IsHoliday:TRUE", 
            "dummy:Date:2011-06-03", 
            "dummy:Date:2011-03-18", 
            "dummy:Date:2010-07-16", 
            "dummy:Date:2010-02-05", 
            "dummy:Date:2011-06-10", 
            "dummy:Date:2011-04-08", 
            "dummy:Date:2010-12-31", 
            "dummy:Date:2010-08-20", 
            "dummy:Date:2010-04-02", 
            "dummy:Date:2010-11-05", 
            "dummy:Date:2011-03-04", 
            "dummy:Date:2011-01-14", 
            "dummy:Date:2010-11-26", 
            "dummy:Date:2010-05-28", 
            "dummy:Date:2010-04-30", 
            "dummy:Date:2010-02-19", 
            "dummy:Date:2010-05-07", 
            "dummy:Date:2010-03-05", 
            "dummy:Date:2011-04-29", 
            "dummy:Date:2011-04-22", 
            "dummy:Date:2010-03-19", 
            "dummy:Date:2011-05-20", 
            "dummy:Date:2010-08-13", 
            "dummy:Date:2010-09-03", 
            "dummy:Date:2011-05-27", 
            "dummy:Date:2011-01-28", 
            "dummy:Date:2011-04-01", 
            "dummy:Date:2011-02-11", 
            "dummy:Date:2011-06-17", 
            "dummy:Date:2010-03-12", 
            "dummy:Date:2011-02-04", 
            "dummy:Date:2011-03-25", 
            "dummy:Date:2011-01-21", 
            "dummy:Date:2010-06-04", 
            "dummy:Date:2011-05-13", 
            "dummy:Date:2010-10-29", 
            "dummy:Date:2010-08-27", 
            "dummy:Date:2010-12-24", 
            "dummy:Date:2010-09-10", 
            "dummy:Date:2011-06-24", 
            "dummy:Date:2010-12-17", 
            "dummy:Date:2010-06-25", 
            "dummy:Date:2010-04-23", 
            "dummy:Date:2011-02-18", 
            "dummy:Date:2010-04-09", 
            "dummy:Date:2010-04-16", 
            "dummy:Date:2010-02-12", 
            "dummy:Date:2011-02-25", 
            "dummy:Date:2011-09-09", 
            "dummy:Date:2010-08-06", 
            "dummy:Date:2011-05-06", 
            "dummy:Date:2012-01-20", 
            "dummy:Date:2012-07-20", 
            "dummy:Date:2012-08-03", 
            "dummy:Date:2011-12-30", 
            "dummy:Date:2012-03-02", 
            "dummy:Date:2011-12-09", 
            "dummy:Date:2011-11-25", 
            "dummy:Date:2011-09-23", 
            "dummy:Date:2012-02-17", 
            "dummy:Date:2012-03-30", 
            "dummy:Date:2012-06-29", 
            "dummy:Date:2011-08-26", 
            "dummy:Date:2012-06-01", 
            "dummy:Date:2011-12-23", 
            "dummy:Date:2012-03-16", 
            "dummy:Date:2012-09-21", 
            "dummy:Date:__Others__", 
            "dummy:Type:A", 
            "dummy:Type:B", 
            "dummy:Type:C"
        ], 
        "importances": [
            0.00028560684594721293, 
            0.86775750649311612, 
            0.0043357843750294204, 
            0.00084480689266143558, 
            6.874477563570347e-05, 
            3.4738807958304991e-06, 
            7.2196830294912385e-05, 
            0.0014424805400524291, 
            1.2680567419517799e-05, 
            0.0092660754225197643, 
            0.00026551411824278715, 
            5.4901247184533857e-05, 
            0.0029590723037763501, 
            7.6173745944599483e-05, 
            3.3233820443135994e-05, 
            1.0874301922301939e-06, 
            7.777304444220102e-05, 
            0.00023380459869605641, 
            0.00019829617778045991, 
            0.00031919257503697067, 
            0.0010392095850728304, 
            0.0045499140383349207, 
            0.00018480778509545758, 
            0.00011002935801278209, 
            4.962472648163563e-05, 
            0.0095747587120791847, 
            1.6424039568534082e-05, 
            6.2833892261785425e-05, 
            3.7575160974961556e-05, 
            0.00069940122049061122, 
            1.8702489984227374e-06, 
            0.00023910887895416255, 
            0.0016909063296952794, 
            6.8774588122383722e-05, 
            6.1460461652428754e-06, 
            4.1584910992855283e-07, 
            4.5627813508630552e-05, 
            1.7879203331920647e-06, 
            5.0141540021483364e-07, 
            3.9781757178043922e-05, 
            9.8342036856414779e-06, 
            2.706701711268253e-06, 
            4.1293664882181747e-06, 
            1.1366639582805357e-05, 
            0.00022899334117603811, 
            5.1566037282025883e-05, 
            8.741527306173566e-05, 
            9.0424077805158935e-07, 
            2.6371106213633682e-05, 
            0.003223912339784247, 
            0.032004677742113505, 
            0.00012021671660181066, 
            1.2796125915923048e-05, 
            0.0088946105856022601, 
            3.8349219639326673e-05, 
            0.00071842408425592023, 
            0.00012759144002230598, 
            0.00034689878393978613, 
            0.0030237724915568361, 
            0.00011885079500233869, 
            5.6877486995119513e-06, 
            1.900863189679277e-05, 
            1.1475438070360222e-05, 
            2.0412108774809216e-06, 
            3.223154471216323e-05, 
            8.3948335179199648e-07, 
            3.9035598582117461e-05, 
            5.8009260492607085e-05, 
            7.1707310461311874e-05, 
            0.00023786705916540996, 
            0.010849093904106977, 
            9.5797672671518209e-05, 
            0.0029677314611971056, 
            0.0013126866645571016, 
            0.0004121987538367992, 
            0.0029505566832618421, 
            8.7740067622617951e-05, 
            0.0221424018879408, 
            7.411479240396984e-07, 
            0.00017072774897737615, 
            0.0026579949313037627, 
            5.596137296682763e-05, 
            2.5548738220752841e-05, 
            1.1623393639595922e-05
        ]
    }
}