{
  "state": "DONE",
  "preSearchDescription": {
    "gridLength": 1,
    "importantParams": [
      {
        "name": "trees",
        "vals": [
          "30"
        ]
      },
      {
        "name": "depth",
        "vals": [
          "8"
        ]
      },
      {
        "name": "min_samples",
        "vals": [
          "3"
        ]
      }
    ]
  },
  "postSearchDescription": {
    "importantParams": [
      {
        "name": "trees",
        "val": "30"
      },
      {
        "name": "depth",
        "val": "8"
      },
      {
        "name": "min_samples",
        "val": "3"
      }
    ]
  },
  "modelId": "m1",
  "progress": {
    "top_level_todo": [],
    "stack": [],
    "top_level_done": [
      {
        "name": "Loading train set",
        "time": 182
      },
      {
        "name": "Loading test set",
        "time": 52
      },
      {
        "name": "Collecting statistics",
        "time": 132
      },
      {
        "name": "Preprocessing train set",
        "time": 264
      },
      {
        "name": "Preprocessing test set",
        "time": 97
      },
      {
        "name": "Fitting model",
        "time": 54071
      },
      {
        "name": "Saving model",
        "time": 55
      },
      {
        "name": "Scoring model",
        "time": 1430
      }
    ]
  },
  "startTime": 1525700272728,
  "endTime": 1525700329016,
  "preprocessingTime": 728,
  "trainingTime": 55560
}