{
    "rawImportance": {
        "variables": [
            "atemp", 
            "day of the month", 
            "day of the week", 
            "holiday", 
            "hour of the day", 
            "humidity", 
            "month of the year", 
            "weather", 
            "windspeed", 
            "workingday", 
            "year"
        ], 
        "importances": [
            0.16009876132011414, 
            0.06086011976003647, 
            0.08866161108016968, 
            0.012613390572369099, 
            0.3025308847427368, 
            0.1215767189860344, 
            0.08785198628902435, 
            0.02623380720615387, 
            0.051135431975126266, 
            0.04365566745400429, 
            0.04478159546852112
        ]
    }, 
    "modelInputNRows": 8691, 
    "modelInputNCols": 12, 
    "modelInputMemory": 834336, 
    "modelInputIsSparse": false, 
    "nBoostedEstimators": 300
}