{
    "metrics": {
        "rmse": 50.141175882139535, 
        "pearson": 0.96228254989374229, 
        "mae": 33.545087559443125, 
        "r2": 0.9256716442546048, 
        "mape": 0.6643139617877041, 
        "mse": 2514.1375188436514, 
        "evs": 0.9256892689707944, 
        "rmsle": 0
    }, 
    "scatterPlotData": {
        "y": [
            8.7581, 
            -6.6526, 
            495.2544, 
            108.8222, 
            722.6545, 
            142.6057, 
            446.429, 
            41.0141, 
            50.5291, 
            63.5921, 
            286.3697, 
            112.0098, 
            27.8904, 
            257.644, 
            353.7271, 
            6.7375, 
            423.4412, 
            13.6832, 
            503.7819, 
            67.1913, 
            26.8883, 
            177.4178, 
            2.8589, 
            -4.9356, 
            99.5483, 
            235.6688, 
            -11.3918, 
            292.337, 
            289.7987, 
            650.4174, 
            278.2836, 
            495.0481, 
            433.3788, 
            327.3342, 
            159.7933, 
            226.4566, 
            165.7997, 
            2.2476, 
            601.6978, 
            -8.2194, 
            143.5204, 
            -12.1817, 
            304.0751, 
            124.0743, 
            -5.3007, 
            385.73, 
            -0.483, 
            263.4167, 
            291.2969, 
            37.4672, 
            12.2052, 
            97.7645, 
            91.7244, 
            353.55, 
            300.0015, 
            341.0761, 
            -3.6731, 
            46.0741, 
            135.7527, 
            48.3667, 
            243.4467, 
            337.6931, 
            21.21, 
            367.0227, 
            29.9127, 
            208.3774, 
            292.5853, 
            2.7446, 
            21.6846, 
            107.813, 
            144.5754, 
            435.1089, 
            807.9777, 
            307.2325, 
            324.0363, 
            191.6496, 
            253.2581, 
            189.9384, 
            129.2598, 
            208.9365, 
            17.6565, 
            132.446, 
            85.6229, 
            153.5759, 
            18.7159, 
            325.1097, 
            243.5665, 
            91.4795, 
            228.3812, 
            122.3437, 
            28.6456, 
            41.3347, 
            311.4652, 
            285.8769, 
            45.2864, 
            -7.8671, 
            119.829, 
            3.1477, 
            148.3432, 
            64.2438, 
            19.4398, 
            273.1364, 
            527.066, 
            166.5109, 
            -5.7246, 
            145.2326, 
            347.3248, 
            428.9729, 
            365.8861, 
            302.4818, 
            221.1022, 
            608.5862, 
            285.9458, 
            10.9995, 
            332.4403, 
            401.6769, 
            288.4213, 
            66.6147, 
            26.2877, 
            -31.4782, 
            248.6514, 
            95.5017, 
            413.6526, 
            48.2548, 
            -1.6961, 
            563.5736, 
            -13.7346, 
            372.5723, 
            30.859, 
            242.7435, 
            5.5098, 
            224.6377, 
            436.6396, 
            321.2639, 
            13.5197, 
            97.4389, 
            201.6691, 
            463.7159, 
            204.1591, 
            -13.7482, 
            5.7118, 
            71.1678, 
            127.8646, 
            143.9047, 
            83.4172, 
            309.9533, 
            8.2253, 
            293.2216, 
            189.9795, 
            180.3893, 
            538.7832, 
            17.3085, 
            366.0828, 
            151.7489, 
            42.2828, 
            44.7864, 
            -3.9135, 
            257.2618, 
            0.4376, 
            99.079, 
            13.1374, 
            163.8067, 
            7.9072, 
            412.0055, 
            343.0593, 
            48.4181, 
            11.1203, 
            273.819, 
            287.2269, 
            98.7229, 
            291.3929, 
            -18.8921, 
            143.967, 
            428.8587, 
            140.4675, 
            231.2092, 
            168.1158, 
            21.8091, 
            8.4354, 
            378.9151, 
            209.2462, 
            213.3135, 
            261.5692, 
            -6.2678, 
            301.6113, 
            125.59, 
            523.3713, 
            114.0935, 
            411.8751, 
            4.4, 
            259.52, 
            150.8436, 
            562.3434, 
            381.2886, 
            181.2927, 
            242.7924, 
            9.9772, 
            65.7902, 
            286.3908, 
            18.0752, 
            645.0305, 
            412.7469, 
            59.1927, 
            179.4244, 
            63.8007, 
            125.1099, 
            55.965, 
            68.3491, 
            99.0026, 
            22.4708, 
            170.8841, 
            373.2719, 
            126.4688, 
            213.5665, 
            234.5238, 
            308.2222, 
            30.9814, 
            216.7653, 
            62.2658, 
            401.396, 
            444.0968, 
            29.373, 
            294.983, 
            401.4252, 
            57.5987, 
            240.7013, 
            200.5465, 
            453.6182, 
            137.7769, 
            34.9306, 
            157.4104, 
            41.0114, 
            161.1133, 
            308.7021, 
            432.7715, 
            349.1874, 
            14.0164, 
            30.5292, 
            430.0006, 
            0.5421, 
            224.4633, 
            286.4352, 
            164.4207, 
            16.0484, 
            513.9137, 
            415.7111, 
            261.2988, 
            399.4046, 
            11.1604, 
            51.3783, 
            418.3963, 
            493.4708, 
            80.3964, 
            143.2452, 
            157.9432, 
            323.6962, 
            26.9614, 
            283.0219, 
            197.4406, 
            364.6212, 
            276.2683, 
            315.4803, 
            533.7275, 
            -2.0787, 
            30.0053, 
            413.704, 
            466.369, 
            593.5398, 
            400.7729, 
            -8.4026, 
            395.4654, 
            121.0986, 
            170.4006, 
            26.2971, 
            133.8244, 
            -16.1164, 
            60.9065, 
            -24.9723, 
            226.2877, 
            231.8331, 
            68.8089, 
            342.9695, 
            214.8299, 
            135.4382, 
            180.8539, 
            30.7403, 
            12.8227, 
            309.5174, 
            472.2756, 
            186.657, 
            42.6825, 
            228.1384, 
            487.9429, 
            18.8714, 
            557.8106, 
            -10.1799, 
            16.8604, 
            277.7862, 
            39.6029, 
            336.0096, 
            260.6587, 
            109.9385, 
            369.472, 
            248.8829, 
            76.0467, 
            112.1781, 
            106.3831, 
            43.1436, 
            574.4935, 
            580.1664, 
            243.6274, 
            107.3555, 
            279.9383, 
            -25.5352, 
            331.1628, 
            286.0824, 
            418.2812, 
            167.2937, 
            60.3446, 
            245.4289, 
            27.447, 
            559.1011, 
            270.8446, 
            291.0443, 
            103.0173, 
            335.3731, 
            232.211, 
            448.3208, 
            239.4236, 
            752.9141, 
            335.1393, 
            211.5155, 
            159.645, 
            129.9476, 
            33.7549, 
            559.8531, 
            134.6138, 
            381.8014, 
            188.0159, 
            3.4726, 
            667.6553, 
            283.2703, 
            281.5242, 
            130.9861, 
            288.768, 
            144.6315, 
            317.9717, 
            154.8436, 
            212.5627, 
            16.0157, 
            69.4408, 
            11.11, 
            575.303, 
            168.2629, 
            365.5706, 
            136.0607, 
            291.0037, 
            258.9571, 
            301.2185, 
            596.0905, 
            361.4161, 
            153.2856, 
            120.7539, 
            -0.2946, 
            147.6936, 
            110.9561, 
            178.9597, 
            346.2433, 
            -6.8339, 
            333.7542, 
            89.7613, 
            133.2956, 
            324.4173, 
            104.2962, 
            151.5228, 
            -3.3848, 
            89.8493, 
            38.2571, 
            298.6241, 
            268.5776, 
            214.4447, 
            -22.4815, 
            333.4369, 
            76.5998, 
            29.5121, 
            228.4664, 
            308.4991, 
            430.6254, 
            169.1542, 
            55.7222, 
            609.1711, 
            157.0923, 
            398.5699, 
            17.7186, 
            19.8227, 
            145.39, 
            285.3336, 
            381.8859, 
            268.2313, 
            8.7412, 
            9.4722, 
            234.4519, 
            34.2629, 
            201.0089, 
            136.1946, 
            99.7112, 
            145.7889, 
            29.1405, 
            105.2793, 
            286.8062, 
            507.9088, 
            272.5928, 
            -61.1336, 
            5.6883, 
            256.0215, 
            38.1309, 
            66.7501, 
            186.5955, 
            413.7235, 
            215.5445, 
            358.7105, 
            16.7222, 
            314.3956, 
            -6.2791, 
            31.0405, 
            6.6202, 
            166.1984, 
            50.6788, 
            143.5358, 
            340.9151, 
            13.1251, 
            -3.1163, 
            66.4158, 
            283.2905, 
            76.3427, 
            216.1216, 
            243.2252, 
            187.9042, 
            294.6394, 
            247.1784, 
            47.1268, 
            230.9917, 
            286.0662, 
            449.3289, 
            497.1071, 
            343.1896, 
            95.7798, 
            14.1831, 
            31.425, 
            15.3448, 
            142.4572, 
            340.8833, 
            95.8443, 
            18.9169, 
            23.176, 
            219.3872, 
            519.4875, 
            139.3284, 
            319.229, 
            413.0619, 
            14.5851, 
            217.525, 
            458.9559, 
            398.3371, 
            -0.282, 
            173.853, 
            251.2983, 
            68.8267, 
            29.0088, 
            50.254, 
            186.4966, 
            218.7552, 
            135.7562, 
            100.4049, 
            51.0154, 
            512.108, 
            96.292, 
            -28.085, 
            219.4321, 
            14.7444, 
            101.4379, 
            120.3924, 
            127.2231, 
            271.0869, 
            30.2272, 
            238.0641, 
            32.4208, 
            308.4907, 
            129.8973, 
            441.4518, 
            157.2505, 
            158.648, 
            212.6366, 
            24.3033, 
            403.3564, 
            9.6095, 
            343.3853, 
            527.6445, 
            29.9055, 
            24.2145, 
            70.9133, 
            16.2496, 
            626.6277, 
            125.8595, 
            49.2372, 
            -16.0569, 
            72.2222, 
            21.6432, 
            10.5599, 
            -0.5222, 
            1.9687, 
            118.0545, 
            396.8166, 
            9.0984, 
            180.1707, 
            24.0175, 
            106.3045, 
            60.4376, 
            -17.9043, 
            202.9144, 
            777.0689, 
            88.3083, 
            244.0944, 
            613.6259, 
            331.9181, 
            383.4853, 
            755.2028, 
            267.7779, 
            165.7369, 
            66.6925, 
            -19.3088, 
            277.1208, 
            106.7023, 
            -0.3408, 
            173.0139, 
            -4.9439, 
            -10.74, 
            6.61, 
            256.0234, 
            36.796, 
            678.0963, 
            38.2025, 
            40.653, 
            -0.5836, 
            392.7595, 
            20.4252, 
            59.6232, 
            36.1234, 
            25.0548, 
            -4.0194, 
            -5.1152, 
            143.0905, 
            -9.257, 
            -5.107, 
            271.4659, 
            401.6472, 
            138.1406, 
            429.2817, 
            307.2513, 
            28.6194, 
            27.2813, 
            22.2746, 
            381.6757, 
            48.1148, 
            106.6423, 
            37.4381, 
            114.1285, 
            579.3689, 
            14.6265, 
            207.0428, 
            86.2159, 
            428.7146, 
            155.7516, 
            4.5268, 
            1.8413, 
            354.6659, 
            261.5192, 
            -27.0708, 
            118.1583, 
            119.9006, 
            310.9501, 
            440.2778, 
            17.5975, 
            8.802, 
            275.4757, 
            437.308, 
            54.162, 
            3.0037, 
            242.5403, 
            32.6346, 
            24.8264, 
            55.4116, 
            15.2834, 
            -5.4739, 
            422.3778, 
            10.4463, 
            72.863, 
            420.9587, 
            3.0884, 
            362.6718, 
            65.022, 
            6.6328, 
            164.782, 
            -9.8485, 
            319.9305, 
            255.9099, 
            517.3075, 
            252.6055, 
            53.6897, 
            -9.8025, 
            241.3233, 
            99.6156, 
            66.0, 
            13.9584, 
            -5.1544, 
            308.7001, 
            261.3643, 
            425.7545, 
            30.3694, 
            235.2365, 
            406.0115, 
            25.7821, 
            283.1306, 
            15.5505, 
            363.4438, 
            88.9737, 
            370.118, 
            22.5914, 
            91.2182, 
            19.0905, 
            428.198, 
            32.9602, 
            185.6901, 
            32.8361, 
            69.4337, 
            566.9022, 
            -1.5375, 
            146.9332, 
            442.7504, 
            185.4028, 
            72.6428, 
            127.4057, 
            419.6781, 
            134.7042, 
            447.5083, 
            416.9205, 
            532.7289, 
            88.7848, 
            125.9886, 
            196.9841, 
            55.5202, 
            93.5785, 
            186.8314, 
            17.6317, 
            338.5011, 
            33.7028, 
            -0.9924, 
            336.9922, 
            184.614, 
            286.311, 
            20.1336, 
            96.1988, 
            541.6877, 
            30.5645, 
            269.3477, 
            196.1292, 
            279.5523, 
            37.0128, 
            459.0278, 
            83.6405, 
            559.3589, 
            220.8605, 
            40.8764, 
            10.0979, 
            109.167, 
            130.788, 
            281.8122, 
            313.8561, 
            3.0143, 
            45.582, 
            195.6641, 
            209.1833, 
            425.0707, 
            2.1185, 
            171.7404, 
            281.4954, 
            163.2796, 
            84.6869, 
            455.226, 
            164.3263, 
            357.1389, 
            123.1896, 
            38.8989, 
            33.1722, 
            480.8875, 
            379.9705, 
            177.8569, 
            307.5363, 
            104.6998, 
            206.3309, 
            556.571, 
            660.6815, 
            418.2676, 
            -4.4591, 
            9.3579, 
            413.2526, 
            26.3395, 
            122.7545, 
            191.8831, 
            35.5469, 
            424.2077, 
            158.3987, 
            475.2284, 
            33.2363, 
            304.9912, 
            24.0969, 
            52.4944, 
            15.1716, 
            32.963, 
            373.7552, 
            62.4449, 
            145.0044, 
            294.6893, 
            18.2262, 
            296.4059, 
            254.5448, 
            431.7288, 
            302.7339, 
            15.0104, 
            106.7209, 
            46.7858, 
            262.1799, 
            277.2924, 
            279.2715, 
            161.9496, 
            67.9445, 
            540.2548, 
            28.1558, 
            336.6345, 
            316.2065, 
            -2.1219, 
            265.0207, 
            171.7556, 
            427.4396, 
            131.4628, 
            483.4833, 
            7.4192, 
            23.6169, 
            166.1716, 
            189.7831, 
            -0.2824, 
            341.191, 
            144.9337, 
            32.839, 
            21.9036, 
            134.672, 
            261.9191, 
            158.5943, 
            405.4873, 
            13.1517, 
            414.463, 
            43.1369, 
            314.9824, 
            439.7335, 
            119.4395, 
            433.6604, 
            423.2463, 
            197.6921, 
            264.5186, 
            135.0693, 
            156.1924, 
            471.0464, 
            -7.9131, 
            182.4584, 
            213.9042, 
            19.7445, 
            394.4388, 
            221.2677, 
            83.0238, 
            -6.7583, 
            307.0516, 
            403.9121, 
            89.2747, 
            121.732, 
            108.6418, 
            42.0573, 
            132.668, 
            325.6873, 
            18.2158, 
            326.4756, 
            116.9639, 
            320.1708, 
            265.073, 
            44.7609, 
            7.0593, 
            95.552, 
            179.3929, 
            266.873, 
            8.8995, 
            115.012, 
            289.5318, 
            251.2663, 
            165.4778, 
            265.9092, 
            532.5791, 
            -37.0751, 
            47.7425, 
            52.1062, 
            195.7899, 
            165.5681, 
            502.7754, 
            91.5953, 
            414.5591, 
            100.5972, 
            194.0646, 
            90.8901, 
            379.8387, 
            247.0464, 
            347.64, 
            422.7685, 
            533.6636, 
            243.859, 
            103.2682, 
            233.131, 
            46.6322, 
            109.5947, 
            2.3412, 
            115.5778, 
            15.7575, 
            449.5368, 
            166.4108, 
            324.515, 
            57.974, 
            256.3621, 
            245.7202, 
            444.1006, 
            400.7239, 
            10.6521, 
            509.8161, 
            28.8906, 
            599.0999, 
            514.3248, 
            115.8917, 
            121.4951, 
            267.0271, 
            26.2906, 
            146.5218, 
            41.9147, 
            394.7985, 
            655.0628, 
            104.2661, 
            -2.6522, 
            6.2794, 
            79.9609, 
            265.7039, 
            -2.5743, 
            317.3398, 
            239.2659, 
            32.417, 
            343.9099, 
            216.0997, 
            -7.3316, 
            126.6182, 
            -28.8428, 
            102.9076, 
            84.3966, 
            144.9737, 
            369.2666, 
            315.3733, 
            289.8273, 
            111.5929, 
            -20.0942, 
            297.2309, 
            17.4144, 
            392.4308, 
            246.0711, 
            476.1469, 
            612.6995, 
            167.5276, 
            151.0052, 
            271.96, 
            110.7168, 
            14.6308, 
            573.4883, 
            559.8019, 
            38.8223, 
            11.4536, 
            5.5499, 
            412.4702, 
            570.2391, 
            83.3245, 
            21.3319, 
            -0.5167, 
            74.4917, 
            -11.7769, 
            147.6101, 
            189.8527, 
            151.0835, 
            391.9524, 
            151.3885, 
            117.0139, 
            214.2268, 
            433.4692, 
            62.2771, 
            190.3625, 
            247.0816, 
            19.5169, 
            194.0313, 
            69.7274, 
            152.7089, 
            59.1091, 
            636.1144, 
            252.509, 
            127.6987, 
            189.3503, 
            42.1091, 
            147.0115, 
            32.8637, 
            164.945, 
            398.5281, 
            13.1539, 
            308.3206, 
            76.5314, 
            289.8004, 
            205.562, 
            454.7316, 
            342.0342, 
            19.3451, 
            540.0562, 
            403.9859, 
            571.879, 
            44.2547, 
            54.7588, 
            396.8372, 
            246.182, 
            182.0983, 
            168.952, 
            295.8354, 
            36.6434, 
            148.9162, 
            378.1143, 
            5.8523, 
            389.7814, 
            40.9337, 
            290.9908, 
            147.1984, 
            -51.2375, 
            -14.949, 
            233.4279, 
            49.3137, 
            135.4044, 
            9.4231, 
            248.4369, 
            471.1789, 
            148.9143, 
            -1.0179, 
            140.9859, 
            269.6505, 
            338.1139, 
            430.2263, 
            340.5012, 
            169.9764, 
            -0.645, 
            192.6577, 
            46.1289, 
            3.9436, 
            14.8639, 
            15.1798, 
            -11.565, 
            -25.0147, 
            70.3233, 
            21.0997, 
            242.4556, 
            5.7936, 
            153.8241, 
            302.1991, 
            66.4604, 
            368.1344, 
            179.9474, 
            265.7918, 
            91.1338, 
            133.3032, 
            110.5552, 
            251.3918, 
            21.7639, 
            15.9207, 
            141.9378, 
            78.6484, 
            206.7641, 
            2.0668, 
            248.4741, 
            47.7161, 
            229.0522, 
            73.8175, 
            88.8292, 
            -17.1105, 
            224.295, 
            225.2703, 
            200.9929, 
            145.7536
        ], 
        "x": [
            14.0, 
            2.0, 
            463.0, 
            118.0, 
            795.0, 
            136.0, 
            494.0, 
            63.0, 
            67.0, 
            68.0, 
            336.0, 
            114.0, 
            83.0, 
            272.0, 
            375.0, 
            1.0, 
            424.0, 
            21.0, 
            562.0, 
            52.0, 
            41.0, 
            174.0, 
            16.0, 
            15.0, 
            129.0, 
            253.0, 
            1.0, 
            44.0, 
            512.0, 
            734.0, 
            280.0, 
            491.0, 
            445.0, 
            308.0, 
            133.0, 
            275.0, 
            157.0, 
            11.0, 
            758.0, 
            55.0, 
            148.0, 
            2.0, 
            254.0, 
            130.0, 
            3.0, 
            380.0, 
            13.0, 
            236.0, 
            490.0, 
            28.0, 
            19.0, 
            145.0, 
            98.0, 
            461.0, 
            224.0, 
            308.0, 
            2.0, 
            8.0, 
            151.0, 
            54.0, 
            207.0, 
            537.0, 
            5.0, 
            333.0, 
            9.0, 
            224.0, 
            314.0, 
            8.0, 
            30.0, 
            121.0, 
            169.0, 
            449.0, 
            884.0, 
            286.0, 
            321.0, 
            55.0, 
            260.0, 
            190.0, 
            162.0, 
            178.0, 
            5.0, 
            154.0, 
            72.0, 
            220.0, 
            17.0, 
            285.0, 
            238.0, 
            78.0, 
            205.0, 
            87.0, 
            59.0, 
            57.0, 
            391.0, 
            290.0, 
            84.0, 
            7.0, 
            63.0, 
            2.0, 
            193.0, 
            69.0, 
            23.0, 
            205.0, 
            505.0, 
            149.0, 
            1.0, 
            100.0, 
            299.0, 
            408.0, 
            307.0, 
            306.0, 
            123.0, 
            461.0, 
            244.0, 
            7.0, 
            359.0, 
            127.0, 
            277.0, 
            69.0, 
            23.0, 
            3.0, 
            198.0, 
            73.0, 
            458.0, 
            62.0, 
            13.0, 
            532.0, 
            3.0, 
            405.0, 
            5.0, 
            226.0, 
            8.0, 
            174.0, 
            543.0, 
            326.0, 
            56.0, 
            107.0, 
            120.0, 
            360.0, 
            164.0, 
            4.0, 
            32.0, 
            42.0, 
            152.0, 
            128.0, 
            70.0, 
            453.0, 
            2.0, 
            304.0, 
            207.0, 
            191.0, 
            651.0, 
            30.0, 
            314.0, 
            159.0, 
            8.0, 
            59.0, 
            103.0, 
            124.0, 
            8.0, 
            74.0, 
            47.0, 
            184.0, 
            6.0, 
            495.0, 
            341.0, 
            61.0, 
            3.0, 
            283.0, 
            304.0, 
            68.0, 
            251.0, 
            3.0, 
            150.0, 
            448.0, 
            133.0, 
            190.0, 
            62.0, 
            130.0, 
            10.0, 
            233.0, 
            219.0, 
            233.0, 
            206.0, 
            4.0, 
            315.0, 
            127.0, 
            382.0, 
            68.0, 
            450.0, 
            6.0, 
            156.0, 
            181.0, 
            584.0, 
            326.0, 
            201.0, 
            249.0, 
            4.0, 
            78.0, 
            239.0, 
            10.0, 
            844.0, 
            596.0, 
            53.0, 
            122.0, 
            62.0, 
            134.0, 
            66.0, 
            56.0, 
            148.0, 
            10.0, 
            153.0, 
            416.0, 
            139.0, 
            141.0, 
            156.0, 
            310.0, 
            52.0, 
            162.0, 
            61.0, 
            366.0, 
            392.0, 
            29.0, 
            224.0, 
            421.0, 
            71.0, 
            206.0, 
            264.0, 
            566.0, 
            158.0, 
            2.0, 
            145.0, 
            64.0, 
            224.0, 
            278.0, 
            344.0, 
            310.0, 
            7.0, 
            9.0, 
            441.0, 
            3.0, 
            190.0, 
            308.0, 
            161.0, 
            8.0, 
            524.0, 
            433.0, 
            255.0, 
            396.0, 
            23.0, 
            55.0, 
            433.0, 
            571.0, 
            84.0, 
            141.0, 
            186.0, 
            390.0, 
            12.0, 
            288.0, 
            227.0, 
            388.0, 
            197.0, 
            319.0, 
            531.0, 
            23.0, 
            15.0, 
            390.0, 
            529.0, 
            785.0, 
            399.0, 
            1.0, 
            503.0, 
            129.0, 
            138.0, 
            25.0, 
            136.0, 
            1.0, 
            62.0, 
            105.0, 
            164.0, 
            194.0, 
            64.0, 
            289.0, 
            262.0, 
            131.0, 
            238.0, 
            19.0, 
            33.0, 
            332.0, 
            372.0, 
            159.0, 
            28.0, 
            157.0, 
            513.0, 
            28.0, 
            681.0, 
            1.0, 
            7.0, 
            179.0, 
            8.0, 
            353.0, 
            263.0, 
            82.0, 
            402.0, 
            222.0, 
            95.0, 
            159.0, 
            151.0, 
            46.0, 
            650.0, 
            581.0, 
            206.0, 
            115.0, 
            299.0, 
            9.0, 
            295.0, 
            273.0, 
            404.0, 
            163.0, 
            63.0, 
            359.0, 
            40.0, 
            719.0, 
            257.0, 
            280.0, 
            130.0, 
            276.0, 
            242.0, 
            451.0, 
            171.0, 
            811.0, 
            270.0, 
            212.0, 
            173.0, 
            114.0, 
            12.0, 
            603.0, 
            124.0, 
            417.0, 
            151.0, 
            5.0, 
            884.0, 
            216.0, 
            188.0, 
            141.0, 
            274.0, 
            148.0, 
            300.0, 
            134.0, 
            253.0, 
            13.0, 
            95.0, 
            6.0, 
            638.0, 
            114.0, 
            337.0, 
            145.0, 
            248.0, 
            235.0, 
            211.0, 
            680.0, 
            503.0, 
            155.0, 
            144.0, 
            10.0, 
            135.0, 
            137.0, 
            189.0, 
            357.0, 
            8.0, 
            328.0, 
            71.0, 
            91.0, 
            345.0, 
            87.0, 
            183.0, 
            1.0, 
            71.0, 
            46.0, 
            312.0, 
            265.0, 
            143.0, 
            5.0, 
            306.0, 
            75.0, 
            11.0, 
            218.0, 
            321.0, 
            411.0, 
            194.0, 
            53.0, 
            430.0, 
            93.0, 
            396.0, 
            14.0, 
            32.0, 
            130.0, 
            261.0, 
            280.0, 
            291.0, 
            5.0, 
            25.0, 
            292.0, 
            23.0, 
            178.0, 
            51.0, 
            92.0, 
            105.0, 
            79.0, 
            120.0, 
            330.0, 
            558.0, 
            263.0, 
            20.0, 
            4.0, 
            276.0, 
            21.0, 
            57.0, 
            147.0, 
            484.0, 
            152.0, 
            373.0, 
            14.0, 
            306.0, 
            7.0, 
            27.0, 
            14.0, 
            228.0, 
            76.0, 
            107.0, 
            351.0, 
            20.0, 
            8.0, 
            91.0, 
            237.0, 
            82.0, 
            161.0, 
            151.0, 
            131.0, 
            308.0, 
            220.0, 
            77.0, 
            193.0, 
            237.0, 
            411.0, 
            569.0, 
            289.0, 
            48.0, 
            17.0, 
            9.0, 
            6.0, 
            135.0, 
            379.0, 
            53.0, 
            15.0, 
            38.0, 
            134.0, 
            679.0, 
            105.0, 
            328.0, 
            407.0, 
            7.0, 
            189.0, 
            438.0, 
            374.0, 
            5.0, 
            210.0, 
            239.0, 
            76.0, 
            23.0, 
            90.0, 
            192.0, 
            108.0, 
            140.0, 
            96.0, 
            60.0, 
            523.0, 
            72.0, 
            9.0, 
            51.0, 
            23.0, 
            133.0, 
            64.0, 
            165.0, 
            233.0, 
            5.0, 
            183.0, 
            16.0, 
            287.0, 
            153.0, 
            457.0, 
            150.0, 
            129.0, 
            144.0, 
            57.0, 
            394.0, 
            31.0, 
            281.0, 
            134.0, 
            43.0, 
            23.0, 
            68.0, 
            45.0, 
            605.0, 
            163.0, 
            38.0, 
            24.0, 
            78.0, 
            6.0, 
            3.0, 
            7.0, 
            12.0, 
            140.0, 
            361.0, 
            4.0, 
            139.0, 
            5.0, 
            39.0, 
            84.0, 
            20.0, 
            188.0, 
            917.0, 
            71.0, 
            256.0, 
            498.0, 
            330.0, 
            430.0, 
            857.0, 
            180.0, 
            98.0, 
            55.0, 
            12.0, 
            330.0, 
            56.0, 
            35.0, 
            141.0, 
            1.0, 
            13.0, 
            9.0, 
            226.0, 
            45.0, 
            800.0, 
            27.0, 
            79.0, 
            3.0, 
            394.0, 
            4.0, 
            89.0, 
            53.0, 
            23.0, 
            25.0, 
            12.0, 
            164.0, 
            8.0, 
            4.0, 
            211.0, 
            429.0, 
            149.0, 
            334.0, 
            312.0, 
            37.0, 
            28.0, 
            28.0, 
            423.0, 
            5.0, 
            108.0, 
            15.0, 
            220.0, 
            451.0, 
            5.0, 
            232.0, 
            86.0, 
            398.0, 
            177.0, 
            7.0, 
            22.0, 
            368.0, 
            197.0, 
            6.0, 
            129.0, 
            129.0, 
            282.0, 
            320.0, 
            5.0, 
            30.0, 
            297.0, 
            382.0, 
            156.0, 
            21.0, 
            247.0, 
            48.0, 
            10.0, 
            31.0, 
            7.0, 
            3.0, 
            512.0, 
            10.0, 
            44.0, 
            453.0, 
            4.0, 
            316.0, 
            72.0, 
            5.0, 
            135.0, 
            2.0, 
            290.0, 
            268.0, 
            538.0, 
            214.0, 
            90.0, 
            5.0, 
            164.0, 
            116.0, 
            57.0, 
            26.0, 
            6.0, 
            292.0, 
            201.0, 
            460.0, 
            55.0, 
            226.0, 
            409.0, 
            3.0, 
            297.0, 
            7.0, 
            209.0, 
            166.0, 
            356.0, 
            25.0, 
            76.0, 
            20.0, 
            536.0, 
            22.0, 
            331.0, 
            3.0, 
            36.0, 
            649.0, 
            1.0, 
            95.0, 
            473.0, 
            187.0, 
            70.0, 
            114.0, 
            419.0, 
            118.0, 
            511.0, 
            355.0, 
            604.0, 
            52.0, 
            155.0, 
            214.0, 
            81.0, 
            82.0, 
            87.0, 
            58.0, 
            332.0, 
            10.0, 
            20.0, 
            357.0, 
            133.0, 
            239.0, 
            21.0, 
            98.0, 
            694.0, 
            48.0, 
            305.0, 
            195.0, 
            263.0, 
            8.0, 
            578.0, 
            120.0, 
            584.0, 
            188.0, 
            3.0, 
            12.0, 
            110.0, 
            128.0, 
            219.0, 
            256.0, 
            39.0, 
            34.0, 
            172.0, 
            123.0, 
            386.0, 
            9.0, 
            106.0, 
            226.0, 
            151.0, 
            56.0, 
            362.0, 
            154.0, 
            354.0, 
            76.0, 
            52.0, 
            70.0, 
            518.0, 
            324.0, 
            187.0, 
            296.0, 
            117.0, 
            173.0, 
            645.0, 
            806.0, 
            364.0, 
            1.0, 
            10.0, 
            504.0, 
            42.0, 
            106.0, 
            231.0, 
            53.0, 
            467.0, 
            137.0, 
            351.0, 
            25.0, 
            284.0, 
            16.0, 
            78.0, 
            16.0, 
            25.0, 
            365.0, 
            33.0, 
            108.0, 
            282.0, 
            12.0, 
            312.0, 
            278.0, 
            343.0, 
            259.0, 
            8.0, 
            125.0, 
            48.0, 
            232.0, 
            285.0, 
            157.0, 
            190.0, 
            69.0, 
            455.0, 
            10.0, 
            367.0, 
            281.0, 
            7.0, 
            211.0, 
            196.0, 
            385.0, 
            132.0, 
            643.0, 
            2.0, 
            129.0, 
            171.0, 
            185.0, 
            5.0, 
            322.0, 
            70.0, 
            7.0, 
            6.0, 
            116.0, 
            299.0, 
            148.0, 
            273.0, 
            1.0, 
            401.0, 
            16.0, 
            209.0, 
            390.0, 
            136.0, 
            465.0, 
            398.0, 
            192.0, 
            119.0, 
            158.0, 
            112.0, 
            546.0, 
            19.0, 
            108.0, 
            176.0, 
            58.0, 
            461.0, 
            223.0, 
            52.0, 
            7.0, 
            239.0, 
            377.0, 
            71.0, 
            98.0, 
            86.0, 
            48.0, 
            111.0, 
            354.0, 
            5.0, 
            326.0, 
            49.0, 
            308.0, 
            196.0, 
            48.0, 
            5.0, 
            74.0, 
            229.0, 
            318.0, 
            25.0, 
            130.0, 
            351.0, 
            398.0, 
            114.0, 
            232.0, 
            542.0, 
            18.0, 
            34.0, 
            49.0, 
            226.0, 
            148.0, 
            530.0, 
            180.0, 
            339.0, 
            114.0, 
            187.0, 
            81.0, 
            414.0, 
            158.0, 
            390.0, 
            404.0, 
            552.0, 
            243.0, 
            89.0, 
            144.0, 
            84.0, 
            108.0, 
            1.0, 
            86.0, 
            6.0, 
            484.0, 
            151.0, 
            323.0, 
            47.0, 
            236.0, 
            244.0, 
            473.0, 
            381.0, 
            8.0, 
            480.0, 
            26.0, 
            478.0, 
            512.0, 
            99.0, 
            119.0, 
            298.0, 
            14.0, 
            159.0, 
            30.0, 
            419.0, 
            576.0, 
            62.0, 
            35.0, 
            2.0, 
            73.0, 
            75.0, 
            15.0, 
            286.0, 
            201.0, 
            61.0, 
            343.0, 
            270.0, 
            4.0, 
            111.0, 
            26.0, 
            117.0, 
            107.0, 
            153.0, 
            367.0, 
            247.0, 
            297.0, 
            160.0, 
            3.0, 
            271.0, 
            38.0, 
            464.0, 
            232.0, 
            549.0, 
            715.0, 
            168.0, 
            127.0, 
            331.0, 
            31.0, 
            77.0, 
            694.0, 
            743.0, 
            5.0, 
            2.0, 
            22.0, 
            502.0, 
            590.0, 
            75.0, 
            12.0, 
            9.0, 
            37.0, 
            2.0, 
            105.0, 
            199.0, 
            165.0, 
            353.0, 
            69.0, 
            109.0, 
            213.0, 
            451.0, 
            57.0, 
            87.0, 
            282.0, 
            23.0, 
            199.0, 
            77.0, 
            181.0, 
            64.0, 
            729.0, 
            265.0, 
            151.0, 
            189.0, 
            42.0, 
            129.0, 
            16.0, 
            147.0, 
            353.0, 
            17.0, 
            245.0, 
            24.0, 
            272.0, 
            226.0, 
            514.0, 
            390.0, 
            106.0, 
            702.0, 
            461.0, 
            657.0, 
            14.0, 
            59.0, 
            275.0, 
            233.0, 
            216.0, 
            147.0, 
            226.0, 
            69.0, 
            118.0, 
            376.0, 
            6.0, 
            359.0, 
            80.0, 
            222.0, 
            131.0, 
            2.0, 
            1.0, 
            87.0, 
            46.0, 
            128.0, 
            30.0, 
            211.0, 
            541.0, 
            139.0, 
            25.0, 
            94.0, 
            282.0, 
            447.0, 
            406.0, 
            365.0, 
            164.0, 
            4.0, 
            116.0, 
            28.0, 
            13.0, 
            16.0, 
            16.0, 
            24.0, 
            5.0, 
            46.0, 
            16.0, 
            239.0, 
            43.0, 
            217.0, 
            232.0, 
            29.0, 
            385.0, 
            225.0, 
            202.0, 
            89.0, 
            118.0, 
            123.0, 
            269.0, 
            27.0, 
            4.0, 
            99.0, 
            93.0, 
            200.0, 
            1.0, 
            222.0, 
            26.0, 
            238.0, 
            84.0, 
            61.0, 
            38.0, 
            216.0, 
            243.0, 
            126.0, 
            133.0
        ]
    }, 
    "processed_feature_names": [
        "atemp", 
        "day of the month", 
        "day of the week", 
        "holiday", 
        "hour of the day", 
        "humidity", 
        "month of the year", 
        "season", 
        "weather", 
        "windspeed", 
        "workingday", 
        "year"
    ], 
    "regression_performance": {
        "max_error": 128.58722656249992, 
        "median_error": -1.5199556350708008, 
        "error_distribution": [
            {
                "count": 96, 
                "bin_max": -80.330396362304697, 
                "bin_id": 0, 
                "bin_min": -103.77559626831055
            }, 
            {
                "count": 99, 
                "bin_max": -57.117327148437525, 
                "bin_id": 1, 
                "bin_min": -80.330396362304697
            }, 
            {
                "count": 202, 
                "bin_max": -33.904257934570353, 
                "bin_id": 2, 
                "bin_min": -57.117327148437525
            }, 
            {
                "count": 424, 
                "bin_max": -10.691188720703167, 
                "bin_id": 3, 
                "bin_min": -33.904257934570353
            }, 
            {
                "count": 665, 
                "bin_max": 12.521880493164019, 
                "bin_id": 4, 
                "bin_min": -10.691188720703167
            }, 
            {
                "count": 382, 
                "bin_max": 35.734949707031177, 
                "bin_id": 5, 
                "bin_min": 12.521880493164019
            }, 
            {
                "count": 145, 
                "bin_max": 58.948018920898363, 
                "bin_id": 6, 
                "bin_min": 35.734949707031177
            }, 
            {
                "count": 76, 
                "bin_max": 82.161088134765549, 
                "bin_id": 7, 
                "bin_min": 58.948018920898363
            }, 
            {
                "count": 31, 
                "bin_max": 105.37415734863274, 
                "bin_id": 8, 
                "bin_min": 82.161088134765549
            }, 
            {
                "count": 75, 
                "bin_max": 128.58722656249992, 
                "bin_id": 9, 
                "bin_min": 105.37415734863274
            }
        ], 
        "min_error": -103.54346557617188, 
        "average_error": -0.42687667528480827, 
        "std_error": 44.00835676380212, 
        "p75_error": 19.993133544921875, 
        "p90_error": 49.8744010925293, 
        "p25_error": -22.655750274658203
    }
}