{
  "algorithm": "XGBOOST_REGRESSION",
  "xgboost_grid": {
    "enabled": true,
    "max_depth": [
      3
    ],
    "learning_rate": [
      0.2
    ],
    "gamma": [
      0.0
    ],
    "min_child_weight": [
      0.0
    ],
    "max_delta_step": [
      0.0
    ],
    "subsample": [
      1.0
    ],
    "colsample_bytree": [
      1.0
    ],
    "colsample_bylevel": [
      1.0
    ],
    "alpha": [
      0.0
    ],
    "lambda": [
      1.0
    ],
    "n_estimators": 300,
    "nthread": -1,
    "scale_pos_weight": 1.0,
    "base_score": 0.5,
    "impute_missing": false,
    "missing": 0.0,
    "seed": 1337,
    "enable_early_stopping": true,
    "early_stopping_rounds": 4
  },
  "max_ensemble_nodes_serialized": 0,
  "metrics": {
    "evaluationMetric": "R2",
    "customEvaluationMetricGIB": true,
    "customEvaluationMetricNeedsProba": false,
    "costMatrixWeights": {
      "tpGain": 1.0,
      "tnGain": 0.0,
      "fpGain": -0.3,
      "fnGain": 0.0
    },
    "liftPoint": 0.4
  },
  "autoOptimizeThreshold": true,
  "forcedClassifierThreshold": 0.0,
  "gridLength": 1,
  "grid_search_params": {
    "mode": "KFOLD",
    "splitRatio": 0.8,
    "shuffleIterations": 1,
    "nFolds": 3,
    "stratified": true,
    "randomized": true,
    "nIter": 0,
    "timeout": 0,
    "nJobs": -1
  },
  "computeLearningCurves": false
}