{
    "metrics": {
        "pearson": 0.2578642405585152, 
        "r2": 0.045740996114407628, 
        "rmse": 0.24239654971429417, 
        "mape": 0.6661823962900683, 
        "mae": 0.20261209703846605, 
        "mse": 0.058756087313394281, 
        "evs": 0.045784893867656606, 
        "rmsle": 0.16031076201607553
    }, 
    "scatterPlotData": {
        "y": [
            0.6432, 
            0.599, 
            0.6303, 
            0.5973, 
            0.5939, 
            0.6413, 
            0.5155, 
            0.5728, 
            0.657, 
            0.5961, 
            0.6112, 
            0.6388, 
            0.6251, 
            0.6086, 
            0.6365, 
            0.6184, 
            0.6336, 
            0.66, 
            0.5914, 
            0.5851, 
            0.5804, 
            0.6074, 
            0.6477, 
            0.6177, 
            0.5999, 
            0.6657, 
            0.6205, 
            0.6217, 
            0.6043, 
            0.6159, 
            0.6167, 
            0.6095, 
            0.5771, 
            0.6127, 
            0.5706, 
            0.596, 
            0.6157, 
            0.6078, 
            0.5848, 
            0.615, 
            0.6073, 
            0.6138, 
            0.61, 
            0.6459, 
            0.6214, 
            0.6521, 
            0.6057, 
            0.5913, 
            0.5707, 
            0.5806, 
            0.6149, 
            0.6094, 
            0.6197, 
            0.5811, 
            0.6172, 
            0.5819, 
            0.5934, 
            0.6301, 
            0.6337, 
            0.6428, 
            0.599, 
            0.6255, 
            0.6176, 
            0.5877, 
            0.5923, 
            0.5569, 
            0.6664, 
            0.6066, 
            0.5921, 
            0.6098, 
            0.5748, 
            0.5799, 
            0.6764, 
            0.6283, 
            0.6104, 
            0.6302, 
            0.6166, 
            0.6055, 
            0.6279, 
            0.6041, 
            0.6694, 
            0.669, 
            0.5232, 
            0.5851, 
            0.5843, 
            0.5975, 
            0.6076, 
            0.6606, 
            0.6214, 
            0.5835, 
            0.6085, 
            0.6349, 
            0.5191, 
            0.6025, 
            0.6076, 
            0.5877, 
            0.5925, 
            0.5895, 
            0.6229, 
            0.6361, 
            0.5861, 
            0.5793, 
            0.5824, 
            0.6202, 
            0.5943, 
            0.6402, 
            0.588, 
            0.6251, 
            0.6337, 
            0.5663, 
            0.619, 
            0.6241, 
            0.6132, 
            0.6124, 
            0.6348, 
            0.5846, 
            0.5755, 
            0.6094, 
            0.6487, 
            0.6349, 
            0.5658, 
            0.6551, 
            0.5566, 
            0.5691, 
            0.5948, 
            0.6007, 
            0.5999, 
            0.6014, 
            0.5696, 
            0.6076, 
            0.6034, 
            0.6187, 
            0.6009, 
            0.6662, 
            0.5904, 
            0.5935, 
            0.6095, 
            0.6206, 
            0.6237, 
            0.6219, 
            0.6356, 
            0.5954, 
            0.5727, 
            0.6104, 
            0.6047, 
            0.6542, 
            0.5556, 
            0.5694, 
            0.6256, 
            0.6233, 
            0.6066, 
            0.5991, 
            0.6258, 
            0.6532, 
            0.6047, 
            0.6, 
            0.5604, 
            0.6346, 
            0.6095, 
            0.6229, 
            0.6266, 
            0.6095, 
            0.5672, 
            0.6203, 
            0.6157, 
            0.6361, 
            0.5861, 
            0.6324, 
            0.6188, 
            0.5251, 
            0.6237, 
            0.5805, 
            0.58, 
            0.5789, 
            0.5886, 
            0.595, 
            0.6205, 
            0.6053, 
            0.6082, 
            0.6012, 
            0.6574, 
            0.6394, 
            0.6125, 
            0.6028, 
            0.6234, 
            0.6175, 
            0.6153, 
            0.6558, 
            0.6132, 
            0.6331, 
            0.6017, 
            0.6468, 
            0.6566, 
            0.6281, 
            0.5984, 
            0.5999, 
            0.607, 
            0.6304, 
            0.6129, 
            0.6801, 
            0.6168, 
            0.6125, 
            0.5756, 
            0.6771, 
            0.6109, 
            0.6362, 
            0.6349, 
            0.615, 
            0.6352, 
            0.6151, 
            0.5583, 
            0.6246, 
            0.5914, 
            0.6356, 
            0.6508, 
            0.6408, 
            0.595, 
            0.6339, 
            0.6246, 
            0.5992, 
            0.6507, 
            0.6488, 
            0.5832, 
            0.5778, 
            0.6146, 
            0.6244, 
            0.6122, 
            0.6896, 
            0.5732, 
            0.6161, 
            0.5909, 
            0.6335, 
            0.6518, 
            0.5772, 
            0.5282, 
            0.6, 
            0.6076, 
            0.6081, 
            0.6159, 
            0.6499, 
            0.6049, 
            0.6211, 
            0.6325, 
            0.6392, 
            0.5826, 
            0.5912, 
            0.599, 
            0.5759, 
            0.6044, 
            0.6379, 
            0.5902, 
            0.6443, 
            0.6709, 
            0.535, 
            0.5981, 
            0.5845, 
            0.5813, 
            0.5996, 
            0.5669, 
            0.5998, 
            0.6127, 
            0.6119, 
            0.6048, 
            0.541, 
            0.5868, 
            0.6036, 
            0.5883, 
            0.6475, 
            0.6029, 
            0.6019, 
            0.5546, 
            0.637, 
            0.6489, 
            0.6682, 
            0.5853, 
            0.6361, 
            0.6175, 
            0.6105, 
            0.6132, 
            0.5925, 
            0.6167, 
            0.6303, 
            0.5909, 
            0.6083, 
            0.6064, 
            0.6019, 
            0.585, 
            0.6219, 
            0.6071, 
            0.6457, 
            0.6076, 
            0.6112, 
            0.5856, 
            0.5735, 
            0.6479, 
            0.6051, 
            0.5424, 
            0.6345, 
            0.6072, 
            0.6251, 
            0.6082, 
            0.6612, 
            0.5746, 
            0.6266, 
            0.5605, 
            0.6167, 
            0.6326, 
            0.6186, 
            0.62, 
            0.7089, 
            0.5938, 
            0.5978, 
            0.6221, 
            0.6055, 
            0.5829, 
            0.6072, 
            0.5933, 
            0.646, 
            0.5845, 
            0.5919, 
            0.5851, 
            0.6034, 
            0.6111, 
            0.6161, 
            0.6057, 
            0.6238, 
            0.6256, 
            0.6227, 
            0.6981, 
            0.6571, 
            0.6174, 
            0.6412, 
            0.6006, 
            0.6104, 
            0.5996, 
            0.5897, 
            0.5692, 
            0.6323, 
            0.6487, 
            0.5705, 
            0.6607, 
            0.5826, 
            0.5794, 
            0.6623, 
            0.6303, 
            0.6033, 
            0.66, 
            0.6157, 
            0.623, 
            0.6892, 
            0.62, 
            0.6289, 
            0.6066, 
            0.6001, 
            0.609, 
            0.6468, 
            0.6595, 
            0.6425, 
            0.6009, 
            0.6421, 
            0.6302, 
            0.5915, 
            0.6446, 
            0.5701, 
            0.6218, 
            0.6075, 
            0.5449, 
            0.5885, 
            0.6095, 
            0.5718, 
            0.666, 
            0.6142, 
            0.6399, 
            0.6361, 
            0.6475, 
            0.5999, 
            0.6258, 
            0.5722, 
            0.6188, 
            0.5881, 
            0.6249, 
            0.652, 
            0.6083, 
            0.6227, 
            0.5911, 
            0.6144, 
            0.5904, 
            0.603, 
            0.6049, 
            0.6441, 
            0.532, 
            0.6838, 
            0.618, 
            0.6135, 
            0.6072, 
            0.5798, 
            0.6327, 
            0.6301, 
            0.6407, 
            0.6584, 
            0.6051, 
            0.6218, 
            0.6434, 
            0.6444, 
            0.6071, 
            0.658, 
            0.5659, 
            0.62, 
            0.6194, 
            0.593, 
            0.6195, 
            0.6085, 
            0.6158, 
            0.6446, 
            0.5925, 
            0.6427, 
            0.6472, 
            0.6276, 
            0.6097, 
            0.5942, 
            0.6576, 
            0.6209, 
            0.6471, 
            0.6637, 
            0.6031, 
            0.6185, 
            0.6362, 
            0.6186, 
            0.6025, 
            0.6017, 
            0.6161, 
            0.6185, 
            0.5931, 
            0.5995, 
            0.5923, 
            0.5924, 
            0.5875, 
            0.5851, 
            0.6079, 
            0.6491, 
            0.589, 
            0.6205, 
            0.5951, 
            0.5839, 
            0.5981, 
            0.6258, 
            0.5942, 
            0.626, 
            0.6876, 
            0.6041, 
            0.5837, 
            0.6521, 
            0.5909, 
            0.6213, 
            0.6006, 
            0.6252, 
            0.6066, 
            0.6333, 
            0.5821, 
            0.5713, 
            0.6214, 
            0.6511, 
            0.6161, 
            0.5192, 
            0.6154, 
            0.6207, 
            0.606, 
            0.6192, 
            0.5871, 
            0.6072, 
            0.6075, 
            0.6253, 
            0.6489, 
            0.6272, 
            0.5752, 
            0.5559, 
            0.6036, 
            0.6191, 
            0.6054, 
            0.5798, 
            0.6919, 
            0.6046, 
            0.6573, 
            0.6244, 
            0.6224, 
            0.6009, 
            0.6415, 
            0.6423, 
            0.6304, 
            0.6382, 
            0.6679, 
            0.6244, 
            0.5948, 
            0.6034, 
            0.6678, 
            0.5953, 
            0.5436, 
            0.6249, 
            0.5943, 
            0.5999, 
            0.6412, 
            0.5979, 
            0.6331, 
            0.63, 
            0.6148, 
            0.6687, 
            0.5898, 
            0.665, 
            0.597, 
            0.6221, 
            0.6161, 
            0.6041, 
            0.6334, 
            0.6258, 
            0.5857, 
            0.6263, 
            0.5621, 
            0.6132, 
            0.6038, 
            0.6028, 
            0.5849, 
            0.5779, 
            0.6132, 
            0.5816, 
            0.6531, 
            0.5501, 
            0.6478, 
            0.6028, 
            0.5933, 
            0.6057, 
            0.5909, 
            0.6586, 
            0.5871, 
            0.5968, 
            0.6161, 
            0.6574, 
            0.6038, 
            0.5683, 
            0.5917, 
            0.6028, 
            0.6398, 
            0.6066, 
            0.5661, 
            0.5975, 
            0.6206, 
            0.6279, 
            0.633, 
            0.6225, 
            0.6264, 
            0.6139, 
            0.5638, 
            0.6008, 
            0.6517, 
            0.5859, 
            0.5824, 
            0.6741, 
            0.6309, 
            0.6172, 
            0.6621, 
            0.5846, 
            0.6621, 
            0.6061, 
            0.6394, 
            0.6212, 
            0.6322, 
            0.6514, 
            0.6232, 
            0.6041, 
            0.5961, 
            0.6349, 
            0.6249, 
            0.6081, 
            0.5746, 
            0.6583, 
            0.5661, 
            0.6181, 
            0.6267, 
            0.5854, 
            0.5998, 
            0.5592, 
            0.6759, 
            0.5942, 
            0.6342, 
            0.6028, 
            0.6137, 
            0.617, 
            0.6552, 
            0.6186, 
            0.6385, 
            0.5895, 
            0.6376, 
            0.6104, 
            0.6091, 
            0.6018, 
            0.6092, 
            0.6262, 
            0.615, 
            0.6593, 
            0.6019, 
            0.6006, 
            0.6057, 
            0.5864, 
            0.6009, 
            0.6756, 
            0.5892, 
            0.6085, 
            0.6166, 
            0.5782, 
            0.5672, 
            0.5631, 
            0.623, 
            0.6199, 
            0.6092, 
            0.5657, 
            0.6006, 
            0.6094, 
            0.5475, 
            0.5827, 
            0.589, 
            0.6012, 
            0.595, 
            0.5976, 
            0.6115, 
            0.6109, 
            0.6368, 
            0.5566, 
            0.5553, 
            0.6038, 
            0.5915, 
            0.6058, 
            0.5893, 
            0.5739, 
            0.6262, 
            0.6085, 
            0.6005, 
            0.58, 
            0.6463, 
            0.6245, 
            0.6208, 
            0.5791, 
            0.6217, 
            0.6515, 
            0.6267, 
            0.5606, 
            0.6264, 
            0.6052, 
            0.5811, 
            0.6355, 
            0.5857, 
            0.6212, 
            0.6381, 
            0.6305, 
            0.5893, 
            0.5999, 
            0.5819, 
            0.6494, 
            0.5885, 
            0.6191, 
            0.6205, 
            0.6214, 
            0.6501, 
            0.6246, 
            0.6299, 
            0.5851, 
            0.5455, 
            0.6258, 
            0.6236, 
            0.633, 
            0.6379, 
            0.5667, 
            0.6387, 
            0.6549, 
            0.5947, 
            0.5546, 
            0.6316, 
            0.5896, 
            0.6002, 
            0.563, 
            0.6358, 
            0.6406, 
            0.6186, 
            0.5974, 
            0.5896, 
            0.6158, 
            0.5928, 
            0.6249, 
            0.5605, 
            0.6271, 
            0.6313, 
            0.6636, 
            0.633, 
            0.561, 
            0.6226, 
            0.6722, 
            0.6066, 
            0.6377, 
            0.626, 
            0.6131, 
            0.6206, 
            0.6077, 
            0.6045, 
            0.5669, 
            0.6034, 
            0.6119, 
            0.6165, 
            0.6428, 
            0.608, 
            0.6009, 
            0.6741, 
            0.6282, 
            0.6454, 
            0.6318, 
            0.5519, 
            0.608, 
            0.597, 
            0.5974, 
            0.6038, 
            0.5653, 
            0.6197, 
            0.6592, 
            0.6119, 
            0.6537, 
            0.5868, 
            0.5952, 
            0.5967, 
            0.5859, 
            0.5801, 
            0.6107, 
            0.5847, 
            0.5627, 
            0.6315, 
            0.6269, 
            0.559, 
            0.6008, 
            0.6474, 
            0.5941, 
            0.559, 
            0.5804, 
            0.5669, 
            0.6099, 
            0.6036, 
            0.6034, 
            0.6769, 
            0.6337, 
            0.5928, 
            0.688, 
            0.6376, 
            0.6241, 
            0.613, 
            0.6354, 
            0.5836, 
            0.594, 
            0.648, 
            0.6167, 
            0.6133, 
            0.5697, 
            0.653, 
            0.6057, 
            0.6389, 
            0.6157, 
            0.632, 
            0.5886, 
            0.6061, 
            0.5948, 
            0.6361, 
            0.6438, 
            0.598, 
            0.6166, 
            0.5801, 
            0.6111, 
            0.6115, 
            0.6368, 
            0.5775, 
            0.578, 
            0.6167, 
            0.6148, 
            0.5664, 
            0.6319, 
            0.6134, 
            0.638, 
            0.6306, 
            0.6213, 
            0.5803, 
            0.5714, 
            0.6174, 
            0.6054, 
            0.616, 
            0.5726, 
            0.6157, 
            0.5824, 
            0.6176, 
            0.6027, 
            0.6241, 
            0.6029, 
            0.6586, 
            0.6325, 
            0.653, 
            0.5891, 
            0.5929, 
            0.5869, 
            0.6373, 
            0.5953, 
            0.5757, 
            0.6161, 
            0.6233, 
            0.6194, 
            0.6587, 
            0.5969, 
            0.6122, 
            0.5838, 
            0.5903, 
            0.6151, 
            0.6098, 
            0.6345, 
            0.5917, 
            0.5794, 
            0.6184, 
            0.5675, 
            0.6308, 
            0.6131, 
            0.6555, 
            0.6383, 
            0.6388, 
            0.6355, 
            0.6912, 
            0.6122, 
            0.6072, 
            0.57, 
            0.6055, 
            0.5596, 
            0.6163, 
            0.6361, 
            0.6204, 
            0.5998, 
            0.6781, 
            0.6259, 
            0.5043, 
            0.6205, 
            0.6568, 
            0.5816, 
            0.6372, 
            0.6415, 
            0.5847, 
            0.621, 
            0.6303, 
            0.6035, 
            0.6165, 
            0.6025, 
            0.6328, 
            0.5714, 
            0.6701, 
            0.6148, 
            0.5995, 
            0.6062, 
            0.6399, 
            0.6305, 
            0.595, 
            0.605, 
            0.6061, 
            0.6022, 
            0.5832, 
            0.5896, 
            0.6044, 
            0.6137, 
            0.6203, 
            0.6194, 
            0.5885, 
            0.6201, 
            0.6029, 
            0.581, 
            0.6286, 
            0.6124, 
            0.6066, 
            0.5918, 
            0.6129, 
            0.6263, 
            0.6047, 
            0.6067, 
            0.6305, 
            0.615, 
            0.5772, 
            0.612, 
            0.599, 
            0.6756, 
            0.6508, 
            0.5611, 
            0.5781, 
            0.6371, 
            0.6433, 
            0.62, 
            0.6406, 
            0.6124, 
            0.6442, 
            0.6182, 
            0.5872, 
            0.6338, 
            0.5977, 
            0.6014, 
            0.6523, 
            0.6462, 
            0.636, 
            0.6305, 
            0.6502, 
            0.6271, 
            0.6118, 
            0.6425, 
            0.6132, 
            0.5983, 
            0.5589, 
            0.6014, 
            0.651, 
            0.6456, 
            0.6075, 
            0.6461, 
            0.6573, 
            0.615, 
            0.6457, 
            0.6145, 
            0.6122, 
            0.6352, 
            0.647, 
            0.6241, 
            0.6262, 
            0.5927, 
            0.6047, 
            0.6008, 
            0.6148, 
            0.613, 
            0.614, 
            0.5967, 
            0.6099, 
            0.5927, 
            0.6038, 
            0.5999, 
            0.5709, 
            0.5669, 
            0.6608, 
            0.6271, 
            0.6085, 
            0.5753, 
            0.6347, 
            0.6472, 
            0.6132, 
            0.6094, 
            0.647, 
            0.6229, 
            0.6233, 
            0.6076, 
            0.6093, 
            0.5585, 
            0.5913, 
            0.634, 
            0.6713, 
            0.5823, 
            0.5854, 
            0.6168, 
            0.5748, 
            0.6373, 
            0.6587, 
            0.59, 
            0.5934, 
            0.663, 
            0.6073, 
            0.6065, 
            0.5614, 
            0.547, 
            0.5937, 
            0.6118, 
            0.5633, 
            0.6173, 
            0.6267, 
            0.5877, 
            0.5612, 
            0.591, 
            0.5452, 
            0.6246, 
            0.6062, 
            0.6478, 
            0.5604, 
            0.5883, 
            0.6104, 
            0.6403, 
            0.588, 
            0.6352, 
            0.6378, 
            0.6105, 
            0.6307, 
            0.6265, 
            0.5949, 
            0.5999, 
            0.5951, 
            0.6057, 
            0.5829, 
            0.6055, 
            0.6441, 
            0.5972, 
            0.5958, 
            0.6328, 
            0.6282, 
            0.5873
        ], 
        "x": [
            0.74, 
            0.37, 
            0.53, 
            0.58, 
            0.67, 
            0.53, 
            0.63, 
            0.57, 
            0.62, 
            0.1, 
            0.72, 
            0.54, 
            0.84, 
            0.95, 
            0.91, 
            0.59, 
            0.66, 
            0.5, 
            0.09, 
            0.11, 
            0.09, 
            0.52, 
            0.65, 
            0.92, 
            0.4, 
            0.95, 
            0.36, 
            0.38, 
            0.73, 
            0.66, 
            0.36, 
            0.82, 
            0.7, 
            0.78, 
            0.7, 
            0.21, 
            0.42, 
            0.67, 
            0.82, 
            0.9, 
            0.66, 
            0.36, 
            0.89, 
            0.77, 
            0.42, 
            0.96, 
            0.43, 
            0.59, 
            0.95, 
            0.23, 
            0.92, 
            0.72, 
            0.65, 
            0.97, 
            0.93, 
            0.51, 
            0.51, 
            0.73, 
            0.8, 
            0.84, 
            0.37, 
            0.74, 
            0.39, 
            0.54, 
            0.11, 
            0.96, 
            0.83, 
            0.44, 
            0.5, 
            0.51, 
            0.1, 
            0.59, 
            0.5, 
            0.43, 
            0.4, 
            0.49, 
            0.49, 
            0.65, 
            0.12, 
            0.95, 
            0.49, 
            0.73, 
            0.93, 
            0.89, 
            0.78, 
            1.0, 
            0.4, 
            0.87, 
            0.43, 
            0.1, 
            0.42, 
            0.32, 
            0.58, 
            0.6, 
            0.36, 
            0.37, 
            0.48, 
            0.23, 
            0.37, 
            0.73, 
            0.1, 
            0.84, 
            0.64, 
            0.57, 
            0.83, 
            0.5, 
            0.09, 
            0.83, 
            0.67, 
            0.91, 
            0.89, 
            0.55, 
            0.83, 
            0.5, 
            0.83, 
            0.72, 
            0.99, 
            0.96, 
            0.78, 
            0.67, 
            0.25, 
            0.95, 
            0.14, 
            0.16, 
            0.72, 
            0.69, 
            0.4, 
            0.82, 
            0.46, 
            0.39, 
            0.68, 
            0.82, 
            0.37, 
            0.78, 
            0.11, 
            0.16, 
            0.45, 
            0.62, 
            0.87, 
            0.45, 
            0.54, 
            0.59, 
            0.7, 
            0.43, 
            0.77, 
            0.81, 
            0.42, 
            0.27, 
            0.66, 
            0.95, 
            0.42, 
            0.89, 
            0.32, 
            0.77, 
            0.45, 
            0.1, 
            0.23, 
            0.83, 
            0.68, 
            0.49, 
            0.91, 
            0.38, 
            0.42, 
            0.8, 
            0.44, 
            0.77, 
            0.94, 
            0.96, 
            0.63, 
            0.2, 
            0.87, 
            0.6, 
            0.75, 
            0.78, 
            0.57, 
            0.83, 
            0.39, 
            0.83, 
            0.69, 
            0.66, 
            0.49, 
            0.76, 
            0.42, 
            0.16, 
            0.81, 
            0.72, 
            0.82, 
            0.73, 
            0.86, 
            0.14, 
            0.58, 
            0.64, 
            0.61, 
            0.9, 
            0.9, 
            0.43, 
            0.87, 
            0.79, 
            0.61, 
            0.92, 
            0.75, 
            0.91, 
            0.1, 
            0.72, 
            0.42, 
            0.16, 
            0.21, 
            0.39, 
            0.58, 
            0.5, 
            0.39, 
            0.72, 
            0.3, 
            0.96, 
            0.48, 
            0.73, 
            0.92, 
            0.73, 
            0.73, 
            0.83, 
            1.0, 
            0.75, 
            0.89, 
            0.61, 
            0.91, 
            0.63, 
            0.98, 
            0.53, 
            0.25, 
            0.91, 
            0.1, 
            0.68, 
            0.98, 
            0.61, 
            0.74, 
            0.1, 
            0.39, 
            0.5, 
            0.49, 
            0.68, 
            0.2, 
            0.91, 
            0.7, 
            0.82, 
            0.73, 
            0.83, 
            0.11, 
            0.48, 
            0.87, 
            0.6, 
            0.95, 
            0.54, 
            0.7, 
            0.96, 
            0.92, 
            0.17, 
            0.11, 
            0.8, 
            0.84, 
            0.19, 
            0.78, 
            0.4, 
            0.79, 
            0.64, 
            0.94, 
            0.93, 
            0.53, 
            0.56, 
            0.49, 
            0.42, 
            0.14, 
            0.52, 
            0.67, 
            0.78, 
            0.11, 
            0.89, 
            0.83, 
            0.65, 
            0.97, 
            0.97, 
            0.92, 
            0.71, 
            0.22, 
            0.81, 
            0.54, 
            0.41, 
            0.87, 
            0.46, 
            0.98, 
            0.88, 
            0.41, 
            0.16, 
            0.69, 
            0.67, 
            0.64, 
            0.18, 
            0.94, 
            0.84, 
            0.73, 
            0.74, 
            0.91, 
            0.3, 
            0.78, 
            0.98, 
            0.75, 
            0.44, 
            0.49, 
            0.42, 
            0.77, 
            0.74, 
            0.89, 
            0.35, 
            0.36, 
            0.58, 
            0.97, 
            0.89, 
            0.81, 
            0.72, 
            0.35, 
            0.87, 
            0.81, 
            0.72, 
            0.67, 
            0.82, 
            0.37, 
            0.56, 
            0.76, 
            0.46, 
            0.93, 
            0.63, 
            0.2, 
            0.58, 
            0.95, 
            0.36, 
            0.66, 
            0.87, 
            0.7, 
            0.9, 
            0.6, 
            0.89, 
            0.93, 
            0.93, 
            0.1, 
            0.52, 
            0.75, 
            0.88, 
            0.37, 
            0.51, 
            0.6, 
            0.21, 
            0.77, 
            0.52, 
            0.43, 
            0.9, 
            0.58, 
            0.18, 
            0.97, 
            0.59, 
            0.37, 
            0.64, 
            0.27, 
            0.6, 
            0.51, 
            0.81, 
            0.96, 
            0.8, 
            0.15, 
            0.87, 
            0.36, 
            0.09, 
            0.72, 
            0.73, 
            0.82, 
            0.64, 
            0.53, 
            0.4, 
            0.98, 
            0.88, 
            0.78, 
            0.64, 
            0.92, 
            0.99, 
            0.52, 
            0.86, 
            0.64, 
            0.71, 
            0.1, 
            0.54, 
            0.31, 
            0.67, 
            0.65, 
            0.81, 
            0.59, 
            0.22, 
            0.83, 
            0.7, 
            0.37, 
            0.98, 
            0.27, 
            0.7, 
            0.91, 
            0.14, 
            0.67, 
            0.92, 
            0.88, 
            0.53, 
            0.75, 
            0.53, 
            0.52, 
            0.48, 
            0.9, 
            0.89, 
            0.32, 
            0.54, 
            0.52, 
            0.48, 
            0.84, 
            0.6, 
            0.63, 
            0.11, 
            0.54, 
            0.48, 
            0.74, 
            0.99, 
            0.98, 
            0.7, 
            0.31, 
            0.43, 
            0.88, 
            0.51, 
            0.82, 
            0.82, 
            0.86, 
            0.81, 
            0.95, 
            0.34, 
            0.71, 
            0.95, 
            0.15, 
            0.97, 
            0.98, 
            0.45, 
            0.51, 
            0.1, 
            0.92, 
            0.8, 
            0.09, 
            0.78, 
            0.52, 
            0.5, 
            0.66, 
            0.82, 
            0.8, 
            0.72, 
            0.65, 
            0.69, 
            0.86, 
            0.74, 
            0.76, 
            0.6, 
            0.4, 
            0.5, 
            0.58, 
            0.41, 
            0.58, 
            0.41, 
            0.78, 
            0.69, 
            0.11, 
            0.73, 
            0.52, 
            0.94, 
            0.62, 
            0.93, 
            0.22, 
            0.56, 
            0.59, 
            0.83, 
            0.88, 
            1.0, 
            0.92, 
            0.09, 
            0.85, 
            0.51, 
            0.63, 
            0.37, 
            0.84, 
            0.8, 
            0.79, 
            0.76, 
            0.48, 
            0.88, 
            0.94, 
            0.72, 
            0.66, 
            0.21, 
            0.22, 
            0.71, 
            0.62, 
            0.42, 
            0.68, 
            0.88, 
            0.6, 
            0.87, 
            0.39, 
            0.89, 
            0.1, 
            0.8, 
            0.77, 
            0.56, 
            0.58, 
            0.8, 
            0.78, 
            0.96, 
            0.24, 
            0.49, 
            0.18, 
            0.67, 
            0.4, 
            0.97, 
            0.11, 
            0.63, 
            0.92, 
            0.43, 
            0.49, 
            0.16, 
            0.93, 
            0.85, 
            0.11, 
            0.42, 
            0.1, 
            0.85, 
            0.43, 
            0.9, 
            0.91, 
            0.92, 
            0.38, 
            0.34, 
            0.54, 
            0.42, 
            0.76, 
            0.4, 
            0.11, 
            0.61, 
            0.55, 
            0.84, 
            0.86, 
            0.66, 
            0.78, 
            0.85, 
            0.62, 
            0.64, 
            0.77, 
            0.53, 
            0.49, 
            0.96, 
            0.9, 
            0.89, 
            0.67, 
            0.17, 
            0.99, 
            0.19, 
            0.72, 
            0.44, 
            0.82, 
            0.78, 
            0.83, 
            0.59, 
            0.68, 
            0.67, 
            0.8, 
            0.67, 
            0.17, 
            0.71, 
            0.63, 
            0.85, 
            0.48, 
            0.84, 
            0.79, 
            0.59, 
            0.82, 
            0.32, 
            0.91, 
            0.37, 
            0.78, 
            0.44, 
            0.94, 
            0.46, 
            0.57, 
            0.11, 
            0.54, 
            0.45, 
            0.79, 
            0.9, 
            0.98, 
            0.75, 
            0.64, 
            0.58, 
            0.42, 
            0.53, 
            0.38, 
            0.93, 
            0.38, 
            0.77, 
            0.51, 
            0.43, 
            0.78, 
            0.15, 
            0.09, 
            0.79, 
            0.99, 
            0.69, 
            0.35, 
            0.16, 
            0.57, 
            0.7, 
            0.34, 
            0.65, 
            0.19, 
            0.96, 
            0.99, 
            0.82, 
            0.93, 
            0.4, 
            0.95, 
            0.29, 
            0.59, 
            0.44, 
            0.67, 
            0.77, 
            0.84, 
            0.11, 
            0.15, 
            0.44, 
            0.95, 
            0.83, 
            0.81, 
            0.7, 
            0.95, 
            0.89, 
            0.75, 
            0.96, 
            0.6, 
            0.11, 
            0.94, 
            0.53, 
            0.56, 
            0.68, 
            0.53, 
            0.58, 
            0.56, 
            0.39, 
            0.95, 
            0.45, 
            0.18, 
            0.62, 
            0.11, 
            0.75, 
            0.44, 
            0.45, 
            0.91, 
            0.6, 
            0.81, 
            0.11, 
            0.5, 
            0.78, 
            0.39, 
            0.96, 
            0.66, 
            0.43, 
            0.53, 
            0.77, 
            0.24, 
            0.4, 
            0.68, 
            0.51, 
            0.67, 
            0.56, 
            0.63, 
            0.69, 
            0.4, 
            0.65, 
            0.54, 
            0.75, 
            0.09, 
            0.52, 
            0.77, 
            0.98, 
            0.82, 
            0.96, 
            0.69, 
            0.23, 
            0.85, 
            0.73, 
            0.44, 
            0.42, 
            0.97, 
            0.99, 
            0.96, 
            0.85, 
            0.75, 
            0.66, 
            0.83, 
            0.37, 
            0.89, 
            0.48, 
            0.69, 
            0.42, 
            0.83, 
            0.72, 
            0.9, 
            0.94, 
            0.94, 
            0.59, 
            0.78, 
            0.11, 
            0.09, 
            0.5, 
            0.74, 
            0.96, 
            0.38, 
            0.55, 
            0.86, 
            0.34, 
            0.49, 
            0.66, 
            0.35, 
            0.58, 
            0.77, 
            0.4, 
            0.5, 
            0.74, 
            0.37, 
            0.17, 
            0.71, 
            0.39, 
            0.71, 
            0.09, 
            0.81, 
            0.9, 
            0.69, 
            0.53, 
            0.75, 
            0.34, 
            0.09, 
            0.65, 
            0.93, 
            0.51, 
            0.7, 
            0.62, 
            0.51, 
            0.45, 
            0.68, 
            0.54, 
            0.53, 
            0.69, 
            0.7, 
            0.37, 
            0.71, 
            0.44, 
            0.74, 
            0.95, 
            0.57, 
            0.64, 
            0.86, 
            0.97, 
            0.33, 
            0.56, 
            0.1, 
            0.48, 
            0.8, 
            0.76, 
            0.11, 
            0.38, 
            0.86, 
            0.44, 
            0.85, 
            0.56, 
            0.83, 
            0.91, 
            0.96, 
            0.56, 
            0.85, 
            0.17, 
            0.45, 
            0.46, 
            0.51, 
            0.16, 
            0.44, 
            0.85, 
            0.88, 
            0.17, 
            0.77, 
            0.86, 
            0.25, 
            0.69, 
            0.8, 
            0.37, 
            0.77, 
            0.47, 
            0.89, 
            0.67, 
            0.8, 
            0.91, 
            0.56, 
            0.83, 
            0.76, 
            0.97, 
            0.42, 
            0.56, 
            0.64, 
            0.64, 
            0.69, 
            0.54, 
            0.77, 
            0.57, 
            0.74, 
            0.11, 
            0.84, 
            0.53, 
            0.79, 
            0.59, 
            0.69, 
            0.99, 
            0.6, 
            0.78, 
            0.74, 
            0.57, 
            0.89, 
            0.11, 
            0.82, 
            0.87, 
            0.97, 
            0.83, 
            0.72, 
            0.61, 
            0.3, 
            0.41, 
            0.76, 
            0.19, 
            0.17, 
            0.8, 
            0.5, 
            0.54, 
            0.8, 
            0.77, 
            0.89, 
            0.58, 
            0.69, 
            0.17, 
            0.89, 
            0.45, 
            0.77, 
            0.71, 
            0.9, 
            0.43, 
            0.42, 
            0.89, 
            0.35, 
            0.47, 
            0.1, 
            0.62, 
            0.77, 
            0.59, 
            0.19, 
            0.69, 
            0.34, 
            0.53, 
            0.91, 
            0.55, 
            0.98, 
            0.98, 
            0.46, 
            0.1, 
            0.45, 
            0.85, 
            0.4, 
            0.99, 
            0.62, 
            1.0, 
            0.24, 
            0.63, 
            0.44, 
            0.2, 
            0.84, 
            0.68, 
            0.83, 
            0.79, 
            0.69, 
            0.82, 
            0.67, 
            0.41, 
            0.86, 
            0.9, 
            0.67, 
            0.69, 
            0.54, 
            0.54, 
            0.83, 
            0.42, 
            0.63, 
            0.56, 
            0.62, 
            0.85, 
            0.83, 
            0.87, 
            0.77, 
            0.58, 
            0.11, 
            0.88, 
            0.67, 
            0.63, 
            0.54, 
            0.81, 
            0.66, 
            0.66, 
            0.69, 
            0.37, 
            0.63, 
            0.65, 
            0.83, 
            0.81, 
            0.65, 
            0.8, 
            0.43, 
            0.51, 
            0.45, 
            0.4, 
            0.57, 
            0.74, 
            0.38, 
            0.86, 
            0.39, 
            0.38, 
            0.36, 
            0.81, 
            0.6, 
            0.96, 
            0.09, 
            0.83, 
            0.78, 
            0.94, 
            0.71, 
            0.71, 
            0.97, 
            0.64, 
            0.31, 
            0.41, 
            0.65, 
            0.28, 
            0.54, 
            0.9, 
            0.56, 
            0.11, 
            0.88, 
            0.88, 
            0.1, 
            0.49, 
            0.64, 
            0.98, 
            0.35, 
            0.74, 
            0.63, 
            0.77, 
            0.96, 
            0.21, 
            0.09, 
            0.81, 
            0.97, 
            0.97, 
            0.37, 
            0.91, 
            0.34, 
            0.74, 
            0.28, 
            0.97, 
            0.57, 
            0.59, 
            0.73, 
            0.95, 
            0.39, 
            0.83, 
            0.57, 
            0.84, 
            0.65, 
            0.69, 
            0.76, 
            0.76, 
            0.54, 
            0.37, 
            0.71, 
            0.37, 
            0.97, 
            0.93, 
            0.54, 
            0.7, 
            0.77, 
            0.71, 
            0.72, 
            0.73
        ]
    }, 
    "regression_performance": {
        "max_error": 0.37303341989012273, 
        "median_error": 0.02363355574403775, 
        "error_distribution": [
            {
                "count": 273, 
                "bin_max": -0.40873993123208763, 
                "bin_id": 0, 
                "bin_min": -0.49647227396913568
            }, 
            {
                "count": 98, 
                "bin_max": -0.32187622555184203, 
                "bin_id": 1, 
                "bin_min": -0.40873993123208763
            }, 
            {
                "count": 124, 
                "bin_max": -0.23501251987159644, 
                "bin_id": 2, 
                "bin_min": -0.32187622555184203
            }, 
            {
                "count": 382, 
                "bin_max": -0.14814881419135084, 
                "bin_id": 3, 
                "bin_min": -0.23501251987159644
            }, 
            {
                "count": 308, 
                "bin_max": -0.061285108511105246, 
                "bin_id": 4, 
                "bin_min": -0.14814881419135084
            }, 
            {
                "count": 353, 
                "bin_max": 0.025578597169140349, 
                "bin_id": 5, 
                "bin_min": -0.061285108511105246
            }, 
            {
                "count": 358, 
                "bin_max": 0.11244230284938594, 
                "bin_id": 6, 
                "bin_min": 0.025578597169140349
            }, 
            {
                "count": 409, 
                "bin_max": 0.19930600852963154, 
                "bin_id": 7, 
                "bin_min": 0.11244230284938594
            }, 
            {
                "count": 401, 
                "bin_max": 0.28616971420987714, 
                "bin_id": 8, 
                "bin_min": 0.19930600852963154
            }, 
            {
                "count": 350, 
                "bin_max": 0.37303341989012273, 
                "bin_id": 9, 
                "bin_min": 0.28616971420987714
            }
        ], 
        "min_error": -0.49560363691233322, 
        "average_error": -0.0018265674144782433, 
        "std_error": 0.24130131934041374, 
        "p75_error": 0.19508966939145192, 
        "p90_error": 0.29886859367405, 
        "p25_error": -0.17570763253397953
    }
}