{
  "state": "DONE",
  "preSearchDescription": {
    "gridLength": 3,
    "importantParams": [
      {
        "name": "alpha",
        "vals": [
          "0.1",
          "1.0",
          "3.0"
        ]
      }
    ]
  },
  "postSearchDescription": {
    "importantParams": [
      {
        "name": "alpha",
        "val": "1.0"
      }
    ]
  },
  "modelId": "m1",
  "progress": {
    "top_level_todo": [],
    "stack": [],
    "top_level_done": [
      {
        "name": "Loading train set",
        "time": 10
      },
      {
        "name": "Loading test set",
        "time": 7
      },
      {
        "name": "Collecting statistics",
        "time": 43
      },
      {
        "name": "Preprocessing train set",
        "time": 52
      },
      {
        "name": "Preprocessing test set",
        "time": 54
      },
      {
        "name": "Fitting model",
        "time": 368
      },
      {
        "name": "Saving model",
        "time": 1
      },
      {
        "name": "Scoring model",
        "time": 111
      }
    ]
  },
  "startTime": 1493653299819,
  "endTime": 1493653300469,
  "preprocessingTime": 168,
  "trainingTime": 482
}