{
  "algorithm": "KNN",
  "rf_estimators": 0,
  "rf_njobs": 0,
  "rf_max_tree_depth": 0,
  "rf_min_samples_leaf": 0,
  "rf_max_features": 0,
  "rf_max_feature_prop": 0.0,
  "gbt_n_estimators": 0,
  "gbt_learning_rate": 0.0,
  "gbt_max_depth": 0,
  "gbt_max_features": 0,
  "gbt_min_samples_leaf": 0,
  "gbt_max_feature_prop": 0.0,
  "dtc_max_depth": 0,
  "dtc_min_samples_leaf": 0,
  "C": 0.0,
  "gamma": 0.0,
  "coef0": 0.0,
  "tol": 0.0,
  "max_iter": 0,
  "alpha": 0.0,
  "l1_ratio": 0.0,
  "n_jobs": 0,
  "lars_max_features": 0,
  "lars_K": 0,
  "knn_k": 0,
  "knn_distance_weighting": false,
  "knn_p": 0,
  "knn_leaf_size": 0,
  "knn_grid": {
    "enabled": true,
    "k": [
      5
    ],
    "distance_weighting": false,
    "algorithm": "auto",
    "p": 2,
    "leaf_size": 30
  },
  "xgboost_max_depth": 0,
  "xgboost_learning_rate": 0.0,
  "xgboost_n_estimators": 0,
  "xgboost_silent": false,
  "xgboost_nthread": 0,
  "xgboost_gamma": 0.0,
  "xgboost_min_child_weight": 0.0,
  "xgboost_max_delta_step": 0.0,
  "xgboost_subsample": 0.0,
  "xgboost_colsample_bytree": 0.0,
  "xgboost_colsample_bylevel": 0.0,
  "xgboost_alpha": 0.0,
  "xgboost_lambda": 0.0,
  "xgboost_seed": 0,
  "xgboost_impute_missing": false,
  "xgboost_missing": 0.0,
  "xgboost_base_score": 0.0,
  "xgboost_scale_pos_weight": 0.0,
  "xgboost_enable_early_stopping": false,
  "xgboost_early_stopping_rounds": 0,
  "learn_rate": 0.1,
  "ntrees": 50,
  "max_depth": 5,
  "min_rows": 10,
  "nbins": 20,
  "mtries": -1,
  "sample_rate": 0.6666,
  "standardize": 1,
  "family": "gaussian",
  "lambda": 1.0E-5,
  "beta_epsilon": 1.0E-4,
  "tweedie_variance_power": 0.0,
  "n_folds": 0,
  "adaptive_rate": 1,
  "rho": 0.95,
  "epsilon": 1.0E-6,
  "rate": 0.0,
  "rate_annealing": 0.0,
  "input_dropout_ratio": 0.0,
  "l1": 0.0,
  "l2": 0.0,
  "max_ensemble_nodes_serialized": 6000,
  "metrics": {
    "evaluationMetric": "ROC_AUC",
    "customEvaluationMetricGIB": true,
    "customEvaluationMetricNeedsProba": false,
    "costMatrixWeights": {
      "tpGain": 1.0,
      "tnGain": 0.0,
      "fpGain": -0.3,
      "fnGain": 0.0
    },
    "liftPoint": 0.4
  },
  "autoOptimizeThreshold": true,
  "forcedClassifierThreshold": 0.0,
  "vertica_reg_iterations": 0,
  "vertica_reg_epsilon": 0.0,
  "mllib_grids": {
    "mllib_logit": {
      "enabled": false,
      "max_iter": 30,
      "reg_param": [
        0.1
      ],
      "enet_param": [
        0.0
      ]
    },
    "mllib_naive_bayes": {
      "enabled": false,
      "lambda": [
        1.0
      ]
    },
    "mllib_linreg": {
      "enabled": false,
      "max_iter": 30,
      "reg_param": [
        0.1
      ],
      "enet_param": [
        0.0
      ]
    },
    "mllib_rf": {
      "enabled": false,
      "cache_node_ids": false,
      "checkpoint_interval": 10,
      "impurity": "gini",
      "max_bins": 32,
      "max_depth": [
        5
      ],
      "max_memory_mb": 256,
      "min_info_gain": 0.0,
      "min_instance_per_node": 1,
      "seed": 1337,
      "subsampling_rate": 1.0,
      "num_trees": [
        20
      ],
      "subset_strategy": "auto",
      "step_size": [
        0.1
      ]
    },
    "mllib_gbt": {
      "enabled": false,
      "cache_node_ids": false,
      "checkpoint_interval": 10,
      "impurity": "gini",
      "max_bins": 32,
      "max_depth": [
        5
      ],
      "max_memory_mb": 256,
      "min_info_gain": 0.0,
      "min_instance_per_node": 1,
      "seed": 1337,
      "subsampling_rate": 1.0,
      "num_trees": [
        20
      ],
      "subset_strategy": "auto",
      "step_size": [
        0.1
      ]
    },
    "mllib_dt": {
      "enabled": false,
      "max_depth": [
        5
      ],
      "max_bins": 32,
      "max_memory_mb": 256,
      "min_info_gain": 0.0,
      "min_instance_per_node": 1,
      "cache_node_ids": false,
      "checkpoint_interval": 10
    }
  },
  "computeLearningCurves": false,
  "gridLength": 1,
  "grid_search_params": {
    "mode": "KFOLD",
    "splitRatio": 0.8,
    "shuffleIterations": 1,
    "nFolds": 3,
    "stratified": true,
    "randomized": true,
    "nIter": 0,
    "timeout": 0,
    "nJobs": -1
  }
}