{
  "state": "DONE",
  "preSearchDescription": {
    "gridLength": 1,
    "importantParams": [
      {
        "name": "k",
        "vals": [
          "5"
        ]
      },
      {
        "name": "p",
        "val": "2"
      }
    ]
  },
  "postSearchDescription": {
    "importantParams": [
      {
        "name": "k",
        "val": "5"
      },
      {
        "name": "p",
        "val": "2"
      }
    ]
  },
  "modelId": "m1",
  "progress": {
    "top_level_todo": [],
    "stack": [],
    "top_level_done": [
      {
        "name": "Loading train set",
        "time": 23
      },
      {
        "name": "Loading test set",
        "time": 13
      },
      {
        "name": "Collecting statistics",
        "time": 99
      },
      {
        "name": "Preprocessing train set",
        "time": 137
      },
      {
        "name": "Preprocessing test set",
        "time": 114
      },
      {
        "name": "Fitting model",
        "time": 190
      },
      {
        "name": "Saving model",
        "time": 55
      },
      {
        "name": "Scoring model",
        "time": 3848
      }
    ]
  },
  "startTime": 1524747867914,
  "endTime": 1524747872401,
  "preprocessingTime": 392,
  "trainingTime": 4095
}