{
  "state": "DONE",
  "preSearchDescription": {
    "gridLength": 1,
    "importantParams": []
  },
  "postSearchDescription": {
    "importantParams": [
      {
        "name": "layer_sizes",
        "val": "[10]"
      },
      {
        "name": "activation",
        "val": "relu"
      },
      {
        "name": "alpha",
        "val": "0.001"
      },
      {
        "name": "solver",
        "val": "adam"
      }
    ]
  },
  "modelId": "m1",
  "progress": {
    "top_level_todo": [],
    "stack": [],
    "top_level_done": [
      {
        "name": "Loading train set",
        "time": 2355
      },
      {
        "name": "Loading test set",
        "time": 700
      },
      {
        "name": "Collecting statistics",
        "time": 1092
      },
      {
        "name": "Preprocessing train set",
        "time": 2111
      },
      {
        "name": "Preprocessing test set",
        "time": 528
      },
      {
        "name": "Fitting model",
        "time": 1223612
      },
      {
        "name": "Saving model",
        "time": 15
      },
      {
        "name": "Scoring model",
        "time": 1301
      }
    ]
  },
  "startTime": 1525695966360,
  "endTime": 1525697198113,
  "preprocessingTime": 6793,
  "trainingTime": 1224960
}