{
  "state": "DONE",
  "preSearchDescription": {
    "gridLength": 12,
    "importantParams": [
      {
        "name": "trees",
        "vals": [
          "100"
        ]
      },
      {
        "name": "depth",
        "vals": [
          "5",
          "10",
          "15",
          "20"
        ]
      },
      {
        "name": "min_samples",
        "vals": [
          "1",
          "10",
          "100"
        ]
      }
    ]
  },
  "postSearchDescription": {
    "importantParams": [
      {
        "name": "trees",
        "val": "100"
      },
      {
        "name": "depth",
        "val": "10"
      },
      {
        "name": "min_samples",
        "val": "1"
      }
    ]
  },
  "modelId": "m1",
  "progress": {
    "top_level_todo": [],
    "stack": [],
    "top_level_done": [
      {
        "name": "Loading train set",
        "time": 113
      },
      {
        "name": "Loading test set",
        "time": 25
      },
      {
        "name": "Collecting statistics",
        "time": 53
      },
      {
        "name": "Preprocessing train set",
        "time": 100
      },
      {
        "name": "Preprocessing test set",
        "time": 74
      },
      {
        "name": "Fitting model",
        "time": 31676
      },
      {
        "name": "Saving model",
        "time": 36
      },
      {
        "name": "Scoring model",
        "time": 2058
      }
    ]
  },
  "startTime": 1493926378462,
  "endTime": 1493926412604,
  "preprocessingTime": 369,
  "trainingTime": 33773
}