{
  "cparams": {
    "extractBeforePrepare": true,
    "datasetSmartName": "IdLookupTable__1__prepared",
    "selection": {
      "useMemTable": false,
      "filter": {
        "distinct": false,
        "enabled": false
      },
      "partitionSelectionMethod": "ALL",
      "latestPartitionsN": 1,
      "samplingMethod": "HEAD_SEQUENTIAL",
      "maxRecords": 100000,
      "targetRatio": 0.02,
      "withinFirstN": -1,
      "maxReadUncompressedBytes": -1
    },
    "instanceIdRefresher": 0
  },
  "generationDate": 1493890550292,
  "format": "csv1",
  "schema": {
    "userModified": false,
    "columns": [
      {
        "name": "RowId",
        "type": "bigint",
        "timestampNoTzAsDate": false,
        "maxLength": -1
      },
      {
        "name": "ImageId",
        "type": "bigint",
        "timestampNoTzAsDate": false,
        "maxLength": -1
      },
      {
        "name": "FeatureName",
        "type": "string",
        "timestampNoTzAsDate": false,
        "maxLength": -1
      },
      {
        "name": "FeatureName_0",
        "type": "string",
        "timestampNoTzAsDate": false,
        "maxLength": -1
      },
      {
        "name": "Location",
        "type": "string",
        "timestampNoTzAsDate": false,
        "maxLength": -1
      }
    ]
  },
  "fullPath": "full.csv",
  "trainRows": 0,
  "testRows": 0,
  "fullRows": 100000
}