{
    "metrics": {
        "pearson": 0.44395709339134098, 
        "r2": 0.1968918820801473, 
        "rmse": 1.2871179108474051, 
        "mape": 0.2316005508177377, 
        "mae": 0.76766522935835213, 
        "mse": 1.6566725164241889, 
        "evs": 0.19689212776774156, 
        "rmsle": 0.2460178173395894
    }, 
    "scatterPlotData": {
        "y": [
            4.237, 
            3.0028, 
            3.3554, 
            3.0969, 
            3.2447, 
            3.4006, 
            3.1009, 
            3.3769, 
            3.2449, 
            4.1735, 
            3.0753, 
            3.0819, 
            5.2135, 
            3.1309, 
            3.0883, 
            3.1088, 
            3.23, 
            3.2382, 
            4.0791, 
            4.0998, 
            4.0733, 
            3.0793, 
            3.1355, 
            3.1909, 
            3.0013, 
            3.2542, 
            3.0124, 
            3.0047, 
            5.1788, 
            3.1741, 
            3.0131, 
            3.1076, 
            3.2594, 
            5.2069, 
            4.0951, 
            3.834, 
            3.0037, 
            3.0776, 
            3.1873, 
            3.1043, 
            3.244, 
            3.0051, 
            3.0739, 
            3.2574, 
            3.0054, 
            3.3051, 
            3.0048, 
            3.101, 
            3.1263, 
            4.2091, 
            3.0714, 
            3.0956, 
            3.0789, 
            3.2031, 
            3.1354, 
            3.1022, 
            3.0959, 
            3.0986, 
            3.2114, 
            3.0613, 
            3.012, 
            3.2284, 
            3.008, 
            3.33, 
            4.0846, 
            3.4068, 
            3.1196, 
            3.0061, 
            3.4798, 
            3.1015, 
            4.1634, 
            5.3451, 
            3.1113, 
            3.1575, 
            3.0054, 
            3.3868, 
            3.1141, 
            3.0775, 
            4.4796, 
            3.2905, 
            3.2498, 
            3.0999, 
            3.3097, 
            3.0935, 
            3.5555, 
            3.5009, 
            3.0046, 
            4.8815, 
            3.0054, 
            4.1253, 
            3.0046, 
            3.5688, 
            3.2039, 
            3.2459, 
            3.0062, 
            3.204, 
            3.8779, 
            4.1944, 
            3.6294, 
            5.1894, 
            4.0893, 
            3.1197, 
            3.1251, 
            3.4735, 
            3.0984, 
            3.2262, 
            4.0878, 
            3.0714, 
            3.1999, 
            3.2417, 
            5.1481, 
            3.0825, 
            3.2326, 
            3.1583, 
            3.1561, 
            5.1847, 
            3.1303, 
            3.086, 
            3.2345, 
            3.2099, 
            5.1462, 
            3.1796, 
            6.7839, 
            4.7715, 
            5.1765, 
            3.193, 
            3.009, 
            5.1989, 
            3.8692, 
            3.0047, 
            3.2486, 
            5.1992, 
            3.0062, 
            3.2064, 
            4.0869, 
            4.8841, 
            3.0046, 
            3.2777, 
            3.137, 
            3.0011, 
            3.1268, 
            3.0777, 
            3.0775, 
            3.0069, 
            3.224, 
            3.2533, 
            3.7043, 
            4.5614, 
            3.0826, 
            3.0721, 
            3.0075, 
            3.0978, 
            3.6142, 
            3.1255, 
            3.0046, 
            4.0846, 
            4.4068, 
            3.0714, 
            3.0981, 
            3.1625, 
            5.1961, 
            3.0093, 
            4.3241, 
            3.1248, 
            3.0045, 
            5.2036, 
            4.2818, 
            3.064, 
            3.027, 
            4.5593, 
            3.137, 
            4.5848, 
            4.2374, 
            3.2297, 
            3.0899, 
            3.0714, 
            3.008, 
            3.5821, 
            3.1194, 
            3.1037, 
            3.1423, 
            3.1911, 
            3.5678, 
            3.5884, 
            3.0776, 
            3.1259, 
            5.2053, 
            3.0556, 
            3.0739, 
            3.835, 
            3.2267, 
            3.1999, 
            3.1524, 
            3.0721, 
            3.265, 
            3.0013, 
            3.0996, 
            5.1959, 
            3.0978, 
            3.1292, 
            5.2608, 
            3.0721, 
            4.0558, 
            3.1029, 
            3.0021, 
            4.4526, 
            4.408, 
            3.0047, 
            3.3223, 
            4.8995, 
            4.1822, 
            3.2284, 
            3.8367, 
            3.1362, 
            5.1928, 
            3.0586, 
            3.0865, 
            3.1604, 
            3.1173, 
            3.2162, 
            3.1384, 
            3.1357, 
            3.0779, 
            3.1533, 
            5.2112, 
            3.1099, 
            3.1049, 
            7.4486, 
            3.969, 
            3.0714, 
            4.067, 
            3.1101, 
            3.2717, 
            3.2556, 
            3.7652, 
            4.0893, 
            3.0047, 
            3.0923, 
            3.1141, 
            3.1031, 
            4.1145, 
            3.2245, 
            3.127, 
            3.2634, 
            3.0986, 
            5.2128, 
            4.0859, 
            3.5414, 
            3.0874, 
            3.2563, 
            3.1063, 
            3.1369, 
            3.481, 
            4.2811, 
            3.097, 
            4.8475, 
            4.0966, 
            3.127, 
            3.1879, 
            4.3977, 
            5.2069, 
            3.0063, 
            5.2115, 
            3.6255, 
            3.1362, 
            3.0915, 
            3.168, 
            3.2442, 
            3.0972, 
            3.0075, 
            4.4616, 
            3.0901, 
            3.2468, 
            3.0975, 
            4.1063, 
            5.2147, 
            5.1902, 
            3.1348, 
            3.0739, 
            3.1263, 
            3.0223, 
            3.1297, 
            4.2971, 
            3.2382, 
            3.0793, 
            3.0048, 
            3.0998, 
            3.0011, 
            3.2417, 
            3.1422, 
            3.0048, 
            4.3938, 
            3.5084, 
            4.0184, 
            3.2635, 
            4.3522, 
            3.2417, 
            5.2129, 
            5.184, 
            5.1876, 
            5.2271, 
            3.7975, 
            3.1097, 
            3.1392, 
            3.078, 
            3.0062, 
            3.1141, 
            3.0045, 
            3.0652, 
            5.8334, 
            5.207, 
            3.4561, 
            3.318, 
            3.8541, 
            3.1121, 
            5.2036, 
            3.4599, 
            3.2565, 
            3.6852, 
            5.1991, 
            3.3083, 
            5.1984, 
            3.1988, 
            3.0722, 
            3.0131, 
            3.1161, 
            5.218, 
            3.0084, 
            3.1292, 
            3.1184, 
            4.3307, 
            3.0964, 
            3.282, 
            3.0183, 
            4.4934, 
            3.0751, 
            4.1206, 
            5.2136, 
            3.1322, 
            3.1984, 
            3.2575, 
            3.2417, 
            4.0769, 
            3.1183, 
            3.1418, 
            3.1869, 
            3.5377, 
            3.333, 
            3.1284, 
            4.1567, 
            3.0652, 
            3.2012, 
            3.0061, 
            5.1211, 
            3.2549, 
            4.5857, 
            3.0722, 
            3.1784, 
            3.0062, 
            3.2533, 
            4.092, 
            3.0978, 
            3.0868, 
            3.6595, 
            3.0998, 
            3.0776, 
            4.3388, 
            3.0982, 
            3.0535, 
            4.145, 
            3.0652, 
            3.1027, 
            3.0206, 
            3.2175, 
            3.1221, 
            3.0013, 
            3.2019, 
            3.1402, 
            3.1604, 
            3.2515, 
            3.0777, 
            3.0722, 
            3.2966, 
            3.1356, 
            4.6846, 
            3.2736, 
            4.0807, 
            3.0867, 
            3.5823, 
            3.076, 
            3.1009, 
            3.199, 
            3.0777, 
            4.3019, 
            5.2109, 
            3.1004, 
            3.006, 
            3.0231, 
            4.1307, 
            3.079, 
            3.2205, 
            4.439, 
            3.0795, 
            3.2602, 
            3.1043, 
            3.1005, 
            4.5581, 
            3.1771, 
            3.235, 
            3.1882, 
            3.1226, 
            3.0874, 
            3.9719, 
            3.0685, 
            3.1096, 
            3.4603, 
            3.1347, 
            3.2446, 
            3.0927, 
            4.0893, 
            3.0872, 
            3.2392, 
            3.2645, 
            3.2644, 
            3.1275, 
            3.0725, 
            3.7515, 
            3.0045, 
            3.2899, 
            3.2797, 
            3.0722, 
            3.5821, 
            3.0935, 
            5.2062, 
            3.7488, 
            2.7496, 
            4.4522, 
            3.4464, 
            4.4055, 
            3.0752, 
            3.1157, 
            3.0037, 
            3.2787, 
            4.0877, 
            3.097, 
            3.236, 
            4.1026, 
            3.0999, 
            3.1024, 
            3.1591, 
            3.2464, 
            3.107, 
            3.0758, 
            3.1087, 
            3.3099, 
            3.1498, 
            3.0982, 
            4.7317, 
            3.0791, 
            3.4976, 
            3.0054, 
            3.1214, 
            3.4372, 
            3.5191, 
            5.1357, 
            3.0012, 
            3.1647, 
            3.0789, 
            4.0977, 
            5.1995, 
            3.2284, 
            3.0722, 
            3.9651, 
            3.0714, 
            4.8357, 
            5.2341, 
            3.0959, 
            3.0776, 
            3.0874, 
            3.2329, 
            3.2822, 
            4.079, 
            3.1312, 
            3.2396, 
            3.076, 
            3.0062, 
            4.0768, 
            3.1285, 
            5.1959, 
            3.1255, 
            3.18, 
            3.0883, 
            3.2291, 
            5.1984, 
            3.2569, 
            4.2345, 
            4.1204, 
            3.108, 
            3.0777, 
            3.0013, 
            3.2635, 
            5.2117, 
            3.122, 
            3.0887, 
            3.0045, 
            3.1092, 
            4.1401, 
            3.1029, 
            5.2244, 
            3.1905, 
            3.1034, 
            3.4367, 
            3.2114, 
            3.2626, 
            4.3167, 
            3.1055, 
            4.0532, 
            3.1143, 
            3.0085, 
            3.1356, 
            4.0613, 
            3.1945, 
            3.0714, 
            3.3055, 
            3.1099, 
            4.4124, 
            3.2687, 
            3.7925, 
            4.0791, 
            3.0084, 
            4.0983, 
            3.1122, 
            4.4716, 
            3.8139, 
            3.145, 
            3.0752, 
            3.0116, 
            3.6041, 
            3.4557, 
            3.0046, 
            3.0599, 
            3.0062, 
            4.0808, 
            3.7072, 
            3.0825, 
            3.0773, 
            3.0747, 
            3.0776, 
            3.7229, 
            5.2189, 
            3.116, 
            3.1087, 
            3.245, 
            4.5001, 
            3.3165, 
            3.1283, 
            5.2137, 
            5.2053, 
            3.2214, 
            4.3334, 
            3.091, 
            4.4332, 
            2.8762, 
            3.4752, 
            3.0699, 
            3.2555, 
            5.2183, 
            3.1081, 
            3.0722, 
            3.0876, 
            3.2221, 
            3.1089, 
            4.3296, 
            3.0868, 
            3.2555, 
            3.2233, 
            3.1935, 
            3.1339, 
            3.0958, 
            4.1458, 
            3.0703, 
            3.5192, 
            3.0812, 
            3.0062, 
            3.127, 
            3.7082, 
            3.3499, 
            3.0069, 
            3.0777, 
            4.0927, 
            3.2429, 
            3.0069, 
            3.0958, 
            3.0483, 
            3.1468, 
            3.5012, 
            3.076, 
            3.122, 
            3.009, 
            3.0819, 
            3.0049, 
            3.0874, 
            3.0047, 
            3.1197, 
            3.2677, 
            3.0084, 
            3.2014, 
            4.133, 
            4.2298, 
            4.1141, 
            3.2226, 
            3.076, 
            3.6164, 
            4.6642, 
            3.1898, 
            3.0828, 
            4.195, 
            3.1732, 
            4.3101, 
            3.0888, 
            3.0865, 
            5.207, 
            3.0815, 
            3.2366, 
            3.1214, 
            3.8172, 
            3.4566, 
            3.0046, 
            3.2427, 
            5.2143, 
            3.1126, 
            4.0874, 
            4.3448, 
            3.0081, 
            3.1631, 
            3.1184, 
            3.0791, 
            3.7412, 
            3.2657, 
            3.0714, 
            5.451, 
            3.2056, 
            3.1301, 
            4.0882, 
            3.1008, 
            3.2522, 
            3.0565, 
            3.108, 
            3.1252, 
            3.2564, 
            4.6113, 
            3.0038, 
            3.1984, 
            3.0026, 
            4.683, 
            3.223, 
            4.1099, 
            3.135, 
            3.0045, 
            3.0054, 
            3.0747, 
            3.1438, 
            3.273, 
            4.0874, 
            4.2362, 
            3.0496, 
            3.6245, 
            3.091, 
            3.0722, 
            3.5052, 
            3.104, 
            3.0161, 
            4.4107, 
            3.6783, 
            3.0916, 
            3.0838, 
            3.2053, 
            3.1187, 
            3.0789, 
            3.2482, 
            3.0045, 
            3.0861, 
            3.266, 
            5.2108, 
            4.107, 
            3.1204, 
            3.1583, 
            3.2019, 
            3.094, 
            3.0946, 
            3.0761, 
            4.5019, 
            3.075, 
            3.2157, 
            3.0061, 
            3.2711, 
            3.1361, 
            3.0746, 
            3.0224, 
            3.089, 
            3.3949, 
            3.1993, 
            5.2128, 
            3.0124, 
            5.213, 
            4.6624, 
            3.3725, 
            3.0046, 
            3.2667, 
            5.0949, 
            3.097, 
            3.2026, 
            3.2287, 
            3.2764, 
            5.219, 
            4.0086, 
            4.0867, 
            3.3719, 
            3.239, 
            3.0722, 
            3.0045, 
            3.1986, 
            3.1456, 
            3.6667, 
            3.4755, 
            3.0861, 
            3.6757, 
            3.0777, 
            4.8181, 
            3.2851, 
            3.1673, 
            3.254, 
            3.4301, 
            4.5043, 
            3.3649, 
            3.4869, 
            3.9748, 
            4.0795, 
            4.2677, 
            5.2195, 
            3.116, 
            3.126, 
            3.0999, 
            3.3792, 
            4.107, 
            3.1093, 
            3.092, 
            3.2091, 
            3.1087, 
            3.3599, 
            3.1584, 
            3.108, 
            3.1099, 
            3.3842, 
            3.2475, 
            3.5975, 
            3.0652, 
            3.0062, 
            3.2459, 
            3.0045, 
            3.1108, 
            3.0739, 
            3.3777, 
            3.127, 
            3.0751, 
            3.3092, 
            3.6428, 
            3.1081, 
            4.0909, 
            3.14, 
            3.0789, 
            3.0761, 
            4.0784, 
            3.3793, 
            3.0714, 
            3.0045, 
            3.2634, 
            3.0812, 
            3.1397, 
            5.2048, 
            3.0747, 
            3.3079, 
            3.0714, 
            4.7871, 
            3.4157, 
            3.2189, 
            3.0846, 
            4.357, 
            3.0045, 
            3.2379, 
            3.7824, 
            4.3568, 
            3.254, 
            5.2006, 
            4.382, 
            3.1379, 
            3.0767, 
            3.4344, 
            3.0847, 
            3.1738, 
            3.1071, 
            3.0896, 
            3.4225, 
            3.0714, 
            3.1261, 
            5.1983, 
            3.0652, 
            3.0714, 
            3.1836, 
            3.1034, 
            3.1406, 
            3.0753, 
            3.254, 
            3.1263, 
            3.0949, 
            3.6068, 
            3.2329, 
            4.0903, 
            3.0996, 
            3.0666, 
            3.0791, 
            3.1005, 
            3.0656, 
            3.2133, 
            3.2994, 
            3.0949, 
            5.2032, 
            3.1034, 
            3.403, 
            4.0939, 
            3.1111, 
            5.2181, 
            3.1354, 
            3.097, 
            3.2645, 
            3.3114, 
            3.6887, 
            3.0045, 
            3.0652, 
            4.5113, 
            4.8962, 
            3.1325, 
            3.1424, 
            3.0819, 
            3.133, 
            3.7102, 
            5.213, 
            3.2556, 
            3.1999, 
            4.7871, 
            3.1071, 
            3.0045, 
            5.2051, 
            3.1999, 
            3.2634, 
            3.0045, 
            3.5437, 
            3.2899, 
            3.992, 
            3.2277, 
            4.0845, 
            3.1444, 
            3.0847, 
            3.1272, 
            3.8703, 
            3.2117, 
            3.5174, 
            3.1203, 
            5.1625, 
            3.1004, 
            3.0722, 
            3.1349, 
            3.0067, 
            4.0909, 
            3.0045, 
            3.0722, 
            3.0046, 
            3.0996, 
            3.2123, 
            3.2492, 
            4.2453, 
            3.1588, 
            3.0049, 
            4.2293, 
            3.2667, 
            4.9485, 
            3.0903, 
            3.622, 
            3.2405, 
            3.0783, 
            3.0839, 
            3.3002, 
            3.0714, 
            5.204, 
            3.2896, 
            3.1087, 
            3.1266, 
            3.5356, 
            3.1092, 
            3.3758, 
            3.0904, 
            3.1272, 
            3.0784, 
            3.0787, 
            3.2634, 
            3.075, 
            3.1259, 
            3.3117, 
            4.1101, 
            3.2417, 
            3.0656, 
            3.2534, 
            3.0659, 
            3.2375, 
            3.1099, 
            3.076, 
            3.083, 
            3.5393, 
            3.088, 
            3.0761, 
            3.0891, 
            5.2135, 
            3.0695, 
            3.0826, 
            3.6226, 
            3.1023, 
            3.0045, 
            3.6309, 
            3.0377, 
            5.2058, 
            3.5682, 
            3.1305, 
            3.0047, 
            3.0059, 
            3.4611, 
            4.2677, 
            3.2667, 
            3.2634, 
            4.1673, 
            3.2488, 
            3.1321, 
            3.0722, 
            3.0776, 
            4.5215, 
            3.1283, 
            3.0904, 
            3.7099, 
            3.0084, 
            3.0826, 
            4.1242, 
            3.2427, 
            3.0714, 
            3.1298, 
            4.087, 
            3.2113, 
            3.0714, 
            4.1081, 
            3.2471, 
            3.0722, 
            3.1205, 
            3.4113, 
            3.186, 
            3.0921, 
            3.1255, 
            3.1275, 
            4.508, 
            4.1049, 
            3.2289, 
            3.9443, 
            3.2001, 
            3.3286, 
            3.3209, 
            3.6684, 
            3.093, 
            4.0463, 
            3.1385, 
            4.5604, 
            3.1089, 
            3.4195, 
            4.4568, 
            3.0072, 
            3.0722, 
            3.125, 
            3.0883, 
            3.0927, 
            3.0695, 
            3.3233, 
            3.0723, 
            3.1071, 
            3.0097, 
            3.2555, 
            3.0131, 
            3.1121, 
            3.2789, 
            3.08, 
            3.6685, 
            3.5078, 
            3.2464, 
            3.0753, 
            3.2555
        ], 
        "x": [
            3.0, 
            3.0, 
            4.0, 
            3.0, 
            3.0, 
            3.0, 
            10.0, 
            5.0, 
            2.0, 
            4.0, 
            3.0, 
            3.0, 
            5.0, 
            3.0, 
            2.0, 
            2.0, 
            3.0, 
            2.0, 
            4.0, 
            4.0, 
            4.0, 
            3.0, 
            2.0, 
            3.0, 
            3.0, 
            3.0, 
            3.0, 
            3.0, 
            5.0, 
            2.0, 
            3.0, 
            3.0, 
            3.0, 
            5.0, 
            3.0, 
            4.0, 
            3.0, 
            5.0, 
            4.0, 
            4.0, 
            4.0, 
            3.0, 
            2.0, 
            3.0, 
            3.0, 
            2.0, 
            3.0, 
            2.0, 
            3.0, 
            5.0, 
            3.0, 
            2.0, 
            2.0, 
            10.0, 
            2.0, 
            3.0, 
            3.0, 
            2.0, 
            3.0, 
            4.0, 
            3.0, 
            3.0, 
            3.0, 
            3.0, 
            4.0, 
            7.0, 
            3.0, 
            3.0, 
            4.0, 
            3.0, 
            4.0, 
            10.0, 
            2.0, 
            3.0, 
            3.0, 
            2.0, 
            3.0, 
            3.0, 
            2.0, 
            3.0, 
            2.0, 
            5.0, 
            6.0, 
            6.0, 
            2.0, 
            5.0, 
            3.0, 
            3.0, 
            3.0, 
            4.0, 
            3.0, 
            3.0, 
            10.0, 
            2.0, 
            3.0, 
            4.0, 
            4.0, 
            3.0, 
            7.0, 
            5.0, 
            4.0, 
            3.0, 
            4.0, 
            2.0, 
            2.0, 
            3.0, 
            4.0, 
            2.0, 
            3.0, 
            7.0, 
            5.0, 
            2.0, 
            4.0, 
            3.0, 
            2.0, 
            6.0, 
            3.0, 
            2.0, 
            3.0, 
            4.0, 
            8.0, 
            2.0, 
            10.0, 
            6.0, 
            5.0, 
            4.0, 
            3.0, 
            5.0, 
            3.0, 
            3.0, 
            2.0, 
            5.0, 
            3.0, 
            4.0, 
            4.0, 
            5.0, 
            3.0, 
            8.0, 
            2.0, 
            3.0, 
            3.0, 
            4.0, 
            3.0, 
            3.0, 
            4.0, 
            2.0, 
            5.0, 
            6.0, 
            3.0, 
            2.0, 
            3.0, 
            3.0, 
            3.0, 
            2.0, 
            3.0, 
            4.0, 
            6.0, 
            2.0, 
            2.0, 
            3.0, 
            5.0, 
            3.0, 
            6.0, 
            3.0, 
            3.0, 
            5.0, 
            2.0, 
            2.0, 
            3.0, 
            6.0, 
            2.0, 
            5.0, 
            4.0, 
            4.0, 
            8.0, 
            2.0, 
            3.0, 
            3.0, 
            2.0, 
            4.0, 
            2.0, 
            3.0, 
            2.0, 
            5.0, 
            3.0, 
            2.0, 
            5.0, 
            2.0, 
            3.0, 
            5.0, 
            3.0, 
            3.0, 
            4.0, 
            2.0, 
            4.0, 
            3.0, 
            4.0, 
            5.0, 
            2.0, 
            2.0, 
            6.0, 
            3.0, 
            4.0, 
            3.0, 
            3.0, 
            5.0, 
            4.0, 
            3.0, 
            4.0, 
            3.0, 
            5.0, 
            3.0, 
            4.0, 
            3.0, 
            6.0, 
            3.0, 
            5.0, 
            3.0, 
            2.0, 
            4.0, 
            3.0, 
            3.0, 
            5.0, 
            4.0, 
            5.0, 
            3.0, 
            2.0, 
            7.0, 
            6.0, 
            4.0, 
            4.0, 
            4.0, 
            3.0, 
            3.0, 
            3.0, 
            4.0, 
            3.0, 
            2.0, 
            4.0, 
            2.0, 
            4.0, 
            3.0, 
            3.0, 
            3.0, 
            5.0, 
            6.0, 
            4.0, 
            5.0, 
            2.0, 
            3.0, 
            5.0, 
            4.0, 
            3.0, 
            5.0, 
            3.0, 
            3.0, 
            4.0, 
            3.0, 
            3.0, 
            3.0, 
            5.0, 
            3.0, 
            5.0, 
            5.0, 
            10.0, 
            3.0, 
            2.0, 
            2.0, 
            3.0, 
            3.0, 
            10.0, 
            4.0, 
            3.0, 
            2.0, 
            5.0, 
            5.0, 
            5.0, 
            3.0, 
            3.0, 
            3.0, 
            2.0, 
            2.0, 
            5.0, 
            5.0, 
            2.0, 
            3.0, 
            3.0, 
            3.0, 
            3.0, 
            4.0, 
            3.0, 
            2.0, 
            3.0, 
            3.0, 
            2.0, 
            5.0, 
            10.0, 
            5.0, 
            5.0, 
            5.0, 
            6.0, 
            3.0, 
            3.0, 
            4.0, 
            4.0, 
            3.0, 
            3.0, 
            3.0, 
            3.0, 
            3.0, 
            5.0, 
            5.0, 
            4.0, 
            3.0, 
            3.0, 
            5.0, 
            4.0, 
            2.0, 
            2.0, 
            5.0, 
            10.0, 
            5.0, 
            3.0, 
            8.0, 
            3.0, 
            3.0, 
            5.0, 
            3.0, 
            2.0, 
            3.0, 
            3.0, 
            4.0, 
            4.0, 
            3.0, 
            3.0, 
            8.0, 
            4.0, 
            5.0, 
            2.0, 
            4.0, 
            2.0, 
            3.0, 
            4.0, 
            3.0, 
            4.0, 
            3.0, 
            2.0, 
            3.0, 
            3.0, 
            2.0, 
            3.0, 
            3.0, 
            3.0, 
            5.0, 
            3.0, 
            3.0, 
            3.0, 
            3.0, 
            3.0, 
            3.0, 
            3.0, 
            3.0, 
            3.0, 
            5.0, 
            3.0, 
            4.0, 
            2.0, 
            3.0, 
            3.0, 
            5.0, 
            2.0, 
            4.0, 
            3.0, 
            2.0, 
            3.0, 
            3.0, 
            2.0, 
            4.0, 
            4.0, 
            6.0, 
            4.0, 
            3.0, 
            3.0, 
            3.0, 
            6.0, 
            4.0, 
            4.0, 
            3.0, 
            3.0, 
            2.0, 
            8.0, 
            3.0, 
            4.0, 
            5.0, 
            5.0, 
            3.0, 
            3.0, 
            3.0, 
            5.0, 
            2.0, 
            3.0, 
            4.0, 
            3.0, 
            4.0, 
            3.0, 
            2.0, 
            3.0, 
            3.0, 
            3.0, 
            5.0, 
            3.0, 
            2.0, 
            4.0, 
            3.0, 
            3.0, 
            2.0, 
            2.0, 
            4.0, 
            3.0, 
            4.0, 
            2.0, 
            2.0, 
            4.0, 
            2.0, 
            2.0, 
            5.0, 
            4.0, 
            3.0, 
            4.0, 
            3.0, 
            8.0, 
            3.0, 
            3.0, 
            5.0, 
            3.0, 
            2.0, 
            3.0, 
            6.0, 
            4.0, 
            3.0, 
            4.0, 
            3.0, 
            3.0, 
            4.0, 
            3.0, 
            2.0, 
            4.0, 
            3.0, 
            3.0, 
            3.0, 
            7.0, 
            2.0, 
            4.0, 
            2.0, 
            3.0, 
            3.0, 
            2.0, 
            3.0, 
            3.0, 
            6.0, 
            3.0, 
            3.0, 
            3.0, 
            10.0, 
            3.0, 
            3.0, 
            3.0, 
            4.0, 
            4.0, 
            5.0, 
            5.0, 
            2.0, 
            2.0, 
            2.0, 
            4.0, 
            8.0, 
            2.0, 
            3.0, 
            2.0, 
            4.0, 
            2.0, 
            4.0, 
            3.0, 
            3.0, 
            2.0, 
            3.0, 
            2.0, 
            3.0, 
            5.0, 
            2.0, 
            2.0, 
            3.0, 
            3.0, 
            5.0, 
            3.0, 
            4.0, 
            4.0, 
            2.0, 
            3.0, 
            3.0, 
            2.0, 
            6.0, 
            3.0, 
            2.0, 
            3.0, 
            3.0, 
            5.0, 
            3.0, 
            6.0, 
            3.0, 
            2.0, 
            4.0, 
            2.0, 
            2.0, 
            4.0, 
            2.0, 
            6.0, 
            2.0, 
            3.0, 
            6.0, 
            4.0, 
            3.0, 
            3.0, 
            4.0, 
            4.0, 
            5.0, 
            7.0, 
            2.0, 
            4.0, 
            3.0, 
            4.0, 
            4.0, 
            2.0, 
            6.0, 
            3.0, 
            2.0, 
            3.0, 
            4.0, 
            4.0, 
            3.0, 
            3.0, 
            3.0, 
            5.0, 
            2.0, 
            3.0, 
            3.0, 
            3.0, 
            3.0, 
            5.0, 
            6.0, 
            5.0, 
            3.0, 
            3.0, 
            6.0, 
            2.0, 
            2.0, 
            5.0, 
            5.0, 
            3.0, 
            3.0, 
            2.0, 
            5.0, 
            2.0, 
            2.0, 
            3.0, 
            3.0, 
            5.0, 
            2.0, 
            6.0, 
            3.0, 
            2.0, 
            2.0, 
            4.0, 
            2.0, 
            10.0, 
            5.0, 
            3.0, 
            4.0, 
            2.0, 
            3.0, 
            2.0, 
            3.0, 
            3.0, 
            3.0, 
            3.0, 
            3.0, 
            2.0, 
            3.0, 
            2.0, 
            4.0, 
            3.0, 
            3.0, 
            2.0, 
            3.0, 
            3.0, 
            3.0, 
            3.0, 
            2.0, 
            3.0, 
            10.0, 
            3.0, 
            5.0, 
            3.0, 
            3.0, 
            2.0, 
            3.0, 
            3.0, 
            3.0, 
            4.0, 
            4.0, 
            2.0, 
            3.0, 
            3.0, 
            7.0, 
            3.0, 
            2.0, 
            2.0, 
            4.0, 
            3.0, 
            3.0, 
            3.0, 
            5.0, 
            3.0, 
            3.0, 
            3.0, 
            3.0, 
            4.0, 
            3.0, 
            3.0, 
            5.0, 
            2.0, 
            4.0, 
            3.0, 
            3.0, 
            3.0, 
            3.0, 
            3.0, 
            4.0, 
            3.0, 
            8.0, 
            2.0, 
            2.0, 
            3.0, 
            4.0, 
            2.0, 
            2.0, 
            3.0, 
            3.0, 
            3.0, 
            2.0, 
            2.0, 
            3.0, 
            3.0, 
            3.0, 
            4.0, 
            2.0, 
            4.0, 
            3.0, 
            3.0, 
            3.0, 
            2.0, 
            2.0, 
            4.0, 
            4.0, 
            4.0, 
            4.0, 
            2.0, 
            3.0, 
            3.0, 
            4.0, 
            2.0, 
            3.0, 
            3.0, 
            5.0, 
            2.0, 
            3.0, 
            2.0, 
            10.0, 
            2.0, 
            2.0, 
            3.0, 
            8.0, 
            5.0, 
            5.0, 
            4.0, 
            3.0, 
            4.0, 
            3.0, 
            3.0, 
            3.0, 
            3.0, 
            3.0, 
            3.0, 
            2.0, 
            3.0, 
            3.0, 
            2.0, 
            2.0, 
            3.0, 
            4.0, 
            5.0, 
            3.0, 
            5.0, 
            3.0, 
            5.0, 
            3.0, 
            3.0, 
            3.0, 
            2.0, 
            5.0, 
            2.0, 
            3.0, 
            3.0, 
            3.0, 
            6.0, 
            4.0, 
            4.0, 
            4.0, 
            3.0, 
            2.0, 
            3.0, 
            3.0, 
            2.0, 
            2.0, 
            5.0, 
            7.0, 
            5.0, 
            5.0, 
            10.0, 
            5.0, 
            2.0, 
            2.0, 
            2.0, 
            4.0, 
            5.0, 
            3.0, 
            3.0, 
            4.0, 
            4.0, 
            6.0, 
            2.0, 
            3.0, 
            2.0, 
            2.0, 
            4.0, 
            2.0, 
            2.0, 
            2.0, 
            3.0, 
            2.0, 
            3.0, 
            2.0, 
            4.0, 
            4.0, 
            10.0, 
            6.0, 
            3.0, 
            3.0, 
            2.0, 
            3.0, 
            3.0, 
            3.0, 
            3.0, 
            3.0, 
            3.0, 
            3.0, 
            6.0, 
            3.0, 
            4.0, 
            3.0, 
            3.0, 
            3.0, 
            4.0, 
            5.0, 
            2.0, 
            3.0, 
            7.0, 
            2.0, 
            2.0, 
            5.0, 
            4.0, 
            3.0, 
            4.0, 
            3.0, 
            3.0, 
            4.0, 
            3.0, 
            5.0, 
            3.0, 
            6.0, 
            2.0, 
            5.0, 
            3.0, 
            5.0, 
            5.0, 
            3.0, 
            3.0, 
            2.0, 
            5.0, 
            3.0, 
            4.0, 
            3.0, 
            6.0, 
            4.0, 
            2.0, 
            5.0, 
            3.0, 
            3.0, 
            2.0, 
            3.0, 
            4.0, 
            3.0, 
            6.0, 
            2.0, 
            3.0, 
            3.0, 
            2.0, 
            5.0, 
            4.0, 
            3.0, 
            2.0, 
            2.0, 
            3.0, 
            3.0, 
            3.0, 
            2.0, 
            5.0, 
            5.0, 
            5.0, 
            4.0, 
            3.0, 
            5.0, 
            3.0, 
            3.0, 
            3.0, 
            3.0, 
            6.0, 
            3.0, 
            3.0, 
            6.0, 
            3.0, 
            3.0, 
            2.0, 
            3.0, 
            3.0, 
            5.0, 
            5.0, 
            3.0, 
            4.0, 
            3.0, 
            2.0, 
            3.0, 
            5.0, 
            4.0, 
            2.0, 
            3.0, 
            4.0, 
            2.0, 
            2.0, 
            6.0, 
            4.0, 
            4.0, 
            2.0, 
            3.0, 
            4.0, 
            2.0, 
            3.0, 
            3.0, 
            5.0, 
            3.0, 
            3.0, 
            2.0, 
            3.0, 
            4.0, 
            3.0, 
            2.0, 
            3.0, 
            3.0, 
            6.0, 
            3.0, 
            4.0, 
            3.0, 
            3.0, 
            3.0, 
            3.0, 
            10.0, 
            3.0, 
            3.0, 
            2.0, 
            2.0, 
            2.0, 
            4.0, 
            3.0, 
            5.0, 
            2.0, 
            3.0, 
            4.0, 
            3.0, 
            2.0, 
            2.0, 
            3.0, 
            2.0, 
            4.0, 
            2.0, 
            3.0, 
            3.0, 
            2.0, 
            5.0, 
            5.0, 
            3.0, 
            3.0, 
            5.0, 
            3.0, 
            3.0, 
            3.0, 
            3.0, 
            3.0, 
            2.0, 
            3.0, 
            4.0, 
            2.0, 
            5.0, 
            2.0, 
            4.0, 
            6.0, 
            3.0, 
            3.0, 
            3.0, 
            2.0, 
            5.0, 
            3.0, 
            3.0, 
            3.0, 
            3.0, 
            4.0, 
            4.0, 
            2.0, 
            3.0, 
            4.0, 
            5.0, 
            2.0, 
            2.0, 
            3.0, 
            5.0, 
            3.0, 
            3.0, 
            4.0, 
            3.0, 
            2.0, 
            6.0, 
            3.0, 
            4.0, 
            2.0, 
            4.0, 
            2.0, 
            3.0, 
            4.0, 
            3.0, 
            3.0, 
            3.0, 
            3.0, 
            3.0, 
            2.0, 
            4.0, 
            10.0, 
            6.0, 
            4.0, 
            3.0, 
            7.0, 
            2.0, 
            3.0, 
            4.0, 
            6.0, 
            3.0, 
            4.0, 
            2.0, 
            6.0, 
            3.0, 
            5.0, 
            3.0, 
            3.0, 
            2.0, 
            3.0, 
            3.0, 
            2.0, 
            4.0, 
            3.0, 
            3.0, 
            3.0, 
            3.0, 
            4.0, 
            3.0, 
            3.0, 
            7.0, 
            2.0, 
            3.0, 
            7.0, 
            3.0, 
            3.0, 
            8.0
        ]
    }, 
    "regression_performance": {
        "max_error": 4.4803018693205923, 
        "median_error": -0.11008037864244424, 
        "error_distribution": [
            {
                "count": 339, 
                "bin_max": -1.164754382011957, 
                "bin_id": 0, 
                "bin_min": -1.7982551391059431
            }, 
            {
                "count": 431, 
                "bin_max": -0.53752590964167379, 
                "bin_id": 1, 
                "bin_min": -1.164754382011957
            }, 
            {
                "count": 1593, 
                "bin_max": 0.089702562728609436, 
                "bin_id": 2, 
                "bin_min": -0.53752590964167379
            }, 
            {
                "count": 109, 
                "bin_max": 0.71693103509889267, 
                "bin_id": 3, 
                "bin_min": 0.089702562728609436
            }, 
            {
                "count": 307, 
                "bin_max": 1.3441595074691757, 
                "bin_id": 4, 
                "bin_min": 0.71693103509889267
            }, 
            {
                "count": 110, 
                "bin_max": 1.9713879798394591, 
                "bin_id": 5, 
                "bin_min": 1.3441595074691757
            }, 
            {
                "count": 31, 
                "bin_max": 2.5986164522097424, 
                "bin_id": 6, 
                "bin_min": 1.9713879798394591
            }, 
            {
                "count": 45, 
                "bin_max": 3.2258449245800254, 
                "bin_id": 7, 
                "bin_min": 2.5986164522097424
            }, 
            {
                "count": 24, 
                "bin_max": 3.8530733969503084, 
                "bin_id": 8, 
                "bin_min": 3.2258449245800254
            }, 
            {
                "count": 67, 
                "bin_max": 4.4803018693205923, 
                "bin_id": 9, 
                "bin_min": 3.8530733969503084
            }
        ], 
        "min_error": -1.7919828543822403, 
        "average_error": -0.013874888640595747, 
        "std_error": 1.1404309604357203, 
        "p75_error": -0.004541489728444148, 
        "p90_error": 0.94276684423061563, 
        "p25_error": -0.56896168721719986
    }
}