{
  "state": "DONE",
  "preSearchDescription": {
    "gridLength": 1,
    "importantParams": [
      {
        "name": "trees",
        "vals": [
          "30"
        ]
      },
      {
        "name": "depth",
        "vals": [
          "8"
        ]
      },
      {
        "name": "min_samples",
        "vals": [
          "3"
        ]
      }
    ]
  },
  "postSearchDescription": {
    "importantParams": [
      {
        "name": "trees",
        "val": "30"
      },
      {
        "name": "depth",
        "val": "8"
      },
      {
        "name": "min_samples",
        "val": "3"
      }
    ]
  },
  "modelId": "m1",
  "progress": {
    "top_level_todo": [],
    "stack": [],
    "top_level_done": [
      {
        "name": "Loading train set",
        "time": 80
      },
      {
        "name": "Loading test set",
        "time": 6
      },
      {
        "name": "Collecting statistics",
        "time": 51
      },
      {
        "name": "Preprocessing train set",
        "time": 114
      },
      {
        "name": "Preprocessing test set",
        "time": 90
      },
      {
        "name": "Fitting model",
        "time": 898
      },
      {
        "name": "Saving model",
        "time": 5
      },
      {
        "name": "Scoring model",
        "time": 562
      }
    ]
  },
  "startTime": 1493409386819,
  "endTime": 1493409388626,
  "preprocessingTime": 342,
  "trainingTime": 1465
}