[
    {
        "parameters": {
            "max_features": "auto", 
            "min_samples_split": 30, 
            "n_estimators": 100, 
            "max_depth": 6, 
            "min_samples_leaf": 10
        }, 
        "score_time": 2861, 
        "test_score": 0.35972615602143865, 
        "fit_time": 637794, 
        "num_samples": 101009, 
        "best_iteration": null, 
        "train_score": 0.5475649738096454, 
        "parameter_id": 0, 
        "time": 640655, 
        "done_at": 1525698765129, 
        "grid_point_id": "{\"max_features\": \"auto\", \"min_samples_split\": 30, \"n_estimators\": 100, \"max_depth\": 6, \"min_samples_leaf\": 10}@2"
    }, 
    {
        "parameters": {
            "max_features": "auto", 
            "min_samples_split": 30, 
            "n_estimators": 100, 
            "max_depth": 6, 
            "min_samples_leaf": 10
        }, 
        "score_time": 2694, 
        "test_score": 0.4441929927687136, 
        "fit_time": 640294, 
        "num_samples": 101010, 
        "best_iteration": null, 
        "train_score": 0.5475298750522379, 
        "parameter_id": 0, 
        "time": 642988, 
        "done_at": 1525698768088, 
        "grid_point_id": "{\"max_features\": \"auto\", \"min_samples_split\": 30, \"n_estimators\": 100, \"max_depth\": 6, \"min_samples_leaf\": 10}@0"
    }, 
    {
        "parameters": {
            "max_features": "auto", 
            "min_samples_split": 30, 
            "n_estimators": 100, 
            "max_depth": 6, 
            "min_samples_leaf": 10
        }, 
        "score_time": 2463, 
        "test_score": 0.5335966163215718, 
        "fit_time": 643692, 
        "num_samples": 101009, 
        "best_iteration": null, 
        "train_score": 0.4886631171760871, 
        "parameter_id": 0, 
        "time": 646155, 
        "done_at": 1525698771689, 
        "grid_point_id": "{\"max_features\": \"auto\", \"min_samples_split\": 30, \"n_estimators\": 100, \"max_depth\": 6, \"min_samples_leaf\": 10}@1"
    }, 
    {
        "parameters": {
            "max_features": "auto", 
            "min_samples_split": 30, 
            "n_estimators": 100, 
            "max_depth": 14, 
            "min_samples_leaf": 10
        }, 
        "score_time": 2774, 
        "test_score": 0.5029138902222057, 
        "fit_time": 991752, 
        "num_samples": 101010, 
        "best_iteration": null, 
        "train_score": 0.6481919818701334, 
        "parameter_id": 1, 
        "time": 994526, 
        "done_at": 1525699119545, 
        "grid_point_id": "{\"max_features\": \"auto\", \"min_samples_split\": 30, \"n_estimators\": 100, \"max_depth\": 14, \"min_samples_leaf\": 10}@0"
    }, 
    {
        "parameters": {
            "max_features": "auto", 
            "min_samples_split": 30, 
            "n_estimators": 100, 
            "max_depth": 14, 
            "min_samples_leaf": 10
        }, 
        "score_time": 1964, 
        "test_score": 0.3542733944067695, 
        "fit_time": 636661, 
        "num_samples": 101009, 
        "best_iteration": null, 
        "train_score": 0.6499697288428672, 
        "parameter_id": 1, 
        "time": 638625, 
        "done_at": 1525699410140, 
        "grid_point_id": "{\"max_features\": \"auto\", \"min_samples_split\": 30, \"n_estimators\": 100, \"max_depth\": 14, \"min_samples_leaf\": 10}@2"
    }, 
    {
        "parameters": {
            "max_features": "auto", 
            "min_samples_split": 30, 
            "n_estimators": 100, 
            "max_depth": 14, 
            "min_samples_leaf": 10
        }, 
        "score_time": 1451, 
        "test_score": 0.6111387334765925, 
        "fit_time": 644141, 
        "num_samples": 101009, 
        "best_iteration": null, 
        "train_score": 0.5962024966840674, 
        "parameter_id": 1, 
        "time": 645592, 
        "done_at": 1525699413044, 
        "grid_point_id": "{\"max_features\": \"auto\", \"min_samples_split\": 30, \"n_estimators\": 100, \"max_depth\": 14, \"min_samples_leaf\": 10}@1"
    }
]