{
    "metrics": {
        "rmse": 14902.19359414457, 
        "pearson": 0.75023345111279915, 
        "mae": 8391.0756843089293, 
        "r2": 0.56259712485970348, 
        "mape": 91.10612384216888, 
        "mse": 222075373.91736346, 
        "evs": 0.56260183552135434, 
        "rmsle": 0
    }, 
    "scatterPlotData": {
        "y": [
            5264.4344, 
            42091.7098, 
            16444.9858, 
            1786.9748, 
            8662.3795, 
            94063.4656, 
            19465.7466, 
            56.375, 
            15847.7244, 
            12858.1266, 
            6753.3805, 
            4431.1023, 
            4657.5416, 
            677.5771, 
            5463.6478, 
            10803.528, 
            6957.8201, 
            28384.4966, 
            13461.6043, 
            5506.1797, 
            70470.174, 
            101604.7063, 
            1889.3535, 
            60239.9774, 
            64183.9991, 
            8868.35, 
            70588.8183, 
            3722.3433, 
            19542.1906, 
            15610.2015, 
            9564.6555, 
            1269.1921, 
            68113.9748, 
            2086.0344, 
            29947.6381, 
            19542.1906, 
            4367.0239, 
            3540.7774, 
            10758.7144, 
            8724.3535, 
            6780.1291, 
            14870.3556, 
            338.184, 
            8914.641, 
            1289.144, 
            26797.1274, 
            5425.9483, 
            5428.5316, 
            30275.4286, 
            4439.3584, 
            12585.0251, 
            33624.2122, 
            1186.8938, 
            3640.6432, 
            10943.695, 
            42589.1282, 
            32691.6724, 
            8348.9655, 
            2303.2895, 
            9614.4945, 
            48705.2202, 
            11128.2045, 
            13864.1617, 
            5992.1567, 
            10971.8439, 
            1827.8183, 
            40615.8315, 
            10385.6233, 
            2533.8695, 
            5478.4396, 
            13074.5092, 
            7188.3506, 
            83174.7533, 
            5569.4691, 
            14354.934, 
            24378.7099, 
            1968.2344, 
            5284.4019, 
            5330.1369, 
            3127.1177, 
            13115.6018, 
            28923.7638, 
            14683.4576, 
            16260.3769, 
            3831.9462, 
            450.8398, 
            46513.0944, 
            13209.0339, 
            3336.8434, 
            47751.3554, 
            1943.843, 
            20923.0871, 
            9055.9116, 
            43997.6755, 
            25.6936, 
            23592.6444, 
            15159.8279, 
            2538.1814, 
            13604.9905, 
            6089.4124, 
            1898.5082, 
            6410.7778, 
            15631.7247, 
            34453.9502, 
            6980.5408, 
            8846.0736, 
            468.6026, 
            18692.3188, 
            1174.5303, 
            46338.3238, 
            45409.0451, 
            14698.1137, 
            783.1563, 
            67008.966, 
            2133.0095, 
            8774.3358, 
            3246.921, 
            1685.4267, 
            16599.1044, 
            5567.8642, 
            29286.9678, 
            18300.3041, 
            42150.0955, 
            8810.4641, 
            45827.129, 
            12037.689, 
            21960.1459, 
            19097.2093, 
            19666.8732, 
            7006.4635, 
            20591.4341, 
            1399.7348, 
            15247.1184, 
            29649.0472, 
            -2.652, 
            337.5291, 
            14497.6931, 
            18916.2883, 
            6089.4124, 
            6273.8999, 
            9819.7907, 
            3073.1842, 
            4561.9053, 
            51171.8276, 
            4731.3559, 
            16229.2713, 
            26208.6499, 
            1183.8299, 
            1898.5082, 
            5596.1932, 
            14763.9741, 
            468.6026, 
            16578.2714, 
            13830.4046, 
            1119.4519, 
            5451.072, 
            18731.4547, 
            15068.4215, 
            4016.0688, 
            14327.2771, 
            34807.8224, 
            44440.951, 
            16657.9256, 
            14762.3802, 
            16191.1314, 
            13473.2404, 
            4437.6154, 
            3746.7781, 
            1773.6965, 
            46164.2693, 
            2128.1886, 
            31629.5735, 
            6102.7266, 
            25710.6789, 
            43710.4301, 
            20488.7221, 
            2124.7216, 
            20488.7221, 
            46784.9635, 
            8889.0258, 
            21091.4551, 
            22455.591, 
            15252.1121, 
            21260.5584, 
            6273.8999, 
            12121.0733, 
            22.38, 
            52755.2599, 
            13836.8745, 
            19291.1835, 
            14150.18, 
            1816.2997, 
            13323.9817, 
            24598.8024, 
            5266.1802, 
            61024.5721, 
            37448.773, 
            73719.1457, 
            24119.2054, 
            19340.3683, 
            5932.3736, 
            337.5291, 
            15677.9795, 
            3641.8553, 
            18199.5987, 
            18994.5698, 
            4325.8388, 
            15131.3612, 
            6947.5692, 
            4562.2236, 
            13868.476, 
            3915.8117, 
            16276.124, 
            26388.4674, 
            21137.3372, 
            5515.1474, 
            28749.2016, 
            2960.397, 
            2471.0564, 
            19440.4258, 
            39635.0381, 
            3023.3859, 
            15297.868, 
            8298.8804, 
            68255.1919, 
            15827.4216, 
            74408.3136, 
            20688.2418, 
            4978.5401, 
            1187.6206, 
            14834.7346, 
            2620.9955, 
            2052.9812, 
            44575.1837, 
            20488.7221, 
            2947.3927, 
            1898.5082, 
            3980.5968, 
            6273.8999, 
            44267.6934, 
            29002.2686, 
            7868.8655, 
            6273.8999, 
            18000.1532, 
            11812.8745, 
            29951.4988, 
            27307.0624, 
            337.5291, 
            43365.046, 
            13459.413, 
            2103.4081, 
            25126.1332, 
            1792.4405, 
            21979.7923, 
            15154.3492, 
            4007.8846, 
            16884.6384, 
            4568.1664, 
            8905.0757, 
            29122.0726, 
            9572.7307, 
            13397.9927, 
            1766.5598, 
            16166.6448, 
            42952.4401, 
            19697.0023, 
            2103.4081, 
            28093.0398, 
            5965.2403, 
            3629.1012, 
            18261.8958, 
            5965.2403, 
            15170.3994, 
            3513.372, 
            29571.9819, 
            57052.5529, 
            1830.9352, 
            20188.8206, 
            2164.6026, 
            2052.9812, 
            1956.4299, 
            24800.8885, 
            5958.2794, 
            15977.8074, 
            20022.9134, 
            58594.3285, 
            40577.3318, 
            11812.9052, 
            4952.3692, 
            17634.9249, 
            31222.4007, 
            13489.333, 
            2177.5128, 
            4391.2188, 
            4906.858, 
            4080.0209, 
            13620.7103, 
            17047.6134, 
            26064.5356, 
            6011.4719, 
            11928.7556, 
            46277.7668, 
            8051.1119, 
            2103.4081, 
            18048.9757, 
            2060.3094, 
            61861.2519, 
            4835.6336, 
            2103.9354, 
            14429.4215, 
            25.7592, 
            5986.3598, 
            15243.7827, 
            6089.4124, 
            713.7699, 
            3119.121, 
            2745.0977, 
            13461.6043, 
            4684.7521, 
            12984.9148, 
            16399.2375, 
            18512.5812, 
            44118.0546, 
            11955.0163, 
            13456.9891, 
            31812.4982, 
            11526.1878, 
            672.6211, 
            18342.2714, 
            7047.2717, 
            29331.7992, 
            1792.4405, 
            5393.7483, 
            13825.3895, 
            2960.4323, 
            15460.5835, 
            8264.3335, 
            6682.9494, 
            3010.5854, 
            337.5291, 
            14227.5782, 
            18415.9209, 
            15400.6323, 
            5493.8476, 
            390.3547, 
            31940.2044, 
            1701.3048, 
            20488.7221, 
            29207.4285, 
            68492.2541, 
            14226.2864, 
            33183.8266, 
            7006.4635, 
            60155.1394, 
            17403.5812, 
            10232.4941, 
            5212.5571, 
            4391.2188, 
            22912.5922, 
            6951.5702, 
            38953.2781, 
            2171.5792, 
            14123.5219, 
            41.1008, 
            2187.8247, 
            3153.6842, 
            20417.621, 
            13734.8121, 
            43784.2995, 
            34572.8739, 
            32782.6366, 
            2988.1977, 
            1792.4405, 
            35926.0954, 
            7839.8492, 
            26704.5398, 
            1681.7111, 
            1946.1512, 
            61787.3449, 
            13067.7687, 
            30619.4493, 
            6273.8999, 
            45292.4855, 
            19264.687, 
            3965.6434, 
            27455.532, 
            13090.3137, 
            30659.0474, 
            19953.5735, 
            4630.1231, 
            10692.5438, 
            2103.4081, 
            42290.9296, 
            10178.3437, 
            1804.3499, 
            14195.7432, 
            81162.6518, 
            11812.3834, 
            47008.3491, 
            19028.3456, 
            22005.3433, 
            69581.6786, 
            77330.0245, 
            16176.1236, 
            5066.8999, 
            25141.8105, 
            15680.2269, 
            5528.9662, 
            71692.9524, 
            6058.4482, 
            46306.1761, 
            917.3896, 
            5710.6067, 
            6146.1337, 
            6273.8999, 
            10141.1528, 
            12649.8081, 
            23411.4385, 
            338.525, 
            14464.053, 
            13665.9448, 
            45511.5846, 
            20392.2419, 
            5528.6263, 
            18916.2883, 
            6089.4124, 
            4598.0867, 
            3711.0234, 
            1898.5082, 
            4222.194, 
            5561.5391, 
            64179.4635, 
            16577.8662, 
            15530.0267, 
            9936.3518, 
            541.3659, 
            2956.1175, 
            13541.5358, 
            58699.4442, 
            6273.8999, 
            6273.8999, 
            371.0598, 
            5282.6786, 
            4484.4881, 
            26133.4823, 
            4853.0664, 
            4691.8605, 
            2103.4081, 
            13164.3773, 
            14252.7489, 
            14910.4127, 
            9409.6303, 
            42596.2932, 
            12714.8648, 
            4829.0883, 
            10663.9387, 
            13083.4616, 
            468.6026, 
            1563.3235, 
            31943.0382, 
            4431.1023, 
            2478.0669, 
            20488.7221, 
            3213.6338, 
            2056.7058, 
            27861.9685, 
            3979.8071, 
            41.0076, 
            2103.4081, 
            30644.205, 
            89793.0857, 
            20998.8498, 
            36669.6387, 
            20488.7221, 
            68201.8101, 
            6163.8148, 
            4896.3322, 
            9722.1659, 
            5847.3632, 
            1572.4494, 
            42564.0412, 
            20173.5242, 
            32582.6923, 
            7006.4635, 
            45428.1173, 
            18147.3077, 
            8889.0258, 
            20250.6218, 
            6273.8999, 
            783.022, 
            25.7554, 
            2308.1044, 
            22457.0317, 
            9641.6277, 
            4594.8833, 
            75054.1112, 
            37754.362, 
            2103.4081, 
            8331.0284, 
            20488.7221, 
            2085.2161, 
            20007.1686, 
            20488.7221, 
            2133.0095, 
            5703.9985, 
            13000.976, 
            15739.6888, 
            16501.722, 
            22022.7536, 
            67632.9768, 
            15768.4912, 
            16399.2375, 
            6273.8999, 
            41208.4987, 
            5477.7637, 
            6273.8999, 
            21493.9268, 
            17589.487, 
            6627.9236, 
            30072.0495, 
            59473.2919, 
            2052.9812, 
            14225.4236, 
            357.8483, 
            7901.5118, 
            3962.4795, 
            14834.7346, 
            593.1529, 
            1417.809, 
            9026.3106, 
            29414.5793, 
            5986.3598, 
            13459.1945, 
            4922.7367, 
            9184.7164, 
            33539.061, 
            13455.0335, 
            2333.6154, 
            26805.4727, 
            9937.7826, 
            24487.5716, 
            5429.3612, 
            32823.0429, 
            13169.2548, 
            16425.3343, 
            17649.5315, 
            12032.597, 
            12050.5835, 
            21464.8363, 
            10059.3913, 
            3039.0123, 
            12093.1214, 
            10636.1235, 
            13507.1441, 
            10554.6049, 
            71978.3783, 
            15260.1903, 
            23007.8215, 
            16133.4066, 
            1049.8956, 
            1830.5639, 
            13895.4594, 
            24869.5833, 
            6273.8999, 
            29475.013, 
            61830.732, 
            16896.579, 
            2784.1907, 
            41807.0577, 
            4578.8008, 
            59367.5751, 
            20488.7221, 
            5862.521, 
            4433.6874, 
            2804.6649, 
            3877.9925, 
            6273.8999, 
            12405.1628, 
            14576.8792, 
            1918.3134, 
            17797.887, 
            5460.4143, 
            11925.8543, 
            17074.6069, 
            6168.2144, 
            13447.4764, 
            15484.1676, 
            7662.593, 
            3922.0062, 
            6305.016, 
            2885.7938, 
            4929.325, 
            19607.1846, 
            20975.2091, 
            6273.8999, 
            9838.2736, 
            21535.9303, 
            15350.5712, 
            14935.5075, 
            90030.652, 
            5275.4969, 
            27516.7576, 
            409.9716, 
            26764.916, 
            3624.9766, 
            3101.7358, 
            16598.2864, 
            2187.8247, 
            18934.7528, 
            3682.2488, 
            29026.9032, 
            27380.4346, 
            3471.816, 
            4588.8676, 
            1786.2665, 
            337.0843, 
            17562.3678, 
            31918.4804, 
            20488.7221, 
            34829.03, 
            20488.7221, 
            12102.5398, 
            1563.9528, 
            8597.4388, 
            13461.6043, 
            6750.9849, 
            6273.8999, 
            21592.5754, 
            5958.2794, 
            29904.2536, 
            337.0843, 
            1792.4405, 
            19707.4369, 
            16439.6069, 
            337.0843, 
            30592.9274, 
            232.7246, 
            16130.1959, 
            1835.516, 
            4433.6874, 
            24644.339, 
            14148.1608, 
            7448.2592, 
            6790.5276, 
            14906.5702, 
            13196.7066, 
            25187.3138, 
            35238.0927, 
            9016.6946, 
            26379.8957, 
            22287.3747, 
            30145.2582, 
            2019.5468, 
            3137.631, 
            5876.3243, 
            25619.3004, 
            28596.9797, 
            7006.4635, 
            25782.2473, 
            29685.7458, 
            70794.3317, 
            5282.3265, 
            2769.0751, 
            9194.1711, 
            10589.5994, 
            77355.1325, 
            3696.4692, 
            1810.2514, 
            6624.4918, 
            3266.1111, 
            9373.3726, 
            11992.1603, 
            7542.8153, 
            2052.9812, 
            9667.9477, 
            13852.2125, 
            20.8895, 
            23848.4792, 
            13836.8745, 
            30186.5125, 
            10128.8676, 
            736.9682, 
            2171.6962, 
            15317.8451, 
            6273.8999, 
            10944.1427, 
            372.465, 
            20002.238, 
            32414.8429, 
            17543.6648, 
            3328.6532, 
            10669.0934, 
            1799.0564, 
            4510.7815, 
            5576.9838, 
            207.1951, 
            1547.0269, 
            5484.258, 
            13649.6967, 
            78741.0444, 
            20488.7221, 
            13621.6652, 
            8940.6606, 
            9870.5104, 
            4529.8762, 
            337.5291, 
            4594.857, 
            13266.3866, 
            1398.6075, 
            16292.8464, 
            850.9607, 
            18861.1801, 
            15646.2698, 
            337.5291, 
            10309.5283, 
            2019.5468, 
            22816.9039, 
            27186.4329, 
            -4.9499, 
            43312.8454, 
            14821.294, 
            5760.5797, 
            15039.5801, 
            20570.4256, 
            14225.4236, 
            12592.3209, 
            15192.3843, 
            5260.232, 
            178.585, 
            15642.0095, 
            4984.3127, 
            13949.0081, 
            2085.2161, 
            2948.0673, 
            13987.4838, 
            42.4251, 
            29893.391, 
            9438.4418, 
            27945.8628, 
            4580.9712, 
            29985.7883, 
            4717.5257, 
            3026.3945, 
            4099.9627, 
            5526.9556, 
            106874.9503, 
            338.525, 
            4568.2415, 
            15518.625, 
            13860.0751, 
            4025.3209, 
            28800.7686, 
            9208.9901, 
            32968.6337, 
            7350.3509, 
            18770.0455, 
            3612.0594, 
            6368.7196, 
            1860.0302, 
            2942.3076, 
            25892.5619, 
            468.6026, 
            20488.7221, 
            4347.8266, 
            2313.1005, 
            19164.5687, 
            12682.043, 
            69.5563, 
            41438.9744, 
            -44.8975, 
            30202.6983, 
            8129.4519, 
            6832.4021, 
            9039.3762, 
            17175.9834, 
            13145.0351, 
            5565.7281, 
            15584.8881, 
            6262.6212, 
            3613.1282, 
            15077.6964, 
            18205.1466, 
            634.2115, 
            5220.5268, 
            5670.9079, 
            11847.3404, 
            468.6026, 
            9373.3726, 
            573.9737, 
            21715.5967, 
            10250.3573, 
            7006.4635, 
            2103.4081, 
            3455.3145, 
            10835.7801, 
            26140.8584, 
            541.3659, 
            20488.7221, 
            35782.9638, 
            13399.5004, 
            10609.1324, 
            42572.4429, 
            337.5291, 
            19578.5493, 
            9367.5392, 
            2103.4081, 
            541.3659, 
            36654.7802, 
            4762.051, 
            6273.8999, 
            75309.7537, 
            6172.6284, 
            5446.7574, 
            15537.711, 
            1704.0533, 
            5694.9996, 
            55972.9186, 
            8942.7109, 
            6708.6989, 
            4111.6914, 
            19517.8365, 
            2932.8178, 
            6273.8999, 
            9780.8333, 
            1936.3038, 
            14175.1881, 
            11721.2131, 
            1968.2344, 
            1898.5082, 
            25913.901, 
            43974.9642, 
            71395.8877, 
            13709.0001, 
            6808.5631, 
            1902.1312, 
            4028.8569, 
            48604.5646, 
            6311.7323, 
            13009.7666, 
            31196.6594, 
            32760.6403, 
            1542.641, 
            2925.3946, 
            75030.2886, 
            14685.5237, 
            41745.2137, 
            6273.8999, 
            16175.6236, 
            33616.0098, 
            14202.318, 
            43520.8429, 
            20488.7221, 
            5127.3678, 
            13493.0197, 
            9152.0613, 
            41666.5019, 
            32687.007, 
            27239.2865, 
            9979.3694, 
            3768.0914, 
            46593.0893, 
            3122.1514, 
            44293.9743, 
            30602.1663, 
            3502.7894, 
            13079.2253, 
            7731.1359, 
            18710.4699, 
            5965.2403, 
            3656.4409, 
            6273.8999, 
            1615.9349, 
            6273.8999, 
            15577.9433, 
            158.3632, 
            15215.6736, 
            13822.4384, 
            5010.7107, 
            32496.4492, 
            69647.8852, 
            62542.0676, 
            30.0647, 
            11139.1143, 
            7347.6238, 
            20690.953, 
            1522.4188, 
            18803.5415, 
            40.7188, 
            400.4509, 
            5169.446, 
            7529.002, 
            5095.0316, 
            29812.953, 
            15294.9727, 
            21.2249, 
            3513.372, 
            48.0552, 
            24895.0755, 
            29273.2306, 
            337.0843, 
            2133.0095, 
            15877.7664, 
            17339.5003, 
            81743.7721, 
            14535.7976, 
            16257.5361, 
            28468.9669, 
            7753.2956, 
            34938.2658, 
            10312.1064, 
            13526.8076, 
            3327.6685, 
            12897.9746, 
            2426.7202, 
            20818.1882, 
            45848.9494, 
            15276.2405, 
            9603.4778, 
            4454.8961, 
            14772.9711, 
            29371.677, 
            14130.9122, 
            16731.7493, 
            12230.2593, 
            4436.8441, 
            18196.4788, 
            432.9345, 
            1139.6307, 
            17745.6851, 
            21130.7546, 
            3513.372, 
            15704.8404, 
            12590.7398, 
            33284.359, 
            15150.4459, 
            59863.1341, 
            6849.2952, 
            20488.7221, 
            3991.7466, 
            47575.6663, 
            14928.3553, 
            30544.0565, 
            1803.7132, 
            16554.3081, 
            16551.8155, 
            18107.9289, 
            6564.0575, 
            33351.535, 
            9224.191, 
            5979.9, 
            22.081, 
            25994.4687, 
            4437.981, 
            40023.7288, 
            5333.0856, 
            14582.3917, 
            25117.4095, 
            12976.2937, 
            5045.1106, 
            15683.4819, 
            47737.7283, 
            4811.7273, 
            13248.858, 
            42422.0306, 
            16705.069, 
            19560.7095, 
            16304.4297, 
            10960.9404, 
            2110.1841, 
            6273.8999, 
            31612.8954, 
            13868.561, 
            71360.0796, 
            45995.3528, 
            28663.2448, 
            5533.1777, 
            5499.1937, 
            1370.6601, 
            8135.48, 
            28120.4614, 
            16863.2445, 
            47663.4592, 
            71264.7792, 
            17284.6612, 
            7006.4635, 
            30493.0762, 
            2177.5128, 
            6273.8999, 
            5509.8812, 
            5965.2403, 
            15150.5218, 
            34416.5145, 
            12737.7201, 
            43682.5414, 
            30478.6225, 
            2103.4081, 
            5486.9511, 
            25919.9405, 
            10449.1298
        ], 
        "x": [
            4984.71, 
            64567.4, 
            14320.77, 
            8091.5, 
            6135.79, 
            28257.86, 
            8762.11, 
            30.0, 
            14966.1, 
            14039.31, 
            13367.92, 
            5210.2, 
            2995.8, 
            131.96, 
            5668.83, 
            13400.04, 
            34342.88, 
            17609.99, 
            120.97, 
            8326.97, 
            40416.41, 
            133203.15, 
            2080.5, 
            31502.44, 
            72713.31, 
            11245.52, 
            151528.19, 
            563.61, 
            5195.25, 
            19182.89, 
            12.23, 
            1040.0, 
            68160.44, 
            24.68, 
            20531.72, 
            14190.22, 
            75.42, 
            3739.97, 
            11127.71, 
            21859.54, 
            5382.54, 
            20754.09, 
            485.2, 
            17276.11, 
            1692.5, 
            1663.25, 
            963.48, 
            3211.13, 
            31268.96, 
            4073.08, 
            442.04, 
            2.96, 
            1464.31, 
            434.94, 
            10299.35, 
            80750.92, 
            25853.28, 
            7078.94, 
            1302.76, 
            14527.18, 
            39583.11, 
            12531.77, 
            25322.64, 
            4.75, 
            488.44, 
            1036.93, 
            107949.41, 
            13929.14, 
            1805.75, 
            6066.4, 
            18106.8, 
            6935.92, 
            105190.73, 
            7805.36, 
            19113.88, 
            2337.17, 
            1157.51, 
            9708.03, 
            4285.88, 
            4323.63, 
            15518.45, 
            48954.3, 
            2591.17, 
            19184.3, 
            4931.28, 
            973.61, 
            23828.6, 
            22050.68, 
            9985.9, 
            88576.84, 
            512.4, 
            35062.03, 
            19149.93, 
            46701.89, 
            1.16, 
            15035.48, 
            14247.22, 
            7585.0, 
            239.07, 
            2939.27, 
            493.43, 
            9691.06, 
            756.36, 
            423.32, 
            10731.94, 
            18424.15, 
            228.8, 
            19724.52, 
            2116.57, 
            135.45, 
            84354.39, 
            5952.0, 
            1338.35, 
            66560.81, 
            1771.21, 
            8370.07, 
            6450.0, 
            2046.46, 
            23264.15, 
            1569.33, 
            26624.54, 
            22851.74, 
            29806.04, 
            12220.43, 
            44936.47, 
            37318.46, 
            30048.55, 
            45.84, 
            27774.81, 
            2244.0, 
            28485.69, 
            435.97, 
            28592.46, 
            15789.86, 
            19.97, 
            329.33, 
            1188.64, 
            20136.4, 
            7097.16, 
            6970.52, 
            6732.66, 
            2843.2, 
            4100.1, 
            40615.52, 
            6681.82, 
            37897.15, 
            32356.86, 
            945.27, 
            443.0, 
            10343.97, 
            10724.05, 
            598.4, 
            45080.41, 
            31387.42, 
            2273.0, 
            4618.66, 
            8421.15, 
            11073.84, 
            11779.96, 
            4456.35, 
            74596.22, 
            129239.0, 
            18799.58, 
            18822.89, 
            4044.67, 
            15027.03, 
            1873.21, 
            10544.84, 
            1822.0, 
            20180.78, 
            1261.1, 
            17543.48, 
            6668.51, 
            10530.25, 
            22861.29, 
            5082.46, 
            7005.63, 
            28736.35, 
            93623.38, 
            6129.98, 
            9463.84, 
            28564.23, 
            9535.11, 
            26568.4, 
            3019.23, 
            11832.54, 
            9.97, 
            24940.66, 
            39207.22, 
            32452.62, 
            13134.64, 
            2939.88, 
            13698.33, 
            41215.75, 
            7878.68, 
            57335.39, 
            13797.81, 
            49334.77, 
            22442.6, 
            6379.84, 
            10433.0, 
            325.6, 
            1836.75, 
            2505.0, 
            57258.38, 
            20427.06, 
            1829.14, 
            13593.44, 
            6564.91, 
            4293.23, 
            19026.29, 
            4767.98, 
            19634.21, 
            32869.51, 
            13525.49, 
            4476.58, 
            64420.3, 
            277.61, 
            1617.0, 
            6559.82, 
            24910.43, 
            2250.5, 
            255.2, 
            3535.75, 
            46698.44, 
            15571.82, 
            42588.7, 
            12147.46, 
            108.16, 
            2036.0, 
            17328.65, 
            1762.22, 
            2163.74, 
            53417.43, 
            23512.83, 
            1400.24, 
            2294.5, 
            1742.88, 
            9089.3, 
            23590.92, 
            885.9, 
            12993.61, 
            5.0, 
            10672.32, 
            20795.31, 
            47984.81, 
            5850.86, 
            228.8, 
            63515.23, 
            15568.25, 
            14.0, 
            54926.4, 
            1812.88, 
            2715.31, 
            14956.95, 
            9966.3, 
            62491.87, 
            3462.36, 
            51.5, 
            33957.4, 
            5272.58, 
            6542.48, 
            981.0, 
            5849.29, 
            33037.46, 
            29310.49, 
            1768.33, 
            39708.91, 
            6269.69, 
            5626.25, 
            38959.51, 
            4645.36, 
            14749.63, 
            3283.7, 
            1470.98, 
            49148.44, 
            1928.07, 
            32315.34, 
            1847.0, 
            633.28, 
            722.87, 
            26609.56, 
            2547.8, 
            22406.02, 
            61699.51, 
            43663.38, 
            73717.92, 
            38.28, 
            11865.53, 
            8253.37, 
            36039.0, 
            14217.95, 
            2631.84, 
            4479.91, 
            6622.8, 
            2669.67, 
            32778.81, 
            12406.93, 
            33128.26, 
            4997.5, 
            1058.88, 
            13425.54, 
            5025.01, 
            2781.64, 
            18101.86, 
            1838.52, 
            33080.01, 
            -11.0, 
            1675.33, 
            4004.72, 
            4.31, 
            1481.68, 
            14374.65, 
            6662.63, 
            1108.57, 
            2839.91, 
            525.0, 
            929.65, 
            4003.33, 
            5509.01, 
            417.86, 
            18929.62, 
            77394.09, 
            8379.78, 
            11107.98, 
            15852.18, 
            67.66, 
            867.67, 
            1078.38, 
            9889.59, 
            17475.82, 
            763.01, 
            6497.19, 
            18572.11, 
            3651.83, 
            11341.89, 
            17899.2, 
            12751.17, 
            2656.8, 
            307.11, 
            25795.25, 
            13173.17, 
            35513.61, 
            4590.69, 
            17.48, 
            6602.94, 
            921.15, 
            20487.67, 
            25869.33, 
            57557.79, 
            7043.42, 
            1363.31, 
            619.98, 
            49841.21, 
            180.94, 
            7272.16, 
            2809.82, 
            4642.53, 
            20448.16, 
            11802.74, 
            39054.94, 
            3418.22, 
            6152.0, 
            14.88, 
            2159.26, 
            3057.38, 
            21320.93, 
            2018.09, 
            47744.73, 
            58591.45, 
            53816.53, 
            1770.5, 
            2717.78, 
            186.06, 
            3723.61, 
            14832.84, 
            2046.8, 
            11.85, 
            110336.99, 
            26413.7, 
            67876.0, 
            7120.92, 
            44423.1, 
            36661.79, 
            4594.86, 
            8875.03, 
            1164.86, 
            17.0, 
            39498.1, 
            6899.87, 
            19821.42, 
            1008.21, 
            44319.15, 
            18700.41, 
            2443.39, 
            15.92, 
            104928.44, 
            39010.51, 
            65304.08, 
            46731.45, 
            14594.77, 
            69014.84, 
            30070.3, 
            10915.76, 
            7424.54, 
            24818.54, 
            16738.41, 
            3396.32, 
            62667.49, 
            25.41, 
            24409.38, 
            2947.0, 
            2304.48, 
            12080.85, 
            10952.19, 
            6376.99, 
            321.15, 
            34124.65, 
            291.59, 
            20182.45, 
            6593.18, 
            56603.45, 
            15849.7, 
            7861.34, 
            9480.63, 
            20783.04, 
            119.15, 
            1584.5, 
            967.0, 
            6387.3, 
            3981.55, 
            71578.63, 
            32557.74, 
            4923.61, 
            10552.91, 
            84.76, 
            4895.68, 
            26298.53, 
            35458.6, 
            5285.22, 
            2997.47, 
            0.99, 
            4835.23, 
            4758.38, 
            61095.98, 
            6699.08, 
            243.38, 
            1628.7, 
            17980.13, 
            2029.91, 
            13937.04, 
            13700.82, 
            55306.07, 
            13315.24, 
            77.0, 
            22747.14, 
            28229.99, 
            420.6, 
            2079.39, 
            53915.97, 
            7579.99, 
            2015.0, 
            24132.0, 
            5076.31, 
            2464.0, 
            21952.15, 
            4379.96, 
            30.92, 
            2880.08, 
            29614.58, 
            99826.62, 
            11001.47, 
            5.88, 
            27285.1, 
            45630.2, 
            4261.9, 
            4574.87, 
            6253.9, 
            4065.1, 
            1229.72, 
            26101.87, 
            1992.43, 
            23405.05, 
            869.17, 
            16278.61, 
            56.3, 
            12304.52, 
            12016.81, 
            26895.32, 
            1853.52, 
            0.0, 
            6425.5, 
            19664.0, 
            870.96, 
            3674.24, 
            25090.81, 
            96762.36, 
            1876.41, 
            9893.94, 
            48319.84, 
            3275.62, 
            15132.04, 
            31696.46, 
            1896.86, 
            6675.26, 
            19857.4, 
            7522.25, 
            10629.42, 
            62690.21, 
            180525.39, 
            5321.87, 
            1025.65, 
            44.0, 
            117.87, 
            7165.43, 
            11265.59, 
            29087.29, 
            26218.18, 
            791.96, 
            -3.0, 
            43407.76, 
            1525.26, 
            15653.7, 
            88.0, 
            5.96, 
            1537.24, 
            19018.37, 
            225.3, 
            1443.33, 
            68.31, 
            28949.91, 
            19749.69, 
            8413.06, 
            4889.82, 
            6049.72, 
            37597.63, 
            133.21, 
            1148.89, 
            36233.57, 
            425.76, 
            43150.07, 
            21621.87, 
            1.0, 
            21964.67, 
            6489.41, 
            18766.07, 
            25605.8, 
            6396.99, 
            40508.86, 
            1607.14, 
            2303.6, 
            11648.68, 
            7463.18, 
            20379.06, 
            5806.38, 
            68632.14, 
            4372.94, 
            25078.91, 
            4498.72, 
            0.0, 
            1177.0, 
            266.1, 
            17782.27, 
            2545.75, 
            31302.01, 
            64898.75, 
            11775.23, 
            1046.0, 
            53774.57, 
            1001.14, 
            50702.24, 
            346.69, 
            212.52, 
            4413.44, 
            658.0, 
            1742.94, 
            8510.25, 
            104.93, 
            417.54, 
            3316.54, 
            26491.72, 
            7399.8, 
            36735.22, 
            22487.64, 
            2105.28, 
            17500.03, 
            5361.88, 
            5270.18, 
            10268.49, 
            -23.88, 
            3173.0, 
            9604.17, 
            13133.15, 
            42400.06, 
            5861.12, 
            618.02, 
            40539.75, 
            30245.42, 
            14674.37, 
            35767.23, 
            6020.15, 
            603.8, 
            492.7, 
            67132.23, 
            10960.83, 
            1397.21, 
            66426.73, 
            4180.03, 
            13801.67, 
            775.0, 
            30177.79, 
            6710.95, 
            2708.44, 
            3796.47, 
            467.58, 
            338.24, 
            43165.41, 
            21424.32, 
            43116.86, 
            20205.61, 
            14111.05, 
            9341.2, 
            2156.76, 
            9205.9, 
            16243.47, 
            3140.4, 
            10975.11, 
            70136.47, 
            325.93, 
            20353.69, 
            585.23, 
            1058.4, 
            23922.06, 
            35025.96, 
            597.56, 
            16366.93, 
            100.0, 
            15117.24, 
            2300.64, 
            4895.75, 
            596.38, 
            16545.87, 
            15368.75, 
            18383.11, 
            22277.51, 
            8533.28, 
            8428.7, 
            35553.67, 
            7161.12, 
            15725.66, 
            14101.97, 
            65436.2, 
            2974.29, 
            1880.85, 
            2366.3, 
            21749.38, 
            55129.27, 
            5804.77, 
            31282.09, 
            22907.81, 
            91402.2, 
            4911.07, 
            4127.0, 
            16556.95, 
            20380.96, 
            113103.31, 
            7211.21, 
            2484.8, 
            13172.48, 
            2234.67, 
            16793.85, 
            17558.11, 
            1832.48, 
            626.1, 
            22979.36, 
            8183.47, 
            5.97, 
            15449.36, 
            34520.78, 
            37269.92, 
            18076.54, 
            383.46, 
            2802.05, 
            21388.52, 
            6380.6, 
            7637.94, 
            552.39, 
            6646.39, 
            49516.57, 
            18776.08, 
            3123.0, 
            8139.22, 
            26.28, 
            7182.23, 
            6748.14, 
            211.0, 
            1444.18, 
            84.0, 
            532.28, 
            42289.67, 
            39107.64, 
            703.05, 
            6206.78, 
            13055.04, 
            6995.95, 
            13.87, 
            3475.24, 
            16083.0, 
            2392.31, 
            15068.78, 
            1643.21, 
            30328.88, 
            14982.78, 
            378.0, 
            14062.3, 
            2222.43, 
            179.44, 
            22474.72, 
            24.97, 
            20216.45, 
            7221.49, 
            4362.92, 
            20959.26, 
            32831.72, 
            2534.31, 
            9274.29, 
            20134.33, 
            5637.92, 
            25.92, 
            15849.24, 
            7048.78, 
            3350.61, 
            3026.76, 
            239.22, 
            11199.12, 
            20.5, 
            41123.6, 
            6616.09, 
            25763.5, 
            10211.38, 
            14356.79, 
            114.99, 
            2572.95, 
            5236.4, 
            8344.06, 
            313933.22, 
            343.2, 
            4811.92, 
            21333.81, 
            25324.87, 
            4071.66, 
            29209.55, 
            7132.1, 
            31563.4, 
            5254.63, 
            3914.03, 
            440.0, 
            10201.14, 
            1649.31, 
            2657.87, 
            14423.45, 
            572.0, 
            15536.99, 
            5944.21, 
            34.1, 
            29663.42, 
            23580.6, 
            60.92, 
            47687.94, 
            -41.42, 
            65303.33, 
            3594.03, 
            4706.57, 
            14166.62, 
            15663.08, 
            535.26, 
            4541.46, 
            25255.39, 
            5683.16, 
            2294.72, 
            1388.72, 
            13393.43, 
            737.07, 
            6064.18, 
            3031.8, 
            17510.93, 
            510.4, 
            5140.31, 
            555.22, 
            44426.23, 
            12835.06, 
            8053.04, 
            5.0, 
            2975.0, 
            4983.32, 
            47874.24, 
            1177.43, 
            16772.48, 
            4344.97, 
            8340.32, 
            6229.6, 
            38377.26, 
            168.35, 
            15836.72, 
            12022.08, 
            2790.45, 
            807.4, 
            28997.94, 
            4313.76, 
            2443.34, 
            74689.88, 
            3601.15, 
            5340.45, 
            1002.61, 
            1538.92, 
            98.0, 
            59227.62, 
            5350.88, 
            13262.09, 
            2982.27, 
            19376.52, 
            4480.24, 
            9520.5, 
            6859.76, 
            2369.49, 
            15953.8, 
            22178.74, 
            8646.0, 
            5842.0, 
            28555.95, 
            56411.57, 
            86359.38, 
            4078.23, 
            19909.02, 
            15.58, 
            3649.26, 
            33718.94, 
            5271.21, 
            873.79, 
            33395.14, 
            50584.3, 
            3622.6, 
            2359.05, 
            125799.12, 
            9486.99, 
            47450.5, 
            10291.21, 
            7011.91, 
            74189.67, 
            20464.16, 
            22653.3, 
            440.91, 
            6017.76, 
            7078.98, 
            9233.51, 
            48853.31, 
            32824.6, 
            23017.5, 
            11778.88, 
            5037.14, 
            52762.67, 
            3535.44, 
            54657.52, 
            12412.4, 
            2775.0, 
            9137.28, 
            6299.92, 
            21891.59, 
            8505.84, 
            611.01, 
            9132.77, 
            1510.72, 
            4347.27, 
            8558.33, 
            142.92, 
            12716.23, 
            14945.37, 
            4505.88, 
            6647.92, 
            59676.93, 
            32264.68, 
            26.76, 
            15960.95, 
            10532.81, 
            18015.22, 
            1805.06, 
            40628.81, 
            84.8, 
            37.2, 
            1521.5, 
            5845.94, 
            4375.87, 
            32226.38, 
            12198.0, 
            11.97, 
            1096.34, 
            38.88, 
            22390.88, 
            20795.49, 
            238.99, 
            11.96, 
            1352.56, 
            40787.97, 
            81824.27, 
            14195.71, 
            15859.15, 
            58744.52, 
            6992.91, 
            35740.12, 
            7533.69, 
            13010.71, 
            2755.56, 
            2072.73, 
            4380.01, 
            9664.97, 
            10841.51, 
            30733.1, 
            18597.38, 
            4842.72, 
            15279.31, 
            55156.09, 
            13222.75, 
            10497.99, 
            22820.28, 
            10609.43, 
            73.76, 
            259.45, 
            633.0, 
            27281.5, 
            4721.8, 
            1804.82, 
            8790.0, 
            5.0, 
            35656.23, 
            1960.05, 
            46254.43, 
            68.48, 
            169.0, 
            1947.34, 
            3133.41, 
            499.31, 
            40601.83, 
            9.24, 
            12973.35, 
            19508.97, 
            14266.25, 
            63.83, 
            6974.1, 
            68.31, 
            11526.17, 
            5.0, 
            1311.14, 
            6207.42, 
            30131.23, 
            2984.47, 
            2729.36, 
            18109.06, 
            1068.78, 
            2496.79, 
            12399.53, 
            66648.26, 
            6.6, 
            20873.75, 
            53523.39, 
            38754.25, 
            6372.31, 
            66.37, 
            9326.62, 
            4459.66, 
            8067.25, 
            46288.35, 
            1499.42, 
            162736.18, 
            59605.62, 
            12600.72, 
            3076.72, 
            4560.3, 
            2087.69, 
            5758.17, 
            48572.11, 
            448.73, 
            23233.34, 
            99233.97, 
            4440.65, 
            7612.63, 
            11295.21, 
            1474.81, 
            9929.72, 
            273.12, 
            5623.76, 
            4903.66, 
            36673.31, 
            5.0, 
            61275.27, 
            10642.62, 
            4.48, 
            5183.8, 
            21194.33, 
            5860.24
        ]
    }, 
    "processed_feature_names": [
        "CPI", 
        "Dept", 
        "Fuel_Price", 
        "MarkDown1", 
        "MarkDown2", 
        "MarkDown3", 
        "MarkDown4", 
        "MarkDown5", 
        "Size", 
        "Temperature", 
        "Unemployment", 
        "dummy:IsHoliday:FALSE", 
        "dummy:IsHoliday:TRUE", 
        "dummy:IsHoliday:N/A", 
        "dummy:IsHoliday:__Others__", 
        "dummy:Date:2010-12-10", 
        "dummy:Date:2012-04-20", 
        "dummy:Date:2012-10-26", 
        "dummy:Date:2012-08-10", 
        "dummy:Date:2012-02-10", 
        "dummy:Date:2011-11-25", 
        "dummy:Date:2011-12-16", 
        "dummy:Date:2011-12-02", 
        "dummy:Date:2012-05-11", 
        "dummy:Date:2012-04-13", 
        "dummy:Date:2012-02-17", 
        "dummy:Date:2011-12-09", 
        "dummy:Date:2011-04-29", 
        "dummy:Date:2010-03-12", 
        "dummy:Date:2011-03-25", 
        "dummy:Date:2011-12-23", 
        "dummy:Date:2012-06-08", 
        "dummy:Date:2011-03-04", 
        "dummy:Date:2012-08-31", 
        "dummy:Date:2010-12-24", 
        "dummy:Date:2011-06-10", 
        "dummy:Date:2012-06-01", 
        "dummy:Date:2012-01-27", 
        "dummy:Date:2011-03-18", 
        "dummy:Date:2010-10-08", 
        "dummy:Date:2012-08-24", 
        "dummy:Date:2010-02-19", 
        "dummy:Date:2010-12-17", 
        "dummy:Date:2012-09-14", 
        "dummy:Date:2012-05-18", 
        "dummy:Date:2011-04-15", 
        "dummy:Date:2011-10-07", 
        "dummy:Date:2011-12-30", 
        "dummy:Date:2012-01-13", 
        "dummy:Date:2012-07-13", 
        "dummy:Date:2010-07-16", 
        "dummy:Date:2010-05-21", 
        "dummy:Date:2010-03-19", 
        "dummy:Date:2011-04-01", 
        "dummy:Date:2010-02-12", 
        "dummy:Date:2010-09-17", 
        "dummy:Date:2010-09-10", 
        "dummy:Date:2011-08-05", 
        "dummy:Date:2010-11-12", 
        "dummy:Date:2012-03-16", 
        "dummy:Date:2010-11-05", 
        "dummy:Date:2012-01-06", 
        "dummy:Date:2011-05-27", 
        "dummy:Date:2012-10-12", 
        "dummy:Date:2012-09-21", 
        "dummy:Date:2012-08-03", 
        "dummy:Date:2010-07-30", 
        "dummy:Date:2010-09-24", 
        "dummy:Date:2010-05-28", 
        "dummy:Date:2011-08-19", 
        "dummy:Date:2010-02-26", 
        "dummy:Date:2011-11-04", 
        "dummy:Date:2010-06-25", 
        "dummy:Date:2011-11-11", 
        "dummy:Date:2011-04-22", 
        "dummy:Date:2010-04-09", 
        "dummy:Date:2011-09-02", 
        "dummy:Date:2012-04-06", 
        "dummy:Date:2010-06-18", 
        "dummy:Date:2012-07-20", 
        "dummy:Date:2010-04-02", 
        "dummy:Date:2010-10-01", 
        "dummy:Date:2012-01-20", 
        "dummy:Date:2010-04-30", 
        "dummy:Date:2010-10-15", 
        "dummy:Date:2012-04-27", 
        "dummy:Date:2012-03-02", 
        "dummy:Date:2011-07-29", 
        "dummy:Date:2011-10-28", 
        "dummy:Date:2011-10-14", 
        "dummy:Date:2012-02-24", 
        "dummy:Date:2012-05-25", 
        "dummy:Date:2011-02-11", 
        "dummy:Date:2011-10-21", 
        "dummy:Date:2010-08-06", 
        "dummy:Date:2010-10-22", 
        "dummy:Date:2011-08-26", 
        "dummy:Date:2012-02-03", 
        "dummy:Date:2010-07-09", 
        "dummy:Date:2010-02-05", 
        "dummy:Date:2011-01-21", 
        "dummy:Date:2012-03-09", 
        "dummy:Date:2012-03-30", 
        "dummy:Date:2011-04-08", 
        "dummy:Date:2010-12-31", 
        "dummy:Date:2012-03-23", 
        "dummy:Date:2011-02-18", 
        "dummy:Date:2011-06-03", 
        "dummy:Date:2011-09-16", 
        "dummy:Date:2011-09-30", 
        "dummy:Date:2010-10-29", 
        "dummy:Date:2011-07-08", 
        "dummy:Date:2010-03-05", 
        "dummy:Date:2011-02-25", 
        "dummy:Date:2012-08-17", 
        "dummy:Date:2012-06-22", 
        "dummy:Date:N/A", 
        "dummy:Date:__Others__", 
        "dummy:Type:A", 
        "dummy:Type:B", 
        "dummy:Type:C", 
        "dummy:Type:N/A", 
        "dummy:Type:__Others__"
    ], 
    "regression_performance": {
        "max_error": 38721.603702951499, 
        "median_error": -362.6331627756422, 
        "error_distribution": [
            {
                "count": 2732, 
                "bin_max": -25361.993951664535, 
                "bin_id": 0, 
                "bin_min": -32553.597688460337
            }, 
            {
                "count": 2061, 
                "bin_max": -18241.594212262753, 
                "bin_id": 1, 
                "bin_min": -25361.993951664535
            }, 
            {
                "count": 4771, 
                "bin_max": -11121.194472860974, 
                "bin_id": 2, 
                "bin_min": -18241.594212262753
            }, 
            {
                "count": 10660, 
                "bin_max": -4000.7947334591918, 
                "bin_id": 3, 
                "bin_min": -11121.194472860974
            }, 
            {
                "count": 36572, 
                "bin_max": 3119.6050059425907, 
                "bin_id": 4, 
                "bin_min": -4000.7947334591918
            }, 
            {
                "count": 9629, 
                "bin_max": 10240.004745344369, 
                "bin_id": 5, 
                "bin_min": 3119.6050059425907
            }, 
            {
                "count": 3761, 
                "bin_max": 17360.404484746156, 
                "bin_id": 6, 
                "bin_min": 10240.004745344369
            }, 
            {
                "count": 1906, 
                "bin_max": 24480.804224147934, 
                "bin_id": 7, 
                "bin_min": 17360.404484746156
            }, 
            {
                "count": 1277, 
                "bin_max": 31601.203963549713, 
                "bin_id": 8, 
                "bin_min": 24480.804224147934
            }, 
            {
                "count": 2298, 
                "bin_max": 38721.603702951499, 
                "bin_id": 9, 
                "bin_min": 31601.203963549713
            }
        ], 
        "min_error": -32482.393691066318, 
        "average_error": -217.9082576928735, 
        "std_error": 12205.724520835018, 
        "p75_error": 3105.7692799389843, 
        "p90_error": 13003.47876926206, 
        "p25_error": -4524.7497115060305
    }
}