{
  "state": "DONE",
  "preSearchDescription": {
    "gridLength": 2,
    "importantParams": [
      {
        "name": "trees",
        "vals": [
          "100"
        ]
      },
      {
        "name": "depth",
        "vals": [
          "6",
          "14"
        ]
      },
      {
        "name": "min_samples",
        "vals": [
          "10"
        ]
      }
    ]
  },
  "postSearchDescription": {
    "importantParams": [
      {
        "name": "trees",
        "val": "100"
      },
      {
        "name": "depth",
        "val": "14"
      },
      {
        "name": "min_samples",
        "val": "10"
      }
    ]
  },
  "modelId": "m1",
  "progress": {
    "top_level_todo": [],
    "stack": [],
    "top_level_done": [
      {
        "name": "Loading train set",
        "time": 683
      },
      {
        "name": "Loading test set",
        "time": 186
      },
      {
        "name": "Collecting statistics",
        "time": 437
      },
      {
        "name": "Preprocessing train set",
        "time": 893
      },
      {
        "name": "Preprocessing test set",
        "time": 271
      },
      {
        "name": "Grid searching",
        "time": 1294651
      },
      {
        "name": "Fitting model",
        "time": 577828
      },
      {
        "name": "Saving model",
        "time": 45
      },
      {
        "name": "Scoring model",
        "time": 26525
      }
    ]
  },
  "startTime": 1525698116536,
  "endTime": 1525700018062,
  "preprocessingTime": 2474,
  "trainingTime": 1899052
}