{"clusters": [{"facts": [{"category_value": "Iris-setosa", "current_impact": 0.81981981981981977, "feature_label": "Species", "global_ratio": 0.33333333333333331, "cluster_label": "cluster_0", "diff": -2.0000000000000004, "current_ratio": 1.0, "type": "categorical"}, {"std": 0.2703801270534007, "global_mean": 3.0540000000000007, "feature_label": "SepalWidthCm", "global_std": 0.4335943113621737, "cluster_label": "cluster_0", "diff": 1.4471626242286102, "type": "numerical", "mean": 3.681481481481481}, {"std": 0.17614096918559585, "global_mean": 3.7586666666666693, "feature_label": "PetalLengthCm", "global_std": 1.7644204199522617, "cluster_label": "cluster_0", "diff": -1.292712815549144, "type": "numerical", "mean": 1.4777777777777776}], "cluster": "cluster_0", "size": 27}, {"facts": [{"category_value": "Iris-versicolor", "current_impact": 0.88888888888888895, "feature_label": "Species", "global_ratio": 0.33333333333333331, "cluster_label": "cluster_1", "diff": -2.0000000000000004, "current_ratio": 1.0, "type": "categorical"}, {"std": 0.0, "global_mean": 2.0, "feature_label": "Species_copy", "global_std": 0.8192319205190405, "cluster_label": "cluster_1", "diff": 1.2206555615733703, "type": "numerical", "mean": 3.0}, {"std": 0.3137983233784114, "global_mean": 3.0540000000000007, "feature_label": "SepalWidthCm", "global_std": 0.4335943113621737, "cluster_label": "cluster_1", "diff": -0.6549901429928587, "type": "numerical", "mean": 2.7700000000000005}], "cluster": "cluster_1", "size": 50}, {"facts": [{"category_value": "Iris-virginica", "current_impact": 0.7979797979797979, "feature_label": "Species", "global_ratio": 0.33333333333333331, "cluster_label": "cluster_2", "diff": -2.0000000000000004, "current_ratio": 1.0, "type": "categorical"}, {"std": 0.21923330291431403, "global_mean": 1.1986666666666672, "feature_label": "PetalWidthCm", "global_std": 0.7631607417008414, "cluster_label": "cluster_2", "diff": 0.8563166455868158, "type": "numerical", "mean": 1.852173913043478}, {"std": 0.3319602814471906, "global_mean": 3.7586666666666693, "feature_label": "PetalLengthCm", "global_std": 1.7644204199522617, "cluster_label": "cluster_2", "diff": 0.8021026966180094, "type": "numerical", "mean": 5.173913043478259}], "cluster": "cluster_2", "size": 23}, {"facts": [{"category_value": "Iris-setosa", "current_impact": 0.7979797979797979, "feature_label": "Species", "global_ratio": 0.33333333333333331, "cluster_label": "cluster_3", "diff": -2.0000000000000004, "current_ratio": 1.0, "type": "categorical"}, {"std": 0.22484074293551523, "global_mean": 5.843333333333335, "feature_label": "SepalLengthCm", "global_std": 0.8280661279778629, "cluster_label": "cluster_3", "diff": -1.3387224609038928, "type": "numerical", "mean": 4.734782608695652}, {"std": 0.17286243931201822, "global_mean": 3.7586666666666693, "feature_label": "PetalLengthCm", "global_std": 1.7644204199522617, "cluster_label": "cluster_3", "diff": -1.3096881863182412, "type": "numerical", "mean": 1.4478260869565218}], "cluster": "cluster_3", "size": 23}, {"facts": [{"category_value": "Iris-virginica", "current_impact": 0.81981981981981977, "feature_label": "Species", "global_ratio": 0.33333333333333331, "cluster_label": "cluster_4", "diff": -2.0000000000000004, "current_ratio": 1.0, "type": "categorical"}, {"std": 0.4984591642868435, "global_mean": 5.843333333333335, "feature_label": "SepalLengthCm", "global_std": 0.8280661279778629, "cluster_label": "cluster_4", "diff": 1.396828861351019, "type": "numerical", "mean": 7.0}, {"std": 0.2280225909735743, "global_mean": 1.1986666666666672, "feature_label": "PetalWidthCm", "global_std": 0.7631607417008414, "cluster_label": "cluster_4", "diff": 1.2781152830706872, "type": "numerical", "mean": 2.1740740740740736}], "cluster": "cluster_4", "size": 27}], "global": {"facts": [{"category_value": "Iris-virginica", "current_impact": 0.7979797979797979, "feature_label": "Species", "global_ratio": 0.33333333333333331, "cluster_label": "cluster_2", "diff": -2.0000000000000004, "current_ratio": 1.0, "type": "categorical"}, {"category_value": "Iris-virginica", "current_impact": 0.81981981981981977, "feature_label": "Species", "global_ratio": 0.33333333333333331, "cluster_label": "cluster_4", "diff": -2.0000000000000004, "current_ratio": 1.0, "type": "categorical"}, {"category_value": "Iris-setosa", "current_impact": 0.81981981981981977, "feature_label": "Species", "global_ratio": 0.33333333333333331, "cluster_label": "cluster_0", "diff": -2.0000000000000004, "current_ratio": 1.0, "type": "categorical"}, {"category_value": "Iris-setosa", "current_impact": 0.7979797979797979, "feature_label": "Species", "global_ratio": 0.33333333333333331, "cluster_label": "cluster_3", "diff": -2.0000000000000004, "current_ratio": 1.0, "type": "categorical"}, {"category_value": "Iris-versicolor", "current_impact": 0.88888888888888895, "feature_label": "Species", "global_ratio": 0.33333333333333331, "cluster_label": "cluster_1", "diff": -2.0000000000000004, "current_ratio": 1.0, "type": "categorical"}, {"std": 0.2703801270534007, "global_mean": 3.0540000000000007, "feature_label": "SepalWidthCm", "global_std": 0.4335943113621737, "cluster_label": "cluster_0", "diff": 1.4471626242286102, "type": "numerical", "mean": 3.681481481481481}, {"std": 0.4984591642868435, "global_mean": 5.843333333333335, "feature_label": "SepalLengthCm", "global_std": 0.8280661279778629, "cluster_label": "cluster_4", "diff": 1.396828861351019, "type": "numerical", "mean": 7.0}, {"std": 0.22484074293551523, "global_mean": 5.843333333333335, "feature_label": "SepalLengthCm", "global_std": 0.8280661279778629, "cluster_label": "cluster_3", "diff": -1.3387224609038928, "type": "numerical", "mean": 4.734782608695652}, {"std": 0.17286243931201822, "global_mean": 3.7586666666666693, "feature_label": "PetalLengthCm", "global_std": 1.7644204199522617, "cluster_label": "cluster_3", "diff": -1.3096881863182412, "type": "numerical", "mean": 1.4478260869565218}, {"std": 0.08779242496606937, "global_mean": 1.1986666666666672, "feature_label": "PetalWidthCm", "global_std": 0.7631607417008414, "cluster_label": "cluster_3", "diff": -1.30289568926684, "type": "numerical", "mean": 0.20434782608695662}], "size": 150}}