{
  "pages": [
    {
      "id": "A2jRNST",
      "grid": {
        "tiles": [
          {
            "tileType": "INSIGHT",
            "box": {
              "top": 0,
              "left": 0,
              "width": 4,
              "height": 3
            },
            "clickAction": "OPEN_INSIGHT",
            "tileParams": {
              "showXAxis": true,
              "showYAxis": false,
              "showLegend": true,
              "showTooltips": false
            },
            "autoLoad": true,
            "showTitle": "YES",
            "title": "Satisfaction level by Department",
            "insightId": "BvuNv46",
            "insightType": "chart",
            "displayMode": "INSIGHT",
            "resizeImage": false
          },
          {
            "tileType": "INSIGHT",
            "box": {
              "top": 0,
              "left": 4,
              "width": 3,
              "height": 3
            },
            "clickAction": "OPEN_INSIGHT",
            "tileParams": {
              "showXAxis": true,
              "showYAxis": true,
              "showLegend": true,
              "showTooltips": false
            },
            "autoLoad": true,
            "showTitle": "YES",
            "title": "Average of people leaving related to number of projects and satisfaction level",
            "insightId": "T0bP550",
            "insightType": "chart",
            "displayMode": "INSIGHT",
            "resizeImage": false
          },
          {
            "tileType": "INSIGHT",
            "box": {
              "top": 3,
              "left": 7,
              "width": 5,
              "height": 3
            },
            "clickAction": "OPEN_INSIGHT",
            "tileParams": {
              "showXAxis": true,
              "showYAxis": true,
              "showLegend": true,
              "showTooltips": false
            },
            "autoLoad": true,
            "showTitle": "YES",
            "title": "Relation between people leaving and having an accident",
            "insightId": "HzO3Ca2",
            "insightType": "chart",
            "displayMode": "INSIGHT",
            "resizeImage": false
          },
          {
            "tileType": "INSIGHT",
            "box": {
              "top": 0,
              "left": 7,
              "width": 5,
              "height": 3
            },
            "clickAction": "OPEN_INSIGHT",
            "tileParams": {
              "showXAxis": true,
              "showYAxis": true,
              "showLegend": true,
              "showTooltips": false
            },
            "autoLoad": true,
            "showTitle": "YES",
            "title": "Average of people leaving related to salary",
            "insightId": "aaWOmm3",
            "insightType": "chart",
            "displayMode": "INSIGHT",
            "resizeImage": false
          },
          {
            "tileType": "TEXT",
            "box": {
              "top": 3,
              "left": 0,
              "width": 4,
              "height": 2
            },
            "clickAction": "DO_NOTHING",
            "tileParams": {
              "text": "Above chart shows us the average of people leaving by department.\n\nWe can see that the HR, accounting and technical departments have the highest averages.\n\nBut the changes in averages are not dramatic.",
              "textAlign": "CENTER",
              "isTransparent": false
            },
            "autoLoad": true,
            "showTitle": "NO",
            "displayMode": "INSIGHT",
            "resizeImage": false
          },
          {
            "tileType": "TEXT",
            "box": {
              "top": 3,
              "left": 4,
              "width": 3,
              "height": 2
            },
            "clickAction": "DO_NOTHING",
            "tileParams": {
              "text": "Above chart shows the correlation between the leaving average, satisfaction level on on side and the number of projects handled by employees on the other.\n\nIt is quite clear that there is a connection between the three where once the employee takes on 5 or more projects, his level of satisfaction dips and the probability of him leaving is much higher",
              "textAlign": "CENTER",
              "isTransparent": false
            },
            "autoLoad": true,
            "showTitle": "NO",
            "displayMode": "INSIGHT",
            "resizeImage": false
          }
        ]
      },
      "title": "First insight",
      "showTitle": true
    },
    {
      "id": "Y7Kiqgy",
      "grid": {
        "tiles": [
          {
            "tileType": "INSIGHT",
            "box": {
              "top": 0,
              "left": 0,
              "width": 6,
              "height": 5
            },
            "clickAction": "OPEN_INSIGHT",
            "tileParams": {
              "showXAxis": true,
              "showYAxis": true,
              "showLegend": true,
              "showTooltips": false
            },
            "autoLoad": true,
            "showTitle": "YES",
            "title": "Feature importance in Random Forest model",
            "insightId": "mXQjZrz",
            "insightType": "chart",
            "displayMode": "INSIGHT",
            "resizeImage": false
          },
          {
            "tileType": "INSIGHT",
            "box": {
              "top": 0,
              "left": 6,
              "width": 6,
              "height": 5
            },
            "clickAction": "OPEN_INSIGHT",
            "tileParams": {
              "showXAxis": true,
              "showYAxis": true,
              "showLegend": true,
              "showTooltips": false
            },
            "autoLoad": true,
            "showTitle": "YES",
            "title": "Feature importance in XGboost model",
            "insightId": "F3tXUzL",
            "insightType": "chart",
            "displayMode": "INSIGHT",
            "resizeImage": false
          },
          {
            "tileType": "TEXT",
            "box": {
              "top": 5,
              "left": 0,
              "width": 12,
              "height": 3
            },
            "clickAction": "DO_NOTHING",
            "tileParams": {
              "text": "We ran a model to predict the possibility of an employee leaving using two algorithms: \nRandom Forest and XGboost.\n\nThe top three features are:\n\n1 Satisfaction Level\n\n2 Monthly hours spent\n\n3 Number of projects\u0027",
              "textAlign": "CENTER",
              "isTransparent": false
            },
            "autoLoad": true,
            "showTitle": "NO",
            "displayMode": "INSIGHT",
            "resizeImage": false
          }
        ]
      },
      "title": "Models Analysis",
      "showTitle": true
    },
    {
      "id": "KEyjtgw",
      "grid": {
        "tiles": [
          {
            "tileType": "INSIGHT",
            "box": {
              "top": 0,
              "left": 0,
              "width": 6,
              "height": 4
            },
            "clickAction": "OPEN_INSIGHT",
            "tileParams": {
              "showXAxis": true,
              "showYAxis": true,
              "showLegend": true,
              "showTooltips": false
            },
            "autoLoad": true,
            "showTitle": "YES",
            "title": "Satisfaction Level relation to number of projects",
            "insightId": "nJY3bsQ",
            "insightType": "chart",
            "displayMode": "INSIGHT",
            "resizeImage": false
          },
          {
            "tileType": "INSIGHT",
            "box": {
              "top": 0,
              "left": 6,
              "width": 6,
              "height": 4
            },
            "clickAction": "OPEN_INSIGHT",
            "tileParams": {
              "showXAxis": true,
              "showYAxis": true,
              "showLegend": true,
              "showTooltips": false
            },
            "autoLoad": true,
            "showTitle": "YES",
            "title": "Last evaluation effect on satisfaction level",
            "insightId": "P8InzCp",
            "insightType": "chart",
            "displayMode": "INSIGHT",
            "resizeImage": false
          },
          {
            "tileType": "TEXT",
            "box": {
              "top": 4,
              "left": 0,
              "width": 6,
              "height": 2
            },
            "clickAction": "DO_NOTHING",
            "tileParams": {
              "text": "Above chart shows the relation between employee satisfaction and number of projects handled.\n\nIt is obvious that once the number of projects hits 5, the satisfaction falls down steeply",
              "textAlign": "CENTER",
              "isTransparent": false
            },
            "autoLoad": true,
            "showTitle": "NO",
            "borderColor": "#ff002e",
            "displayMode": "INSIGHT",
            "resizeImage": false
          },
          {
            "tileType": "TEXT",
            "box": {
              "top": 4,
              "left": 6,
              "width": 6,
              "height": 2
            },
            "clickAction": "DO_NOTHING",
            "tileParams": {
              "text": "Above chart shows the relation between employee satisfaction and employee last evaluation.\n\nIt is noticeable that all evaluations below 0.5 have a considerably lower satisfaction than everything above.",
              "textAlign": "CENTER",
              "isTransparent": false
            },
            "autoLoad": true,
            "showTitle": "NO",
            "borderColor": "#ff002e",
            "displayMode": "INSIGHT",
            "resizeImage": false
          },
          {
            "tileType": "INSIGHT",
            "box": {
              "top": 6,
              "left": 0,
              "width": 12,
              "height": 4
            },
            "clickAction": "OPEN_INSIGHT",
            "tileParams": {
              "showXAxis": true,
              "showYAxis": true,
              "showLegend": true,
              "showTooltips": false
            },
            "autoLoad": true,
            "showTitle": "YES",
            "insightId": "0hEs1Hy",
            "insightType": "chart",
            "displayMode": "INSIGHT",
            "resizeImage": false
          },
          {
            "tileType": "TEXT",
            "box": {
              "top": 10,
              "left": 0,
              "width": 12,
              "height": 2
            },
            "clickAction": "DO_NOTHING",
            "tileParams": {
              "text": "The above chart shows the relationship between leaving rate and satisfaction on one hand and the monthly number of hours spent by an employee.\n\nIt is quite clear that once the employee works more than 270 hour, the satisfaction rate drops and probability of leaving is higher.",
              "textAlign": "CENTER",
              "isTransparent": false
            },
            "autoLoad": true,
            "showTitle": "NO",
            "borderColor": "#ff002e",
            "displayMode": "INSIGHT",
            "resizeImage": false
          }
        ]
      },
      "title": "Satisfaction Level affection",
      "showTitle": true
    },
    {
      "id": "ybANOEi",
      "grid": {
        "tiles": [
          {
            "tileType": "TEXT",
            "box": {
              "top": 0,
              "left": 0,
              "width": 12,
              "height": 5
            },
            "clickAction": "DO_NOTHING",
            "tileParams": {
              "text": "Based on all the previous data and information we can make these recommendations to limit the number of employees leaving and increasing satisfaction:\n\n- limit the number of maximum projects per employee to 5\n\n- limit the max number of hours worked per month to 270.\n\n- Employees evaluated below 0.5 need to be reassessed to figure out the performance dip issue before the employee leaves",
              "textAlign": "LEFT",
              "isTransparent": false
            },
            "autoLoad": true,
            "showTitle": "NO",
            "title": "Recommendation",
            "displayMode": "INSIGHT",
            "resizeImage": false
          },
          {
            "tileType": "INSIGHT",
            "box": {
              "top": -1,
              "left": -1,
              "width": 4,
              "height": 5
            },
            "clickAction": "DO_NOTHING",
            "tileParams": {
              "showCode": false
            },
            "autoLoad": true,
            "showTitle": "YES",
            "insightId": "SOHhyp2",
            "insightType": "jupyter",
            "displayMode": "INSIGHT",
            "resizeImage": false
          }
        ]
      },
      "title": "Recommendations",
      "showTitle": true
    }
  ],
  "owner": "admin",
  "listed": true,
  "name": "Review Dashboard",
  "showGrid": true,
  "versionTag": {
    "versionNumber": 62,
    "lastModifiedBy": {
      "login": "admin"
    },
    "lastModifiedOn": 1493897055357
  },
  "creationTag": {
    "versionNumber": 0,
    "lastModifiedBy": {
      "login": "admin"
    },
    "lastModifiedOn": 1493409094728
  },
  "tags": [],
  "checklists": {
    "checklists": []
  }
}