{
    "metrics": {
        "pearson": 0.47041231850052811, 
        "r2": 0.22027046439337528, 
        "rmse": 1.2682454663325726, 
        "mape": 0.23579654111024223, 
        "mae": 0.77614676047370068, 
        "mse": 1.6084465628731246, 
        "evs": 0.22033490232267072, 
        "rmsle": 0.244507387962645
    }, 
    "scatterPlotData": {
        "y": [
            4.0985, 
            3.0055, 
            2.8988, 
            3.2554, 
            3.5042, 
            3.171, 
            2.7993, 
            3.6038, 
            3.392, 
            4.1015, 
            2.8949, 
            2.7362, 
            5.1085, 
            2.9483, 
            3.1345, 
            3.0832, 
            2.9941, 
            3.1198, 
            4.006, 
            4.0932, 
            4.0203, 
            3.096, 
            3.101, 
            2.8588, 
            2.9851, 
            4.0092, 
            3.0218, 
            3.1084, 
            4.8611, 
            3.2637, 
            3.1489, 
            2.9423, 
            3.2198, 
            4.8383, 
            3.994, 
            2.1451, 
            2.9494, 
            3.0221, 
            2.8193, 
            3.1254, 
            3.1504, 
            3.0113, 
            3.1629, 
            3.2132, 
            2.8466, 
            3.7356, 
            3.0138, 
            3.0501, 
            2.783, 
            4.0576, 
            3.1281, 
            3.0958, 
            3.0309, 
            4.5192, 
            3.1981, 
            2.7544, 
            2.8883, 
            2.9231, 
            3.105, 
            2.9708, 
            2.9756, 
            3.228, 
            3.0538, 
            3.0792, 
            4.0424, 
            4.0796, 
            2.7839, 
            2.9409, 
            2.895, 
            2.5541, 
            4.044, 
            5.2078, 
            3.0268, 
            3.0009, 
            2.935, 
            2.9132, 
            3.0122, 
            3.0829, 
            4.0978, 
            3.8371, 
            3.4363, 
            3.0317, 
            3.4899, 
            3.0997, 
            3.7896, 
            4.3412, 
            3.0334, 
            3.5002, 
            3.0054, 
            4.1503, 
            2.9861, 
            3.7606, 
            3.4342, 
            2.8763, 
            3.1039, 
            3.246, 
            3.1528, 
            4.1937, 
            3.7908, 
            4.7778, 
            4.0291, 
            2.9724, 
            2.9173, 
            3.4097, 
            2.6948, 
            3.3226, 
            4.0658, 
            3.0621, 
            2.9809, 
            4.0594, 
            4.9056, 
            2.7942, 
            2.9977, 
            3.3839, 
            3.0326, 
            5.3091, 
            3.4465, 
            3.109, 
            3.1989, 
            3.1352, 
            5.0106, 
            3.0098, 
            6.0934, 
            4.6942, 
            5.2733, 
            3.7271, 
            2.8187, 
            5.1652, 
            3.9378, 
            2.9814, 
            3.2786, 
            5.1047, 
            2.9521, 
            2.9611, 
            4.0849, 
            4.3038, 
            2.864, 
            3.2635, 
            3.3838, 
            2.8937, 
            2.814, 
            2.7221, 
            2.9035, 
            2.9375, 
            3.7688, 
            2.9346, 
            3.5815, 
            4.1776, 
            3.0131, 
            3.088, 
            2.9119, 
            3.021, 
            3.5898, 
            3.1996, 
            2.913, 
            4.0663, 
            4.3343, 
            2.9933, 
            3.2387, 
            3.4211, 
            5.0087, 
            3.0941, 
            4.2637, 
            2.8827, 
            2.9571, 
            5.0904, 
            4.3119, 
            2.9649, 
            2.9658, 
            4.2127, 
            3.3838, 
            4.1505, 
            4.9474, 
            3.2169, 
            3.1561, 
            2.9209, 
            3.049, 
            3.9142, 
            3.0047, 
            3.1365, 
            3.186, 
            2.7535, 
            3.3467, 
            4.7887, 
            2.8392, 
            3.0298, 
            5.1614, 
            3.0456, 
            2.7377, 
            4.9415, 
            3.6351, 
            2.8029, 
            3.3126, 
            3.1598, 
            3.7147, 
            2.9747, 
            3.1161, 
            4.8665, 
            2.8299, 
            3.0881, 
            5.1615, 
            2.9723, 
            4.0545, 
            2.9802, 
            3.0774, 
            5.0325, 
            4.4975, 
            2.9581, 
            3.3625, 
            4.4152, 
            3.8377, 
            3.0646, 
            3.6807, 
            3.2378, 
            4.6608, 
            3.0111, 
            3.3849, 
            2.8959, 
            3.1661, 
            3.3383, 
            2.9337, 
            3.0992, 
            3.2173, 
            3.5402, 
            5.0843, 
            3.0897, 
            2.5865, 
            5.9024, 
            4.7976, 
            3.4379, 
            4.2618, 
            2.9006, 
            3.2646, 
            3.0457, 
            4.0617, 
            4.1867, 
            3.0943, 
            2.6774, 
            3.186, 
            3.2093, 
            4.397, 
            4.0022, 
            2.5601, 
            3.1631, 
            3.1213, 
            5.1698, 
            4.0116, 
            4.4193, 
            2.8583, 
            3.2752, 
            3.0979, 
            2.8889, 
            5.1492, 
            4.5517, 
            3.1482, 
            4.475, 
            4.1069, 
            2.9392, 
            3.0471, 
            3.3478, 
            4.8383, 
            3.1709, 
            5.0744, 
            4.3557, 
            3.3987, 
            2.9584, 
            2.7014, 
            2.7542, 
            3.1514, 
            3.0069, 
            4.8262, 
            2.9996, 
            3.3212, 
            3.0154, 
            4.4632, 
            4.9105, 
            4.8671, 
            3.0365, 
            2.9542, 
            2.7756, 
            3.1271, 
            3.389, 
            4.4944, 
            3.1966, 
            2.7075, 
            2.9462, 
            2.7976, 
            3.2062, 
            3.1471, 
            3.1604, 
            2.8816, 
            4.0192, 
            4.8496, 
            3.7661, 
            3.2745, 
            4.412, 
            4.1117, 
            5.0676, 
            5.1038, 
            4.9503, 
            5.2493, 
            4.0699, 
            2.8206, 
            2.9758, 
            2.8716, 
            2.9415, 
            2.9221, 
            3.0941, 
            3.2981, 
            4.4442, 
            5.2229, 
            2.9992, 
            3.1392, 
            3.5511, 
            3.0314, 
            5.1161, 
            3.7321, 
            3.0575, 
            3.0825, 
            5.1155, 
            3.5871, 
            5.1164, 
            3.8855, 
            2.8788, 
            2.9534, 
            2.9746, 
            5.292, 
            2.8515, 
            3.3093, 
            3.2109, 
            4.3889, 
            3.0627, 
            3.4246, 
            3.0194, 
            4.559, 
            3.3727, 
            4.8978, 
            4.9408, 
            3.3448, 
            3.3537, 
            3.2431, 
            3.0074, 
            3.956, 
            2.8132, 
            2.8646, 
            3.2647, 
            3.2276, 
            3.0136, 
            2.9579, 
            3.987, 
            3.2981, 
            3.1895, 
            2.9216, 
            4.9624, 
            3.2472, 
            4.4065, 
            3.2256, 
            3.3357, 
            2.9521, 
            3.1597, 
            4.2095, 
            3.0433, 
            2.6082, 
            3.4791, 
            3.308, 
            2.8824, 
            3.9249, 
            2.9435, 
            3.0359, 
            4.2304, 
            2.8709, 
            3.0756, 
            2.6381, 
            3.3167, 
            2.967, 
            2.9837, 
            3.3007, 
            3.3951, 
            2.9073, 
            3.3366, 
            3.0094, 
            2.5877, 
            3.321, 
            2.8629, 
            6.6179, 
            3.0809, 
            3.872, 
            2.8414, 
            3.293, 
            3.0512, 
            3.0568, 
            2.9019, 
            2.6295, 
            4.4151, 
            5.3405, 
            3.0575, 
            3.0585, 
            2.8932, 
            4.4876, 
            2.9037, 
            3.4101, 
            4.4946, 
            2.8773, 
            4.4856, 
            2.9905, 
            2.8963, 
            4.0945, 
            2.8233, 
            3.0809, 
            3.1474, 
            3.2698, 
            2.8953, 
            4.1558, 
            3.1443, 
            2.6904, 
            3.1457, 
            3.0144, 
            3.2991, 
            2.8835, 
            4.0379, 
            2.5686, 
            2.8909, 
            3.2833, 
            3.7617, 
            3.2327, 
            2.8198, 
            3.7172, 
            3.2245, 
            3.475, 
            3.0732, 
            2.8788, 
            3.6122, 
            2.6847, 
            5.3171, 
            4.6584, 
            3.3087, 
            3.6149, 
            5.096, 
            4.3608, 
            3.1608, 
            2.953, 
            2.9793, 
            3.3055, 
            4.1243, 
            3.1482, 
            3.1829, 
            4.1939, 
            3.0042, 
            2.9834, 
            3.0187, 
            3.0325, 
            2.9912, 
            2.9559, 
            2.8789, 
            3.2925, 
            3.4235, 
            2.8197, 
            4.7119, 
            2.9876, 
            3.9389, 
            2.9504, 
            3.2421, 
            3.6602, 
            4.6136, 
            4.5253, 
            2.8821, 
            2.7403, 
            2.994, 
            4.1269, 
            4.9867, 
            3.0323, 
            2.8062, 
            4.2025, 
            3.3069, 
            4.7713, 
            6.1709, 
            2.9126, 
            3.0209, 
            3.1368, 
            2.4793, 
            3.2045, 
            4.0679, 
            3.1208, 
            3.1307, 
            2.7926, 
            3.2396, 
            4.1646, 
            3.1505, 
            4.8665, 
            3.0102, 
            3.4325, 
            3.0777, 
            2.7927, 
            5.1164, 
            3.1709, 
            4.4113, 
            3.2478, 
            2.9767, 
            2.7772, 
            2.9954, 
            3.3481, 
            5.4218, 
            3.1261, 
            3.0711, 
            2.8888, 
            2.7504, 
            4.1006, 
            3.0675, 
            5.4884, 
            3.2063, 
            3.4178, 
            4.1243, 
            3.0624, 
            3.3205, 
            4.428, 
            2.8506, 
            3.5548, 
            3.0676, 
            3.013, 
            3.2051, 
            4.2449, 
            3.1493, 
            3.1474, 
            3.5134, 
            2.9574, 
            4.0745, 
            3.6637, 
            4.4291, 
            4.1435, 
            3.0081, 
            4.12, 
            3.0299, 
            5.6333, 
            5.7041, 
            3.1866, 
            3.0436, 
            3.0003, 
            3.7293, 
            2.4686, 
            2.8743, 
            2.8298, 
            2.9054, 
            4.4791, 
            3.6515, 
            2.7021, 
            3.2795, 
            2.8972, 
            3.0135, 
            4.081, 
            5.1337, 
            3.0818, 
            2.9629, 
            3.2771, 
            3.9406, 
            3.8636, 
            3.0576, 
            5.067, 
            5.3661, 
            3.1715, 
            4.4438, 
            3.1115, 
            4.3836, 
            3.0585, 
            3.4541, 
            2.8602, 
            3.3486, 
            5.1842, 
            2.927, 
            2.9453, 
            2.8272, 
            3.1349, 
            3.058, 
            4.0014, 
            2.9285, 
            3.9431, 
            3.0701, 
            3.0368, 
            3.6041, 
            2.7881, 
            4.5799, 
            2.9421, 
            3.1142, 
            2.7868, 
            3.0098, 
            2.8224, 
            3.7852, 
            4.3791, 
            3.0999, 
            2.9722, 
            4.0914, 
            3.2631, 
            2.9106, 
            3.1161, 
            2.8751, 
            2.9947, 
            3.679, 
            3.0688, 
            3.3649, 
            2.8148, 
            4.0806, 
            2.9637, 
            2.785, 
            3.0392, 
            3.0603, 
            3.3605, 
            3.03, 
            2.9768, 
            3.0496, 
            3.9687, 
            4.4091, 
            3.4692, 
            2.8199, 
            3.4538, 
            5.002, 
            3.0388, 
            2.8347, 
            4.639, 
            3.3027, 
            4.6595, 
            3.3165, 
            2.6792, 
            5.1033, 
            3.0174, 
            3.1708, 
            3.3217, 
            3.7463, 
            4.0224, 
            3.0382, 
            3.2688, 
            5.3862, 
            2.7839, 
            4.2374, 
            4.4089, 
            2.9089, 
            3.8228, 
            3.0444, 
            3.1077, 
            4.0818, 
            3.4713, 
            2.5648, 
            4.7152, 
            3.172, 
            3.2604, 
            4.0851, 
            3.0, 
            3.1104, 
            2.6453, 
            2.9317, 
            2.8295, 
            3.7953, 
            4.4837, 
            2.7943, 
            3.1482, 
            3.0188, 
            4.5264, 
            3.0457, 
            4.1345, 
            3.119, 
            2.9591, 
            2.9403, 
            3.1119, 
            3.0009, 
            3.1039, 
            4.022, 
            3.7304, 
            2.6556, 
            3.7372, 
            3.0326, 
            2.8158, 
            3.4415, 
            3.0421, 
            2.966, 
            4.1955, 
            3.5295, 
            3.0452, 
            2.5586, 
            3.378, 
            4.3923, 
            3.053, 
            3.3691, 
            3.0675, 
            3.3466, 
            3.5812, 
            4.9659, 
            4.0674, 
            3.2971, 
            2.8795, 
            2.994, 
            3.0794, 
            3.2467, 
            3.2472, 
            3.6134, 
            2.9056, 
            3.0108, 
            2.9409, 
            2.9639, 
            3.0486, 
            3.074, 
            2.7203, 
            3.1538, 
            3.7931, 
            3.682, 
            5.1661, 
            3.0774, 
            5.0546, 
            4.5284, 
            2.9867, 
            3.21, 
            3.1396, 
            4.728, 
            3.0176, 
            2.8943, 
            2.7602, 
            3.2167, 
            5.3442, 
            4.1181, 
            4.1252, 
            3.1165, 
            3.3805, 
            3.1812, 
            3.0702, 
            3.1096, 
            2.7297, 
            3.6388, 
            3.5041, 
            3.1497, 
            3.2805, 
            3.0344, 
            5.3675, 
            3.61, 
            3.5211, 
            3.2566, 
            3.2612, 
            4.4115, 
            4.2097, 
            2.969, 
            3.6431, 
            4.0203, 
            4.3498, 
            5.6999, 
            3.6463, 
            3.2907, 
            3.0322, 
            3.3779, 
            4.0674, 
            2.8203, 
            3.167, 
            2.913, 
            2.9654, 
            3.2304, 
            2.7933, 
            3.249, 
            3.0745, 
            2.9319, 
            3.2852, 
            5.0401, 
            3.0215, 
            3.0544, 
            2.9958, 
            2.9633, 
            3.3076, 
            3.2526, 
            3.853, 
            3.1672, 
            3.0012, 
            3.6645, 
            3.7502, 
            2.5871, 
            4.2201, 
            2.7984, 
            3.1746, 
            2.9851, 
            4.1002, 
            3.2605, 
            2.9468, 
            2.9514, 
            3.098, 
            2.7817, 
            3.0953, 
            6.1436, 
            2.917, 
            3.1052, 
            2.8376, 
            4.7774, 
            2.8939, 
            2.914, 
            2.9684, 
            4.0777, 
            2.9571, 
            3.254, 
            4.5661, 
            4.5389, 
            3.1991, 
            5.217, 
            4.4981, 
            3.0042, 
            2.9715, 
            3.1928, 
            3.2083, 
            3.1527, 
            2.9559, 
            3.6045, 
            4.0819, 
            3.4379, 
            3.0199, 
            5.0225, 
            3.336, 
            3.0384, 
            3.3852, 
            2.4401, 
            3.4341, 
            2.9818, 
            3.0725, 
            2.7786, 
            3.2608, 
            4.39, 
            3.3169, 
            3.945, 
            3.2134, 
            2.7281, 
            3.0372, 
            3.1188, 
            2.7574, 
            2.8024, 
            3.213, 
            3.1235, 
            5.1035, 
            3.2172, 
            3.9588, 
            4.1189, 
            3.109, 
            5.059, 
            3.0212, 
            2.8036, 
            3.1733, 
            3.1366, 
            4.1862, 
            2.9179, 
            2.9787, 
            4.8272, 
            4.2997, 
            3.3052, 
            3.1451, 
            3.0077, 
            3.0804, 
            4.7358, 
            5.0546, 
            3.1866, 
            2.9313, 
            4.7774, 
            3.0684, 
            3.2406, 
            5.7475, 
            3.1221, 
            3.3524, 
            2.9794, 
            2.9973, 
            3.2882, 
            4.488, 
            3.353, 
            4.0202, 
            2.8825, 
            2.9449, 
            2.6915, 
            3.7812, 
            3.7426, 
            3.7814, 
            3.1295, 
            5.3726, 
            2.6137, 
            3.6092, 
            3.6986, 
            3.0359, 
            4.0899, 
            3.0997, 
            2.9043, 
            2.9433, 
            3.0498, 
            3.2973, 
            3.1524, 
            4.3856, 
            3.1799, 
            2.9787, 
            4.1345, 
            3.2188, 
            4.6856, 
            2.7793, 
            3.638, 
            3.0715, 
            2.8097, 
            2.9997, 
            3.6208, 
            2.841, 
            5.3648, 
            3.3899, 
            3.2726, 
            3.2335, 
            3.1444, 
            3.0537, 
            3.4429, 
            3.1436, 
            2.7605, 
            2.9461, 
            3.0951, 
            3.242, 
            2.9026, 
            2.9621, 
            4.041, 
            3.9537, 
            3.1904, 
            2.9067, 
            3.1808, 
            2.6743, 
            3.2206, 
            2.9775, 
            3.4106, 
            3.1298, 
            4.3482, 
            2.9754, 
            2.9308, 
            2.9585, 
            4.9953, 
            2.9334, 
            2.7069, 
            3.7466, 
            2.8117, 
            3.2406, 
            3.4836, 
            3.2079, 
            5.1099, 
            3.243, 
            3.5369, 
            3.0547, 
            3.0315, 
            3.7199, 
            4.3498, 
            3.1233, 
            3.2026, 
            4.3645, 
            3.4171, 
            3.1558, 
            2.5461, 
            3.6038, 
            5.255, 
            3.0026, 
            3.0602, 
            3.5954, 
            3.0095, 
            2.7574, 
            4.0082, 
            3.1632, 
            3.3323, 
            3.0193, 
            4.0248, 
            2.7459, 
            3.2873, 
            4.2158, 
            3.46, 
            2.8672, 
            3.3036, 
            3.1287, 
            2.9941, 
            2.7302, 
            3.0933, 
            3.1731, 
            5.2227, 
            4.1124, 
            3.1273, 
            6.0374, 
            4.1703, 
            3.6233, 
            4.0915, 
            4.5936, 
            3.0775, 
            3.4372, 
            3.5191, 
            3.9629, 
            3.0799, 
            3.5056, 
            4.6809, 
            2.9233, 
            2.7395, 
            3.9545, 
            2.4681, 
            2.9114, 
            2.9116, 
            3.0076, 
            2.7895, 
            4.3022, 
            3.0315, 
            3.1034, 
            2.9265, 
            3.0314, 
            3.0788, 
            3.0707, 
            3.6666, 
            4.528, 
            2.7729, 
            2.9601, 
            3.1034
        ], 
        "x": [
            3.0, 
            3.0, 
            4.0, 
            3.0, 
            3.0, 
            3.0, 
            10.0, 
            5.0, 
            2.0, 
            4.0, 
            3.0, 
            3.0, 
            5.0, 
            3.0, 
            2.0, 
            2.0, 
            3.0, 
            2.0, 
            4.0, 
            4.0, 
            4.0, 
            3.0, 
            2.0, 
            3.0, 
            3.0, 
            3.0, 
            3.0, 
            3.0, 
            5.0, 
            2.0, 
            3.0, 
            3.0, 
            3.0, 
            5.0, 
            3.0, 
            4.0, 
            3.0, 
            5.0, 
            4.0, 
            4.0, 
            4.0, 
            3.0, 
            2.0, 
            3.0, 
            3.0, 
            2.0, 
            3.0, 
            2.0, 
            3.0, 
            5.0, 
            3.0, 
            2.0, 
            2.0, 
            10.0, 
            2.0, 
            3.0, 
            3.0, 
            2.0, 
            3.0, 
            4.0, 
            3.0, 
            3.0, 
            3.0, 
            3.0, 
            4.0, 
            7.0, 
            3.0, 
            3.0, 
            4.0, 
            3.0, 
            4.0, 
            10.0, 
            2.0, 
            3.0, 
            3.0, 
            2.0, 
            3.0, 
            3.0, 
            2.0, 
            3.0, 
            2.0, 
            5.0, 
            6.0, 
            6.0, 
            2.0, 
            5.0, 
            3.0, 
            3.0, 
            3.0, 
            4.0, 
            3.0, 
            3.0, 
            10.0, 
            2.0, 
            3.0, 
            4.0, 
            4.0, 
            3.0, 
            7.0, 
            5.0, 
            4.0, 
            3.0, 
            4.0, 
            2.0, 
            2.0, 
            3.0, 
            4.0, 
            2.0, 
            3.0, 
            7.0, 
            5.0, 
            2.0, 
            4.0, 
            3.0, 
            2.0, 
            6.0, 
            3.0, 
            2.0, 
            3.0, 
            4.0, 
            8.0, 
            2.0, 
            10.0, 
            6.0, 
            5.0, 
            4.0, 
            3.0, 
            5.0, 
            3.0, 
            3.0, 
            2.0, 
            5.0, 
            3.0, 
            4.0, 
            4.0, 
            5.0, 
            3.0, 
            8.0, 
            2.0, 
            3.0, 
            3.0, 
            4.0, 
            3.0, 
            3.0, 
            4.0, 
            2.0, 
            5.0, 
            6.0, 
            3.0, 
            2.0, 
            3.0, 
            3.0, 
            3.0, 
            2.0, 
            3.0, 
            4.0, 
            6.0, 
            2.0, 
            2.0, 
            3.0, 
            5.0, 
            3.0, 
            6.0, 
            3.0, 
            3.0, 
            5.0, 
            2.0, 
            2.0, 
            3.0, 
            6.0, 
            2.0, 
            5.0, 
            4.0, 
            4.0, 
            8.0, 
            2.0, 
            3.0, 
            3.0, 
            2.0, 
            4.0, 
            2.0, 
            3.0, 
            2.0, 
            5.0, 
            3.0, 
            2.0, 
            5.0, 
            2.0, 
            3.0, 
            5.0, 
            3.0, 
            3.0, 
            4.0, 
            2.0, 
            4.0, 
            3.0, 
            4.0, 
            5.0, 
            2.0, 
            2.0, 
            6.0, 
            3.0, 
            4.0, 
            3.0, 
            3.0, 
            5.0, 
            4.0, 
            3.0, 
            4.0, 
            3.0, 
            5.0, 
            3.0, 
            4.0, 
            3.0, 
            6.0, 
            3.0, 
            5.0, 
            3.0, 
            2.0, 
            4.0, 
            3.0, 
            3.0, 
            5.0, 
            4.0, 
            5.0, 
            3.0, 
            2.0, 
            7.0, 
            6.0, 
            4.0, 
            4.0, 
            4.0, 
            3.0, 
            3.0, 
            3.0, 
            4.0, 
            3.0, 
            2.0, 
            4.0, 
            2.0, 
            4.0, 
            3.0, 
            3.0, 
            3.0, 
            5.0, 
            6.0, 
            4.0, 
            5.0, 
            2.0, 
            3.0, 
            5.0, 
            4.0, 
            3.0, 
            5.0, 
            3.0, 
            3.0, 
            4.0, 
            3.0, 
            3.0, 
            3.0, 
            5.0, 
            3.0, 
            5.0, 
            5.0, 
            10.0, 
            3.0, 
            2.0, 
            2.0, 
            3.0, 
            3.0, 
            10.0, 
            4.0, 
            3.0, 
            2.0, 
            5.0, 
            5.0, 
            5.0, 
            3.0, 
            3.0, 
            3.0, 
            2.0, 
            2.0, 
            5.0, 
            5.0, 
            2.0, 
            3.0, 
            3.0, 
            3.0, 
            3.0, 
            4.0, 
            3.0, 
            2.0, 
            3.0, 
            3.0, 
            2.0, 
            5.0, 
            10.0, 
            5.0, 
            5.0, 
            5.0, 
            6.0, 
            3.0, 
            3.0, 
            4.0, 
            4.0, 
            3.0, 
            3.0, 
            3.0, 
            3.0, 
            3.0, 
            5.0, 
            5.0, 
            4.0, 
            3.0, 
            3.0, 
            5.0, 
            4.0, 
            2.0, 
            2.0, 
            5.0, 
            10.0, 
            5.0, 
            3.0, 
            8.0, 
            3.0, 
            3.0, 
            5.0, 
            3.0, 
            2.0, 
            3.0, 
            3.0, 
            4.0, 
            4.0, 
            3.0, 
            3.0, 
            8.0, 
            4.0, 
            5.0, 
            2.0, 
            4.0, 
            2.0, 
            3.0, 
            4.0, 
            3.0, 
            4.0, 
            3.0, 
            2.0, 
            3.0, 
            3.0, 
            2.0, 
            3.0, 
            3.0, 
            3.0, 
            5.0, 
            3.0, 
            3.0, 
            3.0, 
            3.0, 
            3.0, 
            3.0, 
            3.0, 
            3.0, 
            3.0, 
            5.0, 
            3.0, 
            4.0, 
            2.0, 
            3.0, 
            3.0, 
            5.0, 
            2.0, 
            4.0, 
            3.0, 
            2.0, 
            3.0, 
            3.0, 
            2.0, 
            4.0, 
            4.0, 
            6.0, 
            4.0, 
            3.0, 
            3.0, 
            3.0, 
            6.0, 
            4.0, 
            4.0, 
            3.0, 
            3.0, 
            2.0, 
            8.0, 
            3.0, 
            4.0, 
            5.0, 
            5.0, 
            3.0, 
            3.0, 
            3.0, 
            5.0, 
            2.0, 
            3.0, 
            4.0, 
            3.0, 
            4.0, 
            3.0, 
            2.0, 
            3.0, 
            3.0, 
            3.0, 
            5.0, 
            3.0, 
            2.0, 
            4.0, 
            3.0, 
            3.0, 
            2.0, 
            2.0, 
            4.0, 
            3.0, 
            4.0, 
            2.0, 
            2.0, 
            4.0, 
            2.0, 
            2.0, 
            5.0, 
            4.0, 
            3.0, 
            4.0, 
            3.0, 
            8.0, 
            3.0, 
            3.0, 
            5.0, 
            3.0, 
            2.0, 
            3.0, 
            6.0, 
            4.0, 
            3.0, 
            4.0, 
            3.0, 
            3.0, 
            4.0, 
            3.0, 
            2.0, 
            4.0, 
            3.0, 
            3.0, 
            3.0, 
            7.0, 
            2.0, 
            4.0, 
            2.0, 
            3.0, 
            3.0, 
            2.0, 
            3.0, 
            3.0, 
            6.0, 
            3.0, 
            3.0, 
            3.0, 
            10.0, 
            3.0, 
            3.0, 
            3.0, 
            4.0, 
            4.0, 
            5.0, 
            5.0, 
            2.0, 
            2.0, 
            2.0, 
            4.0, 
            8.0, 
            2.0, 
            3.0, 
            2.0, 
            4.0, 
            2.0, 
            4.0, 
            3.0, 
            3.0, 
            2.0, 
            3.0, 
            2.0, 
            3.0, 
            5.0, 
            2.0, 
            2.0, 
            3.0, 
            3.0, 
            5.0, 
            3.0, 
            4.0, 
            4.0, 
            2.0, 
            3.0, 
            3.0, 
            2.0, 
            6.0, 
            3.0, 
            2.0, 
            3.0, 
            3.0, 
            5.0, 
            3.0, 
            6.0, 
            3.0, 
            2.0, 
            4.0, 
            2.0, 
            2.0, 
            4.0, 
            2.0, 
            6.0, 
            2.0, 
            3.0, 
            6.0, 
            4.0, 
            3.0, 
            3.0, 
            4.0, 
            4.0, 
            5.0, 
            7.0, 
            2.0, 
            4.0, 
            3.0, 
            4.0, 
            4.0, 
            2.0, 
            6.0, 
            3.0, 
            2.0, 
            3.0, 
            4.0, 
            4.0, 
            3.0, 
            3.0, 
            3.0, 
            5.0, 
            2.0, 
            3.0, 
            3.0, 
            3.0, 
            3.0, 
            5.0, 
            6.0, 
            5.0, 
            3.0, 
            3.0, 
            6.0, 
            2.0, 
            2.0, 
            5.0, 
            5.0, 
            3.0, 
            3.0, 
            2.0, 
            5.0, 
            2.0, 
            2.0, 
            3.0, 
            3.0, 
            5.0, 
            2.0, 
            6.0, 
            3.0, 
            2.0, 
            2.0, 
            4.0, 
            2.0, 
            10.0, 
            5.0, 
            3.0, 
            4.0, 
            2.0, 
            3.0, 
            2.0, 
            3.0, 
            3.0, 
            3.0, 
            3.0, 
            3.0, 
            2.0, 
            3.0, 
            2.0, 
            4.0, 
            3.0, 
            3.0, 
            2.0, 
            3.0, 
            3.0, 
            3.0, 
            3.0, 
            2.0, 
            3.0, 
            10.0, 
            3.0, 
            5.0, 
            3.0, 
            3.0, 
            2.0, 
            3.0, 
            3.0, 
            3.0, 
            4.0, 
            4.0, 
            2.0, 
            3.0, 
            3.0, 
            7.0, 
            3.0, 
            2.0, 
            2.0, 
            4.0, 
            3.0, 
            3.0, 
            3.0, 
            5.0, 
            3.0, 
            3.0, 
            3.0, 
            3.0, 
            4.0, 
            3.0, 
            3.0, 
            5.0, 
            2.0, 
            4.0, 
            3.0, 
            3.0, 
            3.0, 
            3.0, 
            3.0, 
            4.0, 
            3.0, 
            8.0, 
            2.0, 
            2.0, 
            3.0, 
            4.0, 
            2.0, 
            2.0, 
            3.0, 
            3.0, 
            3.0, 
            2.0, 
            2.0, 
            3.0, 
            3.0, 
            3.0, 
            4.0, 
            2.0, 
            4.0, 
            3.0, 
            3.0, 
            3.0, 
            2.0, 
            2.0, 
            4.0, 
            4.0, 
            4.0, 
            4.0, 
            2.0, 
            3.0, 
            3.0, 
            4.0, 
            2.0, 
            3.0, 
            3.0, 
            5.0, 
            2.0, 
            3.0, 
            2.0, 
            10.0, 
            2.0, 
            2.0, 
            3.0, 
            8.0, 
            5.0, 
            5.0, 
            4.0, 
            3.0, 
            4.0, 
            3.0, 
            3.0, 
            3.0, 
            3.0, 
            3.0, 
            3.0, 
            2.0, 
            3.0, 
            3.0, 
            2.0, 
            2.0, 
            3.0, 
            4.0, 
            5.0, 
            3.0, 
            5.0, 
            3.0, 
            5.0, 
            3.0, 
            3.0, 
            3.0, 
            2.0, 
            5.0, 
            2.0, 
            3.0, 
            3.0, 
            3.0, 
            6.0, 
            4.0, 
            4.0, 
            4.0, 
            3.0, 
            2.0, 
            3.0, 
            3.0, 
            2.0, 
            2.0, 
            5.0, 
            7.0, 
            5.0, 
            5.0, 
            10.0, 
            5.0, 
            2.0, 
            2.0, 
            2.0, 
            4.0, 
            5.0, 
            3.0, 
            3.0, 
            4.0, 
            4.0, 
            6.0, 
            2.0, 
            3.0, 
            2.0, 
            2.0, 
            4.0, 
            2.0, 
            2.0, 
            2.0, 
            3.0, 
            2.0, 
            3.0, 
            2.0, 
            4.0, 
            4.0, 
            10.0, 
            6.0, 
            3.0, 
            3.0, 
            2.0, 
            3.0, 
            3.0, 
            3.0, 
            3.0, 
            3.0, 
            3.0, 
            3.0, 
            6.0, 
            3.0, 
            4.0, 
            3.0, 
            3.0, 
            3.0, 
            4.0, 
            5.0, 
            2.0, 
            3.0, 
            7.0, 
            2.0, 
            2.0, 
            5.0, 
            4.0, 
            3.0, 
            4.0, 
            3.0, 
            3.0, 
            4.0, 
            3.0, 
            5.0, 
            3.0, 
            6.0, 
            2.0, 
            5.0, 
            3.0, 
            5.0, 
            5.0, 
            3.0, 
            3.0, 
            2.0, 
            5.0, 
            3.0, 
            4.0, 
            3.0, 
            6.0, 
            4.0, 
            2.0, 
            5.0, 
            3.0, 
            3.0, 
            2.0, 
            3.0, 
            4.0, 
            3.0, 
            6.0, 
            2.0, 
            3.0, 
            3.0, 
            2.0, 
            5.0, 
            4.0, 
            3.0, 
            2.0, 
            2.0, 
            3.0, 
            3.0, 
            3.0, 
            2.0, 
            5.0, 
            5.0, 
            5.0, 
            4.0, 
            3.0, 
            5.0, 
            3.0, 
            3.0, 
            3.0, 
            3.0, 
            6.0, 
            3.0, 
            3.0, 
            6.0, 
            3.0, 
            3.0, 
            2.0, 
            3.0, 
            3.0, 
            5.0, 
            5.0, 
            3.0, 
            4.0, 
            3.0, 
            2.0, 
            3.0, 
            5.0, 
            4.0, 
            2.0, 
            3.0, 
            4.0, 
            2.0, 
            2.0, 
            6.0, 
            4.0, 
            4.0, 
            2.0, 
            3.0, 
            4.0, 
            2.0, 
            3.0, 
            3.0, 
            5.0, 
            3.0, 
            3.0, 
            2.0, 
            3.0, 
            4.0, 
            3.0, 
            2.0, 
            3.0, 
            3.0, 
            6.0, 
            3.0, 
            4.0, 
            3.0, 
            3.0, 
            3.0, 
            3.0, 
            10.0, 
            3.0, 
            3.0, 
            2.0, 
            2.0, 
            2.0, 
            4.0, 
            3.0, 
            5.0, 
            2.0, 
            3.0, 
            4.0, 
            3.0, 
            2.0, 
            2.0, 
            3.0, 
            2.0, 
            4.0, 
            2.0, 
            3.0, 
            3.0, 
            2.0, 
            5.0, 
            5.0, 
            3.0, 
            3.0, 
            5.0, 
            3.0, 
            3.0, 
            3.0, 
            3.0, 
            3.0, 
            2.0, 
            3.0, 
            4.0, 
            2.0, 
            5.0, 
            2.0, 
            4.0, 
            6.0, 
            3.0, 
            3.0, 
            3.0, 
            2.0, 
            5.0, 
            3.0, 
            3.0, 
            3.0, 
            3.0, 
            4.0, 
            4.0, 
            2.0, 
            3.0, 
            4.0, 
            5.0, 
            2.0, 
            2.0, 
            3.0, 
            5.0, 
            3.0, 
            3.0, 
            4.0, 
            3.0, 
            2.0, 
            6.0, 
            3.0, 
            4.0, 
            2.0, 
            4.0, 
            2.0, 
            3.0, 
            4.0, 
            3.0, 
            3.0, 
            3.0, 
            3.0, 
            3.0, 
            2.0, 
            4.0, 
            10.0, 
            6.0, 
            4.0, 
            3.0, 
            7.0, 
            2.0, 
            3.0, 
            4.0, 
            6.0, 
            3.0, 
            4.0, 
            2.0, 
            6.0, 
            3.0, 
            5.0, 
            3.0, 
            3.0, 
            2.0, 
            3.0, 
            3.0, 
            2.0, 
            4.0, 
            3.0, 
            3.0, 
            3.0, 
            3.0, 
            4.0, 
            3.0, 
            3.0, 
            7.0, 
            2.0, 
            3.0, 
            7.0, 
            3.0, 
            3.0, 
            8.0
        ]
    }, 
    "regression_performance": {
        "max_error": 4.0917518377304081, 
        "median_error": -0.07142066955566406, 
        "error_distribution": [
            {
                "count": 223, 
                "bin_max": -1.3437285089492796, 
                "bin_id": 0, 
                "bin_min": -1.9537101922988891
            }, 
            {
                "count": 521, 
                "bin_max": -0.73978624820709205, 
                "bin_id": 1, 
                "bin_min": -1.3437285089492796
            }, 
            {
                "count": 563, 
                "bin_max": -0.13584398746490445, 
                "bin_id": 2, 
                "bin_min": -0.73978624820709205
            }, 
            {
                "count": 1137, 
                "bin_max": 0.46809827327728315, 
                "bin_id": 3, 
                "bin_min": -0.13584398746490445
            }, 
            {
                "count": 268, 
                "bin_max": 1.072040534019471, 
                "bin_id": 4, 
                "bin_min": 0.46809827327728315
            }, 
            {
                "count": 127, 
                "bin_max": 1.6759827947616583, 
                "bin_id": 5, 
                "bin_min": 1.072040534019471
            }, 
            {
                "count": 73, 
                "bin_max": 2.2799250555038455, 
                "bin_id": 6, 
                "bin_min": 1.6759827947616583
            }, 
            {
                "count": 36, 
                "bin_max": 2.8838673162460333, 
                "bin_id": 7, 
                "bin_min": 2.2799250555038455
            }, 
            {
                "count": 26, 
                "bin_max": 3.4878095769882211, 
                "bin_id": 8, 
                "bin_min": 2.8838673162460333
            }, 
            {
                "count": 82, 
                "bin_max": 4.0917518377304081, 
                "bin_id": 9, 
                "bin_min": 3.4878095769882211
            }
        ], 
        "min_error": -1.9476707696914672, 
        "average_error": -0.008456767104683044, 
        "std_error": 1.116965990868736, 
        "p75_error": 0.20331442356109619, 
        "p90_error": 1.1428395509719849, 
        "p25_error": -0.70383471250534058
    }
}