{
  "type": "sampling",
  "inputs": {
    "main": {
      "items": [
        {
          "ref": "HR_comma_sep_prepared",
          "deps": []
        }
      ]
    }
  },
  "outputs": {
    "main": {
      "items": [
        {
          "ref": "To_predict",
          "appendMode": false
        }
      ]
    }
  },
  "neverRecomputeExistingPartitions": false,
  "optionalDependencies": false,
  "params": {
    "selection": {
      "samplingMethod": "HEAD_SEQUENTIAL",
      "partitionSelectionMethod": "ALL",
      "maxRecords": 100000,
      "targetRatio": 0.02
    }
  },
  "checklists": {
    "checklists": []
  },
  "tags": [],
  "versionTag": {
    "versionNumber": 2,
    "lastModifiedBy": {
      "login": "admin",
      "displayName": "Nandish Balaraju"
    },
    "lastModifiedOn": 1493822743965
  },
  "customMeta": {
    "kv": {}
  },
  "redispatchPartitioning": false
}