{
  "type": "prediction_training",
  "inputs": {
    "main": {
      "items": [
        {
          "ref": "HR_comma_sep_prepared",
          "deps": []
        }
      ]
    }
  },
  "outputs": {
    "main": {
      "items": [
        {
          "ref": "3LkAYvAL",
          "appendMode": false
        }
      ]
    }
  },
  "neverRecomputeExistingPartitions": false,
  "optionalDependencies": false,
  "checklists": {
    "checklists": []
  },
  "tags": [],
  "versionTag": {
    "versionNumber": 0,
    "lastModifiedBy": {
      "login": "admin",
      "displayName": "Nandish Balaraju"
    },
    "lastModifiedOn": 1493822923508
  },
  "customMeta": {
    "kv": {}
  },
  "redispatchPartitioning": false
}