{
    "trainingTime": 661, 
    "state": "DONE", 
    "startTime": 1493894026918, 
    "preprocessingTime": 718, 
    "progress": {
        "top_level_todo": [], 
        "stack": [], 
        "top_level_done": [
            {
                "name": "Loading train set", 
                "time": 433
            }, 
            {
                "name": "Loading test set", 
                "time": 23
            }, 
            {
                "name": "Collecting statistics", 
                "time": 65
            }, 
            {
                "name": "Preprocessing train set", 
                "time": 154
            }, 
            {
                "name": "Preprocessing test set", 
                "time": 42
            }, 
            {
                "name": "Fitting model", 
                "time": 203
            }, 
            {
                "name": "Saving model", 
                "time": 68
            }, 
            {
                "name": "Scoring model", 
                "time": 390
            }
        ]
    }, 
    "endTime": 1493894028297, 
    "modelId": "NA"
}