[
    {
        "variable": "PetalLengthCm", 
        "global": {
            "max": 6.9000000000000004, 
            "max_ratio": 0.093333333333333338, 
            "percentile75": 5.1, 
            "percentile25": 1.6, 
            "total_no_nan": 150, 
            "total": 150, 
            "std": 1.7585291834055212, 
            "min": 1.0, 
            "percentile91": 5.8, 
            "median": 4.35, 
            "percentile9": 1.4, 
            "distribution": [
                1, 
                1, 
                2, 
                7, 
                12, 
                14, 
                7, 
                4, 
                0, 
                2, 
                0, 
                0, 
                0, 
                0, 
                0, 
                0, 
                0, 
                0, 
                0, 
                0, 
                1, 
                0, 
                0, 
                2, 
                0, 
                2, 
                1, 
                1, 
                1, 
                3, 
                5, 
                3, 
                4, 
                2, 
                4, 
                8, 
                3, 
                5, 
                4, 
                5, 
                4, 
                8, 
                2, 
                2, 
                2, 
                3, 
                6, 
                3, 
                3, 
                2, 
                2, 
                3, 
                0, 
                1, 
                1, 
                0, 
                1, 
                2, 
                0, 
                1
            ]
        }, 
        "scale": {
            "max": 6.9, 
            "max_ratio": 0.37037037037037035, 
            "min": 1.0
        }, 
        "type": "numerical", 
        "per_cluster": [
            {
                "max": 1.8999999999999999, 
                "max_ratio": 0.37037037037037035, 
                "percentile75": 1.55, 
                "percentile25": 1.4, 
                "total_no_nan": 27, 
                "total": 27, 
                "std": 0.17284832429004496, 
                "min": 1.0, 
                "percentile91": 1.7, 
                "median": 1.5, 
                "cluster_name": "cluster_0", 
                "percentile9": 1.3, 
                "distribution": [
                    1, 
                    0, 
                    1, 
                    3, 
                    5, 
                    10, 
                    3, 
                    3, 
                    0, 
                    1, 
                    0, 
                    0, 
                    0, 
                    0, 
                    0, 
                    0, 
                    0, 
                    0, 
                    0, 
                    0, 
                    0, 
                    0, 
                    0, 
                    0, 
                    0, 
                    0, 
                    0, 
                    0, 
                    0, 
                    0, 
                    0, 
                    0, 
                    0, 
                    0, 
                    0, 
                    0, 
                    0, 
                    0, 
                    0, 
                    0, 
                    0, 
                    0, 
                    0, 
                    0, 
                    0, 
                    0, 
                    0, 
                    0, 
                    0, 
                    0, 
                    0, 
                    0, 
                    0, 
                    0, 
                    0, 
                    0, 
                    0, 
                    0, 
                    0, 
                    0
                ]
            }, 
            {
                "max": 5.0999999999999996, 
                "max_ratio": 0.14000000000000001, 
                "percentile75": 4.6, 
                "percentile25": 4.0, 
                "total_no_nan": 50, 
                "total": 50, 
                "std": 0.4651881339845203, 
                "min": 3.0, 
                "percentile91": 4.8, 
                "median": 4.35, 
                "cluster_name": "cluster_1", 
                "percentile9": 3.541, 
                "distribution": [
                    0, 
                    0, 
                    0, 
                    0, 
                    0, 
                    0, 
                    0, 
                    0, 
                    0, 
                    0, 
                    0, 
                    0, 
                    0, 
                    0, 
                    0, 
                    0, 
                    0, 
                    0, 
                    0, 
                    0, 
                    1, 
                    0, 
                    0, 
                    2, 
                    0, 
                    2, 
                    1, 
                    1, 
                    1, 
                    3, 
                    5, 
                    3, 
                    4, 
                    2, 
                    4, 
                    7, 
                    3, 
                    5, 
                    2, 
                    2, 
                    1, 
                    1, 
                    0, 
                    0, 
                    0, 
                    0, 
                    0, 
                    0, 
                    0, 
                    0, 
                    0, 
                    0, 
                    0, 
                    0, 
                    0, 
                    0, 
                    0, 
                    0, 
                    0, 
                    0
                ]
            }, 
            {
                "max": 5.7999999999999998, 
                "max_ratio": 0.21739130434782608, 
                "percentile75": 5.5, 
                "percentile25": 4.95, 
                "total_no_nan": 23, 
                "total": 23, 
                "std": 0.32466356004512115, 
                "min": 4.5, 
                "percentile91": 5.6, 
                "median": 5.1, 
                "cluster_name": "cluster_2", 
                "percentile9": 4.8, 
                "distribution": [
                    0, 
                    0, 
                    0, 
                    0, 
                    0, 
                    0, 
                    0, 
                    0, 
                    0, 
                    0, 
                    0, 
                    0, 
                    0, 
                    0, 
                    0, 
                    0, 
                    0, 
                    0, 
                    0, 
                    0, 
                    0, 
                    0, 
                    0, 
                    0, 
                    0, 
                    0, 
                    0, 
                    0, 
                    0, 
                    0, 
                    0, 
                    0, 
                    0, 
                    0, 
                    0, 
                    1, 
                    0, 
                    0, 
                    2, 
                    3, 
                    3, 
                    5, 
                    1, 
                    1, 
                    0, 
                    2, 
                    4, 
                    0, 
                    1, 
                    0, 
                    0, 
                    0, 
                    0, 
                    0, 
                    0, 
                    0, 
                    0, 
                    0, 
                    0, 
                    0
                ]
            }, 
            {
                "max": 1.8999999999999999, 
                "max_ratio": 0.30434782608695654, 
                "percentile75": 1.5499999999999998, 
                "percentile25": 1.3499999999999999, 
                "total_no_nan": 23, 
                "total": 23, 
                "std": 0.16906280082803116, 
                "min": 1.1000000000000001, 
                "percentile91": 1.6019999999999999, 
                "median": 1.4, 
                "cluster_name": "cluster_3", 
                "percentile9": 1.298, 
                "distribution": [
                    0, 
                    1, 
                    1, 
                    4, 
                    7, 
                    4, 
                    4, 
                    1, 
                    0, 
                    1, 
                    0, 
                    0, 
                    0, 
                    0, 
                    0, 
                    0, 
                    0, 
                    0, 
                    0, 
                    0, 
                    0, 
                    0, 
                    0, 
                    0, 
                    0, 
                    0, 
                    0, 
                    0, 
                    0, 
                    0, 
                    0, 
                    0, 
                    0, 
                    0, 
                    0, 
                    0, 
                    0, 
                    0, 
                    0, 
                    0, 
                    0, 
                    0, 
                    0, 
                    0, 
                    0, 
                    0, 
                    0, 
                    0, 
                    0, 
                    0, 
                    0, 
                    0, 
                    0, 
                    0, 
                    0, 
                    0, 
                    0, 
                    0, 
                    0, 
                    0
                ]
            }, 
            {
                "max": 6.9000000000000004, 
                "max_ratio": 0.1111111111111111, 
                "percentile75": 6.1, 
                "percentile25": 5.55, 
                "total_no_nan": 27, 
                "total": 27, 
                "std": 0.48731508750810454, 
                "min": 5.0999999999999996, 
                "percentile91": 6.666, 
                "median": 5.8, 
                "cluster_name": "cluster_4", 
                "percentile9": 5.234, 
                "distribution": [
                    0, 
                    0, 
                    0, 
                    0, 
                    0, 
                    0, 
                    0, 
                    0, 
                    0, 
                    0, 
                    0, 
                    0, 
                    0, 
                    0, 
                    0, 
                    0, 
                    0, 
                    0, 
                    0, 
                    0, 
                    0, 
                    0, 
                    0, 
                    0, 
                    0, 
                    0, 
                    0, 
                    0, 
                    0, 
                    0, 
                    0, 
                    0, 
                    0, 
                    0, 
                    0, 
                    0, 
                    0, 
                    0, 
                    0, 
                    0, 
                    0, 
                    2, 
                    1, 
                    1, 
                    2, 
                    1, 
                    2, 
                    3, 
                    2, 
                    2, 
                    2, 
                    3, 
                    0, 
                    1, 
                    1, 
                    0, 
                    1, 
                    2, 
                    0, 
                    1
                ]
            }
        ]
    }, 
    {
        "variable": "SepalLengthCm", 
        "global": {
            "max": 7.9000000000000004, 
            "max_ratio": 0.066666666666666666, 
            "percentile75": 6.4, 
            "percentile25": 5.1, 
            "total_no_nan": 150, 
            "total": 150, 
            "std": 0.82530129178514089, 
            "min": 4.2999999999999998, 
            "percentile91": 6.9, 
            "median": 5.8, 
            "percentile9": 4.8, 
            "distribution": [
                1, 
                3, 
                0, 
                1, 
                0, 
                4, 
                2, 
                0, 
                5, 
                0, 
                6, 
                10, 
                0, 
                9, 
                0, 
                4, 
                1, 
                0, 
                6, 
                0, 
                7, 
                6, 
                0, 
                8, 
                0, 
                7, 
                3, 
                0, 
                6, 
                0, 
                6, 
                4, 
                0, 
                9, 
                0, 
                7, 
                5, 
                0, 
                2, 
                0, 
                8, 
                3, 
                0, 
                4, 
                0, 
                1, 
                1, 
                0, 
                3, 
                1, 
                0, 
                1, 
                0, 
                0, 
                1, 
                0, 
                4, 
                0, 
                0, 
                1
            ]
        }, 
        "scale": {
            "max": 7.9, 
            "max_ratio": 0.25925925925925924, 
            "min": 4.3
        }, 
        "type": "numerical", 
        "per_cluster": [
            {
                "max": 5.7999999999999998, 
                "max_ratio": 0.25925925925925924, 
                "percentile75": 5.4, 
                "percentile25": 5.1, 
                "total_no_nan": 27, 
                "total": 27, 
                "std": 0.26126210501553193, 
                "min": 4.5999999999999996, 
                "percentile91": 5.632, 
                "median": 5.2, 
                "cluster_name": "cluster_0", 
                "percentile9": 5.0, 
                "distribution": [
                    0, 
                    0, 
                    0, 
                    0, 
                    0, 
                    1, 
                    0, 
                    0, 
                    0, 
                    0, 
                    0, 
                    5, 
                    0, 
                    7, 
                    0, 
                    3, 
                    1, 
                    0, 
                    5, 
                    0, 
                    2, 
                    0, 
                    0, 
                    2, 
                    0, 
                    1, 
                    0, 
                    0, 
                    0, 
                    0, 
                    0, 
                    0, 
                    0, 
                    0, 
                    0, 
                    0, 
                    0, 
                    0, 
                    0, 
                    0, 
                    0, 
                    0, 
                    0, 
                    0, 
                    0, 
                    0, 
                    0, 
                    0, 
                    0, 
                    0, 
                    0, 
                    0, 
                    0, 
                    0, 
                    0, 
                    0, 
                    0, 
                    0, 
                    0, 
                    0
                ]
            }, 
            {
                "max": 7.0, 
                "max_ratio": 0.10000000000000001, 
                "percentile75": 6.3, 
                "percentile25": 5.6, 
                "total_no_nan": 50, 
                "total": 50, 
                "std": 0.5109833656783751, 
                "min": 4.9000000000000004, 
                "percentile91": 6.7, 
                "median": 5.9, 
                "cluster_name": "cluster_1", 
                "percentile9": 5.282, 
                "distribution": [
                    0, 
                    0, 
                    0, 
                    0, 
                    0, 
                    0, 
                    0, 
                    0, 
                    0, 
                    0, 
                    1, 
                    2, 
                    0, 
                    1, 
                    0, 
                    1, 
                    0, 
                    0, 
                    1, 
                    0, 
                    5, 
                    5, 
                    0, 
                    5, 
                    0, 
                    3, 
                    2, 
                    0, 
                    4, 
                    0, 
                    4, 
                    2, 
                    0, 
                    3, 
                    0, 
                    2, 
                    1, 
                    0, 
                    2, 
                    0, 
                    3, 
                    1, 
                    0, 
                    1, 
                    0, 
                    1, 
                    0, 
                    0, 
                    0, 
                    0, 
                    0, 
                    0, 
                    0, 
                    0, 
                    0, 
                    0, 
                    0, 
                    0, 
                    0, 
                    0
                ]
            }, 
            {
                "max": 6.7000000000000002, 
                "max_ratio": 0.17391304347826086, 
                "percentile75": 6.4, 
                "percentile25": 5.85, 
                "total_no_nan": 23, 
                "total": 23, 
                "std": 0.38389113138511505, 
                "min": 4.9000000000000004, 
                "percentile91": 6.5, 
                "median": 6.2, 
                "cluster_name": "cluster_2", 
                "percentile9": 5.698, 
                "distribution": [
                    0, 
                    0, 
                    0, 
                    0, 
                    0, 
                    0, 
                    0, 
                    0, 
                    0, 
                    0, 
                    1, 
                    0, 
                    0, 
                    0, 
                    0, 
                    0, 
                    0, 
                    0, 
                    0, 
                    0, 
                    0, 
                    1, 
                    0, 
                    1, 
                    0, 
                    3, 
                    1, 
                    0, 
                    2, 
                    0, 
                    2, 
                    1, 
                    0, 
                    4, 
                    0, 
                    4, 
                    2, 
                    0, 
                    0, 
                    0, 
                    1, 
                    0, 
                    0, 
                    0, 
                    0, 
                    0, 
                    0, 
                    0, 
                    0, 
                    0, 
                    0, 
                    0, 
                    0, 
                    0, 
                    0, 
                    0, 
                    0, 
                    0, 
                    0, 
                    0
                ]
            }, 
            {
                "max": 5.0999999999999996, 
                "max_ratio": 0.21739130434782608, 
                "percentile75": 4.9, 
                "percentile25": 4.6, 
                "total_no_nan": 23, 
                "total": 23, 
                "std": 0.21989858463307457, 
                "min": 4.2999999999999998, 
                "percentile91": 5.0, 
                "median": 4.8, 
                "cluster_name": "cluster_3", 
                "percentile9": 4.4, 
                "distribution": [
                    1, 
                    3, 
                    0, 
                    1, 
                    0, 
                    3, 
                    2, 
                    0, 
                    5, 
                    0, 
                    4, 
                    3, 
                    0, 
                    1, 
                    0, 
                    0, 
                    0, 
                    0, 
                    0, 
                    0, 
                    0, 
                    0, 
                    0, 
                    0, 
                    0, 
                    0, 
                    0, 
                    0, 
                    0, 
                    0, 
                    0, 
                    0, 
                    0, 
                    0, 
                    0, 
                    0, 
                    0, 
                    0, 
                    0, 
                    0, 
                    0, 
                    0, 
                    0, 
                    0, 
                    0, 
                    0, 
                    0, 
                    0, 
                    0, 
                    0, 
                    0, 
                    0, 
                    0, 
                    0, 
                    0, 
                    0, 
                    0, 
                    0, 
                    0, 
                    0
                ]
            }, 
            {
                "max": 7.9000000000000004, 
                "max_ratio": 0.14814814814814814, 
                "percentile75": 7.35, 
                "percentile25": 6.7, 
                "total_no_nan": 27, 
                "total": 27, 
                "std": 0.48914134895678085, 
                "min": 6.2000000000000002, 
                "percentile91": 7.7, 
                "median": 6.9, 
                "cluster_name": "cluster_4", 
                "percentile9": 6.334, 
                "distribution": [
                    0, 
                    0, 
                    0, 
                    0, 
                    0, 
                    0, 
                    0, 
                    0, 
                    0, 
                    0, 
                    0, 
                    0, 
                    0, 
                    0, 
                    0, 
                    0, 
                    0, 
                    0, 
                    0, 
                    0, 
                    0, 
                    0, 
                    0, 
                    0, 
                    0, 
                    0, 
                    0, 
                    0, 
                    0, 
                    0, 
                    0, 
                    1, 
                    0, 
                    2, 
                    0, 
                    1, 
                    2, 
                    0, 
                    0, 
                    0, 
                    4, 
                    2, 
                    0, 
                    3, 
                    0, 
                    0, 
                    1, 
                    0, 
                    3, 
                    1, 
                    0, 
                    1, 
                    0, 
                    0, 
                    1, 
                    0, 
                    4, 
                    0, 
                    0, 
                    1
                ]
            }
        ]
    }, 
    {
        "variable": "Species_copy", 
        "global": {
            "max": 3.0, 
            "max_ratio": 0.33333333333333331, 
            "percentile75": 3.0, 
            "percentile25": 1.0, 
            "total_no_nan": 150, 
            "total": 150, 
            "std": 0.81649658092772603, 
            "min": 1.0, 
            "percentile91": 3.0, 
            "median": 2.0, 
            "percentile9": 1.0, 
            "distribution": [
                50, 
                0, 
                0, 
                0, 
                0, 
                0, 
                0, 
                0, 
                0, 
                0, 
                0, 
                0, 
                0, 
                0, 
                0, 
                0, 
                0, 
                0, 
                0, 
                0, 
                0, 
                0, 
                0, 
                0, 
                0, 
                0, 
                0, 
                0, 
                0, 
                0, 
                50, 
                0, 
                0, 
                0, 
                0, 
                0, 
                0, 
                0, 
                0, 
                0, 
                0, 
                0, 
                0, 
                0, 
                0, 
                0, 
                0, 
                0, 
                0, 
                0, 
                0, 
                0, 
                0, 
                0, 
                0, 
                0, 
                0, 
                0, 
                0, 
                50
            ]
        }, 
        "scale": {
            "max": 3.0, 
            "max_ratio": 1.0, 
            "min": 1.0
        }, 
        "type": "numerical", 
        "per_cluster": [
            {
                "max": 1.0, 
                "max_ratio": 1.0, 
                "percentile75": 1.0, 
                "percentile25": 1.0, 
                "total_no_nan": 27, 
                "total": 27, 
                "std": 0.0, 
                "min": 1.0, 
                "percentile91": 1.0, 
                "median": 1.0, 
                "cluster_name": "cluster_0", 
                "percentile9": 1.0, 
                "distribution": [
                    27, 
                    0, 
                    0, 
                    0, 
                    0, 
                    0, 
                    0, 
                    0, 
                    0, 
                    0, 
                    0, 
                    0, 
                    0, 
                    0, 
                    0, 
                    0, 
                    0, 
                    0, 
                    0, 
                    0, 
                    0, 
                    0, 
                    0, 
                    0, 
                    0, 
                    0, 
                    0, 
                    0, 
                    0, 
                    0, 
                    0, 
                    0, 
                    0, 
                    0, 
                    0, 
                    0, 
                    0, 
                    0, 
                    0, 
                    0, 
                    0, 
                    0, 
                    0, 
                    0, 
                    0, 
                    0, 
                    0, 
                    0, 
                    0, 
                    0, 
                    0, 
                    0, 
                    0, 
                    0, 
                    0, 
                    0, 
                    0, 
                    0, 
                    0, 
                    0
                ]
            }, 
            {
                "max": 3.0, 
                "max_ratio": 1.0, 
                "percentile75": 3.0, 
                "percentile25": 3.0, 
                "total_no_nan": 50, 
                "total": 50, 
                "std": 0.0, 
                "min": 3.0, 
                "percentile91": 3.0, 
                "median": 3.0, 
                "cluster_name": "cluster_1", 
                "percentile9": 3.0, 
                "distribution": [
                    0, 
                    0, 
                    0, 
                    0, 
                    0, 
                    0, 
                    0, 
                    0, 
                    0, 
                    0, 
                    0, 
                    0, 
                    0, 
                    0, 
                    0, 
                    0, 
                    0, 
                    0, 
                    0, 
                    0, 
                    0, 
                    0, 
                    0, 
                    0, 
                    0, 
                    0, 
                    0, 
                    0, 
                    0, 
                    0, 
                    0, 
                    0, 
                    0, 
                    0, 
                    0, 
                    0, 
                    0, 
                    0, 
                    0, 
                    0, 
                    0, 
                    0, 
                    0, 
                    0, 
                    0, 
                    0, 
                    0, 
                    0, 
                    0, 
                    0, 
                    0, 
                    0, 
                    0, 
                    0, 
                    0, 
                    0, 
                    0, 
                    0, 
                    0, 
                    50
                ]
            }, 
            {
                "max": 2.0, 
                "max_ratio": 1.0, 
                "percentile75": 2.0, 
                "percentile25": 2.0, 
                "total_no_nan": 23, 
                "total": 23, 
                "std": 0.0, 
                "min": 2.0, 
                "percentile91": 2.0, 
                "median": 2.0, 
                "cluster_name": "cluster_2", 
                "percentile9": 2.0, 
                "distribution": [
                    0, 
                    0, 
                    0, 
                    0, 
                    0, 
                    0, 
                    0, 
                    0, 
                    0, 
                    0, 
                    0, 
                    0, 
                    0, 
                    0, 
                    0, 
                    0, 
                    0, 
                    0, 
                    0, 
                    0, 
                    0, 
                    0, 
                    0, 
                    0, 
                    0, 
                    0, 
                    0, 
                    0, 
                    0, 
                    0, 
                    23, 
                    0, 
                    0, 
                    0, 
                    0, 
                    0, 
                    0, 
                    0, 
                    0, 
                    0, 
                    0, 
                    0, 
                    0, 
                    0, 
                    0, 
                    0, 
                    0, 
                    0, 
                    0, 
                    0, 
                    0, 
                    0, 
                    0, 
                    0, 
                    0, 
                    0, 
                    0, 
                    0, 
                    0, 
                    0
                ]
            }, 
            {
                "max": 1.0, 
                "max_ratio": 1.0, 
                "percentile75": 1.0, 
                "percentile25": 1.0, 
                "total_no_nan": 23, 
                "total": 23, 
                "std": 0.0, 
                "min": 1.0, 
                "percentile91": 1.0, 
                "median": 1.0, 
                "cluster_name": "cluster_3", 
                "percentile9": 1.0, 
                "distribution": [
                    23, 
                    0, 
                    0, 
                    0, 
                    0, 
                    0, 
                    0, 
                    0, 
                    0, 
                    0, 
                    0, 
                    0, 
                    0, 
                    0, 
                    0, 
                    0, 
                    0, 
                    0, 
                    0, 
                    0, 
                    0, 
                    0, 
                    0, 
                    0, 
                    0, 
                    0, 
                    0, 
                    0, 
                    0, 
                    0, 
                    0, 
                    0, 
                    0, 
                    0, 
                    0, 
                    0, 
                    0, 
                    0, 
                    0, 
                    0, 
                    0, 
                    0, 
                    0, 
                    0, 
                    0, 
                    0, 
                    0, 
                    0, 
                    0, 
                    0, 
                    0, 
                    0, 
                    0, 
                    0, 
                    0, 
                    0, 
                    0, 
                    0, 
                    0, 
                    0
                ]
            }, 
            {
                "max": 2.0, 
                "max_ratio": 1.0, 
                "percentile75": 2.0, 
                "percentile25": 2.0, 
                "total_no_nan": 27, 
                "total": 27, 
                "std": 0.0, 
                "min": 2.0, 
                "percentile91": 2.0, 
                "median": 2.0, 
                "cluster_name": "cluster_4", 
                "percentile9": 2.0, 
                "distribution": [
                    0, 
                    0, 
                    0, 
                    0, 
                    0, 
                    0, 
                    0, 
                    0, 
                    0, 
                    0, 
                    0, 
                    0, 
                    0, 
                    0, 
                    0, 
                    0, 
                    0, 
                    0, 
                    0, 
                    0, 
                    0, 
                    0, 
                    0, 
                    0, 
                    0, 
                    0, 
                    0, 
                    0, 
                    0, 
                    0, 
                    27, 
                    0, 
                    0, 
                    0, 
                    0, 
                    0, 
                    0, 
                    0, 
                    0, 
                    0, 
                    0, 
                    0, 
                    0, 
                    0, 
                    0, 
                    0, 
                    0, 
                    0, 
                    0, 
                    0, 
                    0, 
                    0, 
                    0, 
                    0, 
                    0, 
                    0, 
                    0, 
                    0, 
                    0, 
                    0
                ]
            }
        ]
    }, 
    {
        "variable": "PetalWidthCm", 
        "global": {
            "max": 2.5, 
            "max_ratio": 0.18666666666666668, 
            "percentile75": 1.8, 
            "percentile25": 0.3, 
            "total_no_nan": 150, 
            "total": 150, 
            "std": 0.76061261858817164, 
            "min": 0.10000000000000001, 
            "percentile91": 2.2589999999999995, 
            "median": 1.3, 
            "percentile9": 0.2, 
            "distribution": [
                6, 
                0, 
                28, 
                0, 
                7, 
                0, 
                0, 
                7, 
                0, 
                0, 
                1, 
                0, 
                1, 
                0, 
                0, 
                0, 
                0, 
                0, 
                0, 
                0, 
                0, 
                0, 
                7, 
                0, 
                0, 
                3, 
                0, 
                5, 
                0, 
                0, 
                13, 
                0, 
                8, 
                0, 
                12, 
                0, 
                0, 
                4, 
                0, 
                2, 
                0, 
                0, 
                12, 
                0, 
                5, 
                0, 
                0, 
                6, 
                0, 
                0, 
                6, 
                0, 
                3, 
                0, 
                8, 
                0, 
                0, 
                3, 
                0, 
                3
            ]
        }, 
        "scale": {
            "max": 2.5, 
            "max_ratio": 0.60869565217391308, 
            "min": 0.1
        }, 
        "type": "numerical", 
        "per_cluster": [
            {
                "max": 0.59999999999999998, 
                "max_ratio": 0.51851851851851849, 
                "percentile75": 0.4, 
                "percentile25": 0.2, 
                "total_no_nan": 27, 
                "total": 27, 
                "std": 0.10999438818457406, 
                "min": 0.10000000000000001, 
                "percentile91": 0.4, 
                "median": 0.2, 
                "cluster_name": "cluster_0", 
                "percentile9": 0.2, 
                "distribution": [
                    1, 
                    0, 
                    14, 
                    0, 
                    4, 
                    0, 
                    0, 
                    7, 
                    0, 
                    0, 
                    0, 
                    0, 
                    1, 
                    0, 
                    0, 
                    0, 
                    0, 
                    0, 
                    0, 
                    0, 
                    0, 
                    0, 
                    0, 
                    0, 
                    0, 
                    0, 
                    0, 
                    0, 
                    0, 
                    0, 
                    0, 
                    0, 
                    0, 
                    0, 
                    0, 
                    0, 
                    0, 
                    0, 
                    0, 
                    0, 
                    0, 
                    0, 
                    0, 
                    0, 
                    0, 
                    0, 
                    0, 
                    0, 
                    0, 
                    0, 
                    0, 
                    0, 
                    0, 
                    0, 
                    0, 
                    0, 
                    0, 
                    0, 
                    0, 
                    0
                ]
            }, 
            {
                "max": 1.8, 
                "max_ratio": 0.26000000000000001, 
                "percentile75": 1.5, 
                "percentile25": 1.2, 
                "total_no_nan": 50, 
                "total": 50, 
                "std": 0.19576516544063705, 
                "min": 1.0, 
                "percentile91": 1.5589999999999997, 
                "median": 1.3, 
                "cluster_name": "cluster_1", 
                "percentile9": 1.0, 
                "distribution": [
                    0, 
                    0, 
                    0, 
                    0, 
                    0, 
                    0, 
                    0, 
                    0, 
                    0, 
                    0, 
                    0, 
                    0, 
                    0, 
                    0, 
                    0, 
                    0, 
                    0, 
                    0, 
                    0, 
                    0, 
                    0, 
                    0, 
                    7, 
                    0, 
                    0, 
                    3, 
                    0, 
                    5, 
                    0, 
                    0, 
                    13, 
                    0, 
                    7, 
                    0, 
                    10, 
                    0, 
                    0, 
                    3, 
                    0, 
                    1, 
                    0, 
                    0, 
                    1, 
                    0, 
                    0, 
                    0, 
                    0, 
                    0, 
                    0, 
                    0, 
                    0, 
                    0, 
                    0, 
                    0, 
                    0, 
                    0, 
                    0, 
                    0, 
                    0, 
                    0
                ]
            }, 
            {
                "max": 2.3999999999999999, 
                "max_ratio": 0.39130434782608697, 
                "percentile75": 1.9499999999999997, 
                "percentile25": 1.8, 
                "total_no_nan": 23, 
                "total": 23, 
                "std": 0.21441440010326879, 
                "min": 1.3999999999999999, 
                "percentile91": 2.102, 
                "median": 1.8, 
                "cluster_name": "cluster_2", 
                "percentile9": 1.5, 
                "distribution": [
                    0, 
                    0, 
                    0, 
                    0, 
                    0, 
                    0, 
                    0, 
                    0, 
                    0, 
                    0, 
                    0, 
                    0, 
                    0, 
                    0, 
                    0, 
                    0, 
                    0, 
                    0, 
                    0, 
                    0, 
                    0, 
                    0, 
                    0, 
                    0, 
                    0, 
                    0, 
                    0, 
                    0, 
                    0, 
                    0, 
                    0, 
                    0, 
                    1, 
                    0, 
                    2, 
                    0, 
                    0, 
                    0, 
                    0, 
                    1, 
                    0, 
                    0, 
                    9, 
                    0, 
                    4, 
                    0, 
                    0, 
                    3, 
                    0, 
                    0, 
                    1, 
                    0, 
                    1, 
                    0, 
                    0, 
                    0, 
                    0, 
                    1, 
                    0, 
                    0
                ]
            }, 
            {
                "max": 0.5, 
                "max_ratio": 0.60869565217391308, 
                "percentile75": 0.2, 
                "percentile25": 0.2, 
                "total_no_nan": 23, 
                "total": 23, 
                "std": 0.085862685470136937, 
                "min": 0.10000000000000001, 
                "percentile91": 0.3, 
                "median": 0.2, 
                "cluster_name": "cluster_3", 
                "percentile9": 0.1, 
                "distribution": [
                    5, 
                    0, 
                    14, 
                    0, 
                    3, 
                    0, 
                    0, 
                    0, 
                    0, 
                    0, 
                    1, 
                    0, 
                    0, 
                    0, 
                    0, 
                    0, 
                    0, 
                    0, 
                    0, 
                    0, 
                    0, 
                    0, 
                    0, 
                    0, 
                    0, 
                    0, 
                    0, 
                    0, 
                    0, 
                    0, 
                    0, 
                    0, 
                    0, 
                    0, 
                    0, 
                    0, 
                    0, 
                    0, 
                    0, 
                    0, 
                    0, 
                    0, 
                    0, 
                    0, 
                    0, 
                    0, 
                    0, 
                    0, 
                    0, 
                    0, 
                    0, 
                    0, 
                    0, 
                    0, 
                    0, 
                    0, 
                    0, 
                    0, 
                    0, 
                    0
                ]
            }, 
            {
                "max": 2.5, 
                "max_ratio": 0.29629629629629628, 
                "percentile75": 2.3, 
                "percentile25": 2.05, 
                "total_no_nan": 27, 
                "total": 27, 
                "std": 0.22376011062212167, 
                "min": 1.6000000000000001, 
                "percentile91": 2.4659999999999997, 
                "median": 2.2, 
                "cluster_name": "cluster_4", 
                "percentile9": 1.834, 
                "distribution": [
                    0, 
                    0, 
                    0, 
                    0, 
                    0, 
                    0, 
                    0, 
                    0, 
                    0, 
                    0, 
                    0, 
                    0, 
                    0, 
                    0, 
                    0, 
                    0, 
                    0, 
                    0, 
                    0, 
                    0, 
                    0, 
                    0, 
                    0, 
                    0, 
                    0, 
                    0, 
                    0, 
                    0, 
                    0, 
                    0, 
                    0, 
                    0, 
                    0, 
                    0, 
                    0, 
                    0, 
                    0, 
                    1, 
                    0, 
                    0, 
                    0, 
                    0, 
                    2, 
                    0, 
                    1, 
                    0, 
                    0, 
                    3, 
                    0, 
                    0, 
                    5, 
                    0, 
                    2, 
                    0, 
                    8, 
                    0, 
                    0, 
                    2, 
                    0, 
                    3
                ]
            }
        ]
    }, 
    {
        "variable": "SepalWidthCm", 
        "global": {
            "max": 4.4000000000000004, 
            "max_ratio": 0.17333333333333334, 
            "percentile75": 3.3, 
            "percentile25": 2.8, 
            "total_no_nan": 150, 
            "total": 150, 
            "std": 0.43214658007054352, 
            "min": 2.0, 
            "percentile91": 3.7, 
            "median": 3.0, 
            "percentile9": 2.5, 
            "distribution": [
                1, 
                0, 
                0, 
                0, 
                0, 
                3, 
                0, 
                4, 
                0, 
                0, 
                3, 
                0, 
                8, 
                0, 
                0, 
                5, 
                0, 
                9, 
                0, 
                14, 
                0, 
                0, 
                10, 
                0, 
                0, 
                26, 
                0, 
                12, 
                0, 
                0, 
                13, 
                0, 
                6, 
                0, 
                12, 
                0, 
                0, 
                6, 
                0, 
                3, 
                0, 
                0, 
                3, 
                0, 
                6, 
                0, 
                0, 
                2, 
                0, 
                0, 
                1, 
                0, 
                1, 
                0, 
                1, 
                0, 
                0, 
                0, 
                0, 
                1
            ]
        }, 
        "scale": {
            "max": 4.4, 
            "max_ratio": 0.2608695652173913, 
            "min": 2.0
        }, 
        "type": "numerical", 
        "per_cluster": [
            {
                "max": 4.4000000000000004, 
                "max_ratio": 0.22222222222222221, 
                "percentile75": 3.8, 
                "percentile25": 3.5, 
                "total_no_nan": 27, 
                "total": 27, 
                "std": 0.26532584723810843, 
                "min": 3.3999999999999999, 
                "percentile91": 4.066, 
                "median": 3.6, 
                "cluster_name": "cluster_0", 
                "percentile9": 3.4, 
                "distribution": [
                    0, 
                    0, 
                    0, 
                    0, 
                    0, 
                    0, 
                    0, 
                    0, 
                    0, 
                    0, 
                    0, 
                    0, 
                    0, 
                    0, 
                    0, 
                    0, 
                    0, 
                    0, 
                    0, 
                    0, 
                    0, 
                    0, 
                    0, 
                    0, 
                    0, 
                    0, 
                    0, 
                    0, 
                    0, 
                    0, 
                    0, 
                    0, 
                    0, 
                    0, 
                    6, 
                    0, 
                    0, 
                    6, 
                    0, 
                    2, 
                    0, 
                    0, 
                    3, 
                    0, 
                    4, 
                    0, 
                    0, 
                    2, 
                    0, 
                    0, 
                    1, 
                    0, 
                    1, 
                    0, 
                    1, 
                    0, 
                    0, 
                    0, 
                    0, 
                    1
                ]
            }, 
            {
                "max": 3.3999999999999999, 
                "max_ratio": 0.16, 
                "percentile75": 3.0, 
                "percentile25": 2.525, 
                "total_no_nan": 50, 
                "total": 50, 
                "std": 0.31064449134018135, 
                "min": 2.0, 
                "percentile91": 3.159, 
                "median": 2.8, 
                "cluster_name": "cluster_1", 
                "percentile9": 2.3, 
                "distribution": [
                    1, 
                    0, 
                    0, 
                    0, 
                    0, 
                    2, 
                    0, 
                    3, 
                    0, 
                    0, 
                    3, 
                    0, 
                    4, 
                    0, 
                    0, 
                    3, 
                    0, 
                    5, 
                    0, 
                    6, 
                    0, 
                    0, 
                    7, 
                    0, 
                    0, 
                    8, 
                    0, 
                    3, 
                    0, 
                    0, 
                    3, 
                    0, 
                    1, 
                    0, 
                    1, 
                    0, 
                    0, 
                    0, 
                    0, 
                    0, 
                    0, 
                    0, 
                    0, 
                    0, 
                    0, 
                    0, 
                    0, 
                    0, 
                    0, 
                    0, 
                    0, 
                    0, 
                    0, 
                    0, 
                    0, 
                    0, 
                    0, 
                    0, 
                    0, 
                    0
                ]
            }, 
            {
                "max": 3.1000000000000001, 
                "max_ratio": 0.2608695652173913, 
                "percentile75": 2.9499999999999997, 
                "percentile25": 2.65, 
                "total_no_nan": 23, 
                "total": 23, 
                "std": 0.21432621815419539, 
                "min": 2.2000000000000002, 
                "percentile91": 3.0, 
                "median": 2.8, 
                "cluster_name": "cluster_2", 
                "percentile9": 2.5, 
                "distribution": [
                    0, 
                    0, 
                    0, 
                    0, 
                    0, 
                    1, 
                    0, 
                    0, 
                    0, 
                    0, 
                    0, 
                    0, 
                    4, 
                    0, 
                    0, 
                    1, 
                    0, 
                    4, 
                    0, 
                    6, 
                    0, 
                    0, 
                    1, 
                    0, 
                    0, 
                    5, 
                    0, 
                    1, 
                    0, 
                    0, 
                    0, 
                    0, 
                    0, 
                    0, 
                    0, 
                    0, 
                    0, 
                    0, 
                    0, 
                    0, 
                    0, 
                    0, 
                    0, 
                    0, 
                    0, 
                    0, 
                    0, 
                    0, 
                    0, 
                    0, 
                    0, 
                    0, 
                    0, 
                    0, 
                    0, 
                    0, 
                    0, 
                    0, 
                    0, 
                    0
                ]
            }, 
            {
                "max": 3.3999999999999999, 
                "max_ratio": 0.2608695652173913, 
                "percentile75": 3.2, 
                "percentile25": 3.0, 
                "total_no_nan": 23, 
                "total": 23, 
                "std": 0.22246258792114837, 
                "min": 2.2999999999999998, 
                "percentile91": 3.4, 
                "median": 3.1, 
                "cluster_name": "cluster_3", 
                "percentile9": 2.9979999999999998, 
                "distribution": [
                    0, 
                    0, 
                    0, 
                    0, 
                    0, 
                    0, 
                    0, 
                    1, 
                    0, 
                    0, 
                    0, 
                    0, 
                    0, 
                    0, 
                    0, 
                    0, 
                    0, 
                    0, 
                    0, 
                    0, 
                    0, 
                    0, 
                    1, 
                    0, 
                    0, 
                    6, 
                    0, 
                    5, 
                    0, 
                    0, 
                    5, 
                    0, 
                    2, 
                    0, 
                    3, 
                    0, 
                    0, 
                    0, 
                    0, 
                    0, 
                    0, 
                    0, 
                    0, 
                    0, 
                    0, 
                    0, 
                    0, 
                    0, 
                    0, 
                    0, 
                    0, 
                    0, 
                    0, 
                    0, 
                    0, 
                    0, 
                    0, 
                    0, 
                    0, 
                    0
                ]
            }, 
            {
                "max": 3.7999999999999998, 
                "max_ratio": 0.25925925925925924, 
                "percentile75": 3.3, 
                "percentile25": 3.0, 
                "total_no_nan": 27, 
                "total": 27, 
                "std": 0.27387380070127632, 
                "min": 2.6000000000000001, 
                "percentile91": 3.532, 
                "median": 3.1, 
                "cluster_name": "cluster_4", 
                "percentile9": 2.8339999999999996, 
                "distribution": [
                    0, 
                    0, 
                    0, 
                    0, 
                    0, 
                    0, 
                    0, 
                    0, 
                    0, 
                    0, 
                    0, 
                    0, 
                    0, 
                    0, 
                    0, 
                    1, 
                    0, 
                    0, 
                    0, 
                    2, 
                    0, 
                    0, 
                    1, 
                    0, 
                    0, 
                    7, 
                    0, 
                    3, 
                    0, 
                    0, 
                    5, 
                    0, 
                    3, 
                    0, 
                    2, 
                    0, 
                    0, 
                    0, 
                    0, 
                    1, 
                    0, 
                    0, 
                    0, 
                    0, 
                    2, 
                    0, 
                    0, 
                    0, 
                    0, 
                    0, 
                    0, 
                    0, 
                    0, 
                    0, 
                    0, 
                    0, 
                    0, 
                    0, 
                    0, 
                    0
                ]
            }
        ]
    }, 
    {
        "variable": "Species", 
        "global": {
            "total": 150, 
            "distribution": [
                {
                    "ratio": 0.33333333333333331, 
                    "total_no_nan": 50, 
                    "label": "Iris-virginica"
                }, 
                {
                    "ratio": 0.33333333333333331, 
                    "total_no_nan": 50, 
                    "label": "Iris-setosa"
                }, 
                {
                    "ratio": 0.33333333333333331, 
                    "total_no_nan": 50, 
                    "label": "Iris-versicolor"
                }, 
                {
                    "ratio": 0.0, 
                    "total_no_nan": 0, 
                    "label": null
                }
            ], 
            "max_ratio": 0.33333333333333331, 
            "total_no_nan": 150
        }, 
        "type": "categorical", 
        "per_cluster": [
            {
                "total": 27, 
                "cluster_name": "cluster_0", 
                "distribution": [
                    {
                        "ratio": 0.0, 
                        "total_no_nan": 0, 
                        "label": "Iris-virginica"
                    }, 
                    {
                        "ratio": 1.0, 
                        "total_no_nan": 27, 
                        "label": "Iris-setosa"
                    }, 
                    {
                        "ratio": 0.0, 
                        "total_no_nan": 0, 
                        "label": "Iris-versicolor"
                    }, 
                    {
                        "ratio": 0.0, 
                        "total_no_nan": 0, 
                        "label": null
                    }
                ], 
                "max_ratio": 1.0, 
                "total_no_nan": 27
            }, 
            {
                "total": 50, 
                "cluster_name": "cluster_1", 
                "distribution": [
                    {
                        "ratio": 0.0, 
                        "total_no_nan": 0, 
                        "label": "Iris-virginica"
                    }, 
                    {
                        "ratio": 0.0, 
                        "total_no_nan": 0, 
                        "label": "Iris-setosa"
                    }, 
                    {
                        "ratio": 1.0, 
                        "total_no_nan": 50, 
                        "label": "Iris-versicolor"
                    }, 
                    {
                        "ratio": 0.0, 
                        "total_no_nan": 0, 
                        "label": null
                    }
                ], 
                "max_ratio": 1.0, 
                "total_no_nan": 50
            }, 
            {
                "total": 23, 
                "cluster_name": "cluster_2", 
                "distribution": [
                    {
                        "ratio": 1.0, 
                        "total_no_nan": 23, 
                        "label": "Iris-virginica"
                    }, 
                    {
                        "ratio": 0.0, 
                        "total_no_nan": 0, 
                        "label": "Iris-setosa"
                    }, 
                    {
                        "ratio": 0.0, 
                        "total_no_nan": 0, 
                        "label": "Iris-versicolor"
                    }, 
                    {
                        "ratio": 0.0, 
                        "total_no_nan": 0, 
                        "label": null
                    }
                ], 
                "max_ratio": 1.0, 
                "total_no_nan": 23
            }, 
            {
                "total": 23, 
                "cluster_name": "cluster_3", 
                "distribution": [
                    {
                        "ratio": 0.0, 
                        "total_no_nan": 0, 
                        "label": "Iris-virginica"
                    }, 
                    {
                        "ratio": 1.0, 
                        "total_no_nan": 23, 
                        "label": "Iris-setosa"
                    }, 
                    {
                        "ratio": 0.0, 
                        "total_no_nan": 0, 
                        "label": "Iris-versicolor"
                    }, 
                    {
                        "ratio": 0.0, 
                        "total_no_nan": 0, 
                        "label": null
                    }
                ], 
                "max_ratio": 1.0, 
                "total_no_nan": 23
            }, 
            {
                "total": 27, 
                "cluster_name": "cluster_4", 
                "distribution": [
                    {
                        "ratio": 1.0, 
                        "total_no_nan": 27, 
                        "label": "Iris-virginica"
                    }, 
                    {
                        "ratio": 0.0, 
                        "total_no_nan": 0, 
                        "label": "Iris-setosa"
                    }, 
                    {
                        "ratio": 0.0, 
                        "total_no_nan": 0, 
                        "label": "Iris-versicolor"
                    }, 
                    {
                        "ratio": 0.0, 
                        "total_no_nan": 0, 
                        "label": null
                    }
                ], 
                "max_ratio": 1.0, 
                "total_no_nan": 27
            }
        ], 
        "scale": {
            "max_ratio": 1.0, 
            "categories": [
                "Iris-virginica", 
                "Iris-setosa", 
                "Iris-versicolor", 
                null
            ]
        }
    }
]