{
  "inputDatasetSmartName": "train",
  "script": {
    "steps": [
      {
        "type": "ColumnsSelector",
        "params": {
          "keep": false,
          "appliesTo": "COLUMNS",
          "columns": [
            "OutcomeSubtype",
            "AnimalID",
            "Name"
          ]
        },
        "metaType": "PROCESSOR",
        "preview": false,
        "disabled": false,
        "alwaysShowComment": false
      },
      {
        "type": "ColumnSplitter",
        "params": {
          "inCol": "SexuponOutcome",
          "separator": " ",
          "outColPrefix": "SexuponOutcome_",
          "keepEmptyChunks": false,
          "target": "COLUMNS",
          "limitOutput": false,
          "limit": 0
        },
        "metaType": "PROCESSOR",
        "preview": false,
        "disabled": false,
        "alwaysShowComment": false
      },
      {
        "type": "ColumnsSelector",
        "params": {
          "keep": false,
          "appliesTo": "SINGLE_COLUMN",
          "columns": [
            "SexuponOutcome"
          ]
        },
        "metaType": "PROCESSOR",
        "preview": false,
        "disabled": false,
        "alwaysShowComment": false
      },
      {
        "type": "ColumnRenamer",
        "params": {
          "renamings": [
            {
              "from": "SexuponOutcome_1",
              "to": "Sex"
            },
            {
              "from": "SexuponOutcome_0",
              "to": "Status"
            }
          ]
        },
        "metaType": "PROCESSOR",
        "preview": false,
        "disabled": false,
        "alwaysShowComment": false
      },
      {
        "type": "ColumnSplitter",
        "params": {
          "inCol": "Breed",
          "separator": "/",
          "outColPrefix": "Breed_",
          "keepEmptyChunks": false,
          "target": "COLUMNS",
          "limitOutput": true,
          "limit": 1,
          "startFrom": "beginning"
        },
        "metaType": "PROCESSOR",
        "preview": false,
        "disabled": false,
        "alwaysShowComment": false
      },
      {
        "type": "ColumnsSelector",
        "params": {
          "keep": false,
          "appliesTo": "SINGLE_COLUMN",
          "columns": [
            "Breed"
          ]
        },
        "metaType": "PROCESSOR",
        "preview": false,
        "disabled": false,
        "alwaysShowComment": false
      },
      {
        "type": "ColumnRenamer",
        "params": {
          "renamings": [
            {
              "from": "Breed_0",
              "to": "Breed"
            }
          ]
        },
        "metaType": "PROCESSOR",
        "preview": false,
        "disabled": false,
        "alwaysShowComment": false
      },
      {
        "type": "ColumnSplitter",
        "params": {
          "inCol": "Color",
          "separator": "/",
          "outColPrefix": "Color_",
          "keepEmptyChunks": false,
          "target": "COLUMNS",
          "limitOutput": true,
          "limit": 1,
          "startFrom": "beginning"
        },
        "metaType": "PROCESSOR",
        "preview": false,
        "disabled": false,
        "alwaysShowComment": false
      },
      {
        "type": "ColumnsSelector",
        "params": {
          "keep": false,
          "appliesTo": "SINGLE_COLUMN",
          "columns": [
            "Color"
          ]
        },
        "metaType": "PROCESSOR",
        "preview": false,
        "disabled": false,
        "alwaysShowComment": false
      },
      {
        "type": "ColumnRenamer",
        "params": {
          "renamings": [
            {
              "from": "Color_0",
              "to": "Color"
            }
          ]
        },
        "metaType": "PROCESSOR",
        "preview": false,
        "disabled": false,
        "alwaysShowComment": false
      },
      {
        "type": "DateParser",
        "params": {
          "outCol": "DateTime_parsed",
          "lang": "auto",
          "timezone_id": "UTC",
          "formats": [
            "yyyy-MM-dd HH:mm:ss"
          ],
          "appliesTo": "SINGLE_COLUMN",
          "columns": [
            "DateTime"
          ]
        },
        "metaType": "PROCESSOR",
        "preview": false,
        "disabled": false,
        "alwaysShowComment": false
      },
      {
        "type": "DateComponentsExtractor",
        "params": {
          "column": "DateTime_parsed",
          "outYearColumn": "Year",
          "outMonthColumn": "Month",
          "outDayColumn": "",
          "outDayOfWeekColumn": "DayofWeek",
          "outHourColumn": "Hour",
          "timezone_id": "UTC"
        },
        "metaType": "PROCESSOR",
        "preview": false,
        "disabled": false,
        "alwaysShowComment": false
      },
      {
        "type": "ColumnsSelector",
        "params": {
          "keep": false,
          "appliesTo": "SINGLE_COLUMN",
          "columns": [
            "DateTime"
          ]
        },
        "metaType": "PROCESSOR",
        "preview": false,
        "disabled": false,
        "alwaysShowComment": false
      },
      {
        "type": "ColumnRenamer",
        "params": {
          "renamings": [
            {
              "from": "DateTime_parsed",
              "to": "DateTime"
            }
          ]
        },
        "metaType": "PROCESSOR",
        "preview": false,
        "disabled": false,
        "alwaysShowComment": false
      },
      {
        "type": "ColumnSplitter",
        "params": {
          "inCol": "AgeuponOutcome",
          "separator": " ",
          "outColPrefix": "AgeuponOutcome_",
          "keepEmptyChunks": false,
          "target": "COLUMNS",
          "limitOutput": false,
          "limit": 0
        },
        "metaType": "PROCESSOR",
        "preview": false,
        "disabled": false,
        "alwaysShowComment": false
      },
      {
        "type": "ColumnRenamer",
        "params": {
          "renamings": [
            {
              "from": "AgeuponOutcome_0",
              "to": "TimeValue"
            },
            {
              "from": "AgeuponOutcome_1",
              "to": "UnitValue"
            }
          ]
        },
        "metaType": "PROCESSOR",
        "preview": false,
        "disabled": false,
        "alwaysShowComment": false
      },
      {
        "type": "FindReplace",
        "params": {
          "output": "UnitValue",
          "normalization": "EXACT",
          "matching": "SUBSTRING",
          "stopAfterFirstMatch": false,
          "mapping": [
            {
              "from": "s"
            }
          ],
          "appliesTo": "SINGLE_COLUMN",
          "columns": [
            "UnitValue"
          ]
        },
        "metaType": "PROCESSOR",
        "preview": false,
        "disabled": false,
        "alwaysShowComment": false
      },
      {
        "type": "CreateColumnWithGREL",
        "params": {
          "column": "Multiplier",
          "expression": "if(UnitValue \u003d\u003d \u0027day\u0027, 1,\n if(UnitValue \u003d\u003d \u0027week\u0027, 7, if(UnitValue \u003d\u003d \u0027month\u0027, 30, if(UnitValue \u003d\u003d \u0027year\u0027, 365, NA))))"
        },
        "metaType": "PROCESSOR",
        "preview": false,
        "disabled": false,
        "alwaysShowComment": false
      },
      {
        "type": "CreateColumnWithGREL",
        "params": {
          "column": "Age",
          "expression": "TimeValue*Multiplier"
        },
        "metaType": "PROCESSOR",
        "preview": false,
        "disabled": false,
        "alwaysShowComment": false
      },
      {
        "type": "ColumnsSelector",
        "params": {
          "keep": false,
          "appliesTo": "SINGLE_COLUMN",
          "columns": [
            "AgeuponOutcome"
          ]
        },
        "metaType": "PROCESSOR",
        "preview": false,
        "disabled": false,
        "alwaysShowComment": false
      }
    ],
    "tags": [],
    "columnsSelection": {
      "mode": "ALL"
    },
    "coloring": {
      "scheme": "MEANING_AND_STATUS",
      "individualColumns": [],
      "valueColoringMode": "HASH"
    },
    "analysisColumnData": {},
    "explorationSampling": {
      "selection": {
        "samplingMethod": "HEAD_SEQUENTIAL",
        "partitionSelectionMethod": "ALL",
        "maxRecords": 10000,
        "targetRatio": 0.02
      },
      "autoRefreshSample": false,
      "_refreshTrigger": 0
    },
    "vizSampling": {
      "autoRefreshSample": false,
      "_refreshTrigger": 0
    },
    "exploreUIParams": {
      "autoRefresh": true
    },
    "globalSearchQuery": "",
    "explorationFilters": [],
    "previewMode": "ALL_ROWS",
    "charts": [],
    "chartsEngine": "LINO"
  },
  "versionTag": {
    "versionNumber": 1,
    "lastModifiedBy": {
      "login": "admin",
      "displayName": "feuyang tekeu vanessa"
    },
    "lastModifiedOn": 1493889228921
  },
  "creationTag": {
    "versionNumber": 0,
    "lastModifiedBy": {
      "login": "admin",
      "displayName": "feuyang tekeu vanessa"
    },
    "lastModifiedOn": 1493888136079
  },
  "name": "Analyze train",
  "tags": [],
  "checklists": {
    "checklists": []
  }
}