{
    "gridSize": 12, 
    "nThreads": 4, 
    "metric": "R2", 
    "gridPoints": [
        {
            "index": 0, 
            "finishedAt": 1523111924492.0, 
            "score": 0.46420150435435603, 
            "parameters": {
                "max_features": "auto", 
                "min_samples_split": 3, 
                "n_estimators": 100, 
                "max_depth": 5, 
                "min_samples_leaf": 1
            }, 
            "time": 145376.0
        }, 
        {
            "index": 1, 
            "finishedAt": 1523112025076.0, 
            "score": 0.43872086101898977, 
            "parameters": {
                "max_features": "auto", 
                "min_samples_split": 3, 
                "n_estimators": 100, 
                "max_depth": 10, 
                "min_samples_leaf": 1
            }, 
            "time": 278590.0
        }, 
        {
            "index": 2, 
            "finishedAt": 1523112154960.0, 
            "score": 0.42686822005707975, 
            "parameters": {
                "max_features": "auto", 
                "min_samples_split": 3, 
                "n_estimators": 100, 
                "max_depth": 15, 
                "min_samples_leaf": 1
            }, 
            "time": 395188.0
        }, 
        {
            "index": 3, 
            "finishedAt": 1523112249411.0, 
            "score": 0.42050476673199144, 
            "parameters": {
                "max_features": "auto", 
                "min_samples_split": 3, 
                "n_estimators": 100, 
                "max_depth": 20, 
                "min_samples_leaf": 1
            }, 
            "time": 482519.0
        }, 
        {
            "index": 4, 
            "finishedAt": 1523112260382.0, 
            "score": 0.39113668086772202, 
            "parameters": {
                "max_features": "auto", 
                "min_samples_split": 30, 
                "n_estimators": 100, 
                "max_depth": 5, 
                "min_samples_leaf": 10
            }, 
            "time": 157838.0
        }, 
        {
            "index": 5, 
            "finishedAt": 1523112349621.0, 
            "score": 0.38331012895934791, 
            "parameters": {
                "max_features": "auto", 
                "min_samples_split": 30, 
                "n_estimators": 100, 
                "max_depth": 10, 
                "min_samples_leaf": 10
            }, 
            "time": 276423.0
        }, 
        {
            "index": 6, 
            "finishedAt": 1523112449817.0, 
            "score": 0.38013742120663585, 
            "parameters": {
                "max_features": "auto", 
                "min_samples_split": 30, 
                "n_estimators": 100, 
                "max_depth": 15, 
                "min_samples_leaf": 10
            }, 
            "time": 357050.0
        }, 
        {
            "index": 7, 
            "finishedAt": 1523112533191.0, 
            "score": 0.37921682842217413, 
            "parameters": {
                "max_features": "auto", 
                "min_samples_split": 30, 
                "n_estimators": 100, 
                "max_depth": 20, 
                "min_samples_leaf": 10
            }, 
            "time": 324553.0
        }, 
        {
            "index": 8, 
            "finishedAt": 1523112532737.0, 
            "score": 0.28958171885588119, 
            "parameters": {
                "max_features": "auto", 
                "min_samples_split": 300, 
                "n_estimators": 100, 
                "max_depth": 5, 
                "min_samples_leaf": 100
            }, 
            "time": 123063.0
        }, 
        {
            "index": 9, 
            "finishedAt": 1523112615209.0, 
            "score": 0.28895958664124416, 
            "parameters": {
                "max_features": "auto", 
                "min_samples_split": 300, 
                "n_estimators": 100, 
                "max_depth": 10, 
                "min_samples_leaf": 100
            }, 
            "time": 220761.0
        }, 
        {
            "index": 10, 
            "finishedAt": 1523112678219.0, 
            "score": 0.2889339736288784, 
            "parameters": {
                "max_features": "auto", 
                "min_samples_split": 300, 
                "n_estimators": 100, 
                "max_depth": 15, 
                "min_samples_leaf": 100
            }, 
            "time": 292750.0
        }, 
        {
            "index": 11, 
            "finishedAt": 1523112723575.0, 
            "score": 0.28893338802942392, 
            "parameters": {
                "max_features": "auto", 
                "min_samples_split": 300, 
                "n_estimators": 100, 
                "max_depth": 20, 
                "min_samples_leaf": 100
            }, 
            "time": 214474.0
        }
    ], 
    "startedAt": 1523111874173, 
    "nSplits": 3
}