{
    "metrics": {
        "rmse": 5.706993041798648, 
        "pearson": 0.68937655020872024, 
        "mae": 1.1725946044094082, 
        "r2": 0.4656539388203137, 
        "mape": 0.48947471890313593, 
        "mse": 32.569769579138182, 
        "evs": 0.46565593478713596, 
        "rmsle": 0
    }, 
    "scatterPlotData": {
        "y": [
            1.1208, 
            1.2846, 
            1.3051, 
            1.949, 
            2.7175, 
            1.949, 
            3.1338, 
            1.1511, 
            1.8367, 
            1.1208, 
            1.9112, 
            1.3191, 
            1.1208, 
            3.991, 
            1.3827, 
            1.1208, 
            1.1208, 
            1.1208, 
            2.7055, 
            1.1208, 
            1.1208, 
            1.1208, 
            1.1208, 
            1.1208, 
            1.1208, 
            2.071, 
            1.1208, 
            2.3287, 
            7.4125, 
            2.7175, 
            1.3051, 
            4.8342, 
            1.3191, 
            1.1208, 
            1.1275, 
            1.1208, 
            1.1208, 
            1.1208, 
            1.1703, 
            1.312, 
            1.1275, 
            1.1208, 
            1.1208, 
            1.1208, 
            1.3051, 
            1.1511, 
            1.8987, 
            1.1208, 
            1.5995, 
            1.8987, 
            1.1511, 
            1.3827, 
            1.1703, 
            5.3744, 
            1.1511, 
            1.1208, 
            1.1208, 
            1.1654, 
            1.6344, 
            4.5931, 
            3.1338, 
            1.1208, 
            1.1208, 
            6.2412, 
            1.1208, 
            2.806, 
            2.806, 
            2.806, 
            10.7669, 
            1.1703, 
            1.949, 
            1.1703, 
            1.1208, 
            1.1208, 
            1.1208, 
            1.1208, 
            9.9727, 
            1.1208, 
            2.7621, 
            1.124, 
            1.1511, 
            1.3051, 
            1.1208, 
            4.9495, 
            1.7629, 
            1.1208, 
            2.5794, 
            1.1275, 
            1.1208, 
            1.1208, 
            1.1208, 
            1.1208, 
            2.806, 
            7.4125, 
            1.1208, 
            1.124, 
            1.1208, 
            1.949, 
            9.8249, 
            1.1511, 
            3.1163, 
            1.949, 
            1.1275, 
            1.1511, 
            1.1208, 
            1.1208, 
            1.1208, 
            1.1208, 
            1.949, 
            1.6344, 
            5.5714, 
            1.1703, 
            3.2896, 
            1.1208, 
            1.1208, 
            1.1208, 
            1.1208, 
            1.8987, 
            1.1208, 
            1.99, 
            5.3744, 
            7.0336, 
            5.9031, 
            2.7055, 
            1.1208, 
            1.1208, 
            1.1208, 
            2.5794, 
            1.1275, 
            2.0781, 
            1.3827, 
            1.1208, 
            1.5919, 
            1.1208, 
            1.3827, 
            1.1703, 
            3.1163, 
            1.7722, 
            2.7261, 
            1.1208, 
            1.1208, 
            1.1208, 
            1.1511, 
            2.9246, 
            3.1469, 
            1.1275, 
            1.1208, 
            4.8547, 
            1.124, 
            2.5794, 
            3.8815, 
            4.9495, 
            1.8871, 
            1.1208, 
            1.1208, 
            1.1208, 
            1.1208, 
            2.0168, 
            1.1208, 
            1.1208, 
            1.1208, 
            1.1703, 
            1.1511, 
            1.1208, 
            1.1208, 
            1.8481, 
            1.949, 
            1.1208, 
            4.9495, 
            1.1511, 
            1.1208, 
            5.4955, 
            1.1275, 
            2.806, 
            2.071, 
            5.3918, 
            5.3304, 
            1.1208, 
            1.1511, 
            1.8987, 
            19.442, 
            1.1208, 
            36.0631, 
            1.1208, 
            1.5919, 
            1.1703, 
            1.1275, 
            1.1511, 
            1.1208, 
            1.1932, 
            1.1511, 
            4.9495, 
            1.7722, 
            1.7722, 
            2.5794, 
            1.1208, 
            1.3827, 
            2.071, 
            1.3827, 
            1.1275, 
            1.1208, 
            1.1932, 
            1.7722, 
            2.806, 
            1.1703, 
            1.1208, 
            1.1208, 
            3.8815, 
            1.8481, 
            1.3827, 
            1.1703, 
            1.1932, 
            1.6344, 
            1.949, 
            1.1511, 
            3.8815, 
            1.949, 
            1.2846, 
            3.2896, 
            1.99, 
            1.1703, 
            7.0336, 
            6.1998, 
            5.3304, 
            2.071, 
            1.1208, 
            1.1208, 
            2.7175, 
            1.1703, 
            1.1208, 
            1.1703, 
            1.1208, 
            1.124, 
            1.1208, 
            1.949, 
            1.5995, 
            2.071, 
            1.949, 
            1.7722, 
            4.7235, 
            1.949, 
            1.1208, 
            1.3827, 
            1.9112, 
            3.1163, 
            1.3827, 
            1.1703, 
            4.303, 
            1.7722, 
            5.3304, 
            1.1208, 
            1.1208, 
            4.8342, 
            1.3827, 
            2.0882, 
            1.1208, 
            1.1703, 
            1.949, 
            6.1998, 
            9.7334, 
            1.1208, 
            3.3621, 
            1.9112, 
            1.9338, 
            1.1208, 
            1.1208, 
            1.1208, 
            1.8987, 
            2.9855, 
            1.7722, 
            1.124, 
            1.1208, 
            1.1208, 
            1.1208, 
            1.1208, 
            1.3827, 
            1.1208, 
            1.1208, 
            2.071, 
            6.522, 
            2.806, 
            4.9495, 
            1.3051, 
            1.5995, 
            1.1208, 
            1.1208, 
            1.1208, 
            1.1703, 
            1.1654, 
            1.1511, 
            1.7629, 
            1.3827, 
            2.5794, 
            1.1208, 
            1.3827, 
            3.2296, 
            1.1208, 
            1.7629, 
            2.5794, 
            1.1208, 
            1.1208, 
            1.1208, 
            3.0908, 
            2.1158, 
            5.9452, 
            4.5735, 
            1.7722, 
            1.1208, 
            1.1208, 
            2.1911, 
            1.1208, 
            1.949, 
            1.3051, 
            3.8815, 
            3.8457, 
            1.3191, 
            3.1163, 
            1.1654, 
            1.7722, 
            1.8367, 
            1.1208, 
            5.1316, 
            1.1208, 
            1.1208, 
            1.1703, 
            19.2158, 
            1.2043, 
            1.1208, 
            1.1208, 
            1.1275, 
            1.1208, 
            2.806, 
            1.1208, 
            3.1338, 
            3.991, 
            1.1208, 
            1.1208, 
            1.949, 
            1.9829, 
            1.124, 
            1.99, 
            1.1208, 
            1.1208, 
            1.1873, 
            1.949, 
            1.949, 
            1.1932, 
            1.1208, 
            1.1208, 
            1.8987, 
            1.1208, 
            1.2846, 
            1.1511, 
            1.1208, 
            1.1208, 
            1.1511, 
            1.3051, 
            2.806, 
            4.5931, 
            1.9112, 
            1.9112, 
            2.0168, 
            1.1208, 
            1.1654, 
            1.1208, 
            1.1208, 
            1.2846, 
            1.1208, 
            4.4802, 
            1.3827, 
            1.1208, 
            2.846, 
            1.1208, 
            2.071, 
            1.1208, 
            2.1158, 
            1.949, 
            2.071, 
            2.071, 
            5.3304, 
            1.1208, 
            1.1275, 
            1.1932, 
            19.4329, 
            1.949, 
            3.1163, 
            1.1703, 
            2.7055, 
            10.7669, 
            1.1208, 
            3.8815, 
            2.071, 
            1.1208, 
            1.1703, 
            1.1315, 
            5.4955, 
            1.949, 
            1.1208, 
            1.8367, 
            1.1208, 
            2.806, 
            1.7722, 
            3.3766, 
            1.8987, 
            1.1703, 
            1.1208, 
            1.1208, 
            1.1703, 
            1.1208, 
            2.4953, 
            3.2296, 
            35.8639, 
            1.1208, 
            1.1208, 
            1.1208, 
            1.1208, 
            1.1208, 
            1.1208, 
            1.1208, 
            1.1208, 
            2.806, 
            1.3827, 
            2.5794, 
            1.3827, 
            1.1208, 
            1.1208, 
            1.949, 
            1.6344, 
            1.1208, 
            1.3827, 
            2.4953, 
            2.1158, 
            1.5223, 
            1.1208, 
            1.1208, 
            1.1208, 
            1.8481, 
            1.1208, 
            1.147, 
            4.9495, 
            1.1208, 
            1.1703, 
            1.7722, 
            1.1703, 
            1.1208, 
            1.1208, 
            1.1208, 
            1.8987, 
            1.1208, 
            6.9439, 
            1.1208, 
            1.1932, 
            1.9829, 
            2.0882, 
            1.3827, 
            1.1511, 
            1.1208, 
            4.303, 
            1.2846, 
            1.1208, 
            3.8815, 
            2.5794, 
            1.1208, 
            11.189, 
            1.3051, 
            1.3827, 
            1.1208, 
            1.949, 
            1.1208, 
            1.1208, 
            7.4125, 
            1.1511, 
            1.1703, 
            1.4847, 
            1.1208, 
            1.1208, 
            1.1315, 
            1.1208, 
            2.7175, 
            1.1703, 
            2.1158, 
            1.1208, 
            3.8815, 
            3.2896, 
            1.8987, 
            3.1163, 
            1.124, 
            1.3827, 
            1.3827, 
            1.9192, 
            1.1208, 
            1.2846, 
            1.1511, 
            1.1511, 
            1.1208, 
            1.1208, 
            1.8871, 
            1.1208, 
            2.1158, 
            1.1208, 
            1.147, 
            1.1208, 
            1.1208, 
            1.1208, 
            1.124, 
            1.1208, 
            1.1932, 
            2.7175, 
            2.0781, 
            1.1208, 
            1.1208, 
            1.1208, 
            3.6887, 
            1.1511, 
            1.1208, 
            1.1511, 
            1.8367, 
            1.9338, 
            1.7722, 
            6.1998, 
            1.1511, 
            1.1932, 
            1.1208, 
            1.124, 
            1.1511, 
            2.071, 
            1.1208, 
            1.1208, 
            1.1208, 
            2.806, 
            2.7175, 
            1.1208, 
            1.1208, 
            2.5794, 
            1.1208, 
            2.806, 
            1.1208, 
            4.8547, 
            1.1208, 
            1.1208, 
            3.3148, 
            1.7722, 
            3.3148, 
            1.1208, 
            1.1703, 
            2.5794, 
            1.1315, 
            1.3827, 
            1.1208, 
            1.1208, 
            3.1163, 
            1.1208, 
            1.1275, 
            1.1208, 
            6.9267, 
            1.1511, 
            1.1208, 
            1.1208, 
            1.124, 
            1.1208, 
            3.3148, 
            1.124, 
            2.1158, 
            1.949, 
            2.7621, 
            1.1208, 
            2.071, 
            2.5794, 
            1.3827, 
            1.7722, 
            3.3148, 
            1.949, 
            1.99, 
            1.1208, 
            1.124, 
            1.1275, 
            1.8871, 
            1.1511, 
            1.147, 
            1.3827, 
            1.3051, 
            1.1511, 
            1.1208, 
            1.1275, 
            1.1208, 
            1.8987, 
            1.99, 
            1.8987, 
            1.9192, 
            1.1208, 
            25.6461, 
            1.124, 
            1.8987, 
            1.1208, 
            1.1208, 
            1.1208, 
            2.806, 
            3.1163, 
            1.1208, 
            1.1932, 
            1.312, 
            1.7722, 
            2.0781, 
            1.1932, 
            1.1208, 
            3.3148, 
            1.1511, 
            1.1208, 
            2.6838, 
            2.806, 
            1.1208, 
            1.1208, 
            1.1703, 
            1.1208, 
            10.3545, 
            3.8815, 
            1.3827, 
            1.1208, 
            1.1208, 
            1.8367, 
            1.8871, 
            1.1208, 
            1.1208, 
            1.1208, 
            3.2296, 
            1.1703, 
            2.071, 
            1.9112, 
            1.1208, 
            2.5794, 
            1.1703, 
            1.1208, 
            1.1208, 
            1.1511, 
            1.1208, 
            1.3827, 
            1.1208, 
            1.5995, 
            1.8871, 
            1.1208, 
            1.1208, 
            1.1654, 
            2.7175, 
            1.1654, 
            5.4955, 
            1.1511, 
            1.3827, 
            1.3827, 
            1.2846, 
            1.1275, 
            1.1208, 
            1.3827, 
            1.1208, 
            1.1208, 
            6.2412, 
            6.9439, 
            1.8987, 
            2.5794, 
            1.124, 
            1.8987, 
            2.5794, 
            2.5794, 
            1.1208, 
            1.2846, 
            2.071, 
            3.2896, 
            1.949, 
            1.1208, 
            1.1208, 
            2.0168, 
            1.7722, 
            1.1208, 
            1.1208, 
            1.1208, 
            61.8843, 
            9.7334, 
            1.9112, 
            1.1208, 
            6.7275, 
            11.4821, 
            2.0168, 
            1.1208, 
            1.1703, 
            1.9192, 
            1.1208, 
            2.071, 
            3.1469, 
            3.1469, 
            1.949, 
            1.3827, 
            4.3239, 
            1.1208, 
            1.1275, 
            3.9506, 
            2.071, 
            1.1208, 
            1.1208, 
            1.1208, 
            2.071, 
            4.9495, 
            1.3051, 
            1.124, 
            3.8815, 
            1.8367, 
            2.806, 
            1.8871, 
            1.1208, 
            1.1315, 
            1.1208, 
            1.124, 
            7.0723, 
            2.5794, 
            1.9112, 
            5.4955, 
            1.949, 
            1.1208, 
            1.7722, 
            2.5794, 
            2.071, 
            1.3051, 
            1.7722, 
            1.124, 
            1.1208, 
            1.124, 
            1.1511, 
            1.1208, 
            1.1208, 
            1.1511, 
            1.1208, 
            1.3827, 
            1.3827, 
            1.8987, 
            2.7175, 
            1.1208, 
            1.1208, 
            1.2846, 
            1.1208, 
            4.303, 
            1.1208, 
            1.1208, 
            1.3827, 
            1.949, 
            2.7175, 
            1.1208, 
            1.1208, 
            2.806, 
            3.3148, 
            1.99, 
            12.8392, 
            3.8815, 
            1.9192, 
            1.3051, 
            2.5794, 
            1.949, 
            2.071, 
            1.2043, 
            2.9855, 
            1.1208, 
            1.1511, 
            1.6344, 
            1.949, 
            1.1275, 
            1.1208, 
            1.1208, 
            1.1703, 
            1.1511, 
            1.1703, 
            6.1998, 
            1.1208, 
            1.8871, 
            2.806, 
            1.1511, 
            1.5995, 
            4.9495, 
            1.1511, 
            6.9439, 
            1.99, 
            1.1208, 
            1.8367, 
            1.1208, 
            1.1208, 
            1.2846, 
            1.1208, 
            1.1208, 
            1.1208, 
            1.1208, 
            2.806, 
            1.1208, 
            1.8871, 
            1.8987, 
            1.1208, 
            1.1208, 
            2.5794, 
            1.1208, 
            1.5995, 
            1.1208, 
            1.1208, 
            1.1208, 
            1.147, 
            1.1208, 
            3.3148, 
            2.8374, 
            1.3827, 
            2.7175, 
            2.071, 
            1.3827, 
            1.1511, 
            1.5, 
            2.806, 
            1.949, 
            1.3827, 
            1.1208, 
            1.8987, 
            12.6211, 
            1.5761, 
            1.1932, 
            1.2846, 
            1.1932, 
            1.2846, 
            5.4955, 
            1.9264, 
            1.3827, 
            2.071, 
            1.1654, 
            1.1208, 
            1.1208, 
            1.949, 
            3.1469, 
            1.1208, 
            5.5935, 
            1.1208, 
            2.5794, 
            1.1654, 
            1.1208, 
            4.9495, 
            1.124, 
            3.3148, 
            1.1208, 
            1.1208, 
            1.1511, 
            1.1703, 
            1.1208, 
            1.1208, 
            1.1208, 
            1.9112, 
            1.949, 
            2.806, 
            5.4955, 
            1.1208, 
            1.1703, 
            1.1511, 
            1.1315, 
            1.1208, 
            1.1208, 
            2.0168, 
            1.1703, 
            1.9112, 
            1.1208, 
            4.5931, 
            1.5995, 
            1.1703, 
            1.1208, 
            3.8815, 
            1.1208, 
            1.5919, 
            1.2846, 
            1.1208, 
            1.9338, 
            1.99, 
            2.071, 
            1.949, 
            1.1208, 
            1.7722, 
            1.1208, 
            3.8815, 
            1.1208, 
            1.949, 
            2.071, 
            1.3827, 
            1.8871, 
            1.1208, 
            1.1208, 
            1.1208, 
            1.8987, 
            1.1208, 
            2.5794, 
            1.1275, 
            1.3827, 
            1.1208, 
            1.1208, 
            1.1208, 
            1.1703, 
            1.124, 
            1.1208, 
            1.1208, 
            5.3744, 
            3.8815, 
            1.7722, 
            1.1703, 
            1.8987, 
            1.1208, 
            1.1208, 
            2.846, 
            1.1208, 
            1.1208, 
            1.7722, 
            1.1208, 
            2.0882, 
            4.9495, 
            3.1163, 
            1.1208, 
            1.1703, 
            1.7722, 
            2.0168, 
            2.5794, 
            1.1208, 
            5.5935, 
            1.1208, 
            1.7722, 
            1.3051, 
            3.1163, 
            2.7055, 
            1.1208, 
            1.3827, 
            2.5794, 
            3.8815, 
            1.1208, 
            2.6358, 
            1.1208, 
            2.7175, 
            1.3051, 
            3.1163, 
            1.2846, 
            1.1275, 
            1.1208, 
            1.124, 
            3.1338, 
            2.4953, 
            1.3051, 
            1.3827, 
            4.5931, 
            7.4125, 
            1.7722, 
            1.949, 
            1.1208, 
            1.1208, 
            1.1703, 
            1.1208, 
            1.1511, 
            3.1163, 
            2.071, 
            1.1208, 
            1.1208, 
            1.1208, 
            1.3827, 
            1.1208, 
            1.1208, 
            1.949, 
            2.6477, 
            1.1208, 
            1.1208, 
            1.3051, 
            1.1208, 
            6.2412, 
            1.1275, 
            1.1208, 
            2.7175, 
            2.5294, 
            3.2896, 
            1.1511, 
            1.8987, 
            1.1315, 
            1.1932, 
            1.2846, 
            1.949, 
            1.3191, 
            1.949, 
            5.1316, 
            1.1208, 
            1.949, 
            1.1208, 
            1.949, 
            1.7722, 
            1.3827, 
            1.1208, 
            1.1208, 
            1.1511, 
            3.991, 
            1.1208, 
            12.6211, 
            2.6358, 
            1.99, 
            1.1275, 
            1.1511, 
            1.1208, 
            1.1208, 
            1.3827, 
            2.1158, 
            1.1208, 
            2.6838
        ], 
        "x": [
            1.0, 
            2.0, 
            1.0, 
            1.0, 
            6.0, 
            3.0, 
            1.0, 
            1.0, 
            2.0, 
            1.0, 
            1.0, 
            1.0, 
            1.0, 
            2.0, 
            1.0, 
            2.0, 
            1.0, 
            1.0, 
            1.0, 
            1.0, 
            1.0, 
            1.0, 
            1.0, 
            1.0, 
            1.0, 
            1.0, 
            1.0, 
            4.0, 
            6.0, 
            1.0, 
            2.0, 
            1.0, 
            3.0, 
            1.0, 
            1.0, 
            1.0, 
            1.0, 
            1.0, 
            1.0, 
            1.0, 
            1.0, 
            1.0, 
            1.0, 
            1.0, 
            1.0, 
            1.0, 
            4.0, 
            1.0, 
            1.0, 
            3.0, 
            1.0, 
            1.0, 
            1.0, 
            6.0, 
            1.0, 
            1.0, 
            1.0, 
            1.0, 
            2.0, 
            7.0, 
            1.0, 
            1.0, 
            1.0, 
            10.0, 
            1.0, 
            3.0, 
            1.0, 
            1.0, 
            12.0, 
            3.0, 
            2.0, 
            1.0, 
            1.0, 
            1.0, 
            1.0, 
            1.0, 
            24.0, 
            1.0, 
            1.0, 
            1.0, 
            1.0, 
            1.0, 
            1.0, 
            1.0, 
            2.0, 
            1.0, 
            1.0, 
            1.0, 
            1.0, 
            1.0, 
            1.0, 
            1.0, 
            5.0, 
            14.0, 
            1.0, 
            1.0, 
            1.0, 
            2.0, 
            3.0, 
            2.0, 
            5.0, 
            1.0, 
            1.0, 
            1.0, 
            1.0, 
            1.0, 
            1.0, 
            1.0, 
            4.0, 
            1.0, 
            1.0, 
            1.0, 
            3.0, 
            1.0, 
            1.0, 
            1.0, 
            1.0, 
            1.0, 
            1.0, 
            4.0, 
            8.0, 
            1.0, 
            6.0, 
            1.0, 
            1.0, 
            1.0, 
            1.0, 
            1.0, 
            1.0, 
            1.0, 
            2.0, 
            1.0, 
            2.0, 
            1.0, 
            2.0, 
            1.0, 
            3.0, 
            2.0, 
            1.0, 
            1.0, 
            1.0, 
            1.0, 
            1.0, 
            1.0, 
            12.0, 
            1.0, 
            1.0, 
            2.0, 
            1.0, 
            1.0, 
            1.0, 
            1.0, 
            1.0, 
            1.0, 
            1.0, 
            1.0, 
            1.0, 
            4.0, 
            1.0, 
            1.0, 
            1.0, 
            1.0, 
            1.0, 
            1.0, 
            1.0, 
            2.0, 
            1.0, 
            1.0, 
            1.0, 
            1.0, 
            1.0, 
            1.0, 
            2.0, 
            3.0, 
            10.0, 
            13.0, 
            8.0, 
            1.0, 
            1.0, 
            2.0, 
            1.0, 
            1.0, 
            78.0, 
            1.0, 
            1.0, 
            1.0, 
            1.0, 
            2.0, 
            1.0, 
            2.0, 
            1.0, 
            2.0, 
            2.0, 
            2.0, 
            4.0, 
            1.0, 
            1.0, 
            0.0, 
            1.0, 
            1.0, 
            1.0, 
            2.0, 
            2.0, 
            8.0, 
            3.0, 
            1.0, 
            1.0, 
            5.0, 
            3.0, 
            2.0, 
            1.0, 
            2.0, 
            1.0, 
            2.0, 
            1.0, 
            3.0, 
            1.0, 
            1.0, 
            6.0, 
            2.0, 
            1.0, 
            17.0, 
            68.0, 
            1.0, 
            5.0, 
            1.0, 
            1.0, 
            1.0, 
            3.0, 
            1.0, 
            1.0, 
            1.0, 
            1.0, 
            1.0, 
            1.0, 
            2.0, 
            1.0, 
            1.0, 
            2.0, 
            1.0, 
            2.0, 
            1.0, 
            2.0, 
            3.0, 
            7.0, 
            1.0, 
            1.0, 
            2.0, 
            3.0, 
            5.0, 
            1.0, 
            1.0, 
            8.0, 
            1.0, 
            2.0, 
            1.0, 
            2.0, 
            1.0, 
            1.0, 
            7.0, 
            1.0, 
            1.0, 
            1.0, 
            1.0, 
            1.0, 
            1.0, 
            1.0, 
            2.0, 
            1.0, 
            1.0, 
            1.0, 
            1.0, 
            1.0, 
            1.0, 
            1.0, 
            1.0, 
            1.0, 
            1.0, 
            1.0, 
            7.0, 
            2.0, 
            4.0, 
            1.0, 
            2.0, 
            1.0, 
            1.0, 
            1.0, 
            1.0, 
            2.0, 
            1.0, 
            1.0, 
            1.0, 
            1.0, 
            1.0, 
            4.0, 
            1.0, 
            1.0, 
            1.0, 
            1.0, 
            1.0, 
            1.0, 
            1.0, 
            1.0, 
            1.0, 
            5.0, 
            2.0, 
            2.0, 
            1.0, 
            1.0, 
            5.0, 
            1.0, 
            4.0, 
            1.0, 
            3.0, 
            1.0, 
            1.0, 
            1.0, 
            1.0, 
            1.0, 
            2.0, 
            1.0, 
            2.0, 
            1.0, 
            1.0, 
            1.0, 
            2.0, 
            2.0, 
            1.0, 
            1.0, 
            1.0, 
            1.0, 
            3.0, 
            1.0, 
            1.0, 
            6.0, 
            1.0, 
            1.0, 
            1.0, 
            1.0, 
            1.0, 
            1.0, 
            1.0, 
            1.0, 
            2.0, 
            2.0, 
            4.0, 
            1.0, 
            1.0, 
            1.0, 
            1.0, 
            1.0, 
            3.0, 
            1.0, 
            1.0, 
            1.0, 
            1.0, 
            1.0, 
            2.0, 
            8.0, 
            2.0, 
            1.0, 
            1.0, 
            1.0, 
            1.0, 
            1.0, 
            1.0, 
            1.0, 
            1.0, 
            1.0, 
            1.0, 
            1.0, 
            1.0, 
            1.0, 
            4.0, 
            1.0, 
            1.0, 
            2.0, 
            1.0, 
            4.0, 
            3.0, 
            1.0, 
            1.0, 
            1.0, 
            10.0, 
            1.0, 
            4.0, 
            1.0, 
            1.0, 
            7.0, 
            1.0, 
            4.0, 
            1.0, 
            1.0, 
            1.0, 
            1.0, 
            1.0, 
            1.0, 
            1.0, 
            1.0, 
            1.0, 
            1.0, 
            4.0, 
            4.0, 
            1.0, 
            1.0, 
            1.0, 
            1.0, 
            1.0, 
            1.0, 
            2.0, 
            12.0, 
            15.0, 
            1.0, 
            1.0, 
            2.0, 
            1.0, 
            1.0, 
            1.0, 
            1.0, 
            1.0, 
            2.0, 
            2.0, 
            4.0, 
            2.0, 
            1.0, 
            1.0, 
            3.0, 
            1.0, 
            1.0, 
            2.0, 
            1.0, 
            4.0, 
            1.0, 
            1.0, 
            1.0, 
            1.0, 
            2.0, 
            1.0, 
            1.0, 
            7.0, 
            1.0, 
            1.0, 
            2.0, 
            1.0, 
            1.0, 
            1.0, 
            1.0, 
            4.0, 
            1.0, 
            4.0, 
            1.0, 
            1.0, 
            2.0, 
            1.0, 
            2.0, 
            2.0, 
            2.0, 
            1.0, 
            2.0, 
            1.0, 
            6.0, 
            4.0, 
            1.0, 
            11.0, 
            1.0, 
            2.0, 
            1.0, 
            1.0, 
            1.0, 
            1.0, 
            6.0, 
            2.0, 
            1.0, 
            1.0, 
            1.0, 
            1.0, 
            1.0, 
            1.0, 
            2.0, 
            2.0, 
            1.0, 
            1.0, 
            3.0, 
            3.0, 
            1.0, 
            2.0, 
            2.0, 
            3.0, 
            2.0, 
            1.0, 
            1.0, 
            2.0, 
            2.0, 
            1.0, 
            1.0, 
            1.0, 
            1.0, 
            2.0, 
            2.0, 
            1.0, 
            1.0, 
            1.0, 
            1.0, 
            1.0, 
            1.0, 
            1.0, 
            1.0, 
            2.0, 
            1.0, 
            1.0, 
            1.0, 
            1.0, 
            6.0, 
            1.0, 
            1.0, 
            1.0, 
            1.0, 
            1.0, 
            3.0, 
            1.0, 
            1.0, 
            1.0, 
            1.0, 
            2.0, 
            1.0, 
            1.0, 
            1.0, 
            1.0, 
            1.0, 
            2.0, 
            3.0, 
            1.0, 
            1.0, 
            2.0, 
            1.0, 
            3.0, 
            1.0, 
            3.0, 
            1.0, 
            2.0, 
            1.0, 
            1.0, 
            11.0, 
            1.0, 
            1.0, 
            1.0, 
            1.0, 
            2.0, 
            1.0, 
            1.0, 
            4.0, 
            1.0, 
            1.0, 
            1.0, 
            3.0, 
            1.0, 
            1.0, 
            1.0, 
            2.0, 
            1.0, 
            2.0, 
            1.0, 
            2.0, 
            1.0, 
            2.0, 
            1.0, 
            2.0, 
            3.0, 
            1.0, 
            4.0, 
            2.0, 
            1.0, 
            4.0, 
            1.0, 
            1.0, 
            1.0, 
            1.0, 
            1.0, 
            1.0, 
            1.0, 
            1.0, 
            1.0, 
            1.0, 
            1.0, 
            1.0, 
            1.0, 
            1.0, 
            1.0, 
            2.0, 
            1.0, 
            1.0, 
            2.0, 
            2.0, 
            1.0, 
            1.0, 
            1.0, 
            5.0, 
            6.0, 
            1.0, 
            1.0, 
            1.0, 
            2.0, 
            4.0, 
            1.0, 
            1.0, 
            4.0, 
            1.0, 
            1.0, 
            1.0, 
            1.0, 
            1.0, 
            1.0, 
            1.0, 
            1.0, 
            7.0, 
            4.0, 
            1.0, 
            1.0, 
            1.0, 
            2.0, 
            1.0, 
            1.0, 
            1.0, 
            1.0, 
            4.0, 
            1.0, 
            4.0, 
            1.0, 
            1.0, 
            2.0, 
            2.0, 
            1.0, 
            1.0, 
            1.0, 
            1.0, 
            2.0, 
            1.0, 
            3.0, 
            2.0, 
            1.0, 
            1.0, 
            1.0, 
            1.0, 
            1.0, 
            12.0, 
            1.0, 
            1.0, 
            1.0, 
            2.0, 
            1.0, 
            1.0, 
            2.0, 
            1.0, 
            1.0, 
            4.0, 
            4.0, 
            1.0, 
            1.0, 
            1.0, 
            3.0, 
            1.0, 
            2.0, 
            1.0, 
            1.0, 
            1.0, 
            3.0, 
            4.0, 
            1.0, 
            1.0, 
            2.0, 
            1.0, 
            1.0, 
            1.0, 
            1.0, 
            36.0, 
            11.0, 
            1.0, 
            1.0, 
            10.0, 
            4.0, 
            1.0, 
            1.0, 
            1.0, 
            1.0, 
            1.0, 
            1.0, 
            2.0, 
            2.0, 
            1.0, 
            2.0, 
            3.0, 
            1.0, 
            1.0, 
            1.0, 
            3.0, 
            1.0, 
            1.0, 
            1.0, 
            2.0, 
            1.0, 
            1.0, 
            1.0, 
            4.0, 
            1.0, 
            3.0, 
            2.0, 
            1.0, 
            1.0, 
            1.0, 
            2.0, 
            1.0, 
            2.0, 
            1.0, 
            9.0, 
            1.0, 
            1.0, 
            2.0, 
            4.0, 
            1.0, 
            2.0, 
            1.0, 
            1.0, 
            1.0, 
            1.0, 
            1.0, 
            1.0, 
            1.0, 
            1.0, 
            1.0, 
            1.0, 
            1.0, 
            1.0, 
            2.0, 
            1.0, 
            1.0, 
            1.0, 
            1.0, 
            1.0, 
            1.0, 
            1.0, 
            1.0, 
            2.0, 
            2.0, 
            1.0, 
            1.0, 
            7.0, 
            1.0, 
            1.0, 
            8.0, 
            1.0, 
            1.0, 
            1.0, 
            1.0, 
            2.0, 
            1.0, 
            2.0, 
            2.0, 
            1.0, 
            2.0, 
            1.0, 
            2.0, 
            2.0, 
            1.0, 
            1.0, 
            1.0, 
            1.0, 
            1.0, 
            4.0, 
            1.0, 
            5.0, 
            1.0, 
            2.0, 
            1.0, 
            2.0, 
            1.0, 
            3.0, 
            2.0, 
            1.0, 
            1.0, 
            1.0, 
            1.0, 
            1.0, 
            1.0, 
            0.0, 
            1.0, 
            1.0, 
            1.0, 
            1.0, 
            1.0, 
            2.0, 
            1.0, 
            1.0, 
            4.0, 
            1.0, 
            2.0, 
            1.0, 
            1.0, 
            1.0, 
            1.0, 
            1.0, 
            3.0, 
            4.0, 
            2.0, 
            1.0, 
            2.0, 
            1.0, 
            3.0, 
            1.0, 
            2.0, 
            2.0, 
            2.0, 
            1.0, 
            1.0, 
            3.0, 
            1.0, 
            1.0, 
            2.0, 
            2.0, 
            1.0, 
            1.0, 
            2.0, 
            1.0, 
            1.0, 
            1.0, 
            1.0, 
            1.0, 
            3.0, 
            5.0, 
            1.0, 
            5.0, 
            1.0, 
            1.0, 
            -1.0, 
            1.0, 
            5.0, 
            1.0, 
            5.0, 
            1.0, 
            1.0, 
            1.0, 
            2.0, 
            1.0, 
            1.0, 
            1.0, 
            1.0, 
            2.0, 
            3.0, 
            7.0, 
            1.0, 
            2.0, 
            1.0, 
            2.0, 
            1.0, 
            1.0, 
            2.0, 
            1.0, 
            2.0, 
            1.0, 
            9.0, 
            1.0, 
            2.0, 
            1.0, 
            3.0, 
            1.0, 
            1.0, 
            1.0, 
            1.0, 
            1.0, 
            2.0, 
            1.0, 
            2.0, 
            2.0, 
            1.0, 
            1.0, 
            9.0, 
            1.0, 
            1.0, 
            2.0, 
            2.0, 
            2.0, 
            1.0, 
            1.0, 
            1.0, 
            1.0, 
            1.0, 
            4.0, 
            1.0, 
            2.0, 
            1.0, 
            1.0, 
            1.0, 
            1.0, 
            1.0, 
            1.0, 
            1.0, 
            2.0, 
            1.0, 
            1.0, 
            1.0, 
            2.0, 
            1.0, 
            1.0, 
            1.0, 
            1.0, 
            1.0, 
            1.0, 
            1.0, 
            2.0, 
            10.0, 
            8.0, 
            1.0, 
            1.0, 
            1.0, 
            4.0, 
            1.0, 
            1.0, 
            1.0, 
            1.0, 
            1.0, 
            2.0, 
            2.0, 
            2.0, 
            1.0, 
            1.0, 
            3.0, 
            1.0, 
            1.0, 
            1.0, 
            1.0, 
            1.0, 
            2.0, 
            1.0, 
            3.0, 
            1.0, 
            1.0, 
            1.0, 
            1.0, 
            4.0, 
            1.0, 
            1.0, 
            1.0, 
            2.0, 
            3.0, 
            2.0, 
            1.0, 
            1.0, 
            1.0, 
            1.0, 
            1.0, 
            5.0, 
            1.0, 
            1.0, 
            1.0, 
            1.0, 
            2.0, 
            1.0, 
            1.0, 
            2.0, 
            1.0, 
            1.0, 
            1.0, 
            1.0, 
            1.0, 
            1.0, 
            1.0, 
            1.0, 
            2.0, 
            1.0, 
            3.0, 
            2.0, 
            2.0, 
            1.0, 
            2.0, 
            2.0, 
            2.0, 
            1.0, 
            1.0, 
            1.0, 
            1.0, 
            1.0, 
            1.0, 
            4.0, 
            1.0, 
            4.0, 
            1.0, 
            1.0, 
            1.0, 
            1.0, 
            1.0, 
            8.0, 
            4.0, 
            5.0, 
            1.0, 
            1.0, 
            1.0, 
            1.0, 
            1.0, 
            4.0, 
            1.0, 
            1.0
        ]
    }, 
    "processed_feature_names": [
        "item_category_id", 
        "item_cnt_month_avg", 
        "item_cnt_prev_month", 
        "item_id", 
        "shop_id", 
        "dummy:shop_name:\u041c\u043e\u0441\u043a\u0432\u0430 \u0422\u0426 \"\u0421\u0435\u043c\u0435\u043d\u043e\u0432\u0441\u043a\u0438\u0439\"", 
        "dummy:shop_name:\u041c\u043e\u0441\u043a\u0432\u0430 \u0422\u0420\u041a \"\u0410\u0442\u0440\u0438\u0443\u043c\"", 
        "dummy:shop_name:\u0425\u0438\u043c\u043a\u0438 \u0422\u0426 \"\u041c\u0435\u0433\u0430\"", 
        "dummy:shop_name:\u041c\u043e\u0441\u043a\u0432\u0430 \u0422\u0426 \"\u041c\u0415\u0413\u0410 \u0422\u0435\u043f\u043b\u044b\u0439 \u0421\u0442\u0430\u043d\" II", 
        "dummy:shop_name:\u042f\u043a\u0443\u0442\u0441\u043a \u041e\u0440\u0434\u0436\u043e\u043d\u0438\u043a\u0438\u0434\u0437\u0435, 56", 
        "dummy:shop_name:\u0421\u041f\u0431 \u0422\u041a \"\u041d\u0435\u0432\u0441\u043a\u0438\u0439 \u0426\u0435\u043d\u0442\u0440\"", 
        "dummy:shop_name:\u041c\u043e\u0441\u043a\u0432\u0430 \u0422\u0426 \"\u041c\u0415\u0413\u0410 \u0411\u0435\u043b\u0430\u044f \u0414\u0430\u0447\u0430 II\"", 
        "dummy:shop_name:\u0412\u043e\u0440\u043e\u043d\u0435\u0436 (\u041f\u043b\u0435\u0445\u0430\u043d\u043e\u0432\u0441\u043a\u0430\u044f, 13)", 
        "dummy:shop_name:\u0427\u0435\u0445\u043e\u0432 \u0422\u0420\u0426 \"\u041a\u0430\u0440\u043d\u0430\u0432\u0430\u043b\"", 
        "dummy:shop_name:\u041c\u043e\u0441\u043a\u0432\u0430 \u041c\u0422\u0420\u0426 \"\u0410\u0444\u0438 \u041c\u043e\u043b\u043b\"", 
        "dummy:shop_name:\u042f\u043a\u0443\u0442\u0441\u043a \u0422\u0426 \"\u0426\u0435\u043d\u0442\u0440\u0430\u043b\u044c\u043d\u044b\u0439\"", 
        "dummy:shop_name:\u041a\u0443\u0440\u0441\u043a \u0422\u0426 \"\u041f\u0443\u0448\u043a\u0438\u043d\u0441\u043a\u0438\u0439\"", 
        "dummy:shop_name:\u0421\u0435\u0440\u0433\u0438\u0435\u0432 \u041f\u043e\u0441\u0430\u0434 \u0422\u0426 \"7\u042f\"", 
        "dummy:shop_name:\u0422\u044e\u043c\u0435\u043d\u044c \u0422\u0426 \"\u0413\u0443\u0434\u0432\u0438\u043d\"", 
        "dummy:shop_name:\u041d.\u041d\u043e\u0432\u0433\u043e\u0440\u043e\u0434 \u0422\u0420\u0426 \"\u0424\u0430\u043d\u0442\u0430\u0441\u0442\u0438\u043a\u0430\"", 
        "dummy:shop_name:\u0412\u043e\u0440\u043e\u043d\u0435\u0436 \u0422\u0420\u0426 \"\u041c\u0430\u043a\u0441\u0438\u043c\u0438\u0440\"", 
        "dummy:shop_name:\u0421\u0443\u0440\u0433\u0443\u0442 \u0422\u0420\u0426 \"\u0421\u0438\u0442\u0438 \u041c\u043e\u043b\u043b\"", 
        "dummy:shop_name:\u041c\u043e\u0441\u043a\u0432\u0430 \u0422\u0426 \"\u0410\u0440\u0435\u0430\u043b\" (\u0411\u0435\u043b\u044f\u0435\u0432\u043e)", 
        "dummy:shop_name:\u041a\u043e\u043b\u043e\u043c\u043d\u0430 \u0422\u0426 \"\u0420\u0438\u043e\"", 
        "dummy:shop_name:\u041c\u043e\u0441\u043a\u0432\u0430 \u0422\u0426 \"\u041f\u0435\u0440\u043b\u043e\u0432\u0441\u043a\u0438\u0439\"", 
        "dummy:shop_name:\u041a\u0430\u043b\u0443\u0433\u0430 \u0422\u0420\u0426 \"XXI \u0432\u0435\u043a\"", 
        "dummy:shop_name:\u0422\u044e\u043c\u0435\u043d\u044c \u0422\u0426 \"\u0417\u0435\u043b\u0435\u043d\u044b\u0439 \u0411\u0435\u0440\u0435\u0433\"", 
        "dummy:shop_name:\u0423\u0444\u0430 \u0422\u0426 \"\u0421\u0435\u043c\u044c\u044f\" 2", 
        "dummy:shop_name:\u041c\u043e\u0441\u043a\u0432\u0430 \u0422\u041a \"\u0411\u0443\u0434\u0435\u043d\u043e\u0432\u0441\u043a\u0438\u0439\" (\u043f\u0430\u0432.\u041a7)", 
        "dummy:shop_name:\u041a\u0440\u0430\u0441\u043d\u043e\u044f\u0440\u0441\u043a \u0422\u0426 \"\u0418\u044e\u043d\u044c\"", 
        "dummy:shop_name:\u0423\u0444\u0430 \u0422\u041a \"\u0426\u0435\u043d\u0442\u0440\u0430\u043b\u044c\u043d\u044b\u0439\"", 
        "dummy:shop_name:\u041c\u043e\u0441\u043a\u0432\u0430 \u0422\u0426 \"\u041d\u043e\u0432\u044b\u0439 \u0432\u0435\u043a\" (\u041d\u043e\u0432\u043e\u043a\u043e\u0441\u0438\u043d\u043e)", 
        "dummy:shop_name:\u0421\u0430\u043c\u0430\u0440\u0430 \u0422\u0426 \"\u041c\u0435\u043b\u043e\u0434\u0438\u044f\"", 
        "dummy:shop_name:\u041e\u043c\u0441\u043a \u0422\u0426 \"\u041c\u0435\u0433\u0430\"", 
        "dummy:shop_name:\u041d\u043e\u0432\u043e\u0441\u0438\u0431\u0438\u0440\u0441\u043a \u0422\u0426 \"\u041c\u0435\u0433\u0430\"", 
        "dummy:shop_name:\u042f\u0440\u043e\u0441\u043b\u0430\u0432\u043b\u044c \u0422\u0426 \"\u0410\u043b\u044c\u0442\u0430\u0438\u0440\"", 
        "dummy:shop_name:\u041c\u043e\u0441\u043a\u0432\u0430 \u041c\u0430\u0433\u0430\u0437\u0438\u043d \u042121", 
        "dummy:shop_name:\u0420\u043e\u0441\u0442\u043e\u0432\u041d\u0430\u0414\u043e\u043d\u0443 \u0422\u0426 \"\u041c\u0435\u0433\u0430\"", 
        "dummy:shop_name:\u041a\u0430\u0437\u0430\u043d\u044c \u0422\u0426 \"\u041f\u0430\u0440\u043a\u0425\u0430\u0443\u0441\" II", 
        "dummy:shop_name:\u0421\u0430\u043c\u0430\u0440\u0430 \u0422\u0426 \"\u041f\u0430\u0440\u043a\u0425\u0430\u0443\u0441\"", 
        "dummy:shop_name:\u0412\u043e\u043b\u043e\u0433\u0434\u0430 \u0422\u0420\u0426 \"\u041c\u0430\u0440\u043c\u0435\u043b\u0430\u0434\"", 
        "dummy:shop_name:\u0412\u043e\u043b\u0436\u0441\u043a\u0438\u0439 \u0422\u0426 \"\u0412\u043e\u043b\u0433\u0430 \u041c\u043e\u043b\u043b\"", 
        "dummy:shop_name:\u0421\u041f\u0431 \u0422\u041a \"\u0421\u0435\u043d\u043d\u0430\u044f\"", 
        "dummy:shop_name:\u0418\u043d\u0442\u0435\u0440\u043d\u0435\u0442-\u043c\u0430\u0433\u0430\u0437\u0438\u043d \u0427\u0421", 
        "dummy:shop_name:\u0411\u0430\u043b\u0430\u0448\u0438\u0445\u0430 \u0422\u0420\u041a \"\u041e\u043a\u0442\u044f\u0431\u0440\u044c-\u041a\u0438\u043d\u043e\u043c\u0438\u0440\"", 
        "dummy:shop_name:\u0410\u0434\u044b\u0433\u0435\u044f \u0422\u0426 \"\u041c\u0435\u0433\u0430\"", 
        "dummy:shop_name:\u041a\u0440\u0430\u0441\u043d\u043e\u044f\u0440\u0441\u043a \u0422\u0426 \"\u0412\u0437\u043b\u0435\u0442\u043a\u0430 \u041f\u043b\u0430\u0437\u0430\"", 
        "dummy:shop_name:\u0422\u043e\u043c\u0441\u043a \u0422\u0420\u0426 \"\u0418\u0437\u0443\u043c\u0440\u0443\u0434\u043d\u044b\u0439 \u0413\u043e\u0440\u043e\u0434\"", 
        "dummy:shop_name:\u0416\u0443\u043a\u043e\u0432\u0441\u043a\u0438\u0439 \u0443\u043b. \u0427\u043a\u0430\u043b\u043e\u0432\u0430 39\u043c?", 
        "dummy:shop_name:\u0426\u0438\u0444\u0440\u043e\u0432\u043e\u0439 \u0441\u043a\u043b\u0430\u0434 1\u0421-\u041e\u043d\u043b\u0430\u0439\u043d", 
        "dummy:shop_name:\u0422\u044e\u043c\u0435\u043d\u044c \u0422\u0420\u0426 \"\u041a\u0440\u0438\u0441\u0442\u0430\u043b\u043b\"", 
        "dummy:shop_name:\u041a\u0430\u0437\u0430\u043d\u044c \u0422\u0426 \"\u0411\u0435\u0445\u0435\u0442\u043b\u0435\"", 
        "dummy:shop_name:\u0420\u043e\u0441\u0442\u043e\u0432\u041d\u0430\u0414\u043e\u043d\u0443 \u0422\u0420\u041a \"\u041c\u0435\u0433\u0430\u0446\u0435\u043d\u0442\u0440 \u0413\u043e\u0440\u0438\u0437\u043e\u043d\u0442\"", 
        "dummy:shop_name:\u041c\u043e\u0441\u043a\u0432\u0430 \u0422\u0426 \"\u0421\u0435\u0440\u0435\u0431\u0440\u044f\u043d\u044b\u0439 \u0414\u043e\u043c\"", 
        "dummy:shop_name:!\u042f\u043a\u0443\u0442\u0441\u043a \u041e\u0440\u0434\u0436\u043e\u043d\u0438\u043a\u0438\u0434\u0437\u0435, 56 \u0444\u0440\u0430\u043d", 
        "dummy:shop_name:\u041c\u043e\u0441\u043a\u0432\u0430 \u0422\u041a \"\u0411\u0443\u0434\u0435\u043d\u043e\u0432\u0441\u043a\u0438\u0439\" (\u043f\u0430\u0432.\u04102)", 
        "dummy:shop_name:\u041d.\u041d\u043e\u0432\u0433\u043e\u0440\u043e\u0434 \u0422\u0420\u0426 \"\u0420\u0418\u041e\"", 
        "dummy:shop_name:\u041c\u044b\u0442\u0438\u0449\u0438 \u0422\u0420\u041a \"XL-3\"", 
        "dummy:shop_name:!\u042f\u043a\u0443\u0442\u0441\u043a \u0422\u0426 \"\u0426\u0435\u043d\u0442\u0440\u0430\u043b\u044c\u043d\u044b\u0439\" \u0444\u0440\u0430\u043d", 
        "dummy:shop_name:\u0412\u043e\u0440\u043e\u043d\u0435\u0436 \u0422\u0420\u0426 \u0421\u0438\u0442\u0438-\u041f\u0430\u0440\u043a \"\u0413\u0440\u0430\u0434\"", 
        "dummy:shop_name:\u0420\u043e\u0441\u0442\u043e\u0432\u041d\u0430\u0414\u043e\u043d\u0443 \u0422\u0420\u041a \"\u041c\u0435\u0433\u0430\u0446\u0435\u043d\u0442\u0440 \u0413\u043e\u0440\u0438\u0437\u043e\u043d\u0442\" \u041e\u0441\u0442\u0440\u043e\u0432\u043d\u043e\u0439", 
        "dummy:shop_name:\u0412\u044b\u0435\u0437\u0434\u043d\u0430\u044f \u0422\u043e\u0440\u0433\u043e\u0432\u043b\u044f", 
        "dummy:shop_name:\u041c\u043e\u0441\u043a\u0432\u0430 \"\u0420\u0430\u0441\u043f\u0440\u043e\u0434\u0430\u0436\u0430\"", 
        "dummy:shop_name:\u0416\u0443\u043a\u043e\u0432\u0441\u043a\u0438\u0439 \u0443\u043b. \u0427\u043a\u0430\u043b\u043e\u0432\u0430 39\u043c\u00b2", 
        "dummy:shop_name:\u041d\u043e\u0432\u043e\u0441\u0438\u0431\u0438\u0440\u0441\u043a \u0422\u0420\u0426 \"\u0413\u0430\u043b\u0435\u0440\u0435\u044f \u041d\u043e\u0432\u043e\u0441\u0438\u0431\u0438\u0440\u0441\u043a\"", 
        "dummy:shop_name:N/A", 
        "dummy:shop_name:__Others__"
    ], 
    "regression_performance": {
        "max_error": 4.9725980296780898, 
        "median_error": -0.12082136937261256, 
        "error_distribution": [
            {
                "count": 593, 
                "bin_max": -3.4000701236153343, 
                "bin_id": 0, 
                "bin_min": -4.3396695497071516
            }, 
            {
                "count": 289, 
                "bin_max": -2.4697736621382873, 
                "bin_id": 1, 
                "bin_min": -3.4000701236153343
            }, 
            {
                "count": 941, 
                "bin_max": -1.5394772006612403, 
                "bin_id": 2, 
                "bin_min": -2.4697736621382873
            }, 
            {
                "count": 2376, 
                "bin_max": -0.60918073918419324, 
                "bin_id": 3, 
                "bin_min": -1.5394772006612403
            }, 
            {
                "count": 11920, 
                "bin_max": 0.32111572229285379, 
                "bin_id": 4, 
                "bin_min": -0.60918073918419324
            }, 
            {
                "count": 2307, 
                "bin_max": 1.2514121837699008, 
                "bin_id": 5, 
                "bin_min": 0.32111572229285379
            }, 
            {
                "count": 645, 
                "bin_max": 2.1817086452469479, 
                "bin_id": 6, 
                "bin_min": 1.2514121837699008
            }, 
            {
                "count": 282, 
                "bin_max": 3.1120051067239949, 
                "bin_id": 7, 
                "bin_min": 2.1817086452469479
            }, 
            {
                "count": 177, 
                "bin_max": 4.0423015682010419, 
                "bin_id": 8, 
                "bin_min": 3.1120051067239949
            }, 
            {
                "count": 538, 
                "bin_max": 4.9725980296780898, 
                "bin_id": 9, 
                "bin_min": 4.0423015682010419
            }
        ], 
        "min_error": -4.3303665850923814, 
        "average_error": -0.09741306073742853, 
        "std_error": 1.3897996975188793, 
        "p75_error": 0.010009182877078304, 
        "p90_error": 1.0510296341146281, 
        "p25_error": -0.38274495637912165
    }
}