{
    "trainingTime": 5688, 
    "state": "DONE", 
    "startTime": 1493403837348, 
    "preprocessingTime": 166, 
    "progress": {
        "top_level_todo": [], 
        "stack": [], 
        "top_level_done": [
            {
                "name": "Loading train set", 
                "time": 67
            }, 
            {
                "name": "Loading test set", 
                "time": 7
            }, 
            {
                "name": "Collecting statistics", 
                "time": 11
            }, 
            {
                "name": "Preprocessing train set", 
                "time": 57
            }, 
            {
                "name": "Preprocessing test set", 
                "time": 24
            }, 
            {
                "name": "Fitting model", 
                "time": 4671
            }, 
            {
                "name": "Saving model", 
                "time": 37
            }, 
            {
                "name": "Scoring model", 
                "time": 977
            }
        ]
    }, 
    "endTime": 1493403843202, 
    "modelId": "NA"
}