{
    "gridSize": 12, 
    "nThreads": 4, 
    "metric": "R2", 
    "gridPoints": [
        {
            "index": 0, 
            "finishedAt": 1523114183756.0, 
            "score": 0.49641070642962276, 
            "parameters": {
                "max_features": "auto", 
                "min_samples_split": 3, 
                "n_estimators": 100, 
                "max_depth": 5, 
                "min_samples_leaf": 1
            }, 
            "time": 3130805.0
        }
    ], 
    "startedAt": 1523113104311, 
    "nSplits": 3
}