{
  "state": "FAILED",
  "failure": {
    "errorType": "com.dataiku.dip.io.SocketBlockLinkIOException",
    "message": "Failed to get result from kernel",
    "detailedMessage": "Failed to get result from kernel, caused by: EOFException: null",
    "detailedMessageHTML": "\u003cspan\u003e\u003cspan class\u003d\"err-msg\"\u003eFailed to get result from kernel\u003c/span\u003e\u003cspan class\u003d\"err-cause\"\u003e\u003cspan class\u003d\"err-type\"\u003e, caused by: EOFException:\u003c/span\u003e\u0026nbsp;\u003cspan class\u003d\"err-msg\"\u003enull\u003c/span\u003e\u003c/span\u003e\u003c/span\u003e",
    "stackTraceStr": "com.dataiku.dip.io.SocketBlockLinkIOException: Failed to get result from kernel\n\tat com.dataiku.dip.io.SocketBlockLinkInteraction$AsyncResult.get(SocketBlockLinkInteraction.java:201)\n\tat com.dataiku.dip.io.SingleCommandKernelLink$1.call(SingleCommandKernelLink.java:208)\n\tat com.dataiku.dip.analysis.ml.prediction.PredictionTrainAdditionalThread.process(PredictionTrainAdditionalThread.java:92)\n\tat com.dataiku.dip.analysis.ml.shared.PRNSTrainThread.run(PRNSTrainThread.java:94)\nCaused by: java.io.EOFException\n\tat com.dataiku.dip.io.SocketBlockLink.receiveInt(SocketBlockLink.java:329)\n\tat com.dataiku.dip.io.SocketBlockLink.receiveJsonResponse(SocketBlockLink.java:145)\n\tat com.dataiku.dip.io.SocketBlockLinkInteraction$AsyncResult.get(SocketBlockLinkInteraction.java:187)\n\t... 3 more\n",
    "stackTrace": [
      {
        "file": "SocketBlockLinkInteraction.java",
        "line": 201,
        "function": "com.dataiku.dip.io.SocketBlockLinkInteraction$AsyncResult.get"
      },
      {
        "file": "SingleCommandKernelLink.java",
        "line": 208,
        "function": "com.dataiku.dip.io.SingleCommandKernelLink$1.call"
      },
      {
        "file": "PredictionTrainAdditionalThread.java",
        "line": 92,
        "function": "com.dataiku.dip.analysis.ml.prediction.PredictionTrainAdditionalThread.process"
      },
      {
        "file": "PRNSTrainThread.java",
        "line": 94,
        "function": "com.dataiku.dip.analysis.ml.shared.PRNSTrainThread.run"
      },
      {
        "file": "CausedBy",
        "line": 0,
        "function": "Cause: java.io.EOFException: null"
      },
      {
        "file": "SocketBlockLink.java",
        "line": 329,
        "function": "com.dataiku.dip.io.SocketBlockLink.receiveInt"
      },
      {
        "file": "SocketBlockLink.java",
        "line": 145,
        "function": "com.dataiku.dip.io.SocketBlockLink.receiveJsonResponse"
      },
      {
        "file": "SocketBlockLinkInteraction.java",
        "line": 187,
        "function": "com.dataiku.dip.io.SocketBlockLinkInteraction$AsyncResult.get"
      },
      {
        "file": "SingleCommandKernelLink.java",
        "line": 208,
        "function": "com.dataiku.dip.io.SingleCommandKernelLink$1.call"
      },
      {
        "file": "PredictionTrainAdditionalThread.java",
        "line": 92,
        "function": "com.dataiku.dip.analysis.ml.prediction.PredictionTrainAdditionalThread.process"
      },
      {
        "file": "PRNSTrainThread.java",
        "line": 94,
        "function": "com.dataiku.dip.analysis.ml.shared.PRNSTrainThread.run"
      }
    ],
    "logTail": {
      "totalLines": 915,
      "lines": [
        "building tree 50 of 100",
        "building tree 51 of 100",
        "building tree 52 of 100",
        "building tree 73 of 100",
        "building tree 74 of 100",
        "building tree 69 of 100",
        "building tree 70 of 100",
        "building tree 71 of 100",
        "building tree 72 of 100",
        "building tree 75 of 100",
        "building tree 76 of 100",
        "building tree 53 of 100",
        "building tree 77 of 100",
        "building tree 54 of 100",
        "building tree 78 of 100",
        "building tree 55 of 100",
        "building tree 79 of 100",
        "building tree 73 of 100",
        "building tree 17 of 100",
        "building tree 74 of 100",
        "building tree 80 of 100",
        "building tree 56 of 100",
        "building tree 75 of 100",
        "building tree 18 of 100",
        "building tree 76 of 100",
        "building tree 19 of 100",
        "building tree 20 of 100",
        "building tree 81 of 100",
        "building tree 82 of 100",
        "building tree 57 of 100",
        "building tree 83 of 100",
        "building tree 84 of 100",
        "building tree 77 of 100",
        "building tree 78 of 100",
        "building tree 79 of 100",
        "building tree 58 of 100",
        "building tree 80 of 100",
        "building tree 59 of 100",
        "building tree 60 of 100",
        "building tree 21 of 100",
        "building tree 22 of 100",
        "building tree 23 of 100",
        "building tree 85 of 100",
        "building tree 24 of 100",
        "building tree 86 of 100",
        "building tree 87 of 100",
        "building tree 88 of 100",
        "building tree 81 of 100",
        "building tree 82 of 100",
        "building tree 61 of 100",
        "building tree 83 of 100",
        "building tree 84 of 100",
        "building tree 62 of 100",
        "building tree 63 of 100",
        "building tree 89 of 100",
        "building tree 90 of 100",
        "building tree 64 of 100",
        "building tree 91 of 100",
        "building tree 92 of 100",
        "building tree 85 of 100",
        "building tree 25 of 100",
        "building tree 86 of 100",
        "building tree 87 of 100",
        "building tree 26 of 100",
        "building tree 88 of 100",
        "building tree 27 of 100",
        "building tree 28 of 100",
        "building tree 65 of 100",
        "building tree 66 of 100",
        "building tree 93 of 100",
        "building tree 67 of 100",
        "building tree 94 of 100",
        "building tree 95 of 100",
        "building tree 96 of 100",
        "building tree 68 of 100",
        "building tree 89 of 100",
        "building tree 90 of 100",
        "building tree 91 of 100",
        "building tree 92 of 100",
        "building tree 97 of 100"
      ],
      "status": [
        1,
        1,
        1,
        1,
        1,
        1,
        1,
        1,
        1,
        1,
        1,
        1,
        1,
        1,
        1,
        1,
        1,
        1,
        1,
        1,
        1,
        1,
        1,
        1,
        1,
        1,
        1,
        1,
        1,
        1,
        1,
        1,
        1,
        1,
        1,
        1,
        1,
        1,
        1,
        1,
        1,
        1,
        1,
        1,
        1,
        1,
        1,
        1,
        1,
        1,
        1,
        1,
        1,
        1,
        1,
        1,
        1,
        1,
        1,
        1,
        1,
        1,
        1,
        1,
        1,
        1,
        1,
        1,
        1,
        1,
        1,
        1,
        1,
        1,
        1,
        1,
        1,
        1,
        1,
        1
      ],
      "maxLevel": 1
    }
  },
  "preSearchDescription": {
    "gridLength": 12,
    "importantParams": [
      {
        "name": "trees",
        "vals": [
          "100"
        ]
      },
      {
        "name": "depth",
        "vals": [
          "5",
          "10",
          "15",
          "20"
        ]
      },
      {
        "name": "min_samples",
        "vals": [
          "1",
          "10",
          "100"
        ]
      }
    ]
  },
  "modelId": "m1",
  "progress": {
    "top_level_todo": [
      "Fitting model",
      "Saving model",
      "Scoring model"
    ],
    "stack": [
      {
        "name": "Grid searching",
        "target": 0.0,
        "cur": 0.0,
        "important": false,
        "depth": 0,
        "startTimestamp": 0,
        "msSinceStart": 0
      }
    ],
    "top_level_done": [
      {
        "name": "Loading train set",
        "time": 1687
      },
      {
        "name": "Loading test set",
        "time": 471
      },
      {
        "name": "Collecting statistics",
        "time": 338
      },
      {
        "name": "Preprocessing train set",
        "time": 934
      },
      {
        "name": "Preprocessing test set",
        "time": 194
      }
    ]
  },
  "startTime": 1523113099652,
  "endTime": 0,
  "preprocessingTime": 0,
  "trainingTime": 0
}