{
  "state": "ABORTED",
  "failure": {
    "errorType": "java.lang.InterruptedException",
    "detailedMessage": "InterruptedException",
    "detailedMessageHTML": "\u003cspan\u003e\u003cspan class\u003d\"err-type\"\u003eInterruptedException\u003c/span\u003e\u003c/span\u003e",
    "stackTraceStr": "java.lang.InterruptedException\n\tat java.lang.Object.wait(Native Method)\n\tat java.lang.Thread.join(Thread.java:1252)\n\tat java.lang.Thread.join(Thread.java:1326)\n\tat com.dataiku.dip.analysis.ml.shared.PRNSTrainThread.join(PRNSTrainThread.java:128)\n\tat com.dataiku.dip.analysis.ml.prediction.PyRegularNoSavePredictionHandler.train(PyRegularNoSavePredictionHandler.java:99)\n\tat com.dataiku.dip.analysis.coreservices.PredictionService$TrainWorkThread.executeProcess(PredictionService.java:615)\n\tat com.dataiku.dip.analysis.coreservices.PredictionService$TrainWorkThread.execute(PredictionService.java:646)\n\tat com.dataiku.dip.futures.FutureThread.run(FutureThread.java:102)\n",
    "stackTrace": [
      {
        "file": "Object.java",
        "line": -2,
        "function": "java.lang.Object.wait"
      },
      {
        "file": "Thread.java",
        "line": 1252,
        "function": "java.lang.Thread.join"
      },
      {
        "file": "Thread.java",
        "line": 1326,
        "function": "java.lang.Thread.join"
      },
      {
        "file": "PRNSTrainThread.java",
        "line": 128,
        "function": "com.dataiku.dip.analysis.ml.shared.PRNSTrainThread.join"
      },
      {
        "file": "PyRegularNoSavePredictionHandler.java",
        "line": 99,
        "function": "com.dataiku.dip.analysis.ml.prediction.PyRegularNoSavePredictionHandler.train"
      },
      {
        "file": "PredictionService.java",
        "line": 615,
        "function": "com.dataiku.dip.analysis.coreservices.PredictionService$TrainWorkThread.executeProcess"
      },
      {
        "file": "PredictionService.java",
        "line": 646,
        "function": "com.dataiku.dip.analysis.coreservices.PredictionService$TrainWorkThread.execute"
      },
      {
        "file": "FutureThread.java",
        "line": 102,
        "function": "com.dataiku.dip.futures.FutureThread.run"
      }
    ]
  },
  "preSearchDescription": {
    "gridLength": 12,
    "importantParams": [
      {
        "name": "trees",
        "vals": [
          "100"
        ]
      },
      {
        "name": "depth",
        "vals": [
          "5",
          "10",
          "15",
          "20"
        ]
      },
      {
        "name": "min_samples",
        "vals": [
          "1",
          "10",
          "100"
        ]
      }
    ]
  },
  "modelId": "m1",
  "progress": {
    "top_level_todo": [
      "Fitting model",
      "Saving model",
      "Scoring model"
    ],
    "stack": [
      {
        "name": "Grid searching",
        "target": 0.0,
        "cur": 0.0,
        "important": false,
        "depth": 0,
        "startTimestamp": 0,
        "msSinceStart": 0
      }
    ],
    "top_level_done": [
      {
        "name": "Loading train set",
        "time": 1723
      },
      {
        "name": "Loading test set",
        "time": 429
      },
      {
        "name": "Collecting statistics",
        "time": 401
      },
      {
        "name": "Preprocessing train set",
        "time": 900
      },
      {
        "name": "Preprocessing test set",
        "time": 253
      }
    ]
  },
  "startTime": 1523116427000,
  "endTime": 0,
  "preprocessingTime": 0,
  "trainingTime": 0
}