{
    "gridSize": 5, 
    "nThreads": 1, 
    "metric": "ROC_AUC", 
    "gridPoints": [
        {
            "index": 0, 
            "finishedAt": 1525435442969.0, 
            "score": 0.79788003972125776, 
            "parameters": {
                "penalty": "l2", 
                "C": 0.01
            }, 
            "time": 4876.0
        }, 
        {
            "index": 1, 
            "finishedAt": 1525435450824.0, 
            "score": 0.80182172067396351, 
            "parameters": {
                "penalty": "l2", 
                "C": 0.1
            }, 
            "time": 7621.0
        }, 
        {
            "index": 2, 
            "finishedAt": 1525435457747.0, 
            "score": 0.80483508432862938, 
            "parameters": {
                "penalty": "l2", 
                "C": 1.0
            }, 
            "time": 6838.0
        }, 
        {
            "index": 3, 
            "finishedAt": 1525435463779.0, 
            "score": 0.80304323945184131, 
            "parameters": {
                "penalty": "l2", 
                "C": 10.0
            }, 
            "time": 5893.0
        }, 
        {
            "index": 4, 
            "finishedAt": 1525435469598.0, 
            "score": 0.80256582786076269, 
            "parameters": {
                "penalty": "l2", 
                "C": 100.0
            }, 
            "time": 5703.0
        }
    ], 
    "startedAt": 1525435437994, 
    "nSplits": 3
}