[
    {
        "parameters": {
            "penalty": "l2", 
            "C": 0.01
        }, 
        "score_time": 28, 
        "test_score": 0.7876950918833796, 
        "fit_time": 1881, 
        "num_samples": 1974, 
        "best_iteration": null, 
        "train_score": 0.8460879924031259, 
        "parameter_id": 0, 
        "time": 1909, 
        "done_at": 1525435439947, 
        "grid_point_id": "{\"penalty\": \"l2\", \"C\": 0.01}@0"
    }, 
    {
        "parameters": {
            "penalty": "l2", 
            "C": 0.01
        }, 
        "score_time": 11, 
        "test_score": 0.8041066334708475, 
        "fit_time": 1592, 
        "num_samples": 1973, 
        "best_iteration": null, 
        "train_score": 0.8343715477114735, 
        "parameter_id": 0, 
        "time": 1603, 
        "done_at": 1525435441584, 
        "grid_point_id": "{\"penalty\": \"l2\", \"C\": 0.01}@1"
    }, 
    {
        "parameters": {
            "penalty": "l2", 
            "C": 0.01
        }, 
        "score_time": 14, 
        "test_score": 0.8018455658693466, 
        "fit_time": 1350, 
        "num_samples": 1972, 
        "best_iteration": null, 
        "train_score": 0.8357405662248217, 
        "parameter_id": 0, 
        "time": 1364, 
        "done_at": 1525435442969, 
        "grid_point_id": "{\"penalty\": \"l2\", \"C\": 0.01}@2"
    }, 
    {
        "parameters": {
            "penalty": "l2", 
            "C": 0.1
        }, 
        "score_time": 62, 
        "test_score": 0.787902030841245, 
        "fit_time": 2369, 
        "num_samples": 1974, 
        "best_iteration": null, 
        "train_score": 0.8621945225607655, 
        "parameter_id": 1, 
        "time": 2431, 
        "done_at": 1525435445513, 
        "grid_point_id": "{\"penalty\": \"l2\", \"C\": 0.1}@0"
    }, 
    {
        "parameters": {
            "penalty": "l2", 
            "C": 0.1
        }, 
        "score_time": 50, 
        "test_score": 0.8098936968513765, 
        "fit_time": 2524, 
        "num_samples": 1973, 
        "best_iteration": null, 
        "train_score": 0.8498507823081025, 
        "parameter_id": 1, 
        "time": 2574, 
        "done_at": 1525435448191, 
        "grid_point_id": "{\"penalty\": \"l2\", \"C\": 0.1}@1"
    }, 
    {
        "parameters": {
            "penalty": "l2", 
            "C": 0.1
        }, 
        "score_time": 11, 
        "test_score": 0.8076794583675488, 
        "fit_time": 2605, 
        "num_samples": 1972, 
        "best_iteration": null, 
        "train_score": 0.8518341252470468, 
        "parameter_id": 1, 
        "time": 2616, 
        "done_at": 1525435450824, 
        "grid_point_id": "{\"penalty\": \"l2\", \"C\": 0.1}@2"
    }, 
    {
        "parameters": {
            "penalty": "l2", 
            "C": 1.0
        }, 
        "score_time": 11, 
        "test_score": 0.788973863492025, 
        "fit_time": 1435, 
        "num_samples": 1974, 
        "best_iteration": null, 
        "train_score": 0.876426215329082, 
        "parameter_id": 2, 
        "time": 1446, 
        "done_at": 1525435452291, 
        "grid_point_id": "{\"penalty\": \"l2\", \"C\": 1.0}@0"
    }, 
    {
        "parameters": {
            "penalty": "l2", 
            "C": 1.0
        }, 
        "score_time": 11, 
        "test_score": 0.8143915044110395, 
        "fit_time": 3569, 
        "num_samples": 1973, 
        "best_iteration": null, 
        "train_score": 0.8644561867101253, 
        "parameter_id": 2, 
        "time": 3580, 
        "done_at": 1525435455892, 
        "grid_point_id": "{\"penalty\": \"l2\", \"C\": 1.0}@1"
    }, 
    {
        "parameters": {
            "penalty": "l2", 
            "C": 1.0
        }, 
        "score_time": 22, 
        "test_score": 0.8111511254588837, 
        "fit_time": 1790, 
        "num_samples": 1972, 
        "best_iteration": null, 
        "train_score": 0.865006021633788, 
        "parameter_id": 2, 
        "time": 1812, 
        "done_at": 1525435457747, 
        "grid_point_id": "{\"penalty\": \"l2\", \"C\": 1.0}@2"
    }, 
    {
        "parameters": {
            "penalty": "l2", 
            "C": 10.0
        }, 
        "score_time": 45, 
        "test_score": 0.7859817542916134, 
        "fit_time": 2015, 
        "num_samples": 1974, 
        "best_iteration": null, 
        "train_score": 0.8790107670077544, 
        "parameter_id": 3, 
        "time": 2060, 
        "done_at": 1525435459860, 
        "grid_point_id": "{\"penalty\": \"l2\", \"C\": 10.0}@0"
    }, 
    {
        "parameters": {
            "penalty": "l2", 
            "C": 10.0
        }, 
        "score_time": 22, 
        "test_score": 0.8131687522202873, 
        "fit_time": 1838, 
        "num_samples": 1973, 
        "best_iteration": null, 
        "train_score": 0.8674323831332044, 
        "parameter_id": 3, 
        "time": 1860, 
        "done_at": 1525435461767, 
        "grid_point_id": "{\"penalty\": \"l2\", \"C\": 10.0}@1"
    }, 
    {
        "parameters": {
            "penalty": "l2", 
            "C": 10.0
        }, 
        "score_time": 10, 
        "test_score": 0.8099913809397445, 
        "fit_time": 1963, 
        "num_samples": 1972, 
        "best_iteration": null, 
        "train_score": 0.8687773725593138, 
        "parameter_id": 3, 
        "time": 1973, 
        "done_at": 1525435463779, 
        "grid_point_id": "{\"penalty\": \"l2\", \"C\": 10.0}@2"
    }, 
    {
        "parameters": {
            "penalty": "l2", 
            "C": 100.0
        }, 
        "score_time": 23, 
        "test_score": 0.78481839386213, 
        "fit_time": 1956, 
        "num_samples": 1974, 
        "best_iteration": null, 
        "train_score": 0.8788034189896792, 
        "parameter_id": 4, 
        "time": 1979, 
        "done_at": 1525435465803, 
        "grid_point_id": "{\"penalty\": \"l2\", \"C\": 100.0}@0"
    }, 
    {
        "parameters": {
            "penalty": "l2", 
            "C": 100.0
        }, 
        "score_time": 10, 
        "test_score": 0.8136679013811663, 
        "fit_time": 1898, 
        "num_samples": 1973, 
        "best_iteration": null, 
        "train_score": 0.8676140579635001, 
        "parameter_id": 4, 
        "time": 1908, 
        "done_at": 1525435467751, 
        "grid_point_id": "{\"penalty\": \"l2\", \"C\": 100.0}@1"
    }, 
    {
        "parameters": {
            "penalty": "l2", 
            "C": 100.0
        }, 
        "score_time": 24, 
        "test_score": 0.8092235579102274, 
        "fit_time": 1792, 
        "num_samples": 1972, 
        "best_iteration": null, 
        "train_score": 0.8691423238396017, 
        "parameter_id": 4, 
        "time": 1816, 
        "done_at": 1525435469598, 
        "grid_point_id": "{\"penalty\": \"l2\", \"C\": 100.0}@2"
    }
]