{
    "usedGridSearch": true, 
    "probaAware": true, 
    "gridSize": 5, 
    "modelInputNRows": 5919, 
    "modelInputNCols": 325, 
    "modelInputMemory": 15389400, 
    "gridCells": [
        {
            "scoreTimeStd": 0.0074087035902976241, 
            "scoreTime": 0.017666666666666667, 
            "fitTime": 1.6076666666666668, 
            "score": 0.79788003972125776, 
            "params": {
                "penalty": "l2", 
                "C": 0.01
            }, 
            "fitTimeStd": 0.21706271495174431, 
            "scoreStd": 0.0072634618899022792
        }, 
        {
            "scoreTimeStd": 0.021771541057077241, 
            "scoreTime": 0.041000000000000002, 
            "fitTime": 2.4993333333333339, 
            "score": 0.80182172067396351, 
            "params": {
                "penalty": "l2", 
                "C": 0.1
            }, 
            "fitTimeStd": 0.09791265949247252, 
            "scoreStd": 0.0098878455464527001
        }, 
        {
            "scoreTimeStd": 0.0051854497287013484, 
            "scoreTime": 0.014666666666666666, 
            "fitTime": 2.2646666666666664, 
            "score": 0.80483508432862938, 
            "params": {
                "penalty": "l2", 
                "C": 1.0
            }, 
            "fitTimeStd": 0.93362031302285231, 
            "scoreStd": 0.011297538938304938
        }, 
        {
            "scoreTimeStd": 0.014522013940527975, 
            "scoreTime": 0.025666666666666667, 
            "fitTime": 1.938666666666667, 
            "score": 0.80304323945184131, 
            "params": {
                "penalty": "l2", 
                "C": 10.0
            }, 
            "fitTimeStd": 0.074280250104287862, 
            "scoreStd": 0.012138369262848848
        }, 
        {
            "scoreTimeStd": 0.0063770421565696638, 
            "scoreTime": 0.019, 
            "fitTime": 1.8819999999999999, 
            "score": 0.80256582786076269, 
            "params": {
                "penalty": "l2", 
                "C": 100.0
            }, 
            "fitTimeStd": 0.067901890008059879, 
            "scoreStd": 0.012684504907994327
        }
    ], 
    "gridBestScore": 0.80483508432862938, 
    "modelInputIsSparse": false
}