{
  "params": {
    "ttPolicy": "SPLIT_SINGLE_DATASET",
    "ssdSplitMode": "RANDOM",
    "splitBeforePrepare": true,
    "ssdSelection": {
      "useMemTable": false,
      "filter": {
        "distinct": false,
        "enabled": false
      },
      "partitionSelectionMethod": "ALL",
      "latestPartitionsN": 1,
      "ordering": {
        "enabled": false,
        "rules": []
      },
      "samplingMethod": "HEAD_SEQUENTIAL",
      "maxRecords": 100000,
      "targetRatio": 0.02,
      "withinFirstN": -1,
      "maxReadUncompressedBytes": -1
    },
    "ssdTrainingRatio": 0.8,
    "ssdSeed": 1337,
    "kfold": false,
    "nFolds": 5,
    "instanceIdRefresher": 0,
    "subSamplingSeed": 1337
  },
  "generationDate": 1524747859896,
  "policyId": "type\u003dSPLIT_SINGLE_DATASET,split\u003dRANDOM,splitBeforePrepare\u003dtrue,ds\u003dtrain,sel\u003d(method\u003dhead-s,records\u003d100000),r\u003d0.8,s\u003d1337",
  "instanceId": "54605212ac7880617517389f2e93c231-0",
  "format": "csv1",
  "schema": {
    "userModified": false,
    "columns": [
      {
        "name": "ID",
        "type": "bigint",
        "timestampNoTzAsDate": false,
        "maxLength": -1
      },
      {
        "name": "Date",
        "type": "string",
        "timestampNoTzAsDate": false,
        "maxLength": -1
      },
      {
        "name": "HomeTeam",
        "type": "string",
        "timestampNoTzAsDate": false,
        "maxLength": -1
      },
      {
        "name": "AwayTeam",
        "type": "string",
        "timestampNoTzAsDate": false,
        "maxLength": -1
      },
      {
        "name": "FTR",
        "type": "string",
        "timestampNoTzAsDate": false,
        "maxLength": -1
      },
      {
        "name": "B365H",
        "type": "string",
        "downcastedToStringFromMeaning": "DoubleMeaning",
        "timestampNoTzAsDate": false,
        "maxLength": -1
      },
      {
        "name": "B365D",
        "type": "string",
        "downcastedToStringFromMeaning": "DoubleMeaning",
        "timestampNoTzAsDate": false,
        "maxLength": -1
      },
      {
        "name": "B365A",
        "type": "string",
        "downcastedToStringFromMeaning": "DoubleMeaning",
        "timestampNoTzAsDate": false,
        "maxLength": -1
      },
      {
        "name": "BWH",
        "type": "string",
        "downcastedToStringFromMeaning": "DoubleMeaning",
        "timestampNoTzAsDate": false,
        "maxLength": -1
      },
      {
        "name": "BWD",
        "type": "string",
        "downcastedToStringFromMeaning": "DoubleMeaning",
        "timestampNoTzAsDate": false,
        "maxLength": -1
      },
      {
        "name": "BWA",
        "type": "string",
        "downcastedToStringFromMeaning": "DoubleMeaning",
        "timestampNoTzAsDate": false,
        "maxLength": -1
      },
      {
        "name": "IWH",
        "type": "string",
        "downcastedToStringFromMeaning": "DoubleMeaning",
        "timestampNoTzAsDate": false,
        "maxLength": -1
      },
      {
        "name": "IWD",
        "type": "string",
        "downcastedToStringFromMeaning": "DoubleMeaning",
        "timestampNoTzAsDate": false,
        "maxLength": -1
      },
      {
        "name": "IWA",
        "type": "string",
        "downcastedToStringFromMeaning": "DoubleMeaning",
        "timestampNoTzAsDate": false,
        "maxLength": -1
      },
      {
        "name": "LBH",
        "type": "string",
        "downcastedToStringFromMeaning": "DoubleMeaning",
        "timestampNoTzAsDate": false,
        "maxLength": -1
      },
      {
        "name": "LBD",
        "type": "string",
        "downcastedToStringFromMeaning": "DoubleMeaning",
        "timestampNoTzAsDate": false,
        "maxLength": -1
      },
      {
        "name": "LBA",
        "type": "string",
        "downcastedToStringFromMeaning": "DoubleMeaning",
        "timestampNoTzAsDate": false,
        "maxLength": -1
      },
      {
        "name": "WHH",
        "type": "string",
        "downcastedToStringFromMeaning": "DoubleMeaning",
        "timestampNoTzAsDate": false,
        "maxLength": -1
      },
      {
        "name": "WHD",
        "type": "string",
        "downcastedToStringFromMeaning": "DoubleMeaning",
        "timestampNoTzAsDate": false,
        "maxLength": -1
      },
      {
        "name": "WHA",
        "type": "string",
        "downcastedToStringFromMeaning": "DoubleMeaning",
        "timestampNoTzAsDate": false,
        "maxLength": -1
      },
      {
        "name": "VCH",
        "type": "string",
        "downcastedToStringFromMeaning": "DoubleMeaning",
        "timestampNoTzAsDate": false,
        "maxLength": -1
      },
      {
        "name": "VCD",
        "type": "string",
        "downcastedToStringFromMeaning": "DoubleMeaning",
        "timestampNoTzAsDate": false,
        "maxLength": -1
      },
      {
        "name": "VCA",
        "type": "string",
        "downcastedToStringFromMeaning": "DoubleMeaning",
        "timestampNoTzAsDate": false,
        "maxLength": -1
      }
    ]
  },
  "trainPath": "train-54605212ac7880617517389f2e93c231-0.csv",
  "testPath": "test-54605212ac7880617517389f2e93c231-0.csv",
  "trainRows": 1228,
  "testRows": 292,
  "fullRows": 0
}