{
    "densityData": {
        "1": {
            "incorrect": [
                0.090766166903854736, 
                0.14656475757358423, 
                0.23005222304227427, 
                0.35100607763587727, 
                0.52058800834436425, 
                0.75052472729523179, 
                1.0517854834188376, 
                1.4327837959640988, 
                1.8972539762494229, 
                2.4420896547157085, 
                3.0555476285349688, 
                3.7162749097337908, 
                4.3935738478285771, 
                5.0491625157432338, 
                5.6404283923262133, 
                6.1248598048939273, 
                6.4650447652685674, 
                6.6334313978057455, 
                6.6160117747051634, 
                6.4142460964747974, 
                6.0448605897232639, 
                5.5375579209367132, 
                4.9310748630741692, 
                4.2683127312631468, 
                3.5913868606350365, 
                2.9373755031931066, 
                2.3353289849809991, 
                1.8047954700626676, 
                1.3558112605615262, 
                0.99006065638461471, 
                0.70277400722695105, 
                0.48490973128755893, 
                0.32523511608934941, 
                0.21204365601154396, 
                0.1343830389757639, 
                0.082785629272576267, 
                0.049574320728913303, 
                0.028856915766777302, 
                0.016328051932565799, 
                0.0089806993162375275, 
                0.0048015036199365148, 
                0.0024953742368926061, 
                0.0012606236050946898, 
                0.00061905110726090222, 
                0.00029550096002260755, 
                0.00013711425530698514, 
                6.1844010336186293e-05, 
                2.7114649857258705e-05, 
                1.1555844223403841e-05, 
                4.7873003849355365e-06, 
                1.9278400586617659e-06, 
                7.5464490375366121e-07, 
                2.871478761936906e-07, 
                1.062086515960572e-07, 
                3.8186117407772549e-08, 
                1.3345733050011173e-08, 
                4.5338869319943392e-09, 
                1.4972359926321479e-09, 
                4.8061924167242144e-10, 
                1.4996964750550412e-10, 
                4.5488007002887774e-11, 
                1.3411636355620027e-11, 
                3.8437749427066705e-12, 
                1.0708421439813716e-12, 
                2.8999084015560296e-13, 
                7.6336883771519602e-14, 
                1.9533312399089926e-14, 
                4.8585724836018781e-15, 
                1.1747157681010064e-15, 
                2.760884458545954e-16, 
                6.3074670069161264e-17, 
                1.4007255956014482e-17, 
                3.0237262031287071e-18, 
                6.3448766580026018e-19, 
                1.2941816156640549e-19, 
                2.5660114510966044e-20, 
                4.9455349542748301e-21, 
                9.2652956731588454e-22, 
                1.687316727669678e-22, 
                2.986931498467446e-23, 
                5.1397883433074863e-24, 
                8.5971900854114439e-25, 
                1.3978454106728262e-25, 
                2.2092918089887841e-26, 
                3.3942071310501359e-27, 
                5.068913993290611e-28, 
                7.3583903882569695e-29, 
                1.038345892310699e-29, 
                1.4242708803697727e-30, 
                1.8990415314341438e-31, 
                2.4613175707794183e-32, 
                3.1009314309141254e-33, 
                3.7975893060276831e-34, 
                4.5207984994325239e-35, 
                5.23134818158635e-36, 
                5.8844167631592441e-37, 
                6.4340516581958501e-38, 
                6.8384391156648415e-39, 
                7.0651396002235784e-40, 
                7.0953828194625118e-41
            ], 
            "incorrectMedian": 0.17583052685588521, 
            "correct": [
                0.0, 
                0.0, 
                0.0, 
                0.0, 
                0.0, 
                0.0, 
                0.0, 
                0.0, 
                0.0, 
                0.0, 
                0.0, 
                0.0, 
                0.0, 
                0.0, 
                0.0, 
                0.0, 
                0.0, 
                0.0, 
                0.0, 
                0.0, 
                0.0, 
                0.0, 
                0.0, 
                0.0, 
                0.0, 
                0.0, 
                0.0, 
                0.0, 
                0.0, 
                0.0, 
                0.0, 
                0.0, 
                0.0, 
                0.0, 
                0.0, 
                0.0, 
                0.0, 
                0.0, 
                0.0, 
                0.0, 
                0.0, 
                0.0, 
                0.0, 
                0.0, 
                0.0, 
                0.0, 
                0.0, 
                0.0, 
                0.0, 
                0.0, 
                0.0, 
                0.0, 
                0.0, 
                0.0, 
                0.0, 
                0.0, 
                0.0, 
                0.0, 
                0.0, 
                0.0, 
                0.0, 
                0.0, 
                0.0, 
                0.0, 
                0.0, 
                0.0, 
                0.0, 
                0.0, 
                0.0, 
                0.0, 
                0.0, 
                0.0, 
                0.0, 
                0.0, 
                0.0, 
                0.0, 
                0.0, 
                0.0, 
                0.0, 
                0.0, 
                0.0, 
                0.0, 
                0.0, 
                0.0, 
                0.0, 
                0.0, 
                0.0, 
                0.0, 
                0.0, 
                0.0, 
                0.0, 
                0.0, 
                0.0, 
                0.0, 
                0.0, 
                0.0, 
                0.0, 
                0.0, 
                0.0, 
                0.0
            ], 
            "correctMedian": 0.17583052685588521
        }, 
        "0": {
            "incorrect": [
                0.0, 
                0.0, 
                0.0, 
                0.0, 
                0.0, 
                0.0, 
                0.0, 
                0.0, 
                0.0, 
                0.0, 
                0.0, 
                0.0, 
                0.0, 
                0.0, 
                0.0, 
                0.0, 
                0.0, 
                0.0, 
                0.0, 
                0.0, 
                0.0, 
                0.0, 
                0.0, 
                0.0, 
                0.0, 
                0.0, 
                0.0, 
                0.0, 
                0.0, 
                0.0, 
                0.0, 
                0.0, 
                0.0, 
                0.0, 
                0.0, 
                0.0, 
                0.0, 
                0.0, 
                0.0, 
                0.0, 
                0.0, 
                0.0, 
                0.0, 
                0.0, 
                0.0, 
                0.0, 
                0.0, 
                0.0, 
                0.0, 
                0.0, 
                0.0, 
                0.0, 
                0.0, 
                0.0, 
                0.0, 
                0.0, 
                0.0, 
                0.0, 
                0.0, 
                0.0, 
                0.0, 
                0.0, 
                0.0, 
                0.0, 
                0.0, 
                0.0, 
                0.0, 
                0.0, 
                0.0, 
                0.0, 
                0.0, 
                0.0, 
                0.0, 
                0.0, 
                0.0, 
                0.0, 
                0.0, 
                0.0, 
                0.0, 
                0.0, 
                0.0, 
                0.0, 
                0.0, 
                0.0, 
                0.0, 
                0.0, 
                0.0, 
                0.0, 
                0.0, 
                0.0, 
                0.0, 
                0.0, 
                0.0, 
                0.0, 
                0.0, 
                0.0, 
                0.0, 
                0.0, 
                0.0, 
                0.0
            ], 
            "incorrectMedian": 0.045887993916124629, 
            "correct": [
                4.9630116357630971, 
                5.5655512876847739, 
                6.0668381172782961, 
                6.4284748021807454, 
                6.6213234995608286, 
                6.6293811550594954, 
                6.4519722928558361, 
                6.103842512195464, 
                5.6131347402356004, 
                5.0176335055989432, 
                4.3599722766163831, 
                3.6826448711793383, 
                3.0236204567207738, 
                2.4131595174659868, 
                1.8721304579301203, 
                1.4118140788728393, 
                1.0349282209303461, 
                0.73745287413327432, 
                0.51079852813483362, 
                0.34391912206436415, 
                0.22508903095179864, 
                0.14320021207256795, 
                0.088557288893706412, 
                0.053234880753996815, 
                0.031107103941046259, 
                0.017669090566141746, 
                0.0097557381474004303, 
                0.0052359729566862382, 
                0.0027316558049342173, 
                0.0013853065241719411, 
                0.0006828999870445335, 
                0.00032723492681681929, 
                0.00015242405789306213, 
                6.9014239937036209e-05, 
                3.0374925477417599e-05, 
                1.2995202593602742e-05, 
                5.4043343485922248e-06, 
                2.1847044150538781e-06, 
                8.5848850578445631e-07, 
                3.279197732271455e-07, 
                1.2175646955515371e-07, 
                4.3944832188217299e-08, 
                1.5417533317495053e-08, 
                5.2579118712707491e-09, 
                1.7430226520800427e-09, 
                5.6167369055661126e-10, 
                1.7593670476102899e-10, 
                5.3569815080550582e-11, 
                1.5855325513483619e-11, 
                4.5616451625162868e-12, 
                1.2757311456401498e-12, 
                3.4680722697266615e-13, 
                9.1644929435121833e-14, 
                2.3540737523502107e-14, 
                5.8779110627688228e-15, 
                1.4266494648971642e-15, 
                3.3659128478524482e-16, 
                7.719333023141864e-17, 
                1.7208697867344094e-17, 
                3.7291303465414878e-18, 
                7.855221568802078e-19, 
                1.6084243412396321e-19, 
                3.2013573592655546e-20, 
                6.1938259435863203e-21, 
                1.164863827449444e-21, 
                2.1295245124653314e-22, 
                3.7842642012300242e-23, 
                6.5368960214477534e-24, 
                1.0976225637625782e-24, 
                1.7915370629089934e-25, 
                2.8424307306202609e-26, 
                4.3837452082897964e-27, 
                6.5719165511811418e-28, 
                9.5770134633342014e-29, 
                1.3566239421687609e-29, 
                1.8680142225015102e-30, 
                2.5003004630134835e-31, 
                3.2530860088452499e-32, 
                4.1142455872910994e-33, 
                5.0579694268752772e-34, 
                6.0444043504622135e-35, 
                7.0213745499865143e-36, 
                7.9283368512615846e-37, 
                8.7022863237465949e-38, 
                9.2848729358039502e-39, 
                9.62963625944169e-40, 
                9.7081197014767131e-41, 
                9.5137488838527305e-42, 
                9.0627409679945569e-43, 
                8.3918704724986069e-44, 
                7.5535185218460284e-45, 
                6.6089299196371157e-46, 
                5.6208800380101667e-47, 
                4.6469586518211264e-48, 
                3.7344325646663092e-49, 
                2.9172372907051993e-50, 
                2.2151860772228078e-51, 
                1.6350837090125157e-52, 
                1.1731703857249474e-53, 
                8.1822644799151139e-55
            ], 
            "correctMedian": 0.045887993916124629
        }, 
        "3": {
            "incorrect": [
                0.0, 
                0.0, 
                0.0, 
                0.0, 
                0.0, 
                0.0, 
                0.0, 
                0.0, 
                0.0, 
                0.0, 
                0.0, 
                0.0, 
                0.0, 
                0.0, 
                0.0, 
                0.0, 
                0.0, 
                0.0, 
                0.0, 
                0.0, 
                0.0, 
                0.0, 
                0.0, 
                0.0, 
                0.0, 
                0.0, 
                0.0, 
                0.0, 
                0.0, 
                0.0, 
                0.0, 
                0.0, 
                0.0, 
                0.0, 
                0.0, 
                0.0, 
                0.0, 
                0.0, 
                0.0, 
                0.0, 
                0.0, 
                0.0, 
                0.0, 
                0.0, 
                0.0, 
                0.0, 
                0.0, 
                0.0, 
                0.0, 
                0.0, 
                0.0, 
                0.0, 
                0.0, 
                0.0, 
                0.0, 
                0.0, 
                0.0, 
                0.0, 
                0.0, 
                0.0, 
                0.0, 
                0.0, 
                0.0, 
                0.0, 
                0.0, 
                0.0, 
                0.0, 
                0.0, 
                0.0, 
                0.0, 
                0.0, 
                0.0, 
                0.0, 
                0.0, 
                0.0, 
                0.0, 
                0.0, 
                0.0, 
                0.0, 
                0.0, 
                0.0, 
                0.0, 
                0.0, 
                0.0, 
                0.0, 
                0.0, 
                0.0, 
                0.0, 
                0.0, 
                0.0, 
                0.0, 
                0.0, 
                0.0, 
                0.0, 
                0.0, 
                0.0, 
                0.0, 
                0.0, 
                0.0, 
                0.0
            ], 
            "incorrectMedian": 0.21241279678923006, 
            "correct": [
                0.0, 
                0.0, 
                0.0, 
                0.0, 
                0.0, 
                0.0, 
                0.0, 
                0.0, 
                0.0, 
                0.0, 
                0.0, 
                0.0, 
                0.0, 
                0.0, 
                0.0, 
                0.0, 
                0.0, 
                0.0, 
                0.0, 
                0.0, 
                0.0, 
                0.0, 
                0.0, 
                0.0, 
                0.0, 
                0.0, 
                0.0, 
                0.0, 
                0.0, 
                0.0, 
                0.0, 
                0.0, 
                0.0, 
                0.0, 
                0.0, 
                0.0, 
                0.0, 
                0.0, 
                0.0, 
                0.0, 
                0.0, 
                0.0, 
                0.0, 
                0.0, 
                0.0, 
                0.0, 
                0.0, 
                0.0, 
                0.0, 
                0.0, 
                0.0, 
                0.0, 
                0.0, 
                0.0, 
                0.0, 
                0.0, 
                0.0, 
                0.0, 
                0.0, 
                0.0, 
                0.0, 
                0.0, 
                0.0, 
                0.0, 
                0.0, 
                0.0, 
                0.0, 
                0.0, 
                0.0, 
                0.0, 
                0.0, 
                0.0, 
                0.0, 
                0.0, 
                0.0, 
                0.0, 
                0.0, 
                0.0, 
                0.0, 
                0.0, 
                0.0, 
                0.0, 
                0.0, 
                0.0, 
                0.0, 
                0.0, 
                0.0, 
                0.0, 
                0.0, 
                0.0, 
                0.0, 
                0.0, 
                0.0, 
                0.0, 
                0.0, 
                0.0, 
                0.0, 
                0.0, 
                0.0, 
                0.0
            ], 
            "correctMedian": 0.21241279678923006
        }, 
        "2": {
            "incorrect": [
                2.2292698567547868e-15, 
                9.103630736195005e-15, 
                3.6137486701797334e-14, 
                1.3944167083048224e-13, 
                5.2302028471011951e-13, 
                1.9069346460591e-12, 
                6.7584080188425343e-12, 
                2.3283288922743594e-11, 
                7.797144250632499e-11, 
                2.5381549541354874e-10, 
                8.0314140713347244e-10, 
                2.4703428057428789e-09, 
                7.3860756618147523e-09, 
                2.1466517866048828e-08, 
                6.0645806229235395e-08, 
                1.6654487288563732e-07, 
                4.4458323588811596e-07, 
                1.1536291447850129e-06, 
                2.909850507584133e-06, 
                7.1345478997269002e-06, 
                1.7004096460328415e-05, 
                3.9394172615248934e-05, 
                8.8715954361715029e-05, 
                0.0001942060681890884, 
                0.00041325220971367039, 
                0.00085478894116788331, 
                0.001718675661566055, 
                0.0033590794857292854, 
                0.0063817230950825544, 
                0.011785471262714805, 
                0.021156668053562821, 
                0.036918063510031178, 
                0.062621270527849784, 
                0.10325144985235077, 
                0.16548619268082687, 
                0.25782123928139006, 
                0.39045136065338321, 
                0.57478643643851779, 
                0.82250283522235512, 
                1.1440884934073712, 
                1.546938874876947, 
                2.0331902151004253, 
                2.5976114509560988, 
                3.2259801513069757, 
                3.8943996138405708, 
                4.5699416792150256, 
                5.2128127352369633, 
                5.7799610426600951, 
                6.2297270746556261, 
                6.5268623191034356, 
                6.64708456972122, 
                6.5803543164995713, 
                6.3322590701380737, 
                5.923240853948986, 
                5.3858150054966059, 
                4.7603051493069852, 
                4.089869738125695, 
                3.4156666592825857, 
                2.7728910550731336, 
                2.1881719912078506, 
                1.6785003044395435, 
                1.2515630002174321, 
                0.90714211231639474, 
                0.63913008845890074, 
                0.43771811450095338, 
                0.29140104032163622, 
                0.18857277742166778, 
                0.11862008179521744, 
                0.072531851270790523, 
                0.043111251182662437, 
                0.024908284283530657, 
                0.013989053207721952, 
                0.0076370239395663281, 
                0.004052763896564897, 
                0.0020905943721722582, 
                0.0010482854839489934, 
                0.00051095268857319495, 
                0.00024208792451039455, 
                0.00011149538390059141, 
                4.991510270179409e-05, 
                2.1721928133969393e-05, 
                9.1887428475365089e-06, 
                3.7783757443876004e-06, 
                1.5102384157229579e-06, 
                5.8678256797875188e-07, 
                2.2161554250617762e-07, 
                8.1360676130715301e-08, 
                2.9034891294407695e-08, 
                1.007203396026825e-08, 
                3.3962955819352562e-09, 
                1.1132305104535794e-09, 
                3.5469579734318591e-10, 
                1.098546150362296e-10, 
                3.3072870627722685e-11, 
                9.6786948856189645e-12, 
                2.7532967880403615e-12, 
                7.6134338505048526e-13, 
                2.0464420497341379e-13, 
                5.3469933622018879e-14, 
                1.3580356181239093e-14
            ], 
            "incorrectMedian": 0.50650502085244919, 
            "correct": [
                2.2292698567547868e-15, 
                9.103630736195005e-15, 
                3.6137486701797334e-14, 
                1.3944167083048224e-13, 
                5.2302028471011951e-13, 
                1.9069346460590863e-12, 
                6.7584080188425343e-12, 
                2.3283288922743678e-11, 
                7.797144250632499e-11, 
                2.5381549541354874e-10, 
                8.0314140713347244e-10, 
                2.4703428057428789e-09, 
                7.3860756618147523e-09, 
                2.1466517866048828e-08, 
                6.0645806229235395e-08, 
                1.6654487288563732e-07, 
                4.4458323588811596e-07, 
                1.1536291447850129e-06, 
                2.909850507584133e-06, 
                7.1345478997269002e-06, 
                1.7004096460328415e-05, 
                3.9394172615248934e-05, 
                8.8715954361715029e-05, 
                0.0001942060681890884, 
                0.00041325220971367039, 
                0.00085478894116788331, 
                0.001718675661566055, 
                0.0033590794857292854, 
                0.0063817230950825544, 
                0.011785471262714805, 
                0.021156668053562821, 
                0.036918063510031178, 
                0.062621270527849784, 
                0.10325144985235077, 
                0.16548619268082687, 
                0.25782123928139006, 
                0.39045136065338321, 
                0.57478643643851779, 
                0.82250283522235512, 
                1.1440884934073712, 
                1.546938874876947, 
                2.0331902151004253, 
                2.5976114509560988, 
                3.2259801513069757, 
                3.8943996138405708, 
                4.5699416792150256, 
                5.2128127352369633, 
                5.7799610426600951, 
                6.2297270746556261, 
                6.5268623191034356, 
                6.64708456972122, 
                6.5803543164995713, 
                6.3322590701380737, 
                5.923240853948986, 
                5.3858150054966059, 
                4.7603051493069852, 
                4.089869738125695, 
                3.4156666592825857, 
                2.7728910550731336, 
                2.1881719912078506, 
                1.6785003044395435, 
                1.2515630002174321, 
                0.90714211231639474, 
                0.63913008845890074, 
                0.43771811450095338, 
                0.29140104032163622, 
                0.18857277742166778, 
                0.11862008179521744, 
                0.072531851270790523, 
                0.043111251182662437, 
                0.024908284283530657, 
                0.013989053207721952, 
                0.0076370239395663281, 
                0.004052763896564897, 
                0.0020905943721722582, 
                0.0010482854839489934, 
                0.00051095268857319495, 
                0.00024208792451039455, 
                0.00011149538390059141, 
                4.991510270179409e-05, 
                2.1721928133969393e-05, 
                9.1887428475365089e-06, 
                3.7783757443876004e-06, 
                1.5102384157229579e-06, 
                5.8678256797875188e-07, 
                2.2161554250617762e-07, 
                8.1360676130715301e-08, 
                2.9034891294407695e-08, 
                1.007203396026825e-08, 
                3.3962955819352562e-09, 
                1.1132305104535794e-09, 
                3.5469579734318591e-10, 
                1.098546150362296e-10, 
                3.3072870627722801e-11, 
                9.678694885619e-12, 
                2.7532967880403615e-12, 
                7.6134338505047991e-13, 
                2.0464420497341379e-13, 
                5.3469933622018879e-14, 
                1.3580356181239093e-14
            ], 
            "correctMedian": 0.50650502085244919
        }, 
        "4": {
            "incorrect": [
                0.0, 
                0.0, 
                0.0, 
                0.0, 
                0.0, 
                0.0, 
                0.0, 
                0.0, 
                0.0, 
                0.0, 
                0.0, 
                0.0, 
                0.0, 
                0.0, 
                0.0, 
                0.0, 
                0.0, 
                0.0, 
                0.0, 
                0.0, 
                0.0, 
                0.0, 
                0.0, 
                0.0, 
                0.0, 
                0.0, 
                0.0, 
                0.0, 
                0.0, 
                0.0, 
                0.0, 
                0.0, 
                0.0, 
                0.0, 
                0.0, 
                0.0, 
                0.0, 
                0.0, 
                0.0, 
                0.0, 
                0.0, 
                0.0, 
                0.0, 
                0.0, 
                0.0, 
                0.0, 
                0.0, 
                0.0, 
                0.0, 
                0.0, 
                0.0, 
                0.0, 
                0.0, 
                0.0, 
                0.0, 
                0.0, 
                0.0, 
                0.0, 
                0.0, 
                0.0, 
                0.0, 
                0.0, 
                0.0, 
                0.0, 
                0.0, 
                0.0, 
                0.0, 
                0.0, 
                0.0, 
                0.0, 
                0.0, 
                0.0, 
                0.0, 
                0.0, 
                0.0, 
                0.0, 
                0.0, 
                0.0, 
                0.0, 
                0.0, 
                0.0, 
                0.0, 
                0.0, 
                0.0, 
                0.0, 
                0.0, 
                0.0, 
                0.0, 
                0.0, 
                0.0, 
                0.0, 
                0.0, 
                0.0, 
                0.0, 
                0.0, 
                0.0, 
                0.0, 
                0.0, 
                0.0, 
                0.0
            ], 
            "incorrectMedian": 0.059363661586310831, 
            "correct": [
                0.0, 
                0.0, 
                0.0, 
                0.0, 
                0.0, 
                0.0, 
                0.0, 
                0.0, 
                0.0, 
                0.0, 
                0.0, 
                0.0, 
                0.0, 
                0.0, 
                0.0, 
                0.0, 
                0.0, 
                0.0, 
                0.0, 
                0.0, 
                0.0, 
                0.0, 
                0.0, 
                0.0, 
                0.0, 
                0.0, 
                0.0, 
                0.0, 
                0.0, 
                0.0, 
                0.0, 
                0.0, 
                0.0, 
                0.0, 
                0.0, 
                0.0, 
                0.0, 
                0.0, 
                0.0, 
                0.0, 
                0.0, 
                0.0, 
                0.0, 
                0.0, 
                0.0, 
                0.0, 
                0.0, 
                0.0, 
                0.0, 
                0.0, 
                0.0, 
                0.0, 
                0.0, 
                0.0, 
                0.0, 
                0.0, 
                0.0, 
                0.0, 
                0.0, 
                0.0, 
                0.0, 
                0.0, 
                0.0, 
                0.0, 
                0.0, 
                0.0, 
                0.0, 
                0.0, 
                0.0, 
                0.0, 
                0.0, 
                0.0, 
                0.0, 
                0.0, 
                0.0, 
                0.0, 
                0.0, 
                0.0, 
                0.0, 
                0.0, 
                0.0, 
                0.0, 
                0.0, 
                0.0, 
                0.0, 
                0.0, 
                0.0, 
                0.0, 
                0.0, 
                0.0, 
                0.0, 
                0.0, 
                0.0, 
                0.0, 
                0.0, 
                0.0, 
                0.0, 
                0.0, 
                0.0, 
                0.0
            ], 
            "correctMedian": 0.059363661586310831
        }
    }, 
    "confusion": {
        "totalRows": 30982, 
        "perActual": {
            "1": {
                "perPredicted": {
                    "1": 0, 
                    "0": 0, 
                    "3": 0, 
                    "2": 5434, 
                    "4": 0
                }, 
                "actualClassCount": 5434.0
            }, 
            "0": {
                "perPredicted": {
                    "1": 0, 
                    "0": 0, 
                    "3": 0, 
                    "2": 1417, 
                    "4": 0
                }, 
                "actualClassCount": 1417.0
            }, 
            "3": {
                "perPredicted": {
                    "1": 0, 
                    "0": 0, 
                    "3": 0, 
                    "2": 6527, 
                    "4": 0
                }, 
                "actualClassCount": 6527.0
            }, 
            "2": {
                "perPredicted": {
                    "1": 0, 
                    "0": 0, 
                    "3": 0, 
                    "2": 15760, 
                    "4": 0
                }, 
                "actualClassCount": 15760.0
            }, 
            "4": {
                "perPredicted": {
                    "1": 0, 
                    "0": 0, 
                    "3": 0, 
                    "2": 1844, 
                    "4": 0
                }, 
                "actualClassCount": 1844.0
            }
        }
    }, 
    "metrics": {
        "f1": 0.13486799880193404, 
        "recall": 0.20000000000000001, 
        "precision": 0.10173649215673616, 
        "logLoss": 1.2862882842201147, 
        "mrocAUC": 0.5, 
        "hammingLoss": 0.49131753921631915, 
        "accuracy": 0.50868246078368085
    }, 
    "oneVsAllRocAUC": {
        "1": 0.5, 
        "0": 0.5, 
        "3": 0.5, 
        "2": 0.5, 
        "4": 0.5
    }, 
    "classes": [
        "0", 
        "2", 
        "3", 
        "4", 
        "1"
    ], 
    "oneVsAllRocCurves": {
        "1": [
            {
                "y": 0.0, 
                "x": 0.0, 
                "p": 1.1758305268558853
            }, 
            {
                "y": 1.0, 
                "x": 1.0, 
                "p": 0.17583052685588521
            }
        ], 
        "0": [
            {
                "y": 0.0, 
                "x": 0.0, 
                "p": 1.0458879939161245
            }, 
            {
                "y": 1.0, 
                "x": 1.0, 
                "p": 0.045887993916124629
            }
        ], 
        "3": [
            {
                "y": 0.0, 
                "x": 0.0, 
                "p": 1.21241279678923
            }, 
            {
                "y": 1.0, 
                "x": 1.0, 
                "p": 0.21241279678923006
            }
        ], 
        "2": [
            {
                "y": 0.0, 
                "x": 0.0, 
                "p": 1.5065050208524493
            }, 
            {
                "y": 1.0, 
                "x": 1.0, 
                "p": 0.50650502085244919
            }
        ], 
        "4": [
            {
                "y": 0.0, 
                "x": 0.0, 
                "p": 1.0593636615863109
            }, 
            {
                "y": 1.0, 
                "x": 1.0, 
                "p": 0.059363661586310831
            }
        ]
    }
}