{
  "state": "DONE",
  "preSearchDescription": {
    "gridLength": 3,
    "importantParams": [
      {
        "name": "penalty",
        "vals": [
          "l1"
        ]
      },
      {
        "name": "loss",
        "vals": [
          "logit"
        ]
      }
    ]
  },
  "postSearchDescription": {
    "importantParams": [
      {
        "name": "penalty",
        "val": "l1"
      },
      {
        "name": "loss",
        "val": "log"
      },
      {
        "name": "alpha",
        "val": "0.1"
      }
    ]
  },
  "modelId": "m1",
  "progress": {
    "top_level_todo": [],
    "stack": [],
    "top_level_done": [
      {
        "name": "Loading train set",
        "time": 278
      },
      {
        "name": "Loading test set",
        "time": 116
      },
      {
        "name": "Collecting statistics",
        "time": 390
      },
      {
        "name": "Preprocessing train set",
        "time": 420
      },
      {
        "name": "Preprocessing test set",
        "time": 118
      },
      {
        "name": "Fitting model",
        "time": 82512
      },
      {
        "name": "Saving model",
        "time": 7
      },
      {
        "name": "Scoring model",
        "time": 10697
      }
    ]
  },
  "startTime": 1493807982350,
  "endTime": 1493808076906,
  "preprocessingTime": 1339,
  "trainingTime": 93217
}