{
    "usedGridSearch": true, 
    "probaAware": true, 
    "gridSize": 5, 
    "modelInputNRows": 123977, 
    "modelInputNCols": 1, 
    "modelInputMemory": 991816, 
    "gridCells": [
        {
            "score": 0.5, 
            "params": {
                "penalty": "l2", 
                "C": 0.01
            }
        }, 
        {
            "score": 0.5, 
            "params": {
                "penalty": "l2", 
                "C": 0.1
            }
        }, 
        {
            "score": 0.5, 
            "params": {
                "penalty": "l2", 
                "C": 1.0
            }
        }, 
        {
            "score": 0.5, 
            "params": {
                "penalty": "l2", 
                "C": 10.0
            }
        }, 
        {
            "score": 0.5, 
            "params": {
                "penalty": "l2", 
                "C": 100.0
            }
        }
    ], 
    "gridBestScore": 0.5, 
    "modelInputIsSparse": false
}