{
  "state": "DONE",
  "preSearchDescription": {
    "gridLength": 5,
    "importantParams": [
      {
        "name": "penalty",
        "vals": [
          "l2"
        ]
      },
      {
        "name": "C",
        "vals": [
          "0.01",
          "0.1",
          "1.0",
          "10.0",
          "100.0"
        ]
      }
    ]
  },
  "postSearchDescription": {
    "importantParams": [
      {
        "name": "C",
        "val": "0.01"
      },
      {
        "name": "penalty",
        "val": "l2"
      }
    ]
  },
  "modelId": "m1",
  "progress": {
    "top_level_todo": [],
    "stack": [],
    "top_level_done": [
      {
        "name": "Loading train set",
        "time": 782
      },
      {
        "name": "Loading test set",
        "time": 169
      },
      {
        "name": "Collecting statistics",
        "time": 755
      },
      {
        "name": "Preprocessing train set",
        "time": 648
      },
      {
        "name": "Preprocessing test set",
        "time": 68
      },
      {
        "name": "Fitting model",
        "time": 28861
      },
      {
        "name": "Saving model",
        "time": 1
      },
      {
        "name": "Scoring model",
        "time": 15157
      }
    ]
  },
  "startTime": 1493807829785,
  "endTime": 1493807876230,
  "preprocessingTime": 2424,
  "trainingTime": 44021
}