{
    "probaAware": true, 
    "modelInputNRows": 448, 
    "modelInputNCols": 32, 
    "modelInputMemory": 114688, 
    "lmCoefficients": {
        "variables": [
            "Concave_Points_Mean", 
            "Concave_Points_Worst", 
            "Radius_Worst", 
            "Texture_Mean", 
            "Texture_Worst", 
            "dummy:Diagnosis:B"
        ], 
        "tstat": [
            0.070740472230248291, 
            1.0430534523251311, 
            1.1590912610181938, 
            0.028795946319532525, 
            0.303308844957352, 
            -10.072199694460101
        ], 
        "interceptCoef": 0.20296648232718634, 
        "pvalue": [
            0.47181919269607686, 
            0.14876537749349417, 
            0.12354274124082976, 
            0.48852058816334065, 
            0.3809032490812202, 
            0.0
        ], 
        "coefs": [
            0.070427047065774323, 
            1.0384320638958022, 
            1.1539557514905976, 
            0.028668362011330425, 
            0.30196499437761898, 
            -2.5058677051786806
        ]
    }, 
    "modelInputIsSparse": false
}