{
    "trainingTime": 207, 
    "state": "DONE", 
    "startTime": 1493924731525, 
    "preprocessingTime": 246, 
    "progress": {
        "top_level_todo": [], 
        "stack": [], 
        "top_level_done": [
            {
                "name": "Loading train set", 
                "time": 55
            }, 
            {
                "name": "Loading test set", 
                "time": 7
            }, 
            {
                "name": "Collecting statistics", 
                "time": 53
            }, 
            {
                "name": "Preprocessing train set", 
                "time": 90
            }, 
            {
                "name": "Preprocessing test set", 
                "time": 40
            }, 
            {
                "name": "Fitting model", 
                "time": 5
            }, 
            {
                "name": "Saving model", 
                "time": 1
            }, 
            {
                "name": "Scoring model", 
                "time": 201
            }
        ]
    }, 
    "endTime": 1493924731978, 
    "modelId": "NA"
}