{
  "type": "saved-model_report",
  "params": {
    "savedModelSmartId": "0IHUZAIu"
  },
  "owner": "admin",
  "listed": false,
  "name": "Full report of model Prediction (RANDOM_FOREST_REGRESSION) on movie_metadata_prepared_by_director_name_prepared",
  "dashboardCreationId": "FoQLh6l",
  "versionTag": {
    "versionNumber": 0,
    "lastModifiedBy": {
      "login": "admin"
    },
    "lastModifiedOn": 1493904040293
  },
  "creationTag": {
    "versionNumber": 0,
    "lastModifiedBy": {
      "login": "admin"
    },
    "lastModifiedOn": 1493904040293
  },
  "tags": [],
  "checklists": {
    "checklists": []
  }
}