{
    "trainingTime": 2288, 
    "state": "DONE", 
    "startTime": 1493894028328, 
    "preprocessingTime": 210, 
    "progress": {
        "top_level_todo": [], 
        "stack": [], 
        "top_level_done": [
            {
                "name": "Loading train set", 
                "time": 51
            }, 
            {
                "name": "Loading test set", 
                "time": 10
            }, 
            {
                "name": "Collecting statistics", 
                "time": 28
            }, 
            {
                "name": "Preprocessing train set", 
                "time": 79
            }, 
            {
                "name": "Preprocessing test set", 
                "time": 40
            }, 
            {
                "name": "Fitting model", 
                "time": 1854
            }, 
            {
                "name": "Saving model", 
                "time": 24
            }, 
            {
                "name": "Scoring model", 
                "time": 409
            }
        ]
    }, 
    "endTime": 1493894030826, 
    "modelId": "NA"
}