{
  "cparams": {
    "extractBeforePrepare": true,
    "selection": {
      "useMemTable": false,
      "filter": {
        "distinct": false,
        "enabled": false
      },
      "partitionSelectionMethod": "ALL",
      "latestPartitionsN": 1,
      "samplingMethod": "HEAD_SEQUENTIAL",
      "maxRecords": 100000,
      "targetRatio": 0.02,
      "withinFirstN": -1,
      "maxReadUncompressedBytes": -1
    },
    "instanceIdRefresher": 0
  },
  "generationDate": 1493890410593,
  "policyId": "extractBeforePrepare\u003dtrue,,ds\u003dIdLookupTable__1__prepared,sel\u003d(method\u003dhead-s,records\u003d100000)",
  "instanceId": "b80ede56fb21607e1dbcbd09df90a4e1-0",
  "format": "csv1",
  "schema": {
    "userModified": false,
    "columns": [
      {
        "name": "RowId",
        "type": "bigint",
        "timestampNoTzAsDate": false,
        "maxLength": -1
      },
      {
        "name": "ImageId",
        "type": "bigint",
        "timestampNoTzAsDate": false,
        "maxLength": -1
      },
      {
        "name": "FeatureName",
        "type": "string",
        "timestampNoTzAsDate": false,
        "maxLength": -1
      },
      {
        "name": "FeatureName_0",
        "type": "string",
        "timestampNoTzAsDate": false,
        "maxLength": -1
      },
      {
        "name": "Location",
        "type": "string",
        "timestampNoTzAsDate": false,
        "maxLength": -1
      }
    ]
  },
  "fullPath": "full-b80ede56fb21607e1dbcbd09df90a4e1-0.csv",
  "trainRows": 0,
  "testRows": 0,
  "fullRows": 100000
}