{
  "state": "DONE",
  "preSearchDescription": {
    "gridLength": 1,
    "importantParams": [
      {
        "name": "trees",
        "vals": [
          "100"
        ]
      },
      {
        "name": "depth",
        "vals": [
          "11"
        ]
      },
      {
        "name": "min_samples",
        "vals": [
          "1"
        ]
      }
    ]
  },
  "postSearchDescription": {
    "importantParams": [
      {
        "name": "trees",
        "val": "100"
      },
      {
        "name": "depth",
        "val": "11"
      },
      {
        "name": "min_samples",
        "val": "1"
      }
    ]
  },
  "modelId": "m1",
  "progress": {
    "top_level_todo": [],
    "stack": [],
    "top_level_done": [
      {
        "name": "Loading train set",
        "time": 30
      },
      {
        "name": "Loading test set",
        "time": 39
      },
      {
        "name": "Collecting statistics",
        "time": 18
      },
      {
        "name": "Preprocessing train set",
        "time": 346
      },
      {
        "name": "Preprocessing test set",
        "time": 172
      },
      {
        "name": "Fitting model",
        "time": 4121
      },
      {
        "name": "Saving model",
        "time": 9
      },
      {
        "name": "Scoring model",
        "time": 3350
      }
    ]
  },
  "startTime": 1493650505376,
  "endTime": 1493650513463,
  "preprocessingTime": 606,
  "trainingTime": 7481
}