{
  "pages": [
    {
      "id": "zarsSki",
      "grid": {
        "tiles": []
      },
      "showTitle": false
    }
  ],
  "owner": "admin",
  "listed": true,
  "name": "Default dashboard",
  "showGrid": true,
  "versionTag": {
    "versionNumber": 0,
    "lastModifiedBy": {
      "login": "admin"
    },
    "lastModifiedOn": 1493373635918
  },
  "creationTag": {
    "versionNumber": 0,
    "lastModifiedBy": {
      "login": "admin"
    },
    "lastModifiedOn": 1493373635918
  },
  "tags": [],
  "checklists": {
    "checklists": []
  }
}