{
  "trainedWithDSSVersion": "4.0.1",
  "isValid": true,
  "type": "MULTICLASS_PROBABILISTIC",
  "algorithm_name": "FOREST_CLASSIFIER",
  "columns": [
    "event_type_count",
    "log_feature_count",
    "resource_type_count",
    "volume_count",
    "dummy:severity_type:severity_type 2",
    "dummy:severity_type:severity_type 1",
    "dummy:severity_type:severity_type 4",
    "dummy:severity_type:N/A",
    "dummy:severity_type:__Others__",
    "dummy:volumes:1, 1",
    "dummy:volumes:1",
    "dummy:volumes:2, 2",
    "dummy:volumes:1, 1, 1, 1",
    "dummy:volumes:2",
    "dummy:volumes:1, 1, 1",
    "dummy:volumes:1, 2",
    "dummy:volumes:2, 1",
    "dummy:volumes:3, 3",
    "dummy:volumes:4, 4",
    "dummy:volumes:4",
    "dummy:volumes:4, 2",
    "dummy:volumes:3, 2",
    "dummy:volumes:3",
    "dummy:volumes:1, 1, 1, 1, 1",
    "dummy:volumes:2, 4",
    "dummy:volumes:2, 3",
    "dummy:volumes:1, 3",
    "dummy:volumes:1, 1, 1, 1, 1, 1",
    "dummy:volumes:6, 6",
    "dummy:volumes:5, 5",
    "dummy:volumes:3, 1",
    "dummy:volumes:2, 1, 1",
    "dummy:volumes:3, 4",
    "dummy:volumes:1, 2, 1",
    "dummy:volumes:1, 1, 2",
    "dummy:volumes:2, 2, 2, 2",
    "dummy:volumes:4, 3",
    "dummy:volumes:2, 2, 2",
    "dummy:volumes:4, 5",
    "dummy:volumes:8, 8",
    "dummy:volumes:2, 1, 1, 2",
    "dummy:volumes:4, 1",
    "dummy:volumes:1, 2, 1, 1",
    "dummy:volumes:6",
    "dummy:volumes:5",
    "dummy:volumes:1, 4",
    "dummy:volumes:7, 7",
    "dummy:volumes:2, 2, 1",
    "dummy:volumes:2, 1, 1, 1",
    "dummy:volumes:2, 1, 2",
    "dummy:volumes:2, 2, 1, 1",
    "dummy:volumes:6, 3",
    "dummy:volumes:5, 4",
    "dummy:volumes:12",
    "dummy:volumes:8",
    "dummy:volumes:5, 6",
    "dummy:volumes:1, 2, 2, 1",
    "dummy:volumes:5, 1",
    "dummy:volumes:6, 2",
    "dummy:volumes:1, 1, 2, 1",
    "dummy:volumes:5, 8",
    "dummy:volumes:1, 6",
    "dummy:volumes:2, 5",
    "dummy:volumes:6, 5",
    "dummy:volumes:3, 5",
    "dummy:volumes:1, 1, 1, 2",
    "dummy:volumes:6, 10",
    "dummy:volumes:13, 13",
    "dummy:volumes:1, 1, 1, 1, 1, 1, 1",
    "dummy:volumes:7",
    "dummy:volumes:5, 3",
    "dummy:volumes:3, 6",
    "dummy:volumes:1, 2, 1, 2",
    "dummy:volumes:1, 5",
    "dummy:volumes:1, 1, 2, 2",
    "dummy:volumes:14, 14",
    "dummy:volumes:12, 12",
    "dummy:volumes:2, 6",
    "dummy:volumes:16, 16",
    "dummy:volumes:1, 2, 2",
    "dummy:volumes:8, 3",
    "dummy:volumes:15, 15",
    "dummy:volumes:8, 2",
    "dummy:volumes:7, 6",
    "dummy:volumes:1, 1, 1, 1, 1, 1, 1, 1",
    "dummy:volumes:5, 2",
    "dummy:volumes:6, 1",
    "dummy:volumes:7, 5",
    "dummy:volumes:8, 4",
    "dummy:volumes:8, 6",
    "dummy:volumes:2, 1, 2, 1",
    "dummy:volumes:5, 10",
    "dummy:volumes:10, 10",
    "dummy:volumes:4, 6",
    "dummy:volumes:2, 10",
    "dummy:volumes:11, 11",
    "dummy:volumes:8, 5",
    "dummy:volumes:10, 12",
    "dummy:volumes:9, 9",
    "dummy:volumes:1, 1, 1, 1, 2",
    "dummy:volumes:9, 8",
    "dummy:volumes:8, 1",
    "dummy:volumes:14",
    "dummy:volumes:10, 9",
    "dummy:volumes:5, 12",
    "dummy:volumes:20",
    "dummy:volumes:6, 14",
    "dummy:volumes:1, 10",
    "dummy:volumes:10, 8",
    "dummy:volumes:2, 7",
    "dummy:volumes:9, 10",
    "dummy:volumes:11, 7",
    "dummy:volumes:3, 1, 2",
    "dummy:volumes:6, 4",
    "dummy:volumes:14, 8",
    "dummy:volumes:5, 7",
    "dummy:volumes:10, 4",
    "dummy:volumes:10",
    "dummy:volumes:N/A",
    "dummy:volumes:__Others__",
    "dummy:resource_types:resource_type 8",
    "dummy:resource_types:resource_type 2",
    "dummy:resource_types:resource_type 8, resource_type 2",
    "dummy:resource_types:resource_type 2, resource_type 8",
    "dummy:resource_types:resource_type 6, resource_type 8",
    "dummy:resource_types:resource_type 8, resource_type 6",
    "dummy:resource_types:resource_type 7, resource_type 8",
    "dummy:resource_types:resource_type 8, resource_type 7",
    "dummy:resource_types:resource_type 7",
    "dummy:resource_types:resource_type 8, resource_type 4",
    "dummy:resource_types:N/A",
    "dummy:resource_types:__Others__",
    "dummy:location:location 1107",
    "dummy:location:location 821",
    "dummy:location:location 734",
    "dummy:location:location 126",
    "dummy:location:location 810",
    "dummy:location:location 1008",
    "dummy:location:location 600",
    "dummy:location:location 704",
    "dummy:location:location 242",
    "dummy:location:location 124",
    "dummy:location:location 793",
    "dummy:location:location 1052",
    "dummy:location:location 1019",
    "dummy:location:location 684",
    "dummy:location:location 798",
    "dummy:location:location 763",
    "dummy:location:location 834",
    "dummy:location:location 653",
    "dummy:location:location 976",
    "dummy:location:location 122",
    "dummy:location:location 962",
    "dummy:location:location 91",
    "dummy:location:location 1042",
    "dummy:location:location 846",
    "dummy:location:location 471",
    "dummy:location:location 1100",
    "dummy:location:location 808",
    "dummy:location:location 845",
    "dummy:location:location 244",
    "dummy:location:location 102",
    "dummy:location:location 794",
    "dummy:location:location 707",
    "dummy:location:location 476",
    "dummy:location:location 995",
    "dummy:location:location 477",
    "dummy:location:location 466",
    "dummy:location:location 613",
    "dummy:location:location 118",
    "dummy:location:location 957",
    "dummy:location:location 135",
    "dummy:location:location 931",
    "dummy:location:location 149",
    "dummy:location:location 891",
    "dummy:location:location 1086",
    "dummy:location:location 478",
    "dummy:location:location 496",
    "dummy:location:location 465",
    "dummy:location:location 1075",
    "dummy:location:location 814",
    "dummy:location:location 760",
    "dummy:location:location 744",
    "dummy:location:location 497",
    "dummy:location:location 638",
    "dummy:location:location 899",
    "dummy:location:location 380",
    "dummy:location:location 921",
    "dummy:location:location 756",
    "dummy:location:location 157",
    "dummy:location:location 484",
    "dummy:location:location 155",
    "dummy:location:location 475",
    "dummy:location:location 584",
    "dummy:location:location 373",
    "dummy:location:location 488",
    "dummy:location:location 495",
    "dummy:location:location 895",
    "dummy:location:location 1026",
    "dummy:location:location 805",
    "dummy:location:location 894",
    "dummy:location:location 181",
    "dummy:location:location 445",
    "dummy:location:location 1061",
    "dummy:location:location 1099",
    "dummy:location:location 878",
    "dummy:location:location 691",
    "dummy:location:location 1018",
    "dummy:location:location 1050",
    "dummy:location:location 485",
    "dummy:location:location 9",
    "dummy:location:location 7",
    "dummy:location:location 504",
    "dummy:location:location 505",
    "dummy:location:location 292",
    "dummy:location:location 644",
    "dummy:location:location 460",
    "dummy:location:location 892",
    "dummy:location:location 469",
    "dummy:location:location 95",
    "dummy:location:location 481",
    "dummy:location:location 803",
    "dummy:location:location 1007",
    "dummy:location:location 500",
    "dummy:location:location 468",
    "dummy:location:location 480",
    "dummy:location:location 13",
    "dummy:location:location 1024",
    "dummy:location:location 816",
    "dummy:location:location 823",
    "dummy:location:location 479",
    "dummy:location:location 133",
    "dummy:location:location 839",
    "dummy:location:location 619",
    "dummy:location:location 1010",
    "dummy:location:location 599",
    "dummy:location:location 627",
    "dummy:location:location 1",
    "dummy:location:location 893",
    "dummy:location:location 885",
    "dummy:location:location 925",
    "dummy:location:location 159",
    "dummy:location:location 491",
    "dummy:location:location 989",
    "dummy:location:location 742",
    "dummy:location:location 494",
    "dummy:location:location 128",
    "dummy:location:location 147",
    "dummy:location:location 618",
    "dummy:location:location 498",
    "dummy:location:location 518",
    "dummy:location:location 984",
    "dummy:location:location 809",
    "dummy:location:location 836",
    "dummy:location:location 826",
    "dummy:location:location 474",
    "dummy:location:location 830",
    "dummy:location:location 116",
    "dummy:location:location 963",
    "dummy:location:location 745",
    "dummy:location:location 459",
    "dummy:location:location 1109",
    "dummy:location:location 737",
    "dummy:location:location 1063",
    "dummy:location:location 1030",
    "dummy:location:location 735",
    "dummy:location:location 938",
    "dummy:location:location 300",
    "dummy:location:location 944",
    "dummy:location:location 506",
    "dummy:location:location 400",
    "dummy:location:location 603",
    "dummy:location:location 255",
    "dummy:location:location 714",
    "dummy:location:location 314",
    "dummy:location:location 311",
    "dummy:location:location 802",
    "dummy:location:location 270",
    "dummy:location:location 609",
    "dummy:location:location 509",
    "dummy:location:location 344",
    "dummy:location:location 896",
    "dummy:location:location 375",
    "dummy:location:location 1097",
    "dummy:location:location 470",
    "dummy:location:location 100",
    "dummy:location:location 1031",
    "dummy:location:location 298",
    "dummy:location:location 738",
    "dummy:location:location 17",
    "dummy:location:location 1015",
    "dummy:location:location 1095",
    "dummy:location:location 1033",
    "dummy:location:location 1049",
    "dummy:location:location 1014",
    "dummy:location:location 12",
    "dummy:location:location 696",
    "dummy:location:location 1111",
    "dummy:location:location 812",
    "dummy:location:location 909",
    "dummy:location:location 378",
    "dummy:location:location 942",
    "dummy:location:N/A",
    "dummy:location:__Others__"
  ],
  "classes": [
    "0",
    "2",
    "1"
  ]
}