{
    "usedGridSearch": true, 
    "probaAware": true, 
    "gridSize": 12, 
    "rawImportance": {
        "variables": [
            "event_type_count", 
            "log_feature_count", 
            "resource_type_count", 
            "volume_count", 
            "dummy:severity_type:severity_type 2", 
            "dummy:severity_type:severity_type 1", 
            "dummy:severity_type:severity_type 4", 
            "dummy:severity_type:__Others__", 
            "dummy:volumes:1, 1", 
            "dummy:volumes:1", 
            "dummy:volumes:2, 2", 
            "dummy:volumes:1, 1, 1, 1", 
            "dummy:volumes:2", 
            "dummy:volumes:1, 1, 1", 
            "dummy:volumes:1, 2", 
            "dummy:volumes:2, 1", 
            "dummy:volumes:3, 3", 
            "dummy:volumes:4, 4", 
            "dummy:volumes:4", 
            "dummy:volumes:4, 2", 
            "dummy:volumes:3, 2", 
            "dummy:volumes:3", 
            "dummy:volumes:1, 1, 1, 1, 1", 
            "dummy:volumes:2, 4", 
            "dummy:volumes:2, 3", 
            "dummy:volumes:1, 3", 
            "dummy:volumes:1, 1, 1, 1, 1, 1", 
            "dummy:volumes:6, 6", 
            "dummy:volumes:5, 5", 
            "dummy:volumes:3, 1", 
            "dummy:volumes:2, 1, 1", 
            "dummy:volumes:3, 4", 
            "dummy:volumes:1, 2, 1", 
            "dummy:volumes:1, 1, 2", 
            "dummy:volumes:2, 2, 2, 2", 
            "dummy:volumes:4, 3", 
            "dummy:volumes:2, 2, 2", 
            "dummy:volumes:4, 5", 
            "dummy:volumes:8, 8", 
            "dummy:volumes:2, 1, 1, 2", 
            "dummy:volumes:4, 1", 
            "dummy:volumes:1, 2, 1, 1", 
            "dummy:volumes:6", 
            "dummy:volumes:5", 
            "dummy:volumes:1, 4", 
            "dummy:volumes:7, 7", 
            "dummy:volumes:2, 2, 1", 
            "dummy:volumes:2, 1, 1, 1", 
            "dummy:volumes:2, 1, 2", 
            "dummy:volumes:2, 2, 1, 1", 
            "dummy:volumes:6, 3", 
            "dummy:volumes:5, 4", 
            "dummy:volumes:12", 
            "dummy:volumes:8", 
            "dummy:volumes:5, 6", 
            "dummy:volumes:1, 2, 2, 1", 
            "dummy:volumes:5, 1", 
            "dummy:volumes:6, 2", 
            "dummy:volumes:1, 1, 2, 1", 
            "dummy:volumes:5, 8", 
            "dummy:volumes:1, 6", 
            "dummy:volumes:2, 5", 
            "dummy:volumes:6, 5", 
            "dummy:volumes:3, 5", 
            "dummy:volumes:1, 1, 1, 2", 
            "dummy:volumes:6, 10", 
            "dummy:volumes:13, 13", 
            "dummy:volumes:1, 1, 1, 1, 1, 1, 1", 
            "dummy:volumes:7", 
            "dummy:volumes:5, 3", 
            "dummy:volumes:3, 6", 
            "dummy:volumes:1, 2, 1, 2", 
            "dummy:volumes:1, 5", 
            "dummy:volumes:1, 1, 2, 2", 
            "dummy:volumes:14, 14", 
            "dummy:volumes:12, 12", 
            "dummy:volumes:2, 6", 
            "dummy:volumes:16, 16", 
            "dummy:volumes:1, 2, 2", 
            "dummy:volumes:8, 3", 
            "dummy:volumes:15, 15", 
            "dummy:volumes:8, 2", 
            "dummy:volumes:7, 6", 
            "dummy:volumes:1, 1, 1, 1, 1, 1, 1, 1", 
            "dummy:volumes:5, 2", 
            "dummy:volumes:6, 1", 
            "dummy:volumes:7, 5", 
            "dummy:volumes:8, 4", 
            "dummy:volumes:8, 6", 
            "dummy:volumes:2, 1, 2, 1", 
            "dummy:volumes:5, 10", 
            "dummy:volumes:10, 10", 
            "dummy:volumes:4, 6", 
            "dummy:volumes:2, 10", 
            "dummy:volumes:11, 11", 
            "dummy:volumes:8, 5", 
            "dummy:volumes:10, 12", 
            "dummy:volumes:9, 9", 
            "dummy:volumes:1, 1, 1, 1, 2", 
            "dummy:volumes:9, 8", 
            "dummy:volumes:8, 1", 
            "dummy:volumes:14", 
            "dummy:volumes:10, 9", 
            "dummy:volumes:5, 12", 
            "dummy:volumes:20", 
            "dummy:volumes:6, 14", 
            "dummy:volumes:1, 10", 
            "dummy:volumes:10, 8", 
            "dummy:volumes:2, 7", 
            "dummy:volumes:9, 10", 
            "dummy:volumes:11, 7", 
            "dummy:volumes:3, 1, 2", 
            "dummy:volumes:6, 4", 
            "dummy:volumes:14, 8", 
            "dummy:volumes:5, 7", 
            "dummy:volumes:10, 4", 
            "dummy:volumes:10", 
            "dummy:volumes:__Others__", 
            "dummy:resource_types:resource_type 8", 
            "dummy:resource_types:resource_type 2", 
            "dummy:resource_types:resource_type 8, resource_type 2", 
            "dummy:resource_types:resource_type 2, resource_type 8", 
            "dummy:resource_types:resource_type 6, resource_type 8", 
            "dummy:resource_types:resource_type 8, resource_type 6", 
            "dummy:resource_types:resource_type 7, resource_type 8", 
            "dummy:resource_types:resource_type 8, resource_type 7", 
            "dummy:resource_types:resource_type 7", 
            "dummy:resource_types:resource_type 8, resource_type 4", 
            "dummy:resource_types:__Others__", 
            "dummy:location:location 1107", 
            "dummy:location:location 821", 
            "dummy:location:location 734", 
            "dummy:location:location 126", 
            "dummy:location:location 810", 
            "dummy:location:location 1008", 
            "dummy:location:location 600", 
            "dummy:location:location 704", 
            "dummy:location:location 242", 
            "dummy:location:location 124", 
            "dummy:location:location 793", 
            "dummy:location:location 1052", 
            "dummy:location:location 1019", 
            "dummy:location:location 684", 
            "dummy:location:location 798", 
            "dummy:location:location 763", 
            "dummy:location:location 834", 
            "dummy:location:location 653", 
            "dummy:location:location 976", 
            "dummy:location:location 122", 
            "dummy:location:location 962", 
            "dummy:location:location 91", 
            "dummy:location:location 1042", 
            "dummy:location:location 846", 
            "dummy:location:location 471", 
            "dummy:location:location 1100", 
            "dummy:location:location 808", 
            "dummy:location:location 845", 
            "dummy:location:location 244", 
            "dummy:location:location 102", 
            "dummy:location:location 794", 
            "dummy:location:location 707", 
            "dummy:location:location 476", 
            "dummy:location:location 995", 
            "dummy:location:location 477", 
            "dummy:location:location 466", 
            "dummy:location:location 613", 
            "dummy:location:location 118", 
            "dummy:location:location 957", 
            "dummy:location:location 135", 
            "dummy:location:location 931", 
            "dummy:location:location 149", 
            "dummy:location:location 891", 
            "dummy:location:location 1086", 
            "dummy:location:location 478", 
            "dummy:location:location 496", 
            "dummy:location:location 465", 
            "dummy:location:location 1075", 
            "dummy:location:location 814", 
            "dummy:location:location 760", 
            "dummy:location:location 744", 
            "dummy:location:location 497", 
            "dummy:location:location 638", 
            "dummy:location:location 899", 
            "dummy:location:location 380", 
            "dummy:location:location 921", 
            "dummy:location:location 756", 
            "dummy:location:location 157", 
            "dummy:location:location 484", 
            "dummy:location:location 155", 
            "dummy:location:location 475", 
            "dummy:location:location 584", 
            "dummy:location:location 373", 
            "dummy:location:location 488", 
            "dummy:location:location 495", 
            "dummy:location:location 895", 
            "dummy:location:location 1026", 
            "dummy:location:location 805", 
            "dummy:location:location 894", 
            "dummy:location:location 181", 
            "dummy:location:location 445", 
            "dummy:location:location 1061", 
            "dummy:location:location 1099", 
            "dummy:location:location 878", 
            "dummy:location:location 691", 
            "dummy:location:location 1018", 
            "dummy:location:location 1050", 
            "dummy:location:location 485", 
            "dummy:location:location 9", 
            "dummy:location:location 7", 
            "dummy:location:location 504", 
            "dummy:location:location 505", 
            "dummy:location:location 292", 
            "dummy:location:location 644", 
            "dummy:location:location 460", 
            "dummy:location:location 892", 
            "dummy:location:location 469", 
            "dummy:location:location 95", 
            "dummy:location:location 481", 
            "dummy:location:location 803", 
            "dummy:location:location 1007", 
            "dummy:location:location 500", 
            "dummy:location:location 468", 
            "dummy:location:location 480", 
            "dummy:location:location 13", 
            "dummy:location:location 1024", 
            "dummy:location:location 816", 
            "dummy:location:location 823", 
            "dummy:location:location 479", 
            "dummy:location:location 133", 
            "dummy:location:location 839", 
            "dummy:location:location 619", 
            "dummy:location:location 1010", 
            "dummy:location:location 599", 
            "dummy:location:location 627", 
            "dummy:location:location 1", 
            "dummy:location:location 893", 
            "dummy:location:location 885", 
            "dummy:location:location 925", 
            "dummy:location:location 159", 
            "dummy:location:location 491", 
            "dummy:location:location 989", 
            "dummy:location:location 742", 
            "dummy:location:location 494", 
            "dummy:location:location 128", 
            "dummy:location:location 147", 
            "dummy:location:location 618", 
            "dummy:location:location 498", 
            "dummy:location:location 518", 
            "dummy:location:location 984", 
            "dummy:location:location 809", 
            "dummy:location:location 836", 
            "dummy:location:location 826", 
            "dummy:location:location 474", 
            "dummy:location:location 830", 
            "dummy:location:location 116", 
            "dummy:location:location 963", 
            "dummy:location:location 745", 
            "dummy:location:location 459", 
            "dummy:location:location 1109", 
            "dummy:location:location 737", 
            "dummy:location:location 1063", 
            "dummy:location:location 1030", 
            "dummy:location:location 735", 
            "dummy:location:location 938", 
            "dummy:location:location 300", 
            "dummy:location:location 944", 
            "dummy:location:location 506", 
            "dummy:location:location 400", 
            "dummy:location:location 603", 
            "dummy:location:location 255", 
            "dummy:location:location 714", 
            "dummy:location:location 314", 
            "dummy:location:location 311", 
            "dummy:location:location 802", 
            "dummy:location:location 270", 
            "dummy:location:location 609", 
            "dummy:location:location 509", 
            "dummy:location:location 344", 
            "dummy:location:location 896", 
            "dummy:location:location 375", 
            "dummy:location:location 1097", 
            "dummy:location:location 470", 
            "dummy:location:location 100", 
            "dummy:location:location 1031", 
            "dummy:location:location 298", 
            "dummy:location:location 738", 
            "dummy:location:location 17", 
            "dummy:location:location 1015", 
            "dummy:location:location 1095", 
            "dummy:location:location 1033", 
            "dummy:location:location 1049", 
            "dummy:location:location 1014", 
            "dummy:location:location 12", 
            "dummy:location:location 696", 
            "dummy:location:location 1111", 
            "dummy:location:location 812", 
            "dummy:location:location 909", 
            "dummy:location:location 378", 
            "dummy:location:location 942", 
            "dummy:location:__Others__"
        ], 
        "importances": [
            0.05317204951302635, 
            0.077026884450752883, 
            0.029497658007396642, 
            0.075285330104392589, 
            0.042344444321088817, 
            0.048075181904447532, 
            0.013808943971764232, 
            0.0015180108664123774, 
            0.012168184837934687, 
            0.0062383869995280526, 
            0.006764741872279996, 
            0.008564611034242376, 
            0.0035401294876251112, 
            0.0030042752063577415, 
            0.0049923768345937177, 
            0.003376688712934776, 
            0.0016248714555512367, 
            0.0032373352518620373, 
            0.0020633317449784429, 
            0.0016699104382757143, 
            0.00090890104036856986, 
            0.0014672239779649754, 
            0.0015679673136490167, 
            0.0013617627183080186, 
            0.0015230411146805694, 
            0.002253907456862797, 
            0.0017681412944533209, 
            0.001565882103021328, 
            0.00045325887246365796, 
            0.0016246892553000334, 
            0.0021226289041082168, 
            0.0005950065061749594, 
            0.0017386969105943233, 
            0.0018816803903629897, 
            0.0011018315663061586, 
            0.00028151329115925854, 
            0.0013438145435532148, 
            0.00054913426203691555, 
            0.00076538936155521264, 
            0.001269511737378058, 
            0.0010108371518892463, 
            0.001019834206822181, 
            0.00071529798286721995, 
            0.0014842676293672142, 
            0.0010841749183230377, 
            0.00052403583589966758, 
            0.00160094777456149, 
            0.00082200568928988277, 
            0.0015561554385355109, 
            0.0004488864899509346, 
            0.00048139809216634738, 
            0.00028005663095154187, 
            0.00058098730283533356, 
            0.00049433110220187531, 
            0.00044110693177057013, 
            0.00055701791554275298, 
            0.00029917377399131485, 
            0.0006069170919209459, 
            0.001332396048853904, 
            0.001100508767438431, 
            0.0014963557761535659, 
            0.00037565102763938672, 
            0.00016726895207384553, 
            0.00037714961756376962, 
            0.00081468410264355705, 
            0.0010731410394211438, 
            0.0001533679830431988, 
            0.00048364008627470117, 
            0.00021909773511459208, 
            0.00019708015959057996, 
            0.00088218163076947723, 
            0.00062806309282296036, 
            0.00088959657753686196, 
            0.00053005673673198401, 
            0.00012587513891640741, 
            0.00059588993287138978, 
            0.00017244482860143411, 
            0.00032170349815803967, 
            0.00065947444825002744, 
            0.00076186430331445342, 
            7.9325045924697683e-05, 
            0.00025917068486089567, 
            3.5534839077999534e-05, 
            0.0015551069759875563, 
            0.00019633451546357427, 
            0.00087652801399256937, 
            0.00033783663224432612, 
            0.00042472506505621539, 
            0.00037811485328677515, 
            0.00041496344834630568, 
            0.00016459769189761944, 
            0.00015942692253982608, 
            0.00016284679401362061, 
            0.00033309385177775257, 
            4.3233491602432181e-05, 
            0.00041419909466292189, 
            0.00037712073325659075, 
            4.1321461153585959e-05, 
            0.0005234710693667507, 
            1.03030810720424e-05, 
            0.00088288361778778067, 
            0.00016975388758184, 
            0.0006751913172815539, 
            0.00051873020169573641, 
            0.00027302932861158211, 
            0.00036993685373291972, 
            0.00086308818225181393, 
            0.00021462426975033891, 
            0.00023985126474920126, 
            0.0010746516510670144, 
            0.00090461857895939165, 
            0.00039706209570229136, 
            0.0015570172028850323, 
            0.00049000852676539411, 
            0.0006974634586320831, 
            0.0021104534136703154, 
            0.00013541497778624757, 
            0.057108049592086117, 
            0.048685916721436157, 
            0.092185886866668343, 
            0.0051724082235776701, 
            0.0033631479699624835, 
            0.0047741568118702601, 
            0.0028019928134275529, 
            0.0029753589223868132, 
            0.0040952836883004192, 
            0.0016844859586403729, 
            0.0017159584623242525, 
            0.015020206067342036, 
            0.0063391799259151392, 
            0.0050319296643467947, 
            0.0041462578276739706, 
            0.00037212978245710943, 
            0.0037268557436124106, 
            0.002932339963603483, 
            0.0060795542758385638, 
            0.0046922206231891309, 
            0.001041812316531574, 
            0.0013488274051866092, 
            0.0092729683236206784, 
            0.0019028248522952906, 
            0.0031174921846797306, 
            0.0029309836849268811, 
            0.004242280763013538, 
            0.0024314773923974913, 
            0.0027153453733558684, 
            0.0018972588115782685, 
            0.0024045194955157729, 
            0.00046887991684982784, 
            0.0024378262357738485, 
            0.00036978280913213069, 
            0.0022644668909806327, 
            0.0037522075081079455, 
            0.00063233788209110184, 
            0.010962089226243919, 
            0.0042869076387839549, 
            0.0026117623894277757, 
            0.00059225905674244054, 
            0.0012645600332227848, 
            0.003725468106384998, 
            0.0036221828861456823, 
            0.00052659341035820738, 
            0.0058465350047838642, 
            0.00082563933898405423, 
            0.00048754269825264753, 
            0.0021391267250577229, 
            0.00065831041024418449, 
            0.0017625013902755099, 
            0.00088558790672115212, 
            0.0010439277042708188, 
            0.00067019051623398815, 
            0.0023749810476482811, 
            0.0029239809628865627, 
            0.00048871020458004036, 
            0.00018717140735757329, 
            0.0005708154535027653, 
            0.0025949143223584618, 
            0.0024973032183498744, 
            0.00098282537180572217, 
            0.0025147891607053201, 
            0.00023058790494758245, 
            0.0042205238207556114, 
            0.0022475339924251446, 
            0.00037476966944731784, 
            0.0024818389685741611, 
            0.0018224988515152215, 
            0.00070409080889620858, 
            0.00039860134117999051, 
            0.00088494478753772625, 
            9.9954458709352849e-05, 
            0.0013284507498294209, 
            0.00011871905937785577, 
            0.00013908610542002326, 
            5.7633368360290914e-05, 
            0.00723457549224107, 
            0.001174932475435808, 
            0.0014736343353401952, 
            0.0015604089481601397, 
            0.00086527611073504613, 
            0.00037158405812619331, 
            0.001755302045555879, 
            0.0012342857753491747, 
            0.0015471454220852656, 
            0.00096346891676734952, 
            0.00049914149873583977, 
            0.0015517982567817318, 
            0.00018492251522978824, 
            0.00095210365740624363, 
            0.001180220778533283, 
            0.00046290779274074201, 
            2.7666615892242692e-05, 
            0.0011297820961665766, 
            0.0016913113275752482, 
            0.0043366909218106684, 
            0.0023335239460902757, 
            0.00013158972273564031, 
            0.00055460148981693316, 
            0.00064510922981300862, 
            0.00088677713751423887, 
            0.00086013721688658884, 
            0.0003105513636387664, 
            0.00020528912700318734, 
            0.00017734737533826999, 
            0.0015592385458172244, 
            0.00092887354503540774, 
            0.0019837774817480793, 
            0.00091004843300229287, 
            0.00012440042035040706, 
            0.00059731765587051251, 
            0.0010650006553832221, 
            0.0011015197988677706, 
            0.00048551241833625714, 
            0.0009155821393543234, 
            0.0014338012001514514, 
            0.00040368090474223454, 
            0.00067189662162954467, 
            0.0013091731882614714, 
            0.00092755896355614404, 
            0.00072783759271337757, 
            0.00028792754756375833, 
            0.0036634056925099918, 
            0.0007790954263558708, 
            0.00016566526853075046, 
            0.000139352726981795, 
            0.00035510507213123787, 
            0.0013529122984559455, 
            0.00018251316481949424, 
            0.00015869667933011804, 
            0.0017442365474199634, 
            0.00067669652755186977, 
            0.00062481631526957752, 
            0.0028179112584138144, 
            0.00011526119050576629, 
            0.0007664652354802498, 
            0.00039400285957027462, 
            0.00088396459814903919, 
            0.0019981171250020822, 
            0.00015948491581468471, 
            0.0010473598624383717, 
            0.00034849917842073223, 
            0.00027311709562650191, 
            0.00058595543180130108, 
            0.00064110387204603767, 
            0.0008922727379081513, 
            0.0017121276988886333, 
            0.00083730137659927925, 
            7.40422300402709e-06, 
            0.0009579263170839239, 
            0.00080753362778031995, 
            0.00042674256848069641, 
            0.0019036525961874378, 
            0.001017642872361306, 
            0.0011486517493701951, 
            0.0011336964317427772, 
            0.00065113691896901587, 
            0.00084323059725972284, 
            2.2711334298492473e-05, 
            0.0006338304205279066, 
            0.00049083716383608981, 
            0.00023832698595301031, 
            0.0021449060330858889, 
            0.00026946731710169252, 
            0.00068683572023199829, 
            0.00076521617141843607, 
            0.00082510744314356899, 
            0.0014162509013165834, 
            0.0011469831359012719, 
            0.00099695679777319626, 
            0.00110226188889127, 
            0.0013409600753639804, 
            0.00024886914467783344, 
            0.0014129214611596044, 
            0.00095396336556332771, 
            0.0013079204877435959, 
            0.0015265592735459934, 
            0.00078781478556048045, 
            0.00080193747898464369, 
            4.6576963281904474e-05, 
            0.0011129862573440198, 
            0.037637701171232593
        ]
    }, 
    "modelInputNRows": 5919, 
    "modelInputNCols": 304, 
    "modelInputMemory": 14395008, 
    "gridCells": [
        {
            "score": 0.7666382323926302, 
            "params": {
                "max_features": "auto", 
                "min_samples_split": 3, 
                "n_estimators": 100, 
                "max_depth": 5, 
                "min_samples_leaf": 1
            }
        }, 
        {
            "score": 0.7909989986943555, 
            "params": {
                "max_features": "auto", 
                "min_samples_split": 3, 
                "n_estimators": 100, 
                "max_depth": 10, 
                "min_samples_leaf": 1
            }
        }, 
        {
            "score": 0.8017221835356149, 
            "params": {
                "max_features": "auto", 
                "min_samples_split": 3, 
                "n_estimators": 100, 
                "max_depth": 15, 
                "min_samples_leaf": 1
            }
        }, 
        {
            "score": 0.8046314793196047, 
            "params": {
                "max_features": "auto", 
                "min_samples_split": 3, 
                "n_estimators": 100, 
                "max_depth": 20, 
                "min_samples_leaf": 1
            }
        }, 
        {
            "score": 0.7611851691935838, 
            "params": {
                "max_features": "auto", 
                "min_samples_split": 30, 
                "n_estimators": 100, 
                "max_depth": 5, 
                "min_samples_leaf": 10
            }
        }, 
        {
            "score": 0.773950168207478, 
            "params": {
                "max_features": "auto", 
                "min_samples_split": 30, 
                "n_estimators": 100, 
                "max_depth": 10, 
                "min_samples_leaf": 10
            }
        }, 
        {
            "score": 0.7751624235861463, 
            "params": {
                "max_features": "auto", 
                "min_samples_split": 30, 
                "n_estimators": 100, 
                "max_depth": 15, 
                "min_samples_leaf": 10
            }
        }, 
        {
            "score": 0.7752766298261293, 
            "params": {
                "max_features": "auto", 
                "min_samples_split": 30, 
                "n_estimators": 100, 
                "max_depth": 20, 
                "min_samples_leaf": 10
            }
        }, 
        {
            "score": 0.7347477824686234, 
            "params": {
                "max_features": "auto", 
                "min_samples_split": 300, 
                "n_estimators": 100, 
                "max_depth": 5, 
                "min_samples_leaf": 100
            }
        }, 
        {
            "score": 0.7349724313238173, 
            "params": {
                "max_features": "auto", 
                "min_samples_split": 300, 
                "n_estimators": 100, 
                "max_depth": 10, 
                "min_samples_leaf": 100
            }
        }, 
        {
            "score": 0.7349724313238173, 
            "params": {
                "max_features": "auto", 
                "min_samples_split": 300, 
                "n_estimators": 100, 
                "max_depth": 15, 
                "min_samples_leaf": 100
            }
        }, 
        {
            "score": 0.7349724313238173, 
            "params": {
                "max_features": "auto", 
                "min_samples_split": 300, 
                "n_estimators": 100, 
                "max_depth": 20, 
                "min_samples_leaf": 100
            }
        }
    ], 
    "gridBestScore": 0.8046314793196047, 
    "modelInputIsSparse": false
}