{
  "pages": [
    {
      "id": "YdLJfNt",
      "grid": {
        "tiles": [
          {
            "tileType": "INSIGHT",
            "box": {
              "top": 0,
              "left": 0,
              "width": 6,
              "height": 3
            },
            "clickAction": "OPEN_INSIGHT",
            "tileParams": {
              "showXAxis": true,
              "showYAxis": true,
              "showLegend": false,
              "showTooltips": true,
              "autoPlayAnimation": true
            },
            "autoLoad": true,
            "showTitle": "YES",
            "insightId": "JpSxF3S",
            "insightType": "chart",
            "displayMode": "INSIGHT",
            "resizeImage": false
          },
          {
            "tileType": "INSIGHT",
            "box": {
              "top": 0,
              "left": 6,
              "width": 6,
              "height": 3
            },
            "clickAction": "OPEN_INSIGHT",
            "tileParams": {
              "showXAxis": true,
              "showYAxis": true,
              "showLegend": false,
              "showTooltips": true,
              "autoPlayAnimation": true
            },
            "autoLoad": true,
            "showTitle": "YES",
            "insightId": "PY8ESis",
            "insightType": "chart",
            "displayMode": "INSIGHT",
            "resizeImage": false
          }
        ]
      },
      "showTitle": false
    }
  ],
  "owner": "admin",
  "listed": true,
  "name": "Default dashboard",
  "showGrid": true,
  "versionTag": {
    "versionNumber": 10,
    "lastModifiedBy": {
      "login": "admin"
    },
    "lastModifiedOn": 1525641062074
  },
  "creationTag": {
    "versionNumber": 0,
    "lastModifiedBy": {
      "login": "admin"
    },
    "lastModifiedOn": 1525575541826
  },
  "tags": [],
  "checklists": {
    "checklists": []
  }
}