{
    "gridSize": 10, 
    "nThreads": 4, 
    "metric": "ROC_AUC", 
    "gridPoints": [
        {
            "index": 0, 
            "finishedAt": 1524752648489.0, 
            "score": 0.5, 
            "parameters": {
                "penalty": "l1", 
                "C": 0.01
            }, 
            "time": 146.0
        }, 
        {
            "index": 1, 
            "finishedAt": 1524752648612.0, 
            "score": 0.6132268571653956, 
            "parameters": {
                "penalty": "l2", 
                "C": 0.01
            }, 
            "time": 179.0
        }, 
        {
            "index": 2, 
            "finishedAt": 1524752648733.0, 
            "score": 0.50628114150762626, 
            "parameters": {
                "penalty": "l1", 
                "C": 0.1
            }, 
            "time": 160.0
        }, 
        {
            "index": 3, 
            "finishedAt": 1524752648804.0, 
            "score": 0.61610826466169677, 
            "parameters": {
                "penalty": "l2", 
                "C": 0.1
            }, 
            "time": 180.0
        }, 
        {
            "index": 4, 
            "finishedAt": 1524752648884.0, 
            "score": 0.61005992905598883, 
            "parameters": {
                "penalty": "l1", 
                "C": 1.0
            }, 
            "time": 163.0
        }, 
        {
            "index": 5, 
            "finishedAt": 1524752648982.0, 
            "score": 0.61498047435625158, 
            "parameters": {
                "penalty": "l2", 
                "C": 1.0
            }, 
            "time": 187.0
        }, 
        {
            "index": 6, 
            "finishedAt": 1524752649156.0, 
            "score": 0.61211115050505183, 
            "parameters": {
                "penalty": "l1", 
                "C": 10.0
            }, 
            "time": 268.0
        }, 
        {
            "index": 7, 
            "finishedAt": 1524752649215.0, 
            "score": 0.61221923944521717, 
            "parameters": {
                "penalty": "l2", 
                "C": 10.0
            }, 
            "time": 176.0
        }, 
        {
            "index": 8, 
            "finishedAt": 1524752649338.0, 
            "score": 0.61205386377893101, 
            "parameters": {
                "penalty": "l1", 
                "C": 100.0
            }, 
            "time": 162.0
        }, 
        {
            "index": 9, 
            "finishedAt": 1524752649342.0, 
            "score": 0.61194843135483223, 
            "parameters": {
                "penalty": "l2", 
                "C": 100.0
            }, 
            "time": 143.0
        }
    ], 
    "startedAt": 1524752648356, 
    "nSplits": 3
}