[
    {
        "parameters": {
            "penalty": "l2", 
            "C": 0.01
        }, 
        "score_time": 48, 
        "test_score": 0.6122025592207532, 
        "fit_time": 4, 
        "num_samples": 410, 
        "best_iteration": null, 
        "train_score": 0.6344750928035713, 
        "parameter_id": 1, 
        "time": 52, 
        "done_at": 1524752648518, 
        "grid_point_id": "{\"penalty\": \"l2\", \"C\": 0.01}@0"
    }, 
    {
        "parameters": {
            "penalty": "l2", 
            "C": 1.0
        }, 
        "score_time": 67, 
        "test_score": 0.606173386132379, 
        "fit_time": 7, 
        "num_samples": 408, 
        "best_iteration": null, 
        "train_score": 0.672325499032597, 
        "parameter_id": 5, 
        "time": 74, 
        "done_at": 1524752648982, 
        "grid_point_id": "{\"penalty\": \"l2\", \"C\": 1.0}@2"
    }, 
    {
        "parameters": {
            "penalty": "l2", 
            "C": 1.0
        }, 
        "score_time": 54, 
        "test_score": 0.6328907523876077, 
        "fit_time": 11, 
        "num_samples": 410, 
        "best_iteration": null, 
        "train_score": 0.6568929847922856, 
        "parameter_id": 5, 
        "time": 65, 
        "done_at": 1524752648955, 
        "grid_point_id": "{\"penalty\": \"l2\", \"C\": 1.0}@1"
    }, 
    {
        "parameters": {
            "penalty": "l2", 
            "C": 0.01
        }, 
        "score_time": 53, 
        "test_score": 0.6266029297812765, 
        "fit_time": 12, 
        "num_samples": 410, 
        "best_iteration": null, 
        "train_score": 0.6433033441526065, 
        "parameter_id": 1, 
        "time": 65, 
        "done_at": 1524752648612, 
        "grid_point_id": "{\"penalty\": \"l2\", \"C\": 0.01}@1"
    }, 
    {
        "parameters": {
            "penalty": "l2", 
            "C": 100.0
        }, 
        "score_time": 31, 
        "test_score": 0.6053287224992354, 
        "fit_time": 18, 
        "num_samples": 408, 
        "best_iteration": null, 
        "train_score": 0.6713029442210147, 
        "parameter_id": 9, 
        "time": 49, 
        "done_at": 1524752649342, 
        "grid_point_id": "{\"penalty\": \"l2\", \"C\": 100.0}@2"
    }, 
    {
        "parameters": {
            "penalty": "l1", 
            "C": 0.01
        }, 
        "score_time": 46, 
        "test_score": 0.5, 
        "fit_time": 4, 
        "num_samples": 410, 
        "best_iteration": null, 
        "train_score": 0.5, 
        "parameter_id": 0, 
        "time": 50, 
        "done_at": 1524752648473, 
        "grid_point_id": "{\"penalty\": \"l1\", \"C\": 0.01}@0"
    }, 
    {
        "parameters": {
            "penalty": "l1", 
            "C": 0.1
        }, 
        "score_time": 56, 
        "test_score": 0.5032632025556554, 
        "fit_time": 9, 
        "num_samples": 410, 
        "best_iteration": null, 
        "train_score": 0.5380758938646548, 
        "parameter_id": 2, 
        "time": 65, 
        "done_at": 1524752648625, 
        "grid_point_id": "{\"penalty\": \"l1\", \"C\": 0.1}@0"
    }, 
    {
        "parameters": {
            "penalty": "l1", 
            "C": 0.01
        }, 
        "score_time": 45, 
        "test_score": 0.5, 
        "fit_time": 5, 
        "num_samples": 408, 
        "best_iteration": null, 
        "train_score": 0.5, 
        "parameter_id": 0, 
        "time": 50, 
        "done_at": 1524752648489, 
        "grid_point_id": "{\"penalty\": \"l1\", \"C\": 0.01}@2"
    }, 
    {
        "parameters": {
            "penalty": "l1", 
            "C": 10.0
        }, 
        "score_time": 52, 
        "test_score": 0.6292934451907947, 
        "fit_time": 10, 
        "num_samples": 410, 
        "best_iteration": null, 
        "train_score": 0.6568626094767235, 
        "parameter_id": 6, 
        "time": 62, 
        "done_at": 1524752649068, 
        "grid_point_id": "{\"penalty\": \"l1\", \"C\": 10.0}@1"
    }, 
    {
        "parameters": {
            "penalty": "l2", 
            "C": 0.01
        }, 
        "score_time": 54, 
        "test_score": 0.6009403316288686, 
        "fit_time": 8, 
        "num_samples": 408, 
        "best_iteration": null, 
        "train_score": 0.6575594554733144, 
        "parameter_id": 1, 
        "time": 62, 
        "done_at": 1524752648583, 
        "grid_point_id": "{\"penalty\": \"l2\", \"C\": 0.01}@2"
    }, 
    {
        "parameters": {
            "penalty": "l2", 
            "C": 10.0
        }, 
        "score_time": 46, 
        "test_score": 0.6051341319794494, 
        "fit_time": 24, 
        "num_samples": 408, 
        "best_iteration": null, 
        "train_score": 0.6711882582348104, 
        "parameter_id": 7, 
        "time": 70, 
        "done_at": 1524752649215, 
        "grid_point_id": "{\"penalty\": \"l2\", \"C\": 10.0}@2"
    }, 
    {
        "parameters": {
            "penalty": "l2", 
            "C": 1.0
        }, 
        "score_time": 39, 
        "test_score": 0.605964651758677, 
        "fit_time": 9, 
        "num_samples": 410, 
        "best_iteration": null, 
        "train_score": 0.6493400280866233, 
        "parameter_id": 5, 
        "time": 48, 
        "done_at": 1524752648942, 
        "grid_point_id": "{\"penalty\": \"l2\", \"C\": 1.0}@0"
    }, 
    {
        "parameters": {
            "penalty": "l1", 
            "C": 100.0
        }, 
        "score_time": 36, 
        "test_score": 0.6274033547730762, 
        "fit_time": 8, 
        "num_samples": 410, 
        "best_iteration": null, 
        "train_score": 0.6556624986597747, 
        "parameter_id": 8, 
        "time": 44, 
        "done_at": 1524752649250, 
        "grid_point_id": "{\"penalty\": \"l1\", \"C\": 100.0}@1"
    }, 
    {
        "parameters": {
            "penalty": "l1", 
            "C": 100.0
        }, 
        "score_time": 44, 
        "test_score": 0.6031977780630071, 
        "fit_time": 12, 
        "num_samples": 410, 
        "best_iteration": null, 
        "train_score": 0.6527775465967274, 
        "parameter_id": 8, 
        "time": 56, 
        "done_at": 1524752649248, 
        "grid_point_id": "{\"penalty\": \"l1\", \"C\": 100.0}@0"
    }, 
    {
        "parameters": {
            "penalty": "l1", 
            "C": 0.1
        }, 
        "score_time": 45, 
        "test_score": 0.5009504736474029, 
        "fit_time": 3, 
        "num_samples": 408, 
        "best_iteration": null, 
        "train_score": 0.531550827878321, 
        "parameter_id": 2, 
        "time": 48, 
        "done_at": 1524752648733, 
        "grid_point_id": "{\"penalty\": \"l1\", \"C\": 0.1}@2"
    }, 
    {
        "parameters": {
            "penalty": "l1", 
            "C": 1.0
        }, 
        "score_time": 47, 
        "test_score": 0.6021629301615824, 
        "fit_time": 9, 
        "num_samples": 410, 
        "best_iteration": null, 
        "train_score": 0.6472745160006028, 
        "parameter_id": 4, 
        "time": 56, 
        "done_at": 1524752648826, 
        "grid_point_id": "{\"penalty\": \"l1\", \"C\": 1.0}@0"
    }, 
    {
        "parameters": {
            "penalty": "l1", 
            "C": 10.0
        }, 
        "score_time": 92, 
        "test_score": 0.6019834733334284, 
        "fit_time": 15, 
        "num_samples": 410, 
        "best_iteration": null, 
        "train_score": 0.6528322146669755, 
        "parameter_id": 6, 
        "time": 107, 
        "done_at": 1524752649069, 
        "grid_point_id": "{\"penalty\": \"l1\", \"C\": 10.0}@0"
    }, 
    {
        "parameters": {
            "penalty": "l1", 
            "C": 10.0
        }, 
        "score_time": 84, 
        "test_score": 0.6050071296876561, 
        "fit_time": 15, 
        "num_samples": 408, 
        "best_iteration": null, 
        "train_score": 0.6714737847445057, 
        "parameter_id": 6, 
        "time": 99, 
        "done_at": 1524752649156, 
        "grid_point_id": "{\"penalty\": \"l1\", \"C\": 10.0}@2"
    }, 
    {
        "parameters": {
            "penalty": "l1", 
            "C": 1.0
        }, 
        "score_time": 45, 
        "test_score": 0.6285222859234538, 
        "fit_time": 12, 
        "num_samples": 410, 
        "best_iteration": null, 
        "train_score": 0.6574407526705159, 
        "parameter_id": 4, 
        "time": 57, 
        "done_at": 1524752648849, 
        "grid_point_id": "{\"penalty\": \"l1\", \"C\": 1.0}@1"
    }, 
    {
        "parameters": {
            "penalty": "l2", 
            "C": 0.1
        }, 
        "score_time": 44, 
        "test_score": 0.6303596386143555, 
        "fit_time": 7, 
        "num_samples": 410, 
        "best_iteration": null, 
        "train_score": 0.652856413699614, 
        "parameter_id": 3, 
        "time": 51, 
        "done_at": 1524752648715, 
        "grid_point_id": "{\"penalty\": \"l2\", \"C\": 0.1}@1"
    }, 
    {
        "parameters": {
            "penalty": "l2", 
            "C": 10.0
        }, 
        "score_time": 39, 
        "test_score": 0.6022782103756946, 
        "fit_time": 12, 
        "num_samples": 410, 
        "best_iteration": null, 
        "train_score": 0.6524062573337501, 
        "parameter_id": 7, 
        "time": 51, 
        "done_at": 1524752649117, 
        "grid_point_id": "{\"penalty\": \"l2\", \"C\": 10.0}@0"
    }, 
    {
        "parameters": {
            "penalty": "l2", 
            "C": 0.1
        }, 
        "score_time": 39, 
        "test_score": 0.6155340979858049, 
        "fit_time": 9, 
        "num_samples": 410, 
        "best_iteration": null, 
        "train_score": 0.6370259726286635, 
        "parameter_id": 3, 
        "time": 48, 
        "done_at": 1524752648753, 
        "grid_point_id": "{\"penalty\": \"l2\", \"C\": 0.1}@0"
    }, 
    {
        "parameters": {
            "penalty": "l2", 
            "C": 100.0
        }, 
        "score_time": 40, 
        "test_score": 0.6273953326963211, 
        "fit_time": 13, 
        "num_samples": 410, 
        "best_iteration": null, 
        "train_score": 0.6557193317093177, 
        "parameter_id": 9, 
        "time": 53, 
        "done_at": 1524752649336, 
        "grid_point_id": "{\"penalty\": \"l2\", \"C\": 100.0}@1"
    }, 
    {
        "parameters": {
            "penalty": "l1", 
            "C": 0.01
        }, 
        "score_time": 44, 
        "test_score": 0.5, 
        "fit_time": 2, 
        "num_samples": 410, 
        "best_iteration": null, 
        "train_score": 0.5, 
        "parameter_id": 0, 
        "time": 46, 
        "done_at": 1524752648475, 
        "grid_point_id": "{\"penalty\": \"l1\", \"C\": 0.01}@1"
    }, 
    {
        "parameters": {
            "penalty": "l2", 
            "C": 100.0
        }, 
        "score_time": 32, 
        "test_score": 0.6031965896071915, 
        "fit_time": 9, 
        "num_samples": 410, 
        "best_iteration": null, 
        "train_score": 0.6527276677231015, 
        "parameter_id": 9, 
        "time": 41, 
        "done_at": 1524752649319, 
        "grid_point_id": "{\"penalty\": \"l2\", \"C\": 100.0}@0"
    }, 
    {
        "parameters": {
            "penalty": "l1", 
            "C": 1.0
        }, 
        "score_time": 40, 
        "test_score": 0.5995846313603324, 
        "fit_time": 10, 
        "num_samples": 408, 
        "best_iteration": null, 
        "train_score": 0.669201420085854, 
        "parameter_id": 4, 
        "time": 50, 
        "done_at": 1524752648884, 
        "grid_point_id": "{\"penalty\": \"l1\", \"C\": 1.0}@2"
    }, 
    {
        "parameters": {
            "penalty": "l2", 
            "C": 10.0
        }, 
        "score_time": 33, 
        "test_score": 0.6291968831557779, 
        "fit_time": 22, 
        "num_samples": 410, 
        "best_iteration": null, 
        "train_score": 0.6563901941246023, 
        "parameter_id": 7, 
        "time": 55, 
        "done_at": 1524752649202, 
        "grid_point_id": "{\"penalty\": \"l2\", \"C\": 10.0}@1"
    }, 
    {
        "parameters": {
            "penalty": "l1", 
            "C": 0.1
        }, 
        "score_time": 42, 
        "test_score": 0.514603745061966, 
        "fit_time": 5, 
        "num_samples": 410, 
        "best_iteration": null, 
        "train_score": 0.5157497088993207, 
        "parameter_id": 2, 
        "time": 47, 
        "done_at": 1524752648649, 
        "grid_point_id": "{\"penalty\": \"l1\", \"C\": 0.1}@1"
    }, 
    {
        "parameters": {
            "penalty": "l1", 
            "C": 100.0
        }, 
        "score_time": 55, 
        "test_score": 0.6055172580825833, 
        "fit_time": 7, 
        "num_samples": 408, 
        "best_iteration": null, 
        "train_score": 0.6712982275369966, 
        "parameter_id": 8, 
        "time": 62, 
        "done_at": 1524752649338, 
        "grid_point_id": "{\"penalty\": \"l1\", \"C\": 100.0}@2"
    }, 
    {
        "parameters": {
            "penalty": "l2", 
            "C": 0.1
        }, 
        "score_time": 73, 
        "test_score": 0.6024282565718767, 
        "fit_time": 8, 
        "num_samples": 408, 
        "best_iteration": null, 
        "train_score": 0.6612494993629876, 
        "parameter_id": 3, 
        "time": 81, 
        "done_at": 1524752648804, 
        "grid_point_id": "{\"penalty\": \"l2\", \"C\": 0.1}@2"
    }
]