{
    "usedGridSearch": true, 
    "probaAware": true, 
    "gridSize": 10, 
    "modelInputNRows": 1228, 
    "modelInputNCols": 25, 
    "modelInputMemory": 245600, 
    "gridCells": [
        {
            "scoreTimeStd": 0.00081649658092772682, 
            "scoreTime": 0.045000000000000005, 
            "fitTime": 0.0036666666666666666, 
            "score": 0.5, 
            "params": {
                "penalty": "l1", 
                "C": 0.01
            }, 
            "fitTimeStd": 0.0012472191289246471, 
            "scoreStd": 0.0
        }, 
        {
            "scoreTimeStd": 0.0026246692913372695, 
            "scoreTime": 0.051666666666666666, 
            "fitTime": 0.0080000000000000002, 
            "score": 0.61326865292785882, 
            "params": {
                "penalty": "l2", 
                "C": 0.01
            }, 
            "fitTimeStd": 0.0032659863237109038, 
            "scoreStd": 0.01049957713655995
        }, 
        {
            "scoreTimeStd": 0.0060184900284225955, 
            "scoreTime": 0.04766666666666667, 
            "fitTime": 0.0056666666666666662, 
            "score": 0.50628114150762626, 
            "params": {
                "penalty": "l1", 
                "C": 0.1
            }, 
            "fitTimeStd": 0.0024944382578492939, 
            "scoreStd": 0.0059672659677661574
        }, 
        {
            "scoreTimeStd": 0.014988884770611409, 
            "scoreTime": 0.051999999999999991, 
            "fitTime": 0.0080000000000000002, 
            "score": 0.61612960968028618, 
            "params": {
                "penalty": "l2", 
                "C": 0.1
            }, 
            "fitTimeStd": 0.00081649658092772563, 
            "scoreStd": 0.011406055668106801
        }, 
        {
            "scoreTimeStd": 0.0029439202887759485, 
            "scoreTime": 0.044000000000000004, 
            "fitTime": 0.010333333333333333, 
            "score": 0.61010705878654758, 
            "params": {
                "penalty": "l1", 
                "C": 1.0
            }, 
            "fitTimeStd": 0.0012472191289246476, 
            "scoreStd": 0.013079827854576629
        }, 
        {
            "scoreTimeStd": 0.011440668201153676, 
            "scoreTime": 0.053333333333333337, 
            "fitTime": 0.0089999999999999993, 
            "score": 0.61502398798207447, 
            "params": {
                "penalty": "l2", 
                "C": 1.0
            }, 
            "fitTimeStd": 0.0016329931618554517, 
            "scoreStd": 0.012649432276963806
        }, 
        {
            "scoreTimeStd": 0.017281975195754296, 
            "scoreTime": 0.075999999999999998, 
            "fitTime": 0.013333333333333334, 
            "score": 0.61210622598330222, 
            "params": {
                "penalty": "l1", 
                "C": 10.0
            }, 
            "fitTimeStd": 0.0023570226039551579, 
            "scoreStd": 0.012230448766852331
        }, 
        {
            "scoreTimeStd": 0.0053124591501697415, 
            "scoreTime": 0.039333333333333338, 
            "fitTime": 0.019333333333333334, 
            "score": 0.61221458810710028, 
            "params": {
                "penalty": "l2", 
                "C": 10.0
            }, 
            "fitTimeStd": 0.0052493385826745407, 
            "scoreStd": 0.012079321339969893
        }, 
        {
            "scoreTimeStd": 0.0077888809636986163, 
            "scoreTime": 0.044999999999999991, 
            "fitTime": 0.0089999999999999993, 
            "score": 0.61205008612417588, 
            "params": {
                "penalty": "l1", 
                "C": 100.0
            }, 
            "fitTimeStd": 0.002160246899469287, 
            "scoreStd": 0.010910798683448193
        }, 
        {
            "scoreTimeStd": 0.0040276819911981912, 
            "scoreTime": 0.034333333333333334, 
            "fitTime": 0.013333333333333331, 
            "score": 0.61198437045938781, 
            "params": {
                "penalty": "l2", 
                "C": 100.0
            }, 
            "fitTimeStd": 0.0036817870057290866, 
            "scoreStd": 0.010945147860363772
        }
    ], 
    "gridBestScore": 0.61612960968028618, 
    "modelInputIsSparse": false
}