{
  "state": "DONE",
  "preSearchDescription": {
    "gridLength": 10,
    "importantParams": [
      {
        "name": "penalty",
        "vals": [
          "l1",
          "l2"
        ]
      },
      {
        "name": "C",
        "vals": [
          "0.01",
          "0.1",
          "1.0",
          "10.0",
          "100.0"
        ]
      }
    ]
  },
  "postSearchDescription": {
    "importantParams": [
      {
        "name": "C",
        "val": "0.1"
      },
      {
        "name": "penalty",
        "val": "l2"
      }
    ]
  },
  "modelId": "m1",
  "progress": {
    "top_level_todo": [],
    "stack": [],
    "top_level_done": [
      {
        "name": "Loading train set",
        "time": 14
      },
      {
        "name": "Loading test set",
        "time": 10
      },
      {
        "name": "Collecting statistics",
        "time": 45
      },
      {
        "name": "Preprocessing train set",
        "time": 277
      },
      {
        "name": "Preprocessing test set",
        "time": 62
      },
      {
        "name": "Grid searching",
        "time": 2026
      },
      {
        "name": "Fitting model",
        "time": 6
      },
      {
        "name": "Saving model",
        "time": 3
      },
      {
        "name": "Scoring model",
        "time": 78
      }
    ]
  },
  "startTime": 1524752647941,
  "endTime": 1524752650466,
  "preprocessingTime": 412,
  "trainingTime": 2113
}