{
    "metrics": {
        "pearson": 0.93649903797928569, 
        "r2": 0.87682725351425184, 
        "rmse": 53.770645946982015, 
        "mape": 0.37452307209745583, 
        "mae": 33.528870142510918, 
        "mse": 2891.2823655556931, 
        "evs": 0.87696701601837579, 
        "rmsle": 0
    }, 
    "scatterPlotData": {
        "y": [
            6.9728, 
            2.4172, 
            388.8354, 
            103.385, 
            469.062, 
            82.6538, 
            247.4163, 
            74.8819, 
            49.0127, 
            76.1533, 
            268.2757, 
            56.9544, 
            66.9741, 
            280.972, 
            233.3584, 
            7.9925, 
            442.2205, 
            8.4692, 
            268.2619, 
            33.5252, 
            22.307, 
            135.8844, 
            14.8191, 
            50.555, 
            73.5142, 
            181.6433, 
            4.4086, 
            315.7801, 
            144.0902, 
            604.8163, 
            208.194, 
            389.2273, 
            363.7902, 
            268.1305, 
            155.0319, 
            145.6839, 
            93.4372, 
            8.1227, 
            592.6655, 
            67.1998, 
            91.8615, 
            2.4083, 
            282.1391, 
            135.7925, 
            1.4083, 
            231.7964, 
            4.9385, 
            203.1185, 
            181.5393, 
            19.1019, 
            14.9853, 
            118.503, 
            93.2833, 
            334.4855, 
            188.7451, 
            234.4381, 
            0.3435, 
            6.586, 
            204.2337, 
            42.3614, 
            177.9889, 
            221.4631, 
            3.3228, 
            203.2104, 
            14.0853, 
            169.1003, 
            291.1586, 
            13.3356, 
            23.186, 
            164.1013, 
            136.6627, 
            314.4474, 
            756.5352, 
            335.5883, 
            286.4997, 
            224.0661, 
            248.0133, 
            190.8031, 
            84.4775, 
            156.9232, 
            2.6838, 
            120.2359, 
            52.6035, 
            103.0944, 
            20.9992, 
            287.4831, 
            168.884, 
            49.4582, 
            124.3193, 
            106.0686, 
            75.641, 
            26.2384, 
            228.7462, 
            331.9586, 
            76.3826, 
            6.7139, 
            47.4059, 
            5.5463, 
            123.1815, 
            48.43, 
            40.014, 
            109.2735, 
            352.83, 
            96.4621, 
            8.2979, 
            100.0524, 
            491.8987, 
            428.3448, 
            454.6172, 
            210.5213, 
            108.6601, 
            561.5574, 
            210.5028, 
            5.9179, 
            301.2623, 
            171.9191, 
            358.2505, 
            48.5734, 
            16.6652, 
            1.5149, 
            140.9641, 
            56.8381, 
            298.7269, 
            62.4312, 
            9.4621, 
            590.205, 
            2.3286, 
            277.7611, 
            5.6479, 
            140.2159, 
            3.6456, 
            175.9518, 
            252.993, 
            269.6391, 
            79.9698, 
            103.2962, 
            171.0297, 
            165.0628, 
            139.7922, 
            5.585, 
            60.5302, 
            31.8765, 
            94.3776, 
            121.5839, 
            63.5443, 
            280.8958, 
            6.0312, 
            229.7823, 
            187.011, 
            195.0907, 
            332.2807, 
            7.6936, 
            287.7742, 
            131.3894, 
            18.8424, 
            58.6957, 
            76.5081, 
            202.6289, 
            4.277, 
            65.5298, 
            68.7683, 
            126.2293, 
            8.5593, 
            265.1888, 
            268.3033, 
            96.9031, 
            4.7824, 
            182.5834, 
            181.0287, 
            109.8376, 
            221.1355, 
            3.7949, 
            128.5642, 
            299.7916, 
            120.7184, 
            225.2135, 
            85.2505, 
            65.0244, 
            24.2016, 
            323.2358, 
            166.8972, 
            136.2108, 
            142.5753, 
            3.9042, 
            304.4802, 
            128.3824, 
            283.0396, 
            35.0153, 
            420.478, 
            3.9059, 
            210.0853, 
            123.6598, 
            456.2478, 
            251.0745, 
            181.8575, 
            158.3645, 
            2.6931, 
            80.6909, 
            217.8397, 
            6.2654, 
            619.1898, 
            430.1602, 
            22.4241, 
            129.592, 
            38.7429, 
            141.8138, 
            100.8441, 
            57.1871, 
            104.0985, 
            13.0701, 
            177.2312, 
            276.7606, 
            142.0903, 
            155.7246, 
            167.536, 
            224.1498, 
            41.9422, 
            131.7189, 
            73.1388, 
            267.8941, 
            254.1761, 
            7.9327, 
            172.0175, 
            262.9492, 
            64.444, 
            110.9891, 
            241.0236, 
            175.568, 
            170.9166, 
            4.0121, 
            128.5004, 
            43.9765, 
            125.4753, 
            191.3192, 
            384.6248, 
            274.8647, 
            6.8752, 
            8.8222, 
            294.7783, 
            5.1598, 
            172.3063, 
            266.5439, 
            225.637, 
            7.9062, 
            569.1808, 
            300.1517, 
            196.0008, 
            356.651, 
            33.8801, 
            62.1284, 
            258.3785, 
            302.0419, 
            98.4854, 
            156.391, 
            137.938, 
            253.088, 
            8.3766, 
            293.7906, 
            173.5834, 
            214.7633, 
            160.6695, 
            235.8243, 
            625.5911, 
            12.0505, 
            8.9787, 
            285.5288, 
            327.1408, 
            597.7495, 
            221.0376, 
            1.9281, 
            392.7828, 
            124.8752, 
            87.6647, 
            29.1856, 
            75.0093, 
            1.7676, 
            40.5062, 
            50.7648, 
            171.718, 
            125.608, 
            46.6177, 
            238.3415, 
            180.3867, 
            141.1041, 
            168.2503, 
            20.4623, 
            25.5423, 
            286.7297, 
            613.0729, 
            171.8979, 
            34.1806, 
            105.6405, 
            312.8591, 
            17.0437, 
            370.2426, 
            7.1179, 
            4.7255, 
            256.3126, 
            10.5165, 
            248.0838, 
            171.281, 
            168.9583, 
            316.6546, 
            215.0886, 
            116.6248, 
            117.1189, 
            150.5836, 
            27.1996, 
            561.7006, 
            441.5939, 
            143.2967, 
            72.4101, 
            415.7301, 
            23.9392, 
            208.0964, 
            199.7585, 
            261.4364, 
            172.5977, 
            59.3516, 
            171.9491, 
            46.4769, 
            476.8864, 
            272.9259, 
            192.3886, 
            131.2396, 
            175.5327, 
            212.1493, 
            291.5361, 
            149.9792, 
            525.1301, 
            185.7502, 
            182.0777, 
            115.7205, 
            108.5147, 
            6.9885, 
            365.976, 
            71.3955, 
            291.3814, 
            165.0365, 
            5.5653, 
            548.6662, 
            200.968, 
            158.2356, 
            112.1047, 
            352.1592, 
            113.3315, 
            186.8811, 
            124.6586, 
            183.9038, 
            15.4088, 
            75.427, 
            1.7316, 
            480.6199, 
            200.8492, 
            241.868, 
            177.4296, 
            165.4157, 
            197.1417, 
            184.8089, 
            676.6772, 
            166.2003, 
            172.6531, 
            86.4793, 
            3.2311, 
            150.1452, 
            118.7234, 
            131.5518, 
            197.4695, 
            60.4936, 
            184.7342, 
            118.3045, 
            100.6013, 
            166.2527, 
            68.4463, 
            164.6104, 
            -0.2295, 
            55.4981, 
            51.0067, 
            398.6779, 
            206.9329, 
            141.2215, 
            4.0871, 
            308.3849, 
            94.4534, 
            19.9439, 
            176.0186, 
            167.237, 
            270.9671, 
            141.5876, 
            70.0789, 
            338.6289, 
            63.6654, 
            238.9776, 
            22.5964, 
            24.8771, 
            119.6223, 
            222.4355, 
            230.8224, 
            229.9429, 
            1.4389, 
            18.538, 
            190.3429, 
            15.0568, 
            119.9823, 
            78.0621, 
            95.5436, 
            122.8563, 
            90.9478, 
            99.1177, 
            316.8728, 
            324.6656, 
            192.8217, 
            37.283, 
            -1.1423, 
            288.122, 
            18.9285, 
            58.9227, 
            170.0603, 
            333.7096, 
            227.8973, 
            279.0436, 
            4.6947, 
            199.7154, 
            3.8979, 
            25.7882, 
            7.331, 
            118.1566, 
            47.054, 
            128.6262, 
            211.7666, 
            18.7825, 
            13.3038, 
            98.5974, 
            158.8514, 
            129.03, 
            180.9641, 
            214.8207, 
            103.4085, 
            257.211, 
            156.3038, 
            58.0616, 
            135.1402, 
            208.2092, 
            336.1858, 
            253.2892, 
            195.3111, 
            56.7647, 
            17.2033, 
            9.7096, 
            11.9089, 
            97.7401, 
            203.3758, 
            49.9071, 
            22.6137, 
            17.4401, 
            145.8377, 
            356.8206, 
            109.6121, 
            210.5474, 
            412.7636, 
            6.5887, 
            181.6267, 
            601.0612, 
            270.6474, 
            7.4704, 
            200.558, 
            271.4932, 
            32.5675, 
            22.8127, 
            123.2503, 
            172.6801, 
            94.672, 
            143.4048, 
            80.9689, 
            61.9494, 
            370.3536, 
            96.928, 
            8.443, 
            103.7578, 
            8.9751, 
            88.5112, 
            105.1687, 
            122.0142, 
            180.3252, 
            5.6578, 
            88.6382, 
            17.4225, 
            152.3831, 
            206.6886, 
            621.8168, 
            138.7082, 
            125.5069, 
            145.9881, 
            53.3424, 
            326.6376, 
            26.6383, 
            164.9869, 
            415.9255, 
            55.6985, 
            26.0926, 
            71.0868, 
            55.0098, 
            573.3849, 
            162.3797, 
            20.8902, 
            9.9129, 
            101.5169, 
            6.4965, 
            1.7191, 
            6.3698, 
            8.4166, 
            118.5453, 
            358.6863, 
            3.6613, 
            130.1968, 
            7.587, 
            79.3128, 
            99.2062, 
            26.3056, 
            136.438, 
            741.3912, 
            45.3048, 
            171.9079, 
            328.0811, 
            238.5827, 
            142.1195, 
            632.6338, 
            146.2514, 
            101.0641, 
            86.6224, 
            -1.0913, 
            292.0969, 
            127.7583, 
            -3.4588, 
            104.4137, 
            2.4955, 
            12.6522, 
            12.5257, 
            117.4246, 
            41.3977, 
            611.017, 
            18.2697, 
            85.5092, 
            17.1572, 
            320.1486, 
            7.9937, 
            56.3351, 
            60.4986, 
            16.2809, 
            31.2165, 
            2.2465, 
            146.1625, 
            2.6201, 
            1.0171, 
            186.0536, 
            538.9182, 
            115.6532, 
            278.9812, 
            185.1225, 
            26.7435, 
            29.0053, 
            31.5699, 
            249.3361, 
            10.6675, 
            64.7119, 
            10.2525, 
            142.7624, 
            199.6346, 
            7.8747, 
            110.4267, 
            32.0702, 
            495.2296, 
            108.9939, 
            10.0804, 
            8.198, 
            472.9631, 
            244.4592, 
            14.9211, 
            114.0354, 
            110.5513, 
            255.8257, 
            222.3866, 
            6.1657, 
            58.2879, 
            259.924, 
            321.6088, 
            75.6791, 
            23.3198, 
            214.0968, 
            29.7111, 
            6.6986, 
            29.3208, 
            7.6358, 
            7.865, 
            242.4073, 
            6.0043, 
            33.7731, 
            490.1189, 
            4.8928, 
            209.2, 
            53.473, 
            5.9942, 
            183.4753, 
            2.7308, 
            227.4502, 
            249.4908, 
            250.743, 
            116.8756, 
            130.3816, 
            1.409, 
            186.3055, 
            92.4556, 
            61.6192, 
            55.6093, 
            4.7786, 
            274.8297, 
            173.4982, 
            390.1126, 
            54.1618, 
            176.0574, 
            369.4194, 
            4.7222, 
            185.9277, 
            5.4867, 
            230.0748, 
            80.3524, 
            373.2495, 
            17.9851, 
            67.4146, 
            15.9586, 
            265.2003, 
            4.1421, 
            234.8519, 
            4.9176, 
            22.6275, 
            395.5139, 
            -4.4773, 
            82.8486, 
            367.2393, 
            134.4528, 
            58.2153, 
            108.0822, 
            352.427, 
            123.1363, 
            235.1266, 
            221.2892, 
            469.3781, 
            61.2653, 
            75.8617, 
            181.4122, 
            106.3176, 
            70.9685, 
            62.2273, 
            49.2404, 
            247.8595, 
            10.3185, 
            37.5372, 
            326.2288, 
            136.1951, 
            126.1915, 
            25.815, 
            86.5485, 
            474.6394, 
            41.2398, 
            204.6045, 
            166.1248, 
            267.0912, 
            9.7435, 
            360.719, 
            105.7494, 
            526.3139, 
            161.4585, 
            10.8204, 
            12.6709, 
            103.8587, 
            133.0848, 
            133.2453, 
            199.452, 
            20.9591, 
            59.7265, 
            123.2057, 
            238.0565, 
            460.011, 
            -1.1027, 
            53.8983, 
            165.5571, 
            145.8357, 
            53.6545, 
            581.9639, 
            159.4615, 
            417.0496, 
            93.7943, 
            23.1031, 
            60.1246, 
            455.3414, 
            277.7024, 
            166.9422, 
            224.0322, 
            167.8108, 
            164.9394, 
            428.2601, 
            576.7033, 
            169.2155, 
            3.4673, 
            6.5443, 
            233.7885, 
            16.5669, 
            120.9072, 
            161.7413, 
            34.1934, 
            474.6325, 
            164.3475, 
            197.2602, 
            26.4032, 
            187.494, 
            29.4624, 
            131.9303, 
            19.9957, 
            21.7206, 
            335.634, 
            31.1685, 
            111.6913, 
            293.2104, 
            11.4626, 
            203.7796, 
            202.6819, 
            246.5448, 
            160.3942, 
            7.8514, 
            77.9654, 
            24.1627, 
            269.5258, 
            215.6397, 
            248.3083, 
            185.1879, 
            53.271, 
            454.0914, 
            6.774, 
            211.9274, 
            194.8158, 
            2.0468, 
            198.9678, 
            143.4884, 
            420.6245, 
            132.9931, 
            281.1071, 
            1.7711, 
            89.6651, 
            197.817, 
            159.6081, 
            1.8735, 
            207.5934, 
            57.8081, 
            8.4156, 
            8.1209, 
            113.4643, 
            330.1854, 
            116.2962, 
            502.3562, 
            3.3174, 
            205.5954, 
            19.9111, 
            183.0249, 
            298.769, 
            107.6178, 
            306.3987, 
            386.7492, 
            182.6902, 
            110.8727, 
            96.1225, 
            114.565, 
            297.3243, 
            29.2046, 
            96.1075, 
            146.0056, 
            52.8759, 
            291.8148, 
            110.6297, 
            35.1554, 
            3.3583, 
            267.184, 
            290.143, 
            81.5349, 
            102.845, 
            83.5033, 
            27.3809, 
            73.182, 
            158.2623, 
            6.5193, 
            210.5445, 
            46.9798, 
            310.3513, 
            101.5015, 
            24.9526, 
            5.1665, 
            48.8728, 
            180.2829, 
            190.0988, 
            7.3482, 
            103.0444, 
            240.6203, 
            338.22, 
            151.3497, 
            188.2647, 
            442.4435, 
            19.197, 
            26.413, 
            34.5554, 
            187.1941, 
            119.7932, 
            486.0659, 
            139.678, 
            354.3307, 
            117.1399, 
            209.419, 
            61.1903, 
            287.7356, 
            282.9713, 
            423.8536, 
            522.412, 
            292.9748, 
            206.3852, 
            131.0297, 
            103.4459, 
            33.1453, 
            65.9166, 
            -0.5304, 
            94.5638, 
            8.7073, 
            258.5123, 
            157.8884, 
            244.9219, 
            28.3866, 
            184.413, 
            354.4133, 
            265.7459, 
            271.3332, 
            6.1789, 
            320.1222, 
            19.702, 
            322.4498, 
            385.1829, 
            96.7133, 
            81.3786, 
            259.7852, 
            14.5217, 
            119.6045, 
            10.3312, 
            296.558, 
            376.7779, 
            31.6109, 
            45.576, 
            5.362, 
            74.7752, 
            120.9214, 
            8.7063, 
            215.6503, 
            129.2741, 
            78.5969, 
            306.6468, 
            166.4022, 
            6.7684, 
            114.3152, 
            31.3295, 
            118.0409, 
            89.8703, 
            111.3543, 
            258.3513, 
            190.7872, 
            197.0291, 
            96.065, 
            11.0496, 
            330.9865, 
            40.0986, 
            393.7662, 
            170.2309, 
            229.5045, 
            367.0638, 
            82.441, 
            98.6147, 
            227.4608, 
            32.1779, 
            63.4437, 
            410.1761, 
            312.8777, 
            10.5173, 
            17.4908, 
            14.5537, 
            429.8477, 
            592.6906, 
            68.5058, 
            3.6368, 
            0.9842, 
            49.489, 
            2.1872, 
            126.4055, 
            212.8286, 
            164.8616, 
            342.322, 
            184.4992, 
            109.1605, 
            192.7309, 
            210.109, 
            56.0524, 
            76.5668, 
            169.3449, 
            27.3447, 
            199.0276, 
            82.4811, 
            128.1909, 
            51.0641, 
            461.3874, 
            248.5232, 
            135.3409, 
            194.9394, 
            58.6658, 
            111.6203, 
            22.2557, 
            136.401, 
            274.9049, 
            16.7615, 
            167.6293, 
            79.7947, 
            189.8257, 
            161.4858, 
            444.1422, 
            221.8317, 
            58.7798, 
            346.0881, 
            249.3251, 
            457.5063, 
            8.6747, 
            48.1724, 
            171.522, 
            155.2918, 
            176.2259, 
            163.7003, 
            121.4014, 
            44.479, 
            52.8924, 
            88.7981, 
            6.4061, 
            394.4031, 
            61.6616, 
            150.1808, 
            110.3472, 
            3.0387, 
            0.005, 
            81.4063, 
            59.8997, 
            121.9311, 
            24.3238, 
            160.3333, 
            287.0778, 
            120.8173, 
            25.0004, 
            109.3295, 
            224.6599, 
            201.0568, 
            305.2681, 
            234.2556, 
            120.9532, 
            8.2631, 
            123.671, 
            21.3652, 
            4.9184, 
            16.9371, 
            5.6013, 
            13.9926, 
            4.0023, 
            82.2112, 
            14.5811, 
            157.3156, 
            31.3125, 
            154.0741, 
            159.9245, 
            37.285, 
            324.7839, 
            122.6376, 
            225.1636, 
            135.4756, 
            133.7403, 
            137.6533, 
            202.4614, 
            20.7763, 
            11.0576, 
            109.9576, 
            48.9582, 
            151.5648, 
            -1.0973, 
            190.3365, 
            26.5916, 
            169.3044, 
            96.1895, 
            42.7587, 
            46.9399, 
            257.02, 
            185.503, 
            117.5732, 
            143.3443
        ], 
        "x": [
            9.0, 
            2.0, 
            412.0, 
            93.0, 
            704.0, 
            111.0, 
            338.0, 
            48.0, 
            49.0, 
            59.0, 
            277.0, 
            104.0, 
            81.0, 
            245.0, 
            327.0, 
            1.0, 
            355.0, 
            17.0, 
            316.0, 
            49.0, 
            37.0, 
            133.0, 
            15.0, 
            14.0, 
            118.0, 
            142.0, 
            0.0, 
            43.0, 
            337.0, 
            638.0, 
            217.0, 
            444.0, 
            436.0, 
            289.0, 
            103.0, 
            265.0, 
            151.0, 
            9.0, 
            725.0, 
            47.0, 
            118.0, 
            2.0, 
            214.0, 
            78.0, 
            3.0, 
            232.0, 
            9.0, 
            194.0, 
            250.0, 
            21.0, 
            15.0, 
            105.0, 
            78.0, 
            453.0, 
            149.0, 
            292.0, 
            2.0, 
            6.0, 
            131.0, 
            43.0, 
            183.0, 
            319.0, 
            4.0, 
            221.0, 
            7.0, 
            189.0, 
            283.0, 
            7.0, 
            25.0, 
            112.0, 
            137.0, 
            300.0, 
            787.0, 
            215.0, 
            303.0, 
            50.0, 
            236.0, 
            178.0, 
            93.0, 
            128.0, 
            5.0, 
            88.0, 
            62.0, 
            199.0, 
            17.0, 
            206.0, 
            220.0, 
            78.0, 
            122.0, 
            86.0, 
            48.0, 
            49.0, 
            322.0, 
            237.0, 
            84.0, 
            7.0, 
            56.0, 
            1.0, 
            154.0, 
            61.0, 
            19.0, 
            162.0, 
            478.0, 
            135.0, 
            1.0, 
            79.0, 
            282.0, 
            387.0, 
            298.0, 
            255.0, 
            115.0, 
            362.0, 
            216.0, 
            6.0, 
            319.0, 
            91.0, 
            255.0, 
            57.0, 
            21.0, 
            2.0, 
            134.0, 
            71.0, 
            399.0, 
            54.0, 
            10.0, 
            453.0, 
            3.0, 
            323.0, 
            4.0, 
            167.0, 
            6.0, 
            126.0, 
            352.0, 
            307.0, 
            48.0, 
            88.0, 
            90.0, 
            232.0, 
            142.0, 
            3.0, 
            28.0, 
            40.0, 
            114.0, 
            126.0, 
            63.0, 
            398.0, 
            2.0, 
            294.0, 
            164.0, 
            169.0, 
            383.0, 
            29.0, 
            209.0, 
            135.0, 
            7.0, 
            41.0, 
            76.0, 
            112.0, 
            4.0, 
            69.0, 
            32.0, 
            169.0, 
            5.0, 
            323.0, 
            308.0, 
            50.0, 
            1.0, 
            210.0, 
            273.0, 
            62.0, 
            195.0, 
            3.0, 
            130.0, 
            362.0, 
            130.0, 
            161.0, 
            44.0, 
            117.0, 
            7.0, 
            216.0, 
            166.0, 
            222.0, 
            189.0, 
            4.0, 
            300.0, 
            105.0, 
            260.0, 
            50.0, 
            415.0, 
            4.0, 
            119.0, 
            99.0, 
            575.0, 
            253.0, 
            147.0, 
            167.0, 
            2.0, 
            73.0, 
            217.0, 
            10.0, 
            787.0, 
            572.0, 
            43.0, 
            91.0, 
            51.0, 
            98.0, 
            58.0, 
            53.0, 
            113.0, 
            9.0, 
            114.0, 
            287.0, 
            129.0, 
            127.0, 
            130.0, 
            237.0, 
            51.0, 
            144.0, 
            59.0, 
            221.0, 
            292.0, 
            29.0, 
            214.0, 
            334.0, 
            69.0, 
            204.0, 
            256.0, 
            340.0, 
            119.0, 
            2.0, 
            142.0, 
            48.0, 
            193.0, 
            265.0, 
            202.0, 
            260.0, 
            6.0, 
            6.0, 
            429.0, 
            3.0, 
            156.0, 
            297.0, 
            154.0, 
            8.0, 
            458.0, 
            383.0, 
            235.0, 
            341.0, 
            19.0, 
            43.0, 
            232.0, 
            342.0, 
            71.0, 
            111.0, 
            176.0, 
            312.0, 
            10.0, 
            238.0, 
            174.0, 
            230.0, 
            151.0, 
            266.0, 
            462.0, 
            16.0, 
            14.0, 
            304.0, 
            522.0, 
            749.0, 
            254.0, 
            1.0, 
            478.0, 
            98.0, 
            129.0, 
            21.0, 
            64.0, 
            1.0, 
            52.0, 
            85.0, 
            131.0, 
            169.0, 
            50.0, 
            175.0, 
            256.0, 
            107.0, 
            212.0, 
            12.0, 
            27.0, 
            310.0, 
            359.0, 
            127.0, 
            17.0, 
            111.0, 
            510.0, 
            18.0, 
            383.0, 
            1.0, 
            4.0, 
            177.0, 
            8.0, 
            261.0, 
            175.0, 
            76.0, 
            384.0, 
            219.0, 
            66.0, 
            104.0, 
            111.0, 
            41.0, 
            617.0, 
            510.0, 
            146.0, 
            86.0, 
            281.0, 
            8.0, 
            258.0, 
            208.0, 
            270.0, 
            155.0, 
            51.0, 
            328.0, 
            37.0, 
            690.0, 
            248.0, 
            214.0, 
            127.0, 
            187.0, 
            211.0, 
            363.0, 
            144.0, 
            725.0, 
            202.0, 
            163.0, 
            147.0, 
            112.0, 
            6.0, 
            349.0, 
            119.0, 
            372.0, 
            137.0, 
            4.0, 
            794.0, 
            159.0, 
            184.0, 
            96.0, 
            257.0, 
            117.0, 
            219.0, 
            114.0, 
            245.0, 
            12.0, 
            81.0, 
            5.0, 
            604.0, 
            104.0, 
            296.0, 
            110.0, 
            163.0, 
            206.0, 
            200.0, 
            668.0, 
            281.0, 
            107.0, 
            130.0, 
            6.0, 
            117.0, 
            107.0, 
            156.0, 
            268.0, 
            7.0, 
            283.0, 
            71.0, 
            72.0, 
            225.0, 
            83.0, 
            133.0, 
            1.0, 
            70.0, 
            37.0, 
            288.0, 
            225.0, 
            115.0, 
            3.0, 
            272.0, 
            74.0, 
            5.0, 
            156.0, 
            240.0, 
            298.0, 
            152.0, 
            50.0, 
            271.0, 
            81.0, 
            255.0, 
            12.0, 
            27.0, 
            97.0, 
            221.0, 
            232.0, 
            284.0, 
            4.0, 
            17.0, 
            253.0, 
            18.0, 
            157.0, 
            43.0, 
            71.0, 
            103.0, 
            55.0, 
            113.0, 
            301.0, 
            351.0, 
            194.0, 
            20.0, 
            3.0, 
            248.0, 
            19.0, 
            39.0, 
            137.0, 
            371.0, 
            151.0, 
            351.0, 
            13.0, 
            163.0, 
            4.0, 
            27.0, 
            8.0, 
            213.0, 
            67.0, 
            88.0, 
            290.0, 
            15.0, 
            8.0, 
            66.0, 
            158.0, 
            73.0, 
            156.0, 
            138.0, 
            89.0, 
            224.0, 
            167.0, 
            73.0, 
            140.0, 
            207.0, 
            358.0, 
            351.0, 
            280.0, 
            46.0, 
            16.0, 
            9.0, 
            5.0, 
            120.0, 
            262.0, 
            42.0, 
            12.0, 
            21.0, 
            128.0, 
            322.0, 
            89.0, 
            253.0, 
            343.0, 
            7.0, 
            149.0, 
            410.0, 
            232.0, 
            5.0, 
            192.0, 
            214.0, 
            63.0, 
            22.0, 
            81.0, 
            138.0, 
            81.0, 
            106.0, 
            77.0, 
            43.0, 
            412.0, 
            62.0, 
            9.0, 
            48.0, 
            8.0, 
            104.0, 
            63.0, 
            110.0, 
            206.0, 
            3.0, 
            152.0, 
            14.0, 
            278.0, 
            132.0, 
            449.0, 
            133.0, 
            107.0, 
            137.0, 
            55.0, 
            323.0, 
            31.0, 
            133.0, 
            128.0, 
            39.0, 
            17.0, 
            68.0, 
            43.0, 
            576.0, 
            115.0, 
            31.0, 
            23.0, 
            75.0, 
            4.0, 
            3.0, 
            7.0, 
            11.0, 
            96.0, 
            345.0, 
            3.0, 
            124.0, 
            4.0, 
            34.0, 
            67.0, 
            20.0, 
            155.0, 
            833.0, 
            50.0, 
            201.0, 
            317.0, 
            241.0, 
            279.0, 
            782.0, 
            133.0, 
            90.0, 
            45.0, 
            12.0, 
            313.0, 
            52.0, 
            19.0, 
            129.0, 
            1.0, 
            11.0, 
            9.0, 
            144.0, 
            34.0, 
            661.0, 
            19.0, 
            61.0, 
            3.0, 
            320.0, 
            4.0, 
            78.0, 
            39.0, 
            22.0, 
            19.0, 
            12.0, 
            150.0, 
            6.0, 
            3.0, 
            169.0, 
            418.0, 
            143.0, 
            286.0, 
            203.0, 
            26.0, 
            28.0, 
            22.0, 
            234.0, 
            2.0, 
            102.0, 
            15.0, 
            190.0, 
            276.0, 
            3.0, 
            166.0, 
            86.0, 
            368.0, 
            169.0, 
            5.0, 
            22.0, 
            348.0, 
            189.0, 
            6.0, 
            92.0, 
            120.0, 
            271.0, 
            240.0, 
            5.0, 
            28.0, 
            260.0, 
            243.0, 
            151.0, 
            21.0, 
            162.0, 
            38.0, 
            10.0, 
            26.0, 
            5.0, 
            2.0, 
            349.0, 
            6.0, 
            42.0, 
            428.0, 
            4.0, 
            233.0, 
            70.0, 
            5.0, 
            110.0, 
            2.0, 
            262.0, 
            259.0, 
            290.0, 
            145.0, 
            71.0, 
            4.0, 
            158.0, 
            98.0, 
            48.0, 
            26.0, 
            4.0, 
            258.0, 
            150.0, 
            414.0, 
            51.0, 
            153.0, 
            378.0, 
            3.0, 
            141.0, 
            7.0, 
            199.0, 
            143.0, 
            343.0, 
            13.0, 
            60.0, 
            18.0, 
            357.0, 
            17.0, 
            288.0, 
            1.0, 
            34.0, 
            525.0, 
            1.0, 
            95.0, 
            365.0, 
            178.0, 
            57.0, 
            107.0, 
            391.0, 
            115.0, 
            275.0, 
            176.0, 
            577.0, 
            48.0, 
            85.0, 
            164.0, 
            63.0, 
            76.0, 
            79.0, 
            56.0, 
            226.0, 
            6.0, 
            17.0, 
            269.0, 
            132.0, 
            176.0, 
            19.0, 
            74.0, 
            675.0, 
            44.0, 
            244.0, 
            142.0, 
            256.0, 
            7.0, 
            405.0, 
            95.0, 
            513.0, 
            150.0, 
            3.0, 
            8.0, 
            105.0, 
            106.0, 
            189.0, 
            204.0, 
            31.0, 
            33.0, 
            144.0, 
            112.0, 
            308.0, 
            9.0, 
            71.0, 
            161.0, 
            130.0, 
            49.0, 
            321.0, 
            144.0, 
            343.0, 
            73.0, 
            47.0, 
            67.0, 
            508.0, 
            302.0, 
            163.0, 
            283.0, 
            105.0, 
            153.0, 
            554.0, 
            733.0, 
            222.0, 
            1.0, 
            10.0, 
            324.0, 
            38.0, 
            88.0, 
            153.0, 
            50.0, 
            458.0, 
            125.0, 
            243.0, 
            24.0, 
            192.0, 
            14.0, 
            76.0, 
            9.0, 
            23.0, 
            323.0, 
            24.0, 
            107.0, 
            266.0, 
            8.0, 
            270.0, 
            232.0, 
            267.0, 
            187.0, 
            8.0, 
            96.0, 
            39.0, 
            171.0, 
            262.0, 
            148.0, 
            151.0, 
            56.0, 
            377.0, 
            9.0, 
            236.0, 
            216.0, 
            7.0, 
            187.0, 
            141.0, 
            378.0, 
            107.0, 
            288.0, 
            1.0, 
            112.0, 
            114.0, 
            142.0, 
            3.0, 
            218.0, 
            60.0, 
            7.0, 
            6.0, 
            113.0, 
            283.0, 
            108.0, 
            246.0, 
            1.0, 
            268.0, 
            13.0, 
            167.0, 
            244.0, 
            100.0, 
            317.0, 
            335.0, 
            161.0, 
            81.0, 
            150.0, 
            100.0, 
            350.0, 
            17.0, 
            81.0, 
            133.0, 
            56.0, 
            421.0, 
            176.0, 
            33.0, 
            5.0, 
            209.0, 
            256.0, 
            71.0, 
            68.0, 
            76.0, 
            45.0, 
            108.0, 
            187.0, 
            5.0, 
            227.0, 
            40.0, 
            253.0, 
            127.0, 
            31.0, 
            4.0, 
            72.0, 
            175.0, 
            262.0, 
            11.0, 
            122.0, 
            245.0, 
            359.0, 
            106.0, 
            208.0, 
            523.0, 
            17.0, 
            27.0, 
            46.0, 
            161.0, 
            146.0, 
            450.0, 
            137.0, 
            308.0, 
            97.0, 
            143.0, 
            69.0, 
            360.0, 
            156.0, 
            379.0, 
            392.0, 
            324.0, 
            194.0, 
            84.0, 
            129.0, 
            55.0, 
            94.0, 
            1.0, 
            81.0, 
            5.0, 
            473.0, 
            144.0, 
            293.0, 
            44.0, 
            207.0, 
            233.0, 
            331.0, 
            300.0, 
            8.0, 
            309.0, 
            24.0, 
            287.0, 
            455.0, 
            96.0, 
            104.0, 
            260.0, 
            11.0, 
            106.0, 
            22.0, 
            314.0, 
            343.0, 
            58.0, 
            31.0, 
            2.0, 
            64.0, 
            72.0, 
            13.0, 
            239.0, 
            156.0, 
            57.0, 
            312.0, 
            252.0, 
            4.0, 
            85.0, 
            26.0, 
            117.0, 
            95.0, 
            150.0, 
            273.0, 
            203.0, 
            238.0, 
            129.0, 
            3.0, 
            229.0, 
            34.0, 
            449.0, 
            218.0, 
            374.0, 
            390.0, 
            128.0, 
            95.0, 
            267.0, 
            27.0, 
            66.0, 
            454.0, 
            381.0, 
            4.0, 
            2.0, 
            12.0, 
            481.0, 
            515.0, 
            63.0, 
            7.0, 
            8.0, 
            31.0, 
            1.0, 
            101.0, 
            177.0, 
            132.0, 
            334.0, 
            65.0, 
            105.0, 
            127.0, 
            281.0, 
            40.0, 
            61.0, 
            252.0, 
            23.0, 
            175.0, 
            73.0, 
            169.0, 
            47.0, 
            601.0, 
            248.0, 
            134.0, 
            151.0, 
            31.0, 
            118.0, 
            14.0, 
            112.0, 
            225.0, 
            16.0, 
            241.0, 
            23.0, 
            198.0, 
            180.0, 
            483.0, 
            175.0, 
            90.0, 
            405.0, 
            390.0, 
            625.0, 
            8.0, 
            54.0, 
            194.0, 
            163.0, 
            211.0, 
            121.0, 
            220.0, 
            63.0, 
            85.0, 
            296.0, 
            5.0, 
            352.0, 
            66.0, 
            157.0, 
            126.0, 
            2.0, 
            1.0, 
            83.0, 
            40.0, 
            100.0, 
            19.0, 
            174.0, 
            308.0, 
            106.0, 
            24.0, 
            92.0, 
            218.0, 
            210.0, 
            335.0, 
            219.0, 
            93.0, 
            4.0, 
            97.0, 
            19.0, 
            10.0, 
            13.0, 
            9.0, 
            20.0, 
            5.0, 
            43.0, 
            15.0, 
            159.0, 
            40.0, 
            169.0, 
            203.0, 
            23.0, 
            364.0, 
            183.0, 
            177.0, 
            74.0, 
            112.0, 
            108.0, 
            185.0, 
            22.0, 
            3.0, 
            84.0, 
            64.0, 
            146.0, 
            0.0, 
            183.0, 
            23.0, 
            155.0, 
            76.0, 
            60.0, 
            38.0, 
            176.0, 
            181.0, 
            121.0, 
            119.0
        ]
    }, 
    "regression_performance": {
        "max_error": 139.74008056640614, 
        "median_error": -0.7676306962966919, 
        "error_distribution": [
            {
                "count": 68, 
                "bin_max": -94.59108251953127, 
                "bin_id": 0, 
                "bin_min": -120.88824637695313
            }, 
            {
                "count": 71, 
                "bin_max": -68.55428662109378, 
                "bin_id": 1, 
                "bin_min": -94.59108251953127
            }, 
            {
                "count": 128, 
                "bin_max": -42.517490722656277, 
                "bin_id": 2, 
                "bin_min": -68.55428662109378
            }, 
            {
                "count": 309, 
                "bin_max": -16.480694824218787, 
                "bin_id": 3, 
                "bin_min": -42.517490722656277
            }, 
            {
                "count": 918, 
                "bin_max": 9.5561010742187023, 
                "bin_id": 4, 
                "bin_min": -16.480694824218787
            }, 
            {
                "count": 324, 
                "bin_max": 35.592896972656206, 
                "bin_id": 5, 
                "bin_min": 9.5561010742187023
            }, 
            {
                "count": 176, 
                "bin_max": 61.629692871093681, 
                "bin_id": 6, 
                "bin_min": 35.592896972656206
            }, 
            {
                "count": 80, 
                "bin_max": 87.666488769531185, 
                "bin_id": 7, 
                "bin_min": 61.629692871093681
            }, 
            {
                "count": 46, 
                "bin_max": 113.70328466796869, 
                "bin_id": 8, 
                "bin_min": 87.666488769531185
            }, 
            {
                "count": 75, 
                "bin_max": 139.74008056640614, 
                "bin_id": 9, 
                "bin_min": 113.70328466796869
            }
        ], 
        "min_error": -120.62787841796876, 
        "average_error": 1.9798673253917398, 
        "std_error": 46.69082737199097, 
        "p75_error": 18.656671524047852, 
        "p90_error": 57.406216430664117, 
        "p25_error": -17.645111083984375
    }
}