{
  "state": "DONE",
  "preSearchDescription": {
    "gridLength": 100,
    "importantParams": [
      {
        "name": "trees",
        "val": "300"
      },
      {
        "name": "max_depth",
        "vals": [
          "1",
          "2",
          "3",
          "5",
          "10"
        ]
      }
    ]
  },
  "postSearchDescription": {
    "importantParams": [
      {
        "name": "trees",
        "val": "300"
      },
      {
        "name": "max_depth",
        "val": "10"
      }
    ]
  },
  "modelId": "m1",
  "progress": {
    "top_level_todo": [],
    "stack": [],
    "top_level_done": [
      {
        "name": "Loading train set",
        "time": 99
      },
      {
        "name": "Loading test set",
        "time": 25
      },
      {
        "name": "Collecting statistics",
        "time": 32
      },
      {
        "name": "Preprocessing train set",
        "time": 72
      },
      {
        "name": "Preprocessing test set",
        "time": 36
      },
      {
        "name": "Fitting model",
        "time": 246563
      },
      {
        "name": "Saving model",
        "time": 350
      },
      {
        "name": "Scoring model",
        "time": 1238
      }
    ]
  },
  "startTime": 1493914619592,
  "endTime": 1493914868018,
  "preprocessingTime": 270,
  "trainingTime": 248156
}