{
  "inputDatasetSmartName": "test_data_set_scored",
  "script": {
    "steps": [
      {
        "type": "FindReplace",
        "params": {
          "output": "cluster_labels_new",
          "normalization": "EXACT",
          "matching": "FULL_STRING",
          "stopAfterFirstMatch": false,
          "mapping": [
            {
              "from": "cluster_0",
              "to": "Romance, Comedy"
            },
            {
              "from": "cluster_1",
              "to": "Children, Animation"
            },
            {
              "from": "cluster_2",
              "to": "Sci-Fi, Adventure"
            },
            {
              "from": "cluster_3",
              "to": "Crime, Drama"
            },
            {
              "from": "cluster_4",
              "to": "War"
            },
            {
              "from": "cluster_outliers",
              "to": "Others"
            }
          ],
          "appliesTo": "SINGLE_COLUMN",
          "columns": [
            "cluster_labels"
          ]
        },
        "metaType": "PROCESSOR",
        "preview": false,
        "disabled": false,
        "alwaysShowComment": false
      }
    ],
    "maxProcessedMemTableBytes": -1,
    "columnsSelection": {
      "mode": "ALL"
    },
    "coloring": {
      "scheme": "MEANING_AND_STATUS",
      "individualColumns": [],
      "valueColoringMode": "HASH"
    },
    "sorting": [],
    "analysisColumnData": {},
    "explorationSampling": {
      "selection": {
        "maxStoredBytes": 104857600,
        "filter": {
          "distinct": false,
          "enabled": false
        },
        "partitionSelectionMethod": "ALL",
        "latestPartitionsN": 1,
        "ordering": {
          "enabled": false,
          "rules": []
        },
        "samplingMethod": "HEAD_SEQUENTIAL",
        "maxRecords": 10000,
        "targetRatio": 0.02,
        "withinFirstN": -1,
        "maxReadUncompressedBytes": -1
      },
      "autoRefreshSample": false,
      "_refreshTrigger": 0
    },
    "vizSampling": {
      "autoRefreshSample": false,
      "_refreshTrigger": 0
    },
    "exploreUIParams": {
      "autoRefresh": true
    },
    "globalSearchQuery": "",
    "explorationFilters": [],
    "previewMode": "ALL_ROWS"
  },
  "charts": [],
  "name": "Analyze test_data_set_scored",
  "versionTag": {
    "versionNumber": 1,
    "lastModifiedBy": {
      "login": "admin"
    },
    "lastModifiedOn": 1525639939316
  },
  "creationTag": {
    "versionNumber": 0,
    "lastModifiedBy": {
      "login": "admin"
    },
    "lastModifiedOn": 1525639641703
  },
  "tags": [],
  "checklists": {
    "checklists": []
  }
}