{"clusters": [{"facts": [{"std": 0.6216612514934226, "global_mean": 3.5424858870567446, "feature_label": "rating_avg", "global_std": 0.5621308451601862, "cluster_label": "cluster_0", "diff": -0.5563385715114196, "type": "numerical", "mean": 3.2297508156578196}, {"std": 0.4856761487766473, "global_mean": 1.6881651780207223, "feature_label": "genre_rating", "global_std": 0.9683317529090415, "cluster_label": "cluster_0", "diff": -0.5321154051948487, "type": "numerical", "mean": 1.1729009349584896}, {"std": 0.681984227697803, "global_mean": 0.30072768063996885, "feature_label": "mul_Thriller_genre_rating", "global_std": 0.5830488526056763, "cluster_label": "cluster_0", "diff": 0.46189493199716075, "type": "numerical", "mean": 0.5700349907652903}], "cluster": "cluster_0", "size": 28788}, {"facts": [{"std": 1.0276898649767188, "global_mean": 1.6881651780207223, "feature_label": "genre_rating", "global_std": 0.9683317529090415, "cluster_label": "cluster_1", "diff": 0.6910734260717682, "type": "numerical", "mean": 2.3573535200776545}, {"std": 1.2683083389915488, "global_mean": 0.6184899441462651, "feature_label": "mul_Comedy_genre_rating", "global_std": 0.9641401394566821, "cluster_label": "cluster_1", "diff": 0.6391347327640599, "type": "numerical", "mean": 1.234705394525015}, {"std": 1.3745016607024798, "global_mean": 0.7957254521575522, "feature_label": "mul_Drama_genre_rating", "global_std": 1.1066219927242822, "cluster_label": "cluster_1", "diff": 0.5753678461520846, "type": "numerical", "mean": 1.4324401646158502}], "cluster": "cluster_1", "size": 27658}, {"facts": [{"std": 291.3868221768706, "global_mean": 238.8807184640768, "feature_label": "rating_sum", "global_std": 271.7083625505852, "cluster_label": "cluster_2", "diff": 1.8390244948508918, "type": "numerical", "mean": 738.5590526504297}, {"std": 65.75623371951447, "global_mean": 63.53291085445728, "feature_label": "count", "global_std": 67.22630923007232, "cluster_label": "cluster_2", "diff": 1.8110275382672658, "type": "numerical", "mean": 185.2816081661891}, {"std": 0.6529175223117276, "global_mean": 0.29390042844874215, "feature_label": "mul_Action_genre_rating", "global_std": 0.5183190130116492, "cluster_label": "cluster_2", "diff": 0.7384455718918524, "type": "numerical", "mean": 0.6766508084345499}], "cluster": "cluster_2", "size": 11168}, {"facts": [{"std": 0.44078609736260954, "global_mean": 0.0829578887563749, "feature_label": "mul_Children_genre_rating", "global_std": 0.2874881530038513, "cluster_label": "cluster_3", "diff": 2.74996172011398, "type": "numerical", "mean": 0.8735393045032368}, {"std": 0.5051340048897327, "global_mean": 0.05465567526937548, "feature_label": "mul_Animation_genre_rating", "global_std": 0.22868564878003464, "cluster_label": "cluster_3", "diff": 2.3008088981669097, "type": "numerical", "mean": 0.5808176508655518}, {"std": 0.45678633172545874, "global_mean": 0.10771112820526443, "feature_label": "mul_Fantasy_genre_rating", "global_std": 0.33674508893095356, "cluster_label": "cluster_3", "diff": 0.7859951164523119, "type": "numerical", "mean": 0.3723911235942934}], "cluster": "cluster_3", "size": 7303}, {"facts": [{"std": 0.7157310676307063, "global_mean": 0.051043058316333746, "feature_label": "mul_Documentary_genre_rating", "global_std": 0.4289004299695062, "cluster_label": "cluster_4", "diff": 8.586735406919429, "type": "numerical", "mean": 3.73389756637846}, {"std": 0.7157310676307063, "global_mean": 1.6881651780207223, "feature_label": "genre_rating", "global_std": 0.9683317529090415, "cluster_label": "cluster_4", "diff": 2.112635862876532, "type": "numerical", "mean": 3.73389756637846}, {"std": 18.676822287894158, "global_mean": 63.53291085445728, "feature_label": "count", "global_std": 67.22630923007232, "cluster_label": "cluster_4", "diff": -0.7232732598737801, "type": "numerical", "mean": 14.90991902834008}], "cluster": "cluster_4", "size": 988}, {"facts": [{"std": 0.5624373175230154, "global_mean": 0.014335313158734935, "feature_label": "mul_Film-Noir_genre_rating", "global_std": 0.1414540634680561, "cluster_label": "cluster_outliers", "diff": 1.8730897390556396, "type": "numerical", "mean": 0.27929146798847604}, {"std": 0.7616137672664904, "global_mean": 0.027795981226747243, "feature_label": "mul_Western_genre_rating", "global_std": 0.22163618763359752, "cluster_label": "cluster_outliers", "diff": 1.0032159656460693, "type": "numerical", "mean": 0.2501449432257002}, {"std": 1.1263791565073706, "global_mean": 0.09317817448467007, "feature_label": "mul_Horror_genre_rating", "global_std": 0.3977372515323515, "cluster_label": "cluster_outliers", "diff": 0.9756078579462544, "type": "numerical", "mean": 0.48121376247757813}], "cluster": "cluster_outliers", "size": 4099}], "global": {"facts": [{"std": 0.7157310676307063, "global_mean": 0.051043058316333746, "feature_label": "mul_Documentary_genre_rating", "global_std": 0.4289004299695062, "cluster_label": "cluster_4", "diff": 8.586735406919429, "type": "numerical", "mean": 3.73389756637846}, {"std": 0.44078609736260954, "global_mean": 0.0829578887563749, "feature_label": "mul_Children_genre_rating", "global_std": 0.2874881530038513, "cluster_label": "cluster_3", "diff": 2.74996172011398, "type": "numerical", "mean": 0.8735393045032368}, {"std": 0.5051340048897327, "global_mean": 0.05465567526937548, "feature_label": "mul_Animation_genre_rating", "global_std": 0.22868564878003464, "cluster_label": "cluster_3", "diff": 2.3008088981669097, "type": "numerical", "mean": 0.5808176508655518}, {"std": 0.7157310676307063, "global_mean": 1.6881651780207223, "feature_label": "genre_rating", "global_std": 0.9683317529090415, "cluster_label": "cluster_4", "diff": 2.112635862876532, "type": "numerical", "mean": 3.73389756637846}, {"std": 0.5624373175230154, "global_mean": 0.014335313158734935, "feature_label": "mul_Film-Noir_genre_rating", "global_std": 0.1414540634680561, "cluster_label": "cluster_outliers", "diff": 1.8730897390556396, "type": "numerical", "mean": 0.27929146798847604}, {"std": 291.3868221768706, "global_mean": 238.8807184640768, "feature_label": "rating_sum", "global_std": 271.7083625505852, "cluster_label": "cluster_2", "diff": 1.8390244948508918, "type": "numerical", "mean": 738.5590526504297}, {"std": 65.75623371951447, "global_mean": 63.53291085445728, "feature_label": "count", "global_std": 67.22630923007232, "cluster_label": "cluster_2", "diff": 1.8110275382672658, "type": "numerical", "mean": 185.2816081661891}, {"std": 0.7616137672664904, "global_mean": 0.027795981226747243, "feature_label": "mul_Western_genre_rating", "global_std": 0.22163618763359752, "cluster_label": "cluster_outliers", "diff": 1.0032159656460693, "type": "numerical", "mean": 0.2501449432257002}, {"std": 1.1263791565073706, "global_mean": 0.09317817448467007, "feature_label": "mul_Horror_genre_rating", "global_std": 0.3977372515323515, "cluster_label": "cluster_outliers", "diff": 0.9756078579462544, "type": "numerical", "mean": 0.48121376247757813}, {"std": 0.7268030397939218, "global_mean": 0.0882061987920446, "feature_label": "mul_Mystery_genre_rating", "global_std": 0.3325638325817755, "cluster_label": "cluster_outliers", "diff": 0.9268233320385219, "type": "numerical", "mean": 0.39643411822098695}], "size": 80004}}