{
    "trainingTime": 14154, 
    "state": "DONE", 
    "startTime": 1525628302749, 
    "preprocessingTime": 28581, 
    "progress": {
        "top_level_todo": [], 
        "stack": [], 
        "top_level_done": [
            {
                "name": "Loading source dataset", 
                "time": 376
            }, 
            {
                "name": "Collecting statistics", 
                "time": 148
            }, 
            {
                "name": "Preprocessing data", 
                "time": 28055
            }, 
            {
                "name": "Fitting model", 
                "time": 3284
            }, 
            {
                "name": "Saving model", 
                "time": 4
            }, 
            {
                "name": "Scoring model", 
                "time": 10865
            }
        ]
    }, 
    "endTime": 1525628345484, 
    "modelId": "m1"
}