{
    "metrics": {
        "rmse": 6.722165125131985, 
        "pearson": 0.74705195999383822, 
        "mae": 1.1230852637637385, 
        "r2": 0.54605765611812473, 
        "mape": 0.47290086372398726, 
        "mse": 45.187503969540714, 
        "evs": 0.54607169383183329, 
        "rmsle": 0
    }, 
    "scatterPlotData": {
        "y": [
            1.0619, 
            1.0521, 
            1.2258, 
            2.9787, 
            1.484, 
            1.9763, 
            2.6032, 
            1.2747, 
            1.247, 
            1.0556, 
            1.0566, 
            3.2723, 
            1.0474, 
            1.1252, 
            1.5121, 
            5.1661, 
            1.6592, 
            2.6735, 
            1.5263, 
            1.0595, 
            1.9695, 
            1.0446, 
            3.0024, 
            1.0391, 
            1.0695, 
            1.4953, 
            3.8189, 
            3.8663, 
            1.0479, 
            2.1651, 
            1.0427, 
            1.6467, 
            3.8353, 
            1.0626, 
            1.7727, 
            1.0497, 
            1.4063, 
            1.2658, 
            1.0114, 
            1.0709, 
            2.1659, 
            1.0604, 
            1.3285, 
            5.1765, 
            1.0553, 
            1.3237, 
            1.0521, 
            1.3355, 
            2.4943, 
            1.4625, 
            4.175, 
            1.3967, 
            1.1567, 
            1.0521, 
            1.184, 
            1.51, 
            1.3959, 
            1.3121, 
            1.0432, 
            1.0547, 
            3.3393, 
            1.055, 
            1.5356, 
            1.9817, 
            17.8729, 
            465.2231, 
            1.2655, 
            1.6708, 
            2.4754, 
            1.0458, 
            1.3933, 
            1.8944, 
            1.058, 
            1.8996, 
            1.6547, 
            2.1389, 
            2.2082, 
            1.0564, 
            1.209, 
            1.0583, 
            1.2983, 
            1.0529, 
            5.1666, 
            1.1576, 
            2.9768, 
            1.0577, 
            1.0387, 
            2.941, 
            1.8947, 
            1.0497, 
            1.0685, 
            1.9843, 
            1.0377, 
            3.845, 
            1.0517, 
            1.0305, 
            1.2033, 
            1.8965, 
            6.8193, 
            1.1453, 
            1.5084, 
            3.8679, 
            1.0488, 
            1.1755, 
            10.8776, 
            1.0548, 
            1.3777, 
            1.9056, 
            1.6599, 
            2.0036, 
            3.2271, 
            3.314, 
            2.0014, 
            1.0324, 
            5.9433, 
            2.6684, 
            1.0596, 
            2.2068, 
            2.6526, 
            1.3357, 
            2.6662, 
            3.7842, 
            1.1665, 
            1.0567, 
            1.0309, 
            3.022, 
            1.037, 
            1.1865, 
            1.0621, 
            1.7106, 
            1.7677, 
            1.8836, 
            2.6146, 
            1.0325, 
            3.2833, 
            1.0777, 
            2.4695, 
            1.0518, 
            4.3172, 
            1.0534, 
            1.0414, 
            1.2263, 
            1.0447, 
            7.8173, 
            1.0516, 
            1.1874, 
            1.0147, 
            1.0544, 
            1.6427, 
            1.3159, 
            3.8269, 
            2.6166, 
            1.9914, 
            1.7648, 
            1.1508, 
            1.0544, 
            1.7595, 
            2.4402, 
            1.0495, 
            1.0475, 
            1.0627, 
            5.2755, 
            1.0489, 
            1.6338, 
            1.0685, 
            1.1915, 
            1.9039, 
            2.4613, 
            1.3357, 
            1.0425, 
            1.0722, 
            1.061, 
            7.9424, 
            1.2144, 
            2.9956, 
            1.0555, 
            3.2352, 
            1.486, 
            1.3516, 
            10.8193, 
            6.3128, 
            1.0456, 
            2.2316, 
            1.3353, 
            1.8867, 
            1.9002, 
            1.9037, 
            1.0312, 
            1.06, 
            2.6477, 
            1.3205, 
            1.0132, 
            1.9892, 
            3.2734, 
            1.0448, 
            1.0594, 
            1.314, 
            4.8801, 
            2.1518, 
            4.1787, 
            1.2312, 
            2.4636, 
            2.9744, 
            1.0494, 
            1.6038, 
            1.2823, 
            1.0513, 
            2.6044, 
            1.0618, 
            2.9592, 
            1.0525, 
            2.6102, 
            1.0274, 
            1.0551, 
            1.0653, 
            3.3542, 
            1.9684, 
            1.8887, 
            6.3031, 
            1.3117, 
            1.2749, 
            2.2454, 
            2.4404, 
            2.9636, 
            2.9807, 
            2.7, 
            1.6361, 
            1.2023, 
            2.2051, 
            1.6642, 
            3.265, 
            2.1888, 
            2.5781, 
            6.8277, 
            1.1545, 
            1.51, 
            1.528, 
            1.3504, 
            1.0546, 
            3.7994, 
            3.3061, 
            1.0401, 
            1.0482, 
            1.3029, 
            1.0463, 
            1.0669, 
            1.0536, 
            1.0519, 
            1.3484, 
            9.153, 
            1.9968, 
            1.3413, 
            2.6202, 
            1.4606, 
            1.2124, 
            1.1421, 
            1.0595, 
            5.0824, 
            3.301, 
            12.4832, 
            1.387, 
            1.0476, 
            1.0459, 
            6.0464, 
            1.8942, 
            5.1679, 
            2.4324, 
            1.6317, 
            2.0054, 
            1.5067, 
            1.056, 
            1.0328, 
            1.5283, 
            1.0599, 
            1.2638, 
            1.054, 
            3.0025, 
            1.1669, 
            1.0492, 
            1.1862, 
            1.5273, 
            1.2682, 
            4.1974, 
            1.4917, 
            1.0586, 
            3.3659, 
            2.681, 
            2.1644, 
            3.2803, 
            1.0573, 
            1.4788, 
            1.3418, 
            1.0597, 
            1.621, 
            1.012, 
            1.6477, 
            1.0553, 
            1.3178, 
            1.3903, 
            1.1617, 
            3.2862, 
            1.5156, 
            1.7707, 
            2.6831, 
            1.9085, 
            1.6589, 
            1.0472, 
            2.574, 
            1.1856, 
            1.522, 
            1.9991, 
            2.6339, 
            1.8786, 
            1.6347, 
            2.0106, 
            1.0515, 
            1.0519, 
            1.0534, 
            1.8844, 
            1.33, 
            1.8833, 
            1.6356, 
            2.1565, 
            1.0409, 
            1.2195, 
            1.9788, 
            1.0622, 
            1.0534, 
            1.5429, 
            1.1504, 
            1.0508, 
            1.0319, 
            1.5125, 
            2.0063, 
            1.3398, 
            1.0536, 
            2.4287, 
            1.0556, 
            1.0433, 
            1.222, 
            1.3506, 
            1.9932, 
            1.502, 
            1.0563, 
            2.9606, 
            1.0641, 
            1.5126, 
            1.0323, 
            1.7738, 
            1.1588, 
            1.0512, 
            1.0553, 
            1.0471, 
            1.9848, 
            1.1253, 
            1.9992, 
            6.7865, 
            1.2868, 
            1.0536, 
            3.8342, 
            6.316, 
            1.0836, 
            1.1014, 
            1.4676, 
            1.0646, 
            1.0746, 
            1.9988, 
            1.0486, 
            1.0344, 
            1.2337, 
            2.2476, 
            1.0571, 
            1.2689, 
            1.515, 
            1.0436, 
            1.0631, 
            1.339, 
            1.0663, 
            1.7652, 
            2.2732, 
            0.9954, 
            1.3439, 
            5.2509, 
            1.9743, 
            1.0398, 
            1.5153, 
            1.3179, 
            1.0392, 
            1.9781, 
            1.0523, 
            1.047, 
            2.2775, 
            1.2114, 
            1.9666, 
            1.0493, 
            2.993, 
            1.0516, 
            2.2136, 
            7.9831, 
            7.9506, 
            1.249, 
            1.2863, 
            4.3586, 
            1.2235, 
            2.4272, 
            2.242, 
            1.2173, 
            1.1947, 
            1.15, 
            1.0409, 
            1.0618, 
            1.8582, 
            1.2788, 
            1.0419, 
            1.9871, 
            1.0513, 
            5.1483, 
            1.2051, 
            1.6437, 
            1.2211, 
            1.967, 
            1.1383, 
            1.9807, 
            1.9954, 
            1.0521, 
            3.269, 
            2.2501, 
            3.3802, 
            1.6413, 
            1.0459, 
            1.0618, 
            1.4556, 
            1.4103, 
            1.0542, 
            1.0573, 
            1.5976, 
            1.4546, 
            1.5002, 
            1.167, 
            2.2004, 
            5.0879, 
            1.0137, 
            1.3247, 
            1.0515, 
            1.2694, 
            1.3344, 
            2.4394, 
            4.1608, 
            1.3431, 
            1.0562, 
            5.1994, 
            1.261, 
            1.6356, 
            1.0539, 
            1.0156, 
            2.5886, 
            1.0559, 
            14.2522, 
            1.3386, 
            2.2769, 
            1.0321, 
            1.5341, 
            1.8714, 
            1.2186, 
            1.5178, 
            1.3498, 
            2.4746, 
            1.7656, 
            1.2235, 
            1.0444, 
            1.3128, 
            1.0444, 
            1.0273, 
            2.4641, 
            2.1577, 
            2.6658, 
            1.5346, 
            10.0902, 
            1.0606, 
            2.4721, 
            1.0619, 
            1.0585, 
            5.2014, 
            2.1915, 
            2.0089, 
            1.0595, 
            1.6382, 
            2.4679, 
            3.2538, 
            1.053, 
            1.4074, 
            1.0571, 
            4.1552, 
            1.9865, 
            1.1861, 
            2.1999, 
            1.2069, 
            1.0622, 
            1.9007, 
            1.2023, 
            1.0533, 
            1.1881, 
            2.2422, 
            3.3452, 
            1.3367, 
            2.2646, 
            1.0583, 
            1.3401, 
            1.1316, 
            1.0602, 
            1.0365, 
            5.2028, 
            1.1877, 
            1.0498, 
            1.2764, 
            1.198, 
            1.0102, 
            1.036, 
            2.4474, 
            1.0462, 
            4.4169, 
            1.6077, 
            1.2688, 
            1.2814, 
            3.8106, 
            1.0194, 
            1.041, 
            2.1936, 
            1.3432, 
            1.267, 
            1.0292, 
            3.418, 
            1.0578, 
            1.1983, 
            2.4516, 
            1.0448, 
            2.1963, 
            2.6395, 
            1.0576, 
            2.6022, 
            1.0502, 
            1.1404, 
            1.0496, 
            1.6135, 
            1.0572, 
            1.0533, 
            1.166, 
            1.0522, 
            1.7725, 
            2.2053, 
            1.0634, 
            1.3472, 
            25.0264, 
            1.5215, 
            1.0427, 
            1.0226, 
            2.2468, 
            1.3575, 
            1.3464, 
            1.0427, 
            1.506, 
            2.6698, 
            1.0655, 
            2.1506, 
            1.0571, 
            1.1433, 
            1.0592, 
            4.2086, 
            1.0432, 
            1.2961, 
            5.2391, 
            1.2775, 
            1.9778, 
            1.779, 
            9.9556, 
            1.228, 
            3.411, 
            1.3096, 
            2.594, 
            1.0567, 
            3.8139, 
            2.4792, 
            1.3176, 
            1.053, 
            1.5102, 
            2.6865, 
            1.057, 
            6.8967, 
            1.2638, 
            1.1298, 
            1.1413, 
            1.1496, 
            2.2557, 
            2.1561, 
            4.9371, 
            1.0543, 
            1.0569, 
            1.5382, 
            1.0544, 
            1.0634, 
            1.0647, 
            1.5007, 
            3.1905, 
            1.7544, 
            1.9261, 
            6.8036, 
            3.2618, 
            1.0673, 
            1.1673, 
            6.8281, 
            1.1865, 
            1.3708, 
            1.3325, 
            1.8909, 
            2.1713, 
            2.1978, 
            1.0617, 
            1.5255, 
            1.0558, 
            1.0384, 
            1.061, 
            1.308, 
            11.4404, 
            1.641, 
            0.96, 
            2.4666, 
            1.7729, 
            8.1735, 
            1.3247, 
            1.3876, 
            1.059, 
            1.0519, 
            1.0459, 
            1.0571, 
            1.3179, 
            1.3412, 
            9.1445, 
            1.0493, 
            2.442, 
            1.054, 
            2.9669, 
            1.7633, 
            2.699, 
            1.3263, 
            6.0193, 
            1.3922, 
            1.5076, 
            6.7139, 
            1.9134, 
            2.6146, 
            1.0644, 
            1.0486, 
            5.0915, 
            2.2505, 
            5.084, 
            2.2341, 
            2.4576, 
            1.0542, 
            1.0489, 
            1.255, 
            1.0395, 
            3.2514, 
            1.2165, 
            1.0654, 
            1.331, 
            1.0546, 
            1.2738, 
            3.8331, 
            1.757, 
            2.6137, 
            4.3323, 
            1.3784, 
            6.8418, 
            1.0512, 
            15.1363, 
            1.0479, 
            1.0712, 
            1.4102, 
            2.1518, 
            1.0589, 
            1.0586, 
            1.3203, 
            1.0531, 
            2.6408, 
            2.4812, 
            1.0682, 
            1.5062, 
            1.0601, 
            1.2683, 
            1.3306, 
            3.3246, 
            1.2156, 
            1.0444, 
            1.6077, 
            3.3694, 
            1.507, 
            1.5506, 
            2.6381, 
            1.4351, 
            4.8562, 
            1.0632, 
            2.4452, 
            1.041, 
            1.4541, 
            2.5939, 
            1.0547, 
            1.0592, 
            1.0552, 
            1.0713, 
            1.2151, 
            1.0539, 
            1.2193, 
            1.0167, 
            1.0575, 
            1.0271, 
            1.8853, 
            1.9223, 
            1.0517, 
            1.0635, 
            1.0619, 
            3.2771, 
            1.8911, 
            1.3884, 
            1.6162, 
            1.0384, 
            1.6353, 
            1.9784, 
            1.5892, 
            1.5103, 
            1.769, 
            1.8962, 
            1.0547, 
            5.2633, 
            1.0747, 
            1.0586, 
            1.2683, 
            6.1273, 
            1.176, 
            2.7016, 
            1.1727, 
            3.2675, 
            3.0054, 
            2.9769, 
            1.0465, 
            1.3702, 
            1.06, 
            1.1311, 
            1.0518, 
            1.0595, 
            1.6404, 
            6.0937, 
            1.0632, 
            15.4928, 
            1.0582, 
            1.3402, 
            1.0173, 
            1.0112, 
            2.0085, 
            2.1505, 
            1.2033, 
            1.0514, 
            1.0473, 
            1.0686, 
            5.9654, 
            1.6502, 
            2.99, 
            1.1654, 
            1.0639, 
            1.6174, 
            1.0497, 
            2.0047, 
            1.2117, 
            1.055, 
            1.0462, 
            1.1988, 
            1.0395, 
            1.2271, 
            1.3532, 
            1.216, 
            1.509, 
            1.4618, 
            1.0574, 
            1.2073, 
            1.2458, 
            6.0209, 
            1.3932, 
            2.0054, 
            1.0559, 
            1.3618, 
            1.0635, 
            3.2866, 
            1.2291, 
            1.0459, 
            3.8509, 
            1.2314, 
            1.0555, 
            3.3769, 
            1.0515, 
            1.3114, 
            1.0561, 
            10.8891, 
            1.1726, 
            1.0308, 
            5.2728, 
            1.6169, 
            1.4558, 
            1.0532, 
            1.8887, 
            6.8186, 
            4.3628, 
            1.1886, 
            1.159, 
            4.8554, 
            15.9574, 
            1.3788, 
            1.045, 
            1.7839, 
            1.0483, 
            1.0571, 
            1.0533, 
            2.491, 
            1.3278, 
            1.5116, 
            1.3512, 
            1.3144, 
            1.5048, 
            23.4206, 
            3.8305, 
            1.4313, 
            1.8925, 
            1.2747, 
            1.0949, 
            1.0465, 
            1.2222, 
            1.901, 
            1.0534, 
            1.0508, 
            1.0479, 
            1.1591, 
            1.9045, 
            1.2669, 
            2.1642, 
            1.0583, 
            3.2503, 
            2.4821, 
            1.2189, 
            1.8765, 
            3.3493, 
            1.7662, 
            1.1934, 
            1.0519, 
            1.0482, 
            2.2628, 
            3.3277, 
            1.0566, 
            2.9771, 
            3.2869, 
            2.2126, 
            1.492, 
            1.1889, 
            1.6543, 
            3.0073, 
            1.0581, 
            1.048, 
            1.4977, 
            1.3898, 
            1.2427, 
            1.5277, 
            1.8917, 
            1.1782, 
            1.0461, 
            3.383, 
            1.5217, 
            1.5114, 
            1.5424, 
            1.6246, 
            1.2162, 
            1.6398, 
            2.2086, 
            1.2226, 
            1.5093, 
            1.0304, 
            2.143, 
            1.0494, 
            1.0521, 
            1.9848, 
            1.0692, 
            1.8827, 
            1.227, 
            1.2681, 
            0.8417, 
            1.4953, 
            1.039, 
            1.3792, 
            14.2412, 
            1.5123, 
            1.0596, 
            2.1591, 
            1.3385, 
            1.3854, 
            1.0574, 
            1.055, 
            1.0479, 
            2.2287, 
            1.1324, 
            1.8935, 
            1.661, 
            1.4644, 
            1.2099, 
            4.8762, 
            7.8303, 
            1.7619, 
            1.0458, 
            1.2707, 
            1.0533, 
            1.9, 
            2.0016, 
            10.002, 
            3.3921, 
            2.0064, 
            2.143, 
            1.4901, 
            2.1483, 
            2.9939, 
            1.4243, 
            2.1601, 
            1.211, 
            3.4092, 
            2.1542, 
            1.7682, 
            1.2235, 
            1.6138, 
            3.2926, 
            1.4018, 
            1.0652, 
            1.3248, 
            1.512, 
            1.0561, 
            1.0455, 
            1.999, 
            2.2375, 
            2.2657, 
            1.0542, 
            1.0646, 
            2.6629, 
            3.849, 
            1.6636, 
            1.0538, 
            3.2952, 
            1.4824, 
            1.0287, 
            2.2513, 
            1.0386, 
            1.0625, 
            3.9041, 
            3.879, 
            28.1621, 
            1.4394, 
            1.964, 
            1.0591, 
            1.0514, 
            2.488, 
            1.1983, 
            1.3144, 
            2.4722, 
            1.5365, 
            1.5222, 
            1.0562, 
            1.9802, 
            2.4354, 
            1.6546, 
            1.5009, 
            1.0489, 
            3.277, 
            1.7753, 
            7.9868, 
            1.6496, 
            1.9848, 
            1.0471, 
            1.0545, 
            1.058, 
            1.0498, 
            2.2033, 
            1.0561, 
            2.4498, 
            1.4103, 
            1.0515, 
            1.0293, 
            1.0437, 
            2.4397, 
            1.6224, 
            1.4585, 
            1.6345, 
            1.0458, 
            1.0457, 
            2.2324, 
            1.6067, 
            1.0473, 
            1.0524, 
            1.0337
        ], 
        "x": [
            1.0, 
            1.0, 
            1.0, 
            3.0, 
            3.0, 
            2.0, 
            5.0, 
            1.0, 
            1.0, 
            1.0, 
            1.0, 
            2.0, 
            1.0, 
            1.0, 
            2.0, 
            2.0, 
            2.0, 
            2.0, 
            1.0, 
            1.0, 
            1.0, 
            1.0, 
            3.0, 
            1.0, 
            1.0, 
            1.0, 
            15.0, 
            2.0, 
            1.0, 
            1.0, 
            1.0, 
            2.0, 
            2.0, 
            1.0, 
            1.0, 
            1.0, 
            1.0, 
            1.0, 
            1.0, 
            1.0, 
            3.0, 
            1.0, 
            1.0, 
            18.0, 
            1.0, 
            1.0, 
            1.0, 
            1.0, 
            2.0, 
            1.0, 
            9.0, 
            2.0, 
            1.0, 
            1.0, 
            2.0, 
            1.0, 
            2.0, 
            1.0, 
            1.0, 
            1.0, 
            5.0, 
            1.0, 
            1.0, 
            1.0, 
            35.0, 
            795.0, 
            2.0, 
            1.0, 
            2.0, 
            1.0, 
            1.0, 
            1.0, 
            1.0, 
            1.0, 
            2.0, 
            2.0, 
            2.0, 
            1.0, 
            1.0, 
            1.0, 
            1.0, 
            1.0, 
            7.0, 
            1.0, 
            2.0, 
            1.0, 
            1.0, 
            1.0, 
            3.0, 
            1.0, 
            1.0, 
            1.0, 
            1.0, 
            1.0, 
            1.0, 
            1.0, 
            1.0, 
            1.0, 
            10.0, 
            1.0, 
            2.0, 
            9.0, 
            1.0, 
            1.0, 
            1.0, 
            1.0, 
            1.0, 
            2.0, 
            1.0, 
            1.0, 
            2.0, 
            3.0, 
            1.0, 
            1.0, 
            3.0, 
            1.0, 
            1.0, 
            1.0, 
            6.0, 
            1.0, 
            5.0, 
            2.0, 
            1.0, 
            1.0, 
            1.0, 
            1.0, 
            1.0, 
            2.0, 
            1.0, 
            3.0, 
            1.0, 
            1.0, 
            1.0, 
            1.0, 
            8.0, 
            1.0, 
            1.0, 
            1.0, 
            7.0, 
            1.0, 
            1.0, 
            1.0, 
            1.0, 
            14.0, 
            1.0, 
            1.0, 
            1.0, 
            1.0, 
            1.0, 
            1.0, 
            4.0, 
            1.0, 
            1.0, 
            1.0, 
            1.0, 
            1.0, 
            1.0, 
            2.0, 
            1.0, 
            1.0, 
            1.0, 
            3.0, 
            1.0, 
            2.0, 
            1.0, 
            1.0, 
            2.0, 
            3.0, 
            1.0, 
            1.0, 
            1.0, 
            1.0, 
            1.0, 
            2.0, 
            1.0, 
            1.0, 
            8.0, 
            1.0, 
            2.0, 
            21.0, 
            3.0, 
            1.0, 
            1.0, 
            2.0, 
            6.0, 
            5.0, 
            2.0, 
            1.0, 
            1.0, 
            2.0, 
            1.0, 
            1.0, 
            1.0, 
            1.0, 
            1.0, 
            1.0, 
            1.0, 
            6.0, 
            2.0, 
            1.0, 
            2.0, 
            4.0, 
            2.0, 
            1.0, 
            1.0, 
            1.0, 
            1.0, 
            2.0, 
            1.0, 
            3.0, 
            1.0, 
            2.0, 
            1.0, 
            1.0, 
            1.0, 
            1.0, 
            2.0, 
            2.0, 
            9.0, 
            1.0, 
            1.0, 
            1.0, 
            1.0, 
            5.0, 
            5.0, 
            1.0, 
            2.0, 
            1.0, 
            4.0, 
            1.0, 
            3.0, 
            3.0, 
            1.0, 
            4.0, 
            1.0, 
            2.0, 
            1.0, 
            1.0, 
            1.0, 
            1.0, 
            4.0, 
            1.0, 
            1.0, 
            1.0, 
            1.0, 
            1.0, 
            1.0, 
            1.0, 
            2.0, 
            12.0, 
            3.0, 
            1.0, 
            3.0, 
            1.0, 
            1.0, 
            1.0, 
            1.0, 
            4.0, 
            4.0, 
            1.0, 
            1.0, 
            1.0, 
            1.0, 
            9.0, 
            1.0, 
            5.0, 
            1.0, 
            1.0, 
            1.0, 
            1.0, 
            1.0, 
            1.0, 
            1.0, 
            1.0, 
            1.0, 
            1.0, 
            3.0, 
            1.0, 
            1.0, 
            1.0, 
            1.0, 
            1.0, 
            4.0, 
            2.0, 
            1.0, 
            3.0, 
            1.0, 
            2.0, 
            1.0, 
            1.0, 
            3.0, 
            1.0, 
            1.0, 
            2.0, 
            1.0, 
            1.0, 
            1.0, 
            2.0, 
            1.0, 
            1.0, 
            2.0, 
            1.0, 
            1.0, 
            5.0, 
            4.0, 
            1.0, 
            1.0, 
            1.0, 
            1.0, 
            1.0, 
            2.0, 
            1.0, 
            6.0, 
            1.0, 
            2.0, 
            1.0, 
            1.0, 
            1.0, 
            1.0, 
            1.0, 
            1.0, 
            1.0, 
            1.0, 
            1.0, 
            1.0, 
            5.0, 
            1.0, 
            1.0, 
            1.0, 
            1.0, 
            1.0, 
            1.0, 
            1.0, 
            2.0, 
            2.0, 
            1.0, 
            1.0, 
            1.0, 
            1.0, 
            1.0, 
            1.0, 
            2.0, 
            2.0, 
            1.0, 
            1.0, 
            1.0, 
            2.0, 
            1.0, 
            2.0, 
            1.0, 
            1.0, 
            1.0, 
            1.0, 
            1.0, 
            2.0, 
            2.0, 
            11.0, 
            2.0, 
            1.0, 
            2.0, 
            8.0, 
            1.0, 
            1.0, 
            1.0, 
            1.0, 
            0.0, 
            2.0, 
            1.0, 
            1.0, 
            1.0, 
            2.0, 
            1.0, 
            1.0, 
            1.0, 
            1.0, 
            1.0, 
            1.0, 
            1.0, 
            1.0, 
            1.0, 
            1.0, 
            1.0, 
            11.0, 
            2.0, 
            1.0, 
            1.0, 
            1.0, 
            1.0, 
            1.0, 
            1.0, 
            1.0, 
            9.0, 
            1.0, 
            2.0, 
            1.0, 
            2.0, 
            1.0, 
            2.0, 
            8.0, 
            6.0, 
            1.0, 
            1.0, 
            1.0, 
            1.0, 
            3.0, 
            3.0, 
            1.0, 
            1.0, 
            2.0, 
            1.0, 
            1.0, 
            1.0, 
            1.0, 
            1.0, 
            2.0, 
            1.0, 
            4.0, 
            1.0, 
            2.0, 
            1.0, 
            2.0, 
            1.0, 
            2.0, 
            1.0, 
            1.0, 
            5.0, 
            15.0, 
            1.0, 
            2.0, 
            1.0, 
            1.0, 
            1.0, 
            1.0, 
            1.0, 
            1.0, 
            1.0, 
            1.0, 
            1.0, 
            1.0, 
            1.0, 
            3.0, 
            2.0, 
            1.0, 
            0.0, 
            2.0, 
            2.0, 
            1.0, 
            3.0, 
            1.0, 
            1.0, 
            12.0, 
            1.0, 
            3.0, 
            1.0, 
            1.0, 
            2.0, 
            1.0, 
            15.0, 
            1.0, 
            3.0, 
            1.0, 
            1.0, 
            2.0, 
            1.0, 
            1.0, 
            1.0, 
            2.0, 
            2.0, 
            2.0, 
            1.0, 
            2.0, 
            1.0, 
            1.0, 
            4.0, 
            1.0, 
            3.0, 
            1.0, 
            1.0, 
            1.0, 
            1.0, 
            1.0, 
            1.0, 
            5.0, 
            3.0, 
            2.0, 
            1.0, 
            1.0, 
            1.0, 
            1.0, 
            1.0, 
            1.0, 
            1.0, 
            12.0, 
            2.0, 
            1.0, 
            7.0, 
            1.0, 
            1.0, 
            1.0, 
            1.0, 
            1.0, 
            1.0, 
            12.0, 
            6.0, 
            2.0, 
            3.0, 
            1.0, 
            1.0, 
            2.0, 
            1.0, 
            1.0, 
            6.0, 
            1.0, 
            1.0, 
            2.0, 
            1.0, 
            1.0, 
            1.0, 
            1.0, 
            1.0, 
            3.0, 
            2.0, 
            2.0, 
            2.0, 
            9.0, 
            1.0, 
            1.0, 
            7.0, 
            1.0, 
            1.0, 
            1.0, 
            18.0, 
            1.0, 
            1.0, 
            2.0, 
            1.0, 
            4.0, 
            1.0, 
            1.0, 
            1.0, 
            1.0, 
            1.0, 
            1.0, 
            1.0, 
            1.0, 
            1.0, 
            1.0, 
            1.0, 
            2.0, 
            1.0, 
            1.0, 
            2.0, 
            2.0, 
            2.0, 
            1.0, 
            1.0, 
            2.0, 
            1.0, 
            1.0, 
            1.0, 
            2.0, 
            1.0, 
            1.0, 
            1.0, 
            1.0, 
            1.0, 
            1.0, 
            12.0, 
            1.0, 
            1.0, 
            4.0, 
            1.0, 
            7.0, 
            1.0, 
            2.0, 
            2.0, 
            1.0, 
            1.0, 
            1.0, 
            1.0, 
            2.0, 
            3.0, 
            1.0, 
            1.0, 
            1.0, 
            2.0, 
            1.0, 
            30.0, 
            1.0, 
            1.0, 
            1.0, 
            1.0, 
            5.0, 
            2.0, 
            14.0, 
            1.0, 
            1.0, 
            3.0, 
            1.0, 
            1.0, 
            1.0, 
            1.0, 
            3.0, 
            4.0, 
            3.0, 
            1.0, 
            5.0, 
            1.0, 
            1.0, 
            5.0, 
            1.0, 
            2.0, 
            1.0, 
            4.0, 
            2.0, 
            1.0, 
            1.0, 
            1.0, 
            1.0, 
            1.0, 
            1.0, 
            2.0, 
            10.0, 
            2.0, 
            1.0, 
            7.0, 
            1.0, 
            1.0, 
            1.0, 
            1.0, 
            1.0, 
            1.0, 
            1.0, 
            1.0, 
            1.0, 
            1.0, 
            4.0, 
            1.0, 
            1.0, 
            1.0, 
            2.0, 
            3.0, 
            5.0, 
            2.0, 
            4.0, 
            2.0, 
            1.0, 
            9.0, 
            2.0, 
            4.0, 
            1.0, 
            1.0, 
            4.0, 
            2.0, 
            7.0, 
            2.0, 
            3.0, 
            1.0, 
            1.0, 
            1.0, 
            1.0, 
            1.0, 
            1.0, 
            1.0, 
            1.0, 
            1.0, 
            2.0, 
            6.0, 
            2.0, 
            1.0, 
            4.0, 
            2.0, 
            5.0, 
            1.0, 
            19.0, 
            1.0, 
            1.0, 
            1.0, 
            1.0, 
            1.0, 
            1.0, 
            1.0, 
            1.0, 
            3.0, 
            1.0, 
            1.0, 
            3.0, 
            1.0, 
            1.0, 
            2.0, 
            5.0, 
            1.0, 
            1.0, 
            3.0, 
            1.0, 
            1.0, 
            5.0, 
            4.0, 
            1.0, 
            3.0, 
            1.0, 
            4.0, 
            1.0, 
            1.0, 
            1.0, 
            1.0, 
            1.0, 
            1.0, 
            1.0, 
            1.0, 
            1.0, 
            1.0, 
            1.0, 
            1.0, 
            1.0, 
            2.0, 
            2.0, 
            1.0, 
            1.0, 
            1.0, 
            1.0, 
            1.0, 
            1.0, 
            1.0, 
            1.0, 
            4.0, 
            2.0, 
            2.0, 
            1.0, 
            1.0, 
            3.0, 
            1.0, 
            8.0, 
            1.0, 
            1.0, 
            1.0, 
            9.0, 
            2.0, 
            1.0, 
            1.0, 
            1.0, 
            1.0, 
            3.0, 
            1.0, 
            1.0, 
            1.0, 
            1.0, 
            1.0, 
            1.0, 
            1.0, 
            1.0, 
            1.0, 
            12.0, 
            1.0, 
            1.0, 
            1.0, 
            1.0, 
            1.0, 
            1.0, 
            1.0, 
            1.0, 
            1.0, 
            1.0, 
            1.0, 
            3.0, 
            1.0, 
            1.0, 
            1.0, 
            1.0, 
            1.0, 
            1.0, 
            1.0, 
            1.0, 
            1.0, 
            2.0, 
            1.0, 
            2.0, 
            1.0, 
            1.0, 
            1.0, 
            1.0, 
            1.0, 
            1.0, 
            2.0, 
            1.0, 
            3.0, 
            1.0, 
            1.0, 
            1.0, 
            1.0, 
            2.0, 
            1.0, 
            1.0, 
            4.0, 
            1.0, 
            1.0, 
            2.0, 
            1.0, 
            1.0, 
            1.0, 
            2.0, 
            1.0, 
            1.0, 
            11.0, 
            1.0, 
            1.0, 
            1.0, 
            1.0, 
            6.0, 
            2.0, 
            1.0, 
            1.0, 
            18.0, 
            2.0, 
            2.0, 
            1.0, 
            1.0, 
            1.0, 
            1.0, 
            1.0, 
            5.0, 
            1.0, 
            1.0, 
            2.0, 
            1.0, 
            1.0, 
            7.0, 
            1.0, 
            2.0, 
            2.0, 
            1.0, 
            1.0, 
            1.0, 
            1.0, 
            1.0, 
            1.0, 
            1.0, 
            1.0, 
            4.0, 
            1.0, 
            1.0, 
            4.0, 
            1.0, 
            1.0, 
            3.0, 
            1.0, 
            1.0, 
            6.0, 
            2.0, 
            1.0, 
            1.0, 
            1.0, 
            1.0, 
            3.0, 
            1.0, 
            5.0, 
            13.0, 
            2.0, 
            2.0, 
            1.0, 
            2.0, 
            1.0, 
            1.0, 
            1.0, 
            1.0, 
            1.0, 
            1.0, 
            1.0, 
            1.0, 
            1.0, 
            1.0, 
            3.0, 
            1.0, 
            2.0, 
            1.0, 
            1.0, 
            1.0, 
            2.0, 
            3.0, 
            2.0, 
            1.0, 
            1.0, 
            1.0, 
            1.0, 
            1.0, 
            2.0, 
            1.0, 
            1.0, 
            1.0, 
            1.0, 
            1.0, 
            1.0, 
            1.0, 
            2.0, 
            9.0, 
            1.0, 
            1.0, 
            1.0, 
            1.0, 
            1.0, 
            1.0, 
            1.0, 
            1.0, 
            1.0, 
            1.0, 
            1.0, 
            1.0, 
            1.0, 
            1.0, 
            9.0, 
            1.0, 
            1.0, 
            1.0, 
            1.0, 
            1.0, 
            1.0, 
            3.0, 
            1.0, 
            5.0, 
            2.0, 
            1.0, 
            3.0, 
            3.0, 
            2.0, 
            1.0, 
            1.0, 
            1.0, 
            5.0, 
            8.0, 
            1.0, 
            1.0, 
            2.0, 
            2.0, 
            1.0, 
            1.0, 
            1.0, 
            1.0, 
            1.0, 
            1.0, 
            1.0, 
            2.0, 
            2.0, 
            1.0, 
            1.0, 
            1.0, 
            4.0, 
            1.0, 
            1.0, 
            1.0, 
            3.0, 
            1.0, 
            2.0, 
            1.0, 
            1.0, 
            1.0, 
            1.0, 
            9.0, 
            2.0, 
            3.0, 
            1.0, 
            1.0, 
            2.0, 
            2.0, 
            2.0, 
            1.0, 
            2.0, 
            1.0, 
            1.0, 
            1.0, 
            4.0, 
            2.0, 
            1.0, 
            1.0, 
            8.0, 
            1.0, 
            10.0, 
            2.0, 
            2.0, 
            1.0, 
            1.0, 
            1.0, 
            1.0, 
            1.0, 
            1.0, 
            2.0, 
            1.0, 
            1.0, 
            1.0, 
            1.0, 
            10.0, 
            1.0, 
            1.0, 
            1.0, 
            1.0, 
            1.0, 
            1.0, 
            2.0, 
            1.0, 
            1.0, 
            1.0
        ]
    }, 
    "processed_feature_names": [], 
    "regression_performance": {
        "max_error": 5.0786122430781733, 
        "median_error": -0.05935247156215662, 
        "error_distribution": [
            {
                "count": 5730, 
                "bin_max": -3.2152471786124224, 
                "bin_id": 0, 
                "bin_min": -4.1460025137132561
            }, 
            {
                "count": 3624, 
                "bin_max": -2.2937072428690226, 
                "bin_id": 1, 
                "bin_min": -3.2152471786124224
            }, 
            {
                "count": 8744, 
                "bin_max": -1.3721673071256228, 
                "bin_id": 2, 
                "bin_min": -2.2937072428690226
            }, 
            {
                "count": 33210, 
                "bin_max": -0.45062737138222353, 
                "bin_id": 3, 
                "bin_min": -1.3721673071256228
            }, 
            {
                "count": 110675, 
                "bin_max": 0.47091256436117579, 
                "bin_id": 4, 
                "bin_min": -0.45062737138222353
            }, 
            {
                "count": 21678, 
                "bin_max": 1.392452500104576, 
                "bin_id": 5, 
                "bin_min": 0.47091256436117579
            }, 
            {
                "count": 6208, 
                "bin_max": 2.3139924358479753, 
                "bin_id": 6, 
                "bin_min": 1.392452500104576
            }, 
            {
                "count": 3226, 
                "bin_max": 3.2355323715913746, 
                "bin_id": 7, 
                "bin_min": 2.3139924358479753
            }, 
            {
                "count": 1712, 
                "bin_max": 4.1570723073347748, 
                "bin_id": 8, 
                "bin_min": 3.2355323715913746
            }, 
            {
                "count": 5037, 
                "bin_max": 5.0786122430781733, 
                "bin_id": 9, 
                "bin_min": 4.1570723073347748
            }
        ], 
        "min_error": -4.1367871143558217, 
        "average_error": -0.08464598759013663, 
        "std_error": 1.3869353133439366, 
        "p75_error": -0.0015927000636833943, 
        "p90_error": 1.0178467492397019, 
        "p25_error": -0.4652385284843974
    }
}