{
  "state": "DONE",
  "preSearchDescription": {
    "gridLength": 1,
    "importantParams": [
      {
        "name": "method",
        "val": "Linear stacking"
      },
      {
        "name": "algorithms",
        "vals": [
          "Gradient Boosted Trees",
          "Ordinary Least Squares",
          "Extra trees"
        ]
      }
    ]
  },
  "postSearchDescription": {
    "importantParams": [
      {
        "name": "method",
        "val": "Linear stacking"
      },
      {
        "name": "algorithms",
        "val": "[Gradient Boosted Trees, Ordinary Least Squares, Extra trees]"
      }
    ]
  },
  "modelId": "m1",
  "progress": {
    "top_level_todo": [],
    "stack": [],
    "top_level_done": [
      {
        "name": "Creating ensemble",
        "time": 12933
      },
      {
        "name": "Saving model",
        "time": 47
      },
      {
        "name": "Scoring model",
        "time": 3076
      }
    ]
  },
  "startTime": 1523117464637,
  "endTime": 1523117480695,
  "preprocessingTime": 0,
  "trainingTime": 0
}