{
    "per_feature": {
        "VMail_Message": {
            "stats": {
                "std": 13.954056680835864, 
                "p99": 43.0, 
                "min": 0.0, 
                "max": 51.0, 
                "average": 8.376395534290271, 
                "median": 0.0
            }, 
            "missing_impute_with_value": 8.376395534290271
        }, 
        "State": {
            "stats": {
                "mostFrequentValue": "WV", 
                "leastFrequentValue": "CA"
            }, 
            "category_possible_values": [
                "WV", 
                "MN", 
                "AL", 
                "VA", 
                "NY", 
                "TX", 
                "WI", 
                "VT", 
                "WY", 
                "ID", 
                "NJ", 
                "NV", 
                "KS", 
                "ND", 
                "NM", 
                "OR", 
                "UT", 
                "NH", 
                "FL", 
                "CO", 
                "OH", 
                "MD", 
                "MI", 
                "RI", 
                "CT", 
                "NC", 
                "MA", 
                "MT", 
                "NE", 
                "TN", 
                "SC", 
                "ME", 
                "WA", 
                "SD", 
                "MS", 
                "GA", 
                "AK", 
                "IN", 
                "AZ", 
                "MO", 
                "OK", 
                "KY", 
                "AR", 
                "IL", 
                "DE", 
                "HI", 
                "LA", 
                "IA"
            ]
        }, 
        "Night_Mins": {
            "stats": {
                "std": 50.57427101934086, 
                "p99": 315.3400000000001, 
                "min": 23.2, 
                "max": 395.0, 
                "average": 200.47719298245653, 
                "median": 200.0
            }, 
            "missing_impute_with_value": 200.47719298245653
        }, 
        "Eve_Mins": {
            "stats": {
                "std": 49.57998484962556, 
                "p99": 317.04, 
                "min": 49.2, 
                "max": 354.2, 
                "average": 201.4011164274323, 
                "median": 200.9
            }, 
            "missing_impute_with_value": 201.4011164274323
        }, 
        "Night_Calls": {
            "stats": {
                "std": 19.53909460406351, 
                "p99": 145.0, 
                "min": 38.0, 
                "max": 175.0, 
                "average": 100.06804891015418, 
                "median": 100.0
            }, 
            "missing_impute_with_value": 100.06804891015418
        }, 
        "Eve_Calls": {
            "stats": {
                "std": 20.028338367889695, 
                "p99": 147.0, 
                "min": 12.0, 
                "max": 170.0, 
                "average": 100.74800637958533, 
                "median": 101.0
            }, 
            "missing_impute_with_value": 100.74800637958533
        }, 
        "CustServ_Calls": {
            "stats": {
                "std": 1.3335551581739384, 
                "p99": 6.0, 
                "min": 0.0, 
                "max": 9.0, 
                "average": 1.5890483785220628, 
                "median": 1.0
            }, 
            "missing_impute_with_value": 1.5890483785220628
        }, 
        "Eve_Charge": {
            "stats": {
                "std": 4.21435756165001, 
                "p99": 26.951999999999998, 
                "min": 4.18, 
                "max": 30.11, 
                "average": 17.119330143540672, 
                "median": 17.08
            }, 
            "missing_impute_with_value": 17.119330143540672
        }, 
        "Phone": {
            "stats": {}
        }, 
        "Day_Mins": {
            "stats": {
                "std": 55.28679838615637, 
                "p99": 301.74000000000007, 
                "min": 0.0, 
                "max": 350.8, 
                "average": 178.94992025518354, 
                "median": 179.3
            }, 
            "missing_impute_with_value": 178.94992025518354
        }, 
        "Intl_Charge": {
            "stats": {
                "std": 0.7569753606195596, 
                "p99": 4.520000000000002, 
                "min": 0.0, 
                "max": 5.4, 
                "average": 2.7608346624136164, 
                "median": 2.78
            }, 
            "missing_impute_with_value": 2.7608346624136164
        }, 
        "Day_Charge": {
            "stats": {
                "std": 9.398669534984652, 
                "p99": 51.300000000000004, 
                "min": 0.0, 
                "max": 59.64, 
                "average": 30.42207868155232, 
                "median": 30.48
            }, 
            "missing_impute_with_value": 30.42207868155232
        }, 
        "Intl_Plan": {
            "stats": {
                "mostFrequentValue": "no", 
                "leastFrequentValue": "yes"
            }, 
            "category_possible_values": [
                "no"
            ]
        }, 
        "Intl_Calls": {
            "stats": {
                "std": 2.4158891320104923, 
                "p99": 12.0, 
                "min": 0.0, 
                "max": 18.0, 
                "average": 4.436469962785752, 
                "median": 4.0
            }, 
            "missing_impute_with_value": 4.436469962785752
        }, 
        "VMail_Plan": {
            "stats": {
                "mostFrequentValue": "no", 
                "leastFrequentValue": "yes"
            }, 
            "category_possible_values": [
                "no"
            ]
        }, 
        "Account_Length": {
            "stats": {
                "std": 39.626265201512844, 
                "p99": 194.20000000000005, 
                "min": 1.0, 
                "max": 243.0, 
                "average": 100.55342902711324, 
                "median": 100.0
            }, 
            "missing_impute_with_value": 100.55342902711324
        }, 
        "Area_Code": {
            "stats": {
                "mostFrequentValue": "415", 
                "leastFrequentValue": "510"
            }, 
            "category_possible_values": [
                "415", 
                "408"
            ]
        }, 
        "Day_Calls": {
            "stats": {
                "std": 20.28851678326405, 
                "p99": 146.0, 
                "min": 0.0, 
                "max": 165.0, 
                "average": 99.99521531100478, 
                "median": 100.0
            }, 
            "missing_impute_with_value": 99.99521531100478
        }, 
        "splitter": {
            "stats": {
                "std": 0.20187069735527619, 
                "p99": 0.689817031261379, 
                "min": 0.0004726973904910503, 
                "max": 0.6997117242423253, 
                "average": 0.3504219481432144, 
                "median": 0.3505494604131221
            }, 
            "missing_impute_with_value": 0.3504219481432144
        }, 
        "Intl_Mins": {
            "stats": {
                "std": 2.8037547086456502, 
                "p99": 16.74000000000001, 
                "min": 0.0, 
                "max": 20.0, 
                "average": 10.223444976076554, 
                "median": 10.3
            }, 
            "missing_impute_with_value": 10.223444976076554
        }, 
        "Churn": {
            "stats": {}
        }, 
        "Night_Charge": {
            "stats": {
                "std": 2.2758979287219114, 
                "p99": 14.194000000000003, 
                "min": 1.04, 
                "max": 17.77, 
                "average": 9.021547049441779, 
                "median": 9.0
            }, 
            "missing_impute_with_value": 9.021547049441779
        }
    }, 
    "feature_order": [
        "VMail_Message", 
        "State", 
        "Night_Mins", 
        "Eve_Mins", 
        "Night_Calls", 
        "Eve_Calls", 
        "CustServ_Calls", 
        "Eve_Charge", 
        "Phone", 
        "Day_Mins", 
        "Intl_Charge", 
        "Day_Charge", 
        "Intl_Plan", 
        "Intl_Calls", 
        "VMail_Plan", 
        "Account_Length", 
        "Area_Code", 
        "Day_Calls", 
        "splitter", 
        "Intl_Mins", 
        "Churn", 
        "Night_Charge"
    ]
}