{
    "rawImportance": {
        "variables": [
            "event_type_count", 
            "log_feature_count", 
            "dummy:severity_type:severity_type 2", 
            "dummy:severity_type:severity_type 1", 
            "dummy:severity_type:severity_type 4", 
            "dummy:volumes:1, 1", 
            "dummy:volumes:2, 2", 
            "dummy:volumes:1, 1, 1, 1", 
            "dummy:volumes:4, 4", 
            "dummy:volumes:2, 1, 1, 2", 
            "dummy:volumes:4, 1", 
            "dummy:volumes:5, 8", 
            "dummy:volumes:1, 1, 1, 1, 1, 1, 1, 1", 
            "dummy:volumes:6, 4", 
            "dummy:volumes:10, 4", 
            "dummy:volumes:__Others__", 
            "dummy:resource_types:resource_type 8", 
            "dummy:resource_types:resource_type 2", 
            "dummy:resource_types:resource_type 8, resource_type 2", 
            "dummy:resource_types:resource_type 6, resource_type 8", 
            "dummy:resource_types:__Others__", 
            "dummy:location:location 734", 
            "dummy:location:location 600", 
            "dummy:location:location 793", 
            "dummy:location:location 1042", 
            "dummy:location:location 1100", 
            "dummy:location:location 808", 
            "dummy:location:location 707", 
            "dummy:location:location 995", 
            "dummy:location:location 891", 
            "dummy:location:location 814", 
            "dummy:location:location 638", 
            "dummy:location:location 895", 
            "dummy:location:location 460", 
            "dummy:location:location 989", 
            "dummy:location:location 896", 
            "dummy:location:__Others__"
        ], 
        "importances": [
            0.004215669818222523, 
            0.1050194501876831, 
            0.006984750274568796, 
            0.07827883958816528, 
            0.054555512964725494, 
            0.006984750274568796, 
            0.006984750274568796, 
            0.003492375137284398, 
            0.010477125644683838, 
            0.003492375137284398, 
            0.010477125644683838, 
            0.003492375137284398, 
            0.003492375137284398, 
            0.003492375137284398, 
            0.018908465281128883, 
            0.13477732241153717, 
            0.056849490851163864, 
            0.20861360430717468, 
            0.006984750274568796, 
            0.003492375137284398, 
            0.003492375137284398, 
            0.017461875453591347, 
            0.010477125644683838, 
            0.025893215090036392, 
            0.003492375137284398, 
            0.017461875453591347, 
            0.011200419627130032, 
            0.011200419627130032, 
            0.006984750274568796, 
            0.003492375137284398, 
            0.003492375137284398, 
            0.0119237145408988, 
            0.03155547380447388, 
            0.013969500549137592, 
            0.006984750274568796, 
            0.003492375137284398, 
            0.0863591805100441
        ]
    }, 
    "probaAware": true, 
    "modelInputNRows": 5919, 
    "modelInputNCols": 304, 
    "modelInputMemory": 14395008, 
    "modelInputIsSparse": false, 
    "nBoostedEstimators": 10
}