{
  "state": "DONE",
  "preSearchDescription": {
    "gridLength": 1,
    "importantParams": [
      {
        "name": "trees",
        "val": "300"
      },
      {
        "name": "max_depth",
        "vals": [
          "3"
        ]
      }
    ]
  },
  "postSearchDescription": {
    "importantParams": [
      {
        "name": "trees",
        "val": "300"
      },
      {
        "name": "max_depth",
        "val": "3"
      }
    ]
  },
  "modelId": "m1",
  "progress": {
    "top_level_todo": [],
    "stack": [],
    "top_level_done": [
      {
        "name": "Loading train set",
        "time": 49
      },
      {
        "name": "Loading test set",
        "time": 9
      },
      {
        "name": "Collecting statistics",
        "time": 18
      },
      {
        "name": "Preprocessing train set",
        "time": 40
      },
      {
        "name": "Preprocessing test set",
        "time": 28
      },
      {
        "name": "Fitting model",
        "time": 1777
      },
      {
        "name": "Saving model",
        "time": 6
      },
      {
        "name": "Scoring model",
        "time": 321
      }
    ]
  },
  "startTime": 1493821486174,
  "endTime": 1493821488429,
  "preprocessingTime": 146,
  "trainingTime": 2109
}