{"clusters": [{"facts": [{"category_value": "H", "current_impact": 0.70555443953394936, "feature_label": "FTR", "global_ratio": 0.48552631578947369, "cluster_label": "cluster_0", "diff": -0.47115756871854431, "current_ratio": 0.7142857142857143, "type": "categorical"}], "cluster": "cluster_0", "size": 252}, {"facts": [{"category_value": "3.3", "current_impact": 0.35321788928279246, "feature_label": "IWD", "global_ratio": 0.13421052631578947, "cluster_label": "cluster_1", "diff": -1.6752190237797246, "current_ratio": 0.35904255319148937, "type": "categorical"}, {"category_value": "A", "current_impact": 0.39020316334878652, "feature_label": "FTR", "global_ratio": 0.26184210526315788, "cluster_label": "cluster_1", "diff": -0.50326098577996381, "current_ratio": 0.39361702127659576, "type": "categorical"}, {"category_value": "H", "current_impact": 0.3467752931551677, "feature_label": "FTR", "global_ratio": 0.48552631578947369, "cluster_label": "cluster_1", "diff": 0.29337484864210345, "current_ratio": 0.34308510638297873, "type": "categorical"}], "cluster": "cluster_1", "size": 376}, {"facts": [{"category_value": "3", "current_impact": 0.41985157034275061, "feature_label": "B365D", "global_ratio": 0.10855263157894737, "cluster_label": "cluster_2", "diff": -2.9480519480519476, "current_ratio": 0.42857142857142855, "type": "categorical"}, {"category_value": "3", "current_impact": 0.3981786892298867, "feature_label": "VCD", "global_ratio": 0.11315789473684211, "cluster_label": "cluster_2", "diff": -2.5893427138297178, "current_ratio": 0.4061624649859944, "type": "categorical"}, {"category_value": "3", "current_impact": 0.61799082174100106, "feature_label": "LBD", "global_ratio": 0.18026315789473685, "cluster_label": "cluster_2", "diff": -2.4962890265595288, "current_ratio": 0.63025210084033612, "type": "categorical"}], "cluster": "cluster_2", "size": 357}, {"facts": [{"category_value": "3.2", "current_impact": 0.46629234724742891, "feature_label": "B365D", "global_ratio": 0.12697368421052632, "cluster_label": "cluster_3", "diff": -2.7514179722230732, "current_ratio": 0.47633136094674555, "type": "categorical"}, {"category_value": "3.2", "current_impact": 0.52786600120992133, "feature_label": "IWD", "global_ratio": 0.16973684210526316, "cluster_label": "cluster_3", "diff": -2.1723315444245674, "current_ratio": 0.53846153846153844, "type": "categorical"}, {"category_value": "3.2", "current_impact": 0.32794540229885055, "feature_label": "VCD", "global_ratio": 0.1125, "cluster_label": "cluster_3", "diff": -1.9717291255752794, "current_ratio": 0.33431952662721892, "type": "categorical"}], "cluster": "cluster_3", "size": 338}, {"facts": [{"category_value": "5", "current_impact": 0.36517925247902361, "feature_label": "LBA", "global_ratio": 0.05921052631578947, "cluster_label": "cluster_4", "diff": -5.429780033840947, "current_ratio": 0.38071065989847713, "type": "categorical"}, {"category_value": "3.5", "current_impact": 0.32719933892702774, "feature_label": "IWD", "global_ratio": 0.073026315789473689, "cluster_label": "cluster_4", "diff": -3.6572460785658749, "current_ratio": 0.34010152284263961, "type": "categorical"}, {"category_value": "H", "current_impact": 0.64664378337147221, "feature_label": "FTR", "global_ratio": 0.48552631578947369, "cluster_label": "cluster_4", "diff": -0.34868556807395473, "current_ratio": 0.65482233502538068, "type": "categorical"}], "cluster": "cluster_4", "size": 197}], "global": {"facts": [{"category_value": "5", "current_impact": 0.36517925247902361, "feature_label": "LBA", "global_ratio": 0.05921052631578947, "cluster_label": "cluster_4", "diff": -5.429780033840947, "current_ratio": 0.38071065989847713, "type": "categorical"}, {"category_value": "3.5", "current_impact": 0.32719933892702774, "feature_label": "IWD", "global_ratio": 0.073026315789473689, "cluster_label": "cluster_4", "diff": -3.6572460785658749, "current_ratio": 0.34010152284263961, "type": "categorical"}, {"category_value": "3", "current_impact": 0.41985157034275061, "feature_label": "B365D", "global_ratio": 0.10855263157894737, "cluster_label": "cluster_2", "diff": -2.9480519480519476, "current_ratio": 0.42857142857142855, "type": "categorical"}, {"category_value": "3.2", "current_impact": 0.46629234724742891, "feature_label": "B365D", "global_ratio": 0.12697368421052632, "cluster_label": "cluster_3", "diff": -2.7514179722230732, "current_ratio": 0.47633136094674555, "type": "categorical"}, {"category_value": "3", "current_impact": 0.3981786892298867, "feature_label": "VCD", "global_ratio": 0.11315789473684211, "cluster_label": "cluster_2", "diff": -2.5893427138297178, "current_ratio": 0.4061624649859944, "type": "categorical"}, {"category_value": "3", "current_impact": 0.61799082174100106, "feature_label": "LBD", "global_ratio": 0.18026315789473685, "cluster_label": "cluster_2", "diff": -2.4962890265595288, "current_ratio": 0.63025210084033612, "type": "categorical"}, {"category_value": "3.2", "current_impact": 0.52786600120992133, "feature_label": "IWD", "global_ratio": 0.16973684210526316, "cluster_label": "cluster_3", "diff": -2.1723315444245674, "current_ratio": 0.53846153846153844, "type": "categorical"}, {"category_value": "3.2", "current_impact": 0.32794540229885055, "feature_label": "VCD", "global_ratio": 0.1125, "cluster_label": "cluster_3", "diff": -1.9717291255752794, "current_ratio": 0.33431952662721892, "type": "categorical"}, {"category_value": "3.1", "current_impact": 0.31080596586834935, "feature_label": "IWD", "global_ratio": 0.10657894736842105, "cluster_label": "cluster_2", "diff": -1.9698793097485907, "current_ratio": 0.31652661064425769, "type": "categorical"}, {"category_value": "3.3", "current_impact": 0.35321788928279246, "feature_label": "IWD", "global_ratio": 0.13421052631578947, "cluster_label": "cluster_1", "diff": -1.6752190237797246, "current_ratio": 0.35904255319148937, "type": "categorical"}], "size": 1520}}