{
    "trainingTime": 11366, 
    "state": "DONE", 
    "startTime": 1524747520900, 
    "preprocessingTime": 7405, 
    "progress": {
        "top_level_todo": [], 
        "stack": [], 
        "top_level_done": [
            {
                "name": "Loading source dataset", 
                "time": 21
            }, 
            {
                "name": "Collecting statistics", 
                "time": 48
            }, 
            {
                "name": "Preprocessing data", 
                "time": 7332
            }, 
            {
                "name": "Fitting model", 
                "time": 2775
            }, 
            {
                "name": "Saving model", 
                "time": 1
            }, 
            {
                "name": "Scoring model", 
                "time": 8590
            }
        ]
    }, 
    "endTime": 1524747539671, 
    "modelId": "m1"
}