{
    "rawImportance": {
        "variables": [
            "Account_Length", 
            "CustServ_Calls", 
            "Day_Charge", 
            "Day_Mins", 
            "Eve_Calls", 
            "Eve_Charge", 
            "Eve_Mins", 
            "Intl_Calls", 
            "Intl_Charge", 
            "VMail_Message", 
            "dummy:Intl_Plan:yes", 
            "dummy:VMail_Plan:no", 
            "dummy:State:WV", 
            "dummy:State:VA", 
            "dummy:State:MS", 
            "dummy:State:IA"
        ], 
        "importances": [
            0.0083132269637900737, 
            0.18487486890804952, 
            0.033397208331780788, 
            0.26121734518606804, 
            0.0088022629134597765, 
            0.040994825211069626, 
            0.076262429330261589, 
            0.11567189071269887, 
            0.092292848171471861, 
            0.054312627662075799, 
            0.092083319728176793, 
            0.0054445717192992023, 
            0.0057619741828577632, 
            0.005862051900321864, 
            0.0090268680059987626, 
            0.0056816810726196482
        ]
    }, 
    "probaAware": true, 
    "modelInputNRows": 1881, 
    "modelInputNCols": 77, 
    "modelInputMemory": 1158696, 
    "modelInputIsSparse": false
}