{
    "featureNames": [
        "Account_Length", 
        "CustServ_Calls", 
        "Day_Calls", 
        "Day_Charge", 
        "Day_Mins", 
        "Eve_Calls", 
        "Eve_Charge", 
        "Eve_Mins", 
        "Intl_Calls", 
        "Intl_Charge", 
        "Intl_Mins", 
        "Night_Calls", 
        "Night_Charge", 
        "Night_Mins", 
        "VMail_Message", 
        "dummy:Intl_Plan:no", 
        "dummy:Intl_Plan:yes", 
        "dummy:Intl_Plan:N/A", 
        "dummy:Intl_Plan:__Others__", 
        "dummy:VMail_Plan:no", 
        "dummy:VMail_Plan:yes", 
        "dummy:VMail_Plan:N/A", 
        "dummy:VMail_Plan:__Others__", 
        "dummy:Area_Code:415", 
        "dummy:Area_Code:408", 
        "dummy:Area_Code:510", 
        "dummy:Area_Code:N/A", 
        "dummy:Area_Code:__Others__", 
        "dummy:State:WV", 
        "dummy:State:MN", 
        "dummy:State:AL", 
        "dummy:State:VA", 
        "dummy:State:NY", 
        "dummy:State:TX", 
        "dummy:State:WY", 
        "dummy:State:ND", 
        "dummy:State:OH", 
        "dummy:State:WI", 
        "dummy:State:VT", 
        "dummy:State:CT", 
        "dummy:State:MI", 
        "dummy:State:NV", 
        "dummy:State:KS", 
        "dummy:State:MA", 
        "dummy:State:TN", 
        "dummy:State:ID", 
        "dummy:State:FL", 
        "dummy:State:NJ", 
        "dummy:State:CO", 
        "dummy:State:MS", 
        "dummy:State:NC", 
        "dummy:State:RI", 
        "dummy:State:MD", 
        "dummy:State:UT", 
        "dummy:State:OR", 
        "dummy:State:MO", 
        "dummy:State:MT", 
        "dummy:State:NM", 
        "dummy:State:WA", 
        "dummy:State:SC", 
        "dummy:State:ME", 
        "dummy:State:GA", 
        "dummy:State:AZ", 
        "dummy:State:AK", 
        "dummy:State:IN", 
        "dummy:State:NH", 
        "dummy:State:SD", 
        "dummy:State:HI", 
        "dummy:State:NE", 
        "dummy:State:OK", 
        "dummy:State:PA", 
        "dummy:State:IA", 
        "dummy:State:DE", 
        "dummy:State:AR", 
        "dummy:State:DC", 
        "dummy:State:N/A", 
        "dummy:State:__Others__"
    ], 
    "tree": {
        "rightChild": [
            28, 
            15, 
            10, 
            7, 
            6, 
            -1, 
            -1, 
            9, 
            -1, 
            -1, 
            14, 
            13, 
            -1, 
            -1, 
            -1, 
            23, 
            20, 
            19, 
            -1, 
            -1, 
            22, 
            -1, 
            -1, 
            27, 
            26, 
            -1, 
            -1, 
            -1, 
            36, 
            31, 
            -1, 
            35, 
            34, 
            -1, 
            -1, 
            -1, 
            44, 
            41, 
            40, 
            -1, 
            -1, 
            43, 
            -1, 
            -1, 
            46, 
            -1, 
            -1
        ], 
        "impurity": [
            0.24964946479258576, 
            0.19411656500203422, 
            0.14711733833205487, 
            0.09997784373792618, 
            0.05931941883772729, 
            0.05789672216441211, 
            0.5, 
            0.28152829646653266, 
            0.17608566329565734, 
            0.4578563995837669, 
            0.4558071585098612, 
            0.31999999999999995, 
            0.0, 
            0.02040599426081413, 
            0.0, 
            0.48719999999999997, 
            0.3526530612244898, 
            0.3598615916955017, 
            0.375, 
            0.14201183431952658, 
            0.10679957280170882, 
            0.07396449704142016, 
            0.0, 
            0.23111111111111116, 
            0.07133058984910834, 
            0.0, 
            0.0, 
            0.0, 
            0.4924869927159209, 
            0.1400367309458218, 
            0.0, 
            0.11550295857988169, 
            0.08935546875, 
            0.06147644242882333, 
            0.0, 
            0.0, 
            0.4135841434162353, 
            0.3688280785246877, 
            0.39669421487603307, 
            0.0, 
            0.375, 
            0.2808966474905773, 
            0.24784709094727997, 
            0.0, 
            0.24489795918367352, 
            0.0, 
            0.0
        ], 
        "probas": [
            [
                0.85380116959064323, 
                0.14619883040935672
            ], 
            [
                0.89107763615295477, 
                0.10892236384704519
            ], 
            [
                0.92004920049200489, 
                0.07995079950799508
            ], 
            [
                0.94722598105548039, 
                0.052774018944519621
            ], 
            [
                0.96940418679549112, 
                0.030595813204508857
            ], 
            [
                0.97016129032258069, 
                0.029838709677419355
            ], 
            [
                0.5, 
                0.5
            ], 
            [
                0.83050847457627119, 
                0.16949152542372881
            ], 
            [
                0.90243902439024393, 
                0.097560975609756101
            ], 
            [
                0.35483870967741937, 
                0.64516129032258063
            ], 
            [
                0.64864864864864868, 
                0.35135135135135137
            ], 
            [
                0.80000000000000004, 
                0.20000000000000001
            ], 
            [
                0.0, 
                1.0
            ], 
            [
                0.98969072164948457, 
                0.010309278350515464
            ], 
            [
                0.0, 
                1.0
            ], 
            [
                0.41999999999999998, 
                0.57999999999999996
            ], 
            [
                0.22857142857142856, 
                0.77142857142857146
            ], 
            [
                0.76470588235294112, 
                0.23529411764705882
            ], 
            [
                0.25, 
                0.75
            ], 
            [
                0.92307692307692313, 
                0.076923076923076927
            ], 
            [
                0.056603773584905662, 
                0.94339622641509435
            ], 
            [
                0.038461538461538464, 
                0.96153846153846156
            ], 
            [
                1.0, 
                0.0
            ], 
            [
                0.8666666666666667, 
                0.13333333333333333
            ], 
            [
                0.96296296296296291, 
                0.037037037037037035
            ], 
            [
                1.0, 
                0.0
            ], 
            [
                0.0, 
                1.0
            ], 
            [
                0.0, 
                1.0
            ], 
            [
                0.43870967741935485, 
                0.56129032258064515
            ], 
            [
                0.07575757575757576, 
                0.9242424242424242
            ], 
            [
                1.0, 
                0.0
            ], 
            [
                0.061538461538461542, 
                0.93846153846153846
            ], 
            [
                0.046875, 
                0.953125
            ], 
            [
                0.031746031746031744, 
                0.96825396825396826
            ], 
            [
                1.0, 
                0.0
            ], 
            [
                1.0, 
                0.0
            ], 
            [
                0.7078651685393258, 
                0.29213483146067415
            ], 
            [
                0.75609756097560976, 
                0.24390243902439024
            ], 
            [
                0.27272727272727271, 
                0.72727272727272729
            ], 
            [
                0.0, 
                1.0
            ], 
            [
                0.75, 
                0.25
            ], 
            [
                0.83098591549295775, 
                0.16901408450704225
            ], 
            [
                0.85507246376811596, 
                0.14492753623188406
            ], 
            [
                0.0, 
                1.0
            ], 
            [
                0.14285714285714285, 
                0.8571428571428571
            ], 
            [
                1.0, 
                0.0
            ], 
            [
                0.0, 
                1.0
            ]
        ], 
        "feature": [
            1, 
            4, 
            16, 
            3, 
            0, 
            -2, 
            -2, 
            7, 
            -2, 
            -2, 
            9, 
            8, 
            -2, 
            -2, 
            -2, 
            14, 
            6, 
            5, 
            -2, 
            -2, 
            28, 
            -2, 
            -2, 
            16, 
            7, 
            -2, 
            -2, 
            -2, 
            4, 
            0, 
            -2, 
            71, 
            31, 
            -2, 
            -2, 
            -2, 
            4, 
            7, 
            3, 
            -2, 
            -2, 
            49, 
            -2, 
            -2, 
            19, 
            -2, 
            -2
        ], 
        "leftChild": [
            1, 
            2, 
            3, 
            4, 
            5, 
            -1, 
            -1, 
            8, 
            -1, 
            -1, 
            11, 
            12, 
            -1, 
            -1, 
            -1, 
            16, 
            17, 
            18, 
            -1, 
            -1, 
            21, 
            -1, 
            -1, 
            24, 
            25, 
            -1, 
            -1, 
            -1, 
            29, 
            30, 
            -1, 
            32, 
            33, 
            -1, 
            -1, 
            -1, 
            37, 
            38, 
            39, 
            -1, 
            -1, 
            42, 
            -1, 
            -1, 
            45, 
            -1, 
            -1
        ], 
        "threshold": [
            3.5000000532752455, 
            264.50000112580216, 
            0.5, 
            37.715000066917526, 
            224.49999813514353, 
            -2.0, 
            -2.0, 
            259.29999730511923, 
            -2.0, 
            -2.0, 
            3.5500000100281337, 
            2.500000134944141, 
            -2.0, 
            -2.0, 
            -2.0, 
            9.500000028853943, 
            14.219999947386132, 
            100.50000001653223, 
            -2.0, 
            -2.0, 
            0.5, 
            -2.0, 
            -2.0, 
            0.5, 
            268.2000030320944, 
            -2.0, 
            -2.0, 
            -2.0, 
            160.20000042667368, 
            9.999995304716037, 
            -2.0, 
            0.5, 
            0.5, 
            -2.0, 
            -2.0, 
            -2.0, 
            271.2999965190713, 
            141.7499996218079, 
            36.569999538618895, 
            -2.0, 
            -2.0, 
            0.5, 
            -2.0, 
            -2.0, 
            0.5, 
            -2.0, 
            -2.0
        ], 
        "nSamples": [
            1881, 
            1726, 
            1626, 
            1478, 
            1242, 
            1240, 
            2, 
            236, 
            205, 
            31, 
            148, 
            120, 
            23, 
            97, 
            28, 
            100, 
            70, 
            17, 
            4, 
            13, 
            53, 
            52, 
            1, 
            30, 
            27, 
            26, 
            1, 
            3, 
            155, 
            66, 
            1, 
            65, 
            64, 
            63, 
            1, 
            1, 
            89, 
            82, 
            11, 
            7, 
            4, 
            71, 
            69, 
            2, 
            7, 
            1, 
            6
        ]
    }
}