{
    "per_feature": {
        "Fractal_Dimension_Worst": {
            "stats": {
                "std": 0.01844534486083941, 
                "p99": 0.140712, 
                "min": 0.05504, 
                "max": 0.2075, 
                "average": 0.08374908482142872, 
                "median": 0.07999500000000001
            }, 
            "missing_impute_with_value": 0.08374908482142872
        }, 
        "Concave_Points_Mean": {
            "stats": {
                "std": 0.03855906990963468, 
                "p99": 0.16565699999999983, 
                "min": 0.0, 
                "max": 0.2012, 
                "average": 0.04816003794642854, 
                "median": 0.033335000000000004
            }, 
            "missing_impute_with_value": 0.04816003794642854
        }, 
        "Symmetry_Mean": {
            "stats": {
                "std": 0.027336013195045975, 
                "p99": 0.259606, 
                "min": 0.106, 
                "max": 0.304, 
                "average": 0.18025334821428593, 
                "median": 0.17745
            }, 
            "missing_impute_with_value": 0.18025334821428593
        }, 
        "Area_Se": {
            "stats": {
                "std": 47.59468723067345, 
                "p99": 173.44499999999982, 
                "min": 7.228, 
                "max": 542.2, 
                "average": 40.25016517857148, 
                "median": 24.485
            }, 
            "missing_impute_with_value": 40.25016517857148
        }, 
        "Concave_Points_Worst": {
            "stats": {
                "std": 0.06429364970970149, 
                "p99": 0.26701399999999986, 
                "min": 0.0, 
                "max": 0.29100000000000004, 
                "average": 0.11253836830357138, 
                "median": 0.098275
            }, 
            "missing_impute_with_value": 0.11253836830357138
        }, 
        "Compactness_Worst": {
            "stats": {
                "std": 0.15444288938511708, 
                "p99": 0.8312379999999979, 
                "min": 0.02729, 
                "max": 1.058, 
                "average": 0.24956392857142878, 
                "median": 0.21145
            }, 
            "missing_impute_with_value": 0.24956392857142878
        }, 
        "Fractal_Dimension_Mean": {
            "stats": {
                "std": 0.0072187072208641425, 
                "p99": 0.08605289999999993, 
                "min": 0.049960000000000004, 
                "max": 0.09744, 
                "average": 0.06278803571428566, 
                "median": 0.0614
            }, 
            "missing_impute_with_value": 0.06278803571428566
        }, 
        "Radius_Mean": {
            "stats": {
                "std": 3.4951443187998934, 
                "p99": 24.45139999999999, 
                "min": 6.981, 
                "max": 28.11, 
                "average": 14.076024553571441, 
                "median": 13.29
            }, 
            "missing_impute_with_value": 14.076024553571441
        }, 
        "id": {
            "stats": {}
        }, 
        "Area_Worst": {
            "stats": {
                "std": 556.8408585670907, 
                "p99": 2781.919999999993, 
                "min": 185.2, 
                "max": 4254.0, 
                "average": 866.5705357142859, 
                "median": 685.6
            }, 
            "missing_impute_with_value": 866.5705357142859
        }, 
        "Radius_Worst": {
            "stats": {
                "std": 4.727111086216568, 
                "p99": 30.355099999999982, 
                "min": 7.93, 
                "max": 36.04, 
                "average": 16.16264955357143, 
                "median": 14.945
            }, 
            "missing_impute_with_value": 16.16264955357143
        }, 
        "Texture_Se": {
            "stats": {
                "std": 0.5728718915341712, 
                "p99": 3.0292899999999947, 
                "min": 0.3621, 
                "max": 4.885, 
                "average": 1.2365321428571416, 
                "median": 1.1395
            }, 
            "missing_impute_with_value": 1.2365321428571416
        }, 
        "Concavity_Se": {
            "stats": {
                "std": 0.032037133732215034, 
                "p99": 0.12399299999999977, 
                "min": 0.0, 
                "max": 0.396, 
                "average": 0.032147746874999994, 
                "median": 0.025349999999999998
            }, 
            "missing_impute_with_value": 0.032147746874999994
        }, 
        "Texture_Worst": {
            "stats": {
                "std": 6.034658278917254, 
                "p99": 40.6142, 
                "min": 12.02, 
                "max": 49.54, 
                "average": 25.592857142857138, 
                "median": 25.425
            }, 
            "missing_impute_with_value": 25.592857142857138
        }, 
        "Concave_Points_Se": {
            "stats": {
                "std": 0.006252856012041346, 
                "p99": 0.031819399999999914, 
                "min": 0.0, 
                "max": 0.05279, 
                "average": 0.01173934598214286, 
                "median": 0.010754999999999999
            }, 
            "missing_impute_with_value": 0.01173934598214286
        }, 
        "Compactness_mean": {
            "stats": {
                "std": 0.05327620498338526, 
                "p99": 0.276906, 
                "min": 0.01938, 
                "max": 0.3454, 
                "average": 0.1036979910714287, 
                "median": 0.090505
            }, 
            "missing_impute_with_value": 0.1036979910714287
        }, 
        "Fractal_Dimension": {
            "stats": {
                "std": 0.00269316212536666, 
                "p99": 0.012600299999999986, 
                "min": 0.0008948000000000001, 
                "max": 0.02984, 
                "average": 0.0038042595982142884, 
                "median": 0.0031105
            }, 
            "missing_impute_with_value": 0.0038042595982142884
        }, 
        "Area_Mean": {
            "stats": {
                "std": 351.6929478032589, 
                "p99": 1803.3999999999978, 
                "min": 143.5, 
                "max": 2501.0, 
                "average": 649.7613839285715, 
                "median": 546.2
            }, 
            "missing_impute_with_value": 649.7613839285715
        }, 
        "Concavity_Mean": {
            "stats": {
                "std": 0.08096283938262797, 
                "p99": 0.35823599999999967, 
                "min": 0.0, 
                "max": 0.4268, 
                "average": 0.08785311986607146, 
                "median": 0.05964
            }, 
            "missing_impute_with_value": 0.08785311986607146
        }, 
        "Diagnosis": {
            "stats": {}
        }, 
        "Perimeter_Mean": {
            "stats": {
                "std": 24.13861063375728, 
                "p99": 165.87099999999998, 
                "min": 43.79, 
                "max": 188.5, 
                "average": 91.61397321428576, 
                "median": 86.22
            }, 
            "missing_impute_with_value": 91.61397321428576
        }, 
        "Perimeter_Worst": {
            "stats": {
                "std": 32.95379804988237, 
                "p99": 206.42399999999998, 
                "min": 50.41, 
                "max": 251.2, 
                "average": 106.47410714285716, 
                "median": 97.62
            }, 
            "missing_impute_with_value": 106.47410714285716
        }, 
        "Texture_Mean": {
            "stats": {
                "std": 4.193779341654364, 
                "p99": 29.894799999999996, 
                "min": 9.71, 
                "max": 33.56, 
                "average": 19.216361607142858, 
                "median": 18.835
            }, 
            "missing_impute_with_value": 19.216361607142858
        }, 
        "Smothness_Se": {
            "stats": {
                "std": 0.0028673848220079614, 
                "p99": 0.015936599999999995, 
                "min": 0.001713, 
                "max": 0.02333, 
                "average": 0.007087928571428574, 
                "median": 0.006389499999999999
            }, 
            "missing_impute_with_value": 0.007087928571428574
        }, 
        "Symmetry_Se": {
            "stats": {
                "std": 0.008615571695819921, 
                "p99": 0.053667499999999896, 
                "min": 0.007882, 
                "max": 0.07895, 
                "average": 0.020627026785714292, 
                "median": 0.0187
            }, 
            "missing_impute_with_value": 0.020627026785714292
        }, 
        "Smoothness_Mean": {
            "stats": {
                "std": 0.014079250367886076, 
                "p99": 0.13540799999999992, 
                "min": 0.06251, 
                "max": 0.1634, 
                "average": 0.09624674107142865, 
                "median": 0.095115
            }, 
            "missing_impute_with_value": 0.09624674107142865
        }, 
        "Radius_Se": {
            "stats": {
                "std": 0.28731730831809676, 
                "p99": 1.29412, 
                "min": 0.1115, 
                "max": 2.873, 
                "average": 0.405299107142857, 
                "median": 0.325
            }, 
            "missing_impute_with_value": 0.405299107142857
        }, 
        "Symmetry_Worst": {
            "stats": {
                "std": 0.060848609782886476, 
                "p99": 0.487307, 
                "min": 0.1565, 
                "max": 0.6638, 
                "average": 0.28761763392857137, 
                "median": 0.2808
            }, 
            "missing_impute_with_value": 0.28761763392857137
        }, 
        "Perimeter_Se": {
            "stats": {
                "std": 2.100044857232076, 
                "p99": 9.935789999999994, 
                "min": 0.757, 
                "max": 21.98, 
                "average": 2.8572292410714284, 
                "median": 2.2825
            }, 
            "missing_impute_with_value": 2.8572292410714284
        }, 
        "Smoothness_Worst": {
            "stats": {
                "std": 0.022520748124097288, 
                "p99": 0.18782999999999997, 
                "min": 0.07117000000000001, 
                "max": 0.2184, 
                "average": 0.1322346428571428, 
                "median": 0.13155
            }, 
            "missing_impute_with_value": 0.1322346428571428
        }, 
        "Concavity_Worst": {
            "stats": {
                "std": 0.21048428518134615, 
                "p99": 0.922108999999999, 
                "min": 0.0, 
                "max": 1.252, 
                "average": 0.26933445535714273, 
                "median": 0.2248
            }, 
            "missing_impute_with_value": 0.26933445535714273
        }, 
        "Compactness_Se": {
            "stats": {
                "std": 0.017970841972948223, 
                "p99": 0.08742199999999994, 
                "min": 0.002252, 
                "max": 0.1354, 
                "average": 0.02524771205357141, 
                "median": 0.020295
            }, 
            "missing_impute_with_value": 0.02524771205357141
        }
    }, 
    "feature_order": [
        "Fractal_Dimension_Worst", 
        "Concave_Points_Mean", 
        "Symmetry_Mean", 
        "Area_Se", 
        "Concave_Points_Worst", 
        "Compactness_Worst", 
        "Fractal_Dimension_Mean", 
        "Radius_Mean", 
        "id", 
        "Area_Worst", 
        "Radius_Worst", 
        "Texture_Se", 
        "Concavity_Se", 
        "Texture_Worst", 
        "Concave_Points_Se", 
        "Compactness_mean", 
        "Fractal_Dimension", 
        "Area_Mean", 
        "Perimeter_Se", 
        "Diagnosis", 
        "Perimeter_Mean", 
        "Perimeter_Worst", 
        "Texture_Mean", 
        "Smothness_Se", 
        "Symmetry_Se", 
        "Smoothness_Mean", 
        "Radius_Se", 
        "Symmetry_Worst", 
        "Concavity_Mean", 
        "Smoothness_Worst", 
        "Concavity_Worst", 
        "Compactness_Se"
    ]
}