{
    "rawImportance": {
        "variables": [
            "Area_Mean", 
            "Area_Se", 
            "Area_Worst", 
            "Compactness_Se", 
            "Compactness_Worst", 
            "Compactness_mean", 
            "Concave_Points_Mean", 
            "Concave_Points_Se", 
            "Concave_Points_Worst", 
            "Concavity_Mean", 
            "Concavity_Se", 
            "Concavity_Worst", 
            "Fractal_Dimension", 
            "Fractal_Dimension_Mean", 
            "Fractal_Dimension_Worst", 
            "Perimeter_Mean", 
            "Perimeter_Se", 
            "Perimeter_Worst", 
            "Radius_Mean", 
            "Radius_Se", 
            "Radius_Worst", 
            "Smoothness_Mean", 
            "Smoothness_Worst", 
            "Smothness_Se", 
            "Symmetry_Mean", 
            "Symmetry_Se", 
            "Symmetry_Worst", 
            "Texture_Mean", 
            "Texture_Se", 
            "Texture_Worst"
        ], 
        "importances": [
            0.05283602925213892, 
            0.049759367775387864, 
            0.14245936707898263, 
            0.0033730519682100132, 
            0.016388389022852511, 
            0.0094218411244185105, 
            0.06501139970775828, 
            0.0045287295196916669, 
            0.073670715467228545, 
            0.049811789299083295, 
            0.011584745807000236, 
            0.050345590237944542, 
            0.0033339942100395945, 
            0.0026515860309253079, 
            0.0056246684514174045, 
            0.027817187124699997, 
            0.0079401337020429449, 
            0.1798695833871779, 
            0.031036833326093922, 
            0.012794522425343355, 
            0.12684812169718415, 
            0.0048794495741481189, 
            0.012751589303145416, 
            0.0023138508622808831, 
            0.0047964649369405411, 
            0.0049955178732832917, 
            0.012656094818014687, 
            0.013871107584268657, 
            0.0035512421445282236, 
            0.013077036287768639
        ]
    }, 
    "probaAware": true, 
    "modelInputNRows": 448, 
    "modelInputNCols": 30, 
    "modelInputMemory": 107520, 
    "modelInputIsSparse": false
}