{
  "steps": [],
  "tags": [],
  "columnsSelection": {
    "mode": "ALL"
  },
  "coloring": {
    "scheme": "MEANING_AND_STATUS",
    "individualColumns": [],
    "valueColoringMode": "HASH"
  },
  "analysisColumnData": {
    "Diagnosis": {
      "meaning": "Text"
    }
  },
  "explorationSampling": {
    "selection": {
      "samplingMethod": "HEAD_SEQUENTIAL",
      "partitionSelectionMethod": "ALL",
      "maxRecords": 10000,
      "targetRatio": 0.02
    },
    "autoRefreshSample": false,
    "_refreshTrigger": 0
  },
  "vizSampling": {
    "autoRefreshSample": false,
    "_refreshTrigger": 0
  },
  "exploreUIParams": {},
  "globalSearchQuery": "",
  "explorationFilters": [],
  "previewMode": "ALL_ROWS",
  "charts": [],
  "chartsEngine": "LINO"
}