{
    "trainingTime": 2422, 
    "state": "DONE", 
    "startTime": 1493927579145, 
    "preprocessingTime": 221, 
    "progress": {
        "top_level_todo": [], 
        "stack": [], 
        "top_level_done": [
            {
                "name": "Loading train set", 
                "time": 9
            }, 
            {
                "name": "Loading test set", 
                "time": 39
            }, 
            {
                "name": "Collecting statistics", 
                "time": 22
            }, 
            {
                "name": "Preprocessing train set", 
                "time": 56
            }, 
            {
                "name": "Preprocessing test set", 
                "time": 93
            }, 
            {
                "name": "Fitting model", 
                "time": 1876
            }, 
            {
                "name": "Saving model", 
                "time": 17
            }, 
            {
                "name": "Scoring model", 
                "time": 529
            }
        ]
    }, 
    "endTime": 1493927581788, 
    "modelId": "NA"
}