{
  "state": "DONE",
  "preSearchDescription": {
    "gridLength": 1,
    "importantParams": []
  },
  "postSearchDescription": {
    "importantParams": []
  },
  "modelId": "m1",
  "progress": {
    "top_level_todo": [],
    "stack": [],
    "top_level_done": [
      {
        "name": "Loading train set",
        "time": 2302
      },
      {
        "name": "Loading test set",
        "time": 798
      },
      {
        "name": "Collecting statistics",
        "time": 447
      },
      {
        "name": "Preprocessing train set",
        "time": 782
      },
      {
        "name": "Preprocessing test set",
        "time": 332
      },
      {
        "name": "Fitting model",
        "time": 5706
      },
      {
        "name": "Saving model",
        "time": 26
      },
      {
        "name": "Scoring model",
        "time": 1754
      }
    ]
  },
  "startTime": 1523111005157,
  "endTime": 1523111017344,
  "preprocessingTime": 4700,
  "trainingTime": 7487
}