{
    "densityData": {
        "1": {
            "incorrect": [
                0.0, 
                0.0, 
                0.0, 
                0.0, 
                0.0, 
                0.0, 
                0.0, 
                0.0, 
                0.0, 
                0.0, 
                0.0, 
                0.0, 
                0.0, 
                0.0, 
                0.0, 
                0.0, 
                2.4632206928829219e-296, 
                3.2930824855368282e-253, 
                1.7086952921498208e-213, 
                3.4411065621013399e-177, 
                2.6898298677520072e-144, 
                8.1620355651508267e-115, 
                9.6172818084864855e-89, 
                4.4036792887616671e-66, 
                7.8505303507085499e-47, 
                5.4736372734345639e-31, 
                1.508823650951487e-18, 
                1.6869858101081323e-09, 
                0.00089064125235877847, 
                1.6500369650624871, 
                21.428187038466469, 
                20.192794330580774, 
                33.569773950364159, 
                11.524399934906473, 
                12.019229805660665, 
                2.0336658363039009, 
                0.031543610694552374, 
                1.8060635911102785e-06, 
                6.1837253487992386e-14, 
                8.8390231158733366e-25, 
                4.9722289312254373e-39, 
                1.0888100117114144e-56, 
                9.2599408125037548e-78, 
                3.0569746643321715e-102, 
                3.9169610424122527e-130, 
                1.9479040898786278e-161, 
                3.7596177045855602e-196, 
                2.8162866183571155e-234, 
                8.1877935660601747e-276, 
                9.2390275772313104e-321, 
                0.0, 
                0.0, 
                0.0, 
                0.0, 
                0.0, 
                0.0, 
                0.0, 
                0.0, 
                0.0, 
                0.0, 
                0.0, 
                0.0, 
                0.0, 
                0.0, 
                0.0, 
                0.0, 
                0.0, 
                0.0, 
                0.0, 
                0.0, 
                0.0, 
                0.0, 
                0.0, 
                0.0, 
                0.0, 
                0.0, 
                0.0, 
                0.0, 
                0.0, 
                0.0, 
                0.0, 
                0.0, 
                0.0, 
                0.0, 
                0.0, 
                0.0, 
                0.0, 
                0.0, 
                0.0, 
                0.0, 
                0.0, 
                0.0, 
                0.0, 
                0.0, 
                0.0, 
                0.0, 
                0.0, 
                0.0, 
                0.0, 
                0.0
            ], 
            "incorrectMedian": 0.32374745607376099, 
            "correct": [
                0.0, 
                0.0, 
                0.0, 
                0.0, 
                0.0, 
                0.0, 
                0.0, 
                0.0, 
                0.0, 
                0.0, 
                0.0, 
                0.0, 
                0.0, 
                0.0, 
                0.0, 
                1.0477001119112216e-307, 
                1.8663659625013245e-267, 
                4.8841107542732351e-230, 
                1.8776121254262197e-195, 
                1.0603899668251177e-163, 
                8.79803653580196e-135, 
                1.072566631691998e-108, 
                1.9219437161440577e-85, 
                5.0672671891291665e-65, 
                1.9711837646411858e-47, 
                1.1398759057071559e-32, 
                9.9918459937879878e-21, 
                1.3898920626102018e-11, 
                3.3343281879651533e-05, 
                0.1517044730589521, 
                1.9667451158730347, 
                6.7389257317446765, 
                30.646193090154195, 
                17.475892860175186, 
                32.68145646537161, 
                11.757125724184878, 
                0.60780037064501125, 
                0.00053050138288581925, 
                1.6521250488192282e-09, 
                8.9956509374137278e-18, 
                7.4028204523925341e-29, 
                8.9907709821568906e-43, 
                1.6052964349532566e-59, 
                4.2111060280635227e-79, 
                1.6228325993688161e-101, 
                9.1871357075372791e-127, 
                7.640364637671436e-155, 
                9.3341625829247218e-186, 
                1.6751894103643829e-219, 
                4.4165154349065509e-256, 
                1.7104991423991856e-295, 
                0.0, 
                0.0, 
                0.0, 
                0.0, 
                0.0, 
                0.0, 
                0.0, 
                0.0, 
                0.0, 
                0.0, 
                0.0, 
                0.0, 
                0.0, 
                0.0, 
                0.0, 
                0.0, 
                0.0, 
                0.0, 
                0.0, 
                0.0, 
                0.0, 
                0.0, 
                0.0, 
                0.0, 
                0.0, 
                0.0, 
                0.0, 
                0.0, 
                0.0, 
                0.0, 
                0.0, 
                0.0, 
                0.0, 
                0.0, 
                0.0, 
                0.0, 
                0.0, 
                0.0, 
                0.0, 
                0.0, 
                0.0, 
                0.0, 
                0.0, 
                0.0, 
                0.0, 
                0.0, 
                0.0, 
                0.0, 
                0.0
            ], 
            "correctMedian": 0.33557668328285217
        }, 
        "0": {
            "incorrect": [
                0.0, 
                0.0, 
                0.0, 
                0.0, 
                0.0, 
                0.0, 
                0.0, 
                1.1201053362571994e-315, 
                2.4319756064316046e-290, 
                4.589083250876077e-266, 
                7.5263607276347007e-243, 
                1.0729039470583248e-220, 
                1.3294617311978981e-199, 
                1.4320244535223011e-179, 
                1.3409201828473085e-160, 
                1.0915651077817663e-142, 
                7.7251221380098813e-126, 
                4.7531791433469203e-110, 
                2.5427363763224608e-95, 
                1.1827043470562297e-81, 
                4.7834115367137937e-69, 
                1.6824189447325739e-57, 
                5.1469452058071123e-47, 
                1.370042403089344e-37, 
                3.1751006767272858e-29, 
                6.4136969602585108e-22, 
                1.1315606835614114e-15, 
                1.7503371892366356e-10, 
                2.3915771940532434e-06, 
                0.0029359951021607359, 
                0.34136270692860488, 
                4.6315295866717845, 
                13.057007285873794, 
                14.138031497917304, 
                14.7919947629292, 
                15.26368360120069, 
                10.897884797600753, 
                12.921562153395877, 
                9.6458986691087656, 
                2.0725298905964653, 
                1.0852649362659996, 
                0.13781437784859882, 
                0.0019631543288129599, 
                2.7152918982469454e-06, 
                3.4449914232433497e-10, 
                3.9267143992927581e-15, 
                3.9877597263177466e-21, 
                3.5930002887340985e-28, 
                2.8637627984222048e-36, 
                2.0139270878713986e-45, 
                1.2465326924715641e-55, 
                6.7748187240795799e-67, 
                3.2261981963325524e-79, 
                1.3435648562203248e-92, 
                4.8853584556301652e-107, 
                1.5488892011155743e-122, 
                4.2771692089630674e-139, 
                1.0278426881103668e-156, 
                2.1479958390292438e-175, 
                3.9016189537309172e-195, 
                6.1571744080418424e-216, 
                8.4392754339869411e-238, 
                1.0044079170092974e-260, 
                1.0378042580606775e-284, 
                9.3080647483803595e-310, 
                0.0, 
                0.0, 
                0.0, 
                0.0, 
                0.0, 
                0.0, 
                0.0, 
                0.0, 
                0.0, 
                0.0, 
                0.0, 
                0.0, 
                0.0, 
                0.0, 
                0.0, 
                0.0, 
                0.0, 
                0.0, 
                0.0, 
                0.0, 
                0.0, 
                0.0, 
                0.0, 
                0.0, 
                0.0, 
                0.0, 
                0.0, 
                0.0, 
                0.0, 
                0.0, 
                0.0, 
                0.0, 
                0.0, 
                0.0, 
                0.0
            ], 
            "incorrectMedian": 0.35014894604682922, 
            "correct": [
                0.0, 
                0.0, 
                0.0, 
                0.0, 
                0.0, 
                0.0, 
                0.0, 
                0.0, 
                0.0, 
                0.0, 
                0.0, 
                0.0, 
                1.9500080840951084e-307, 
                1.217821457772819e-276, 
                1.7693879128252675e-247, 
                5.98073751321577e-220, 
                4.7030407986439815e-194, 
                8.6038974530457893e-170, 
                3.6618837627846349e-147, 
                3.6258315784580722e-126, 
                8.352309542493237e-107, 
                4.476169843923117e-89, 
                5.5811024213974604e-73, 
                1.619113468760681e-58, 
                1.0930846483451598e-45, 
                1.7180669080447965e-34, 
                6.2940548068266461e-25, 
                5.3907268327144839e-17, 
                1.0885078722788324e-10, 
                5.305127583906753e-06, 
                0.0066737351837834495, 
                0.27200856744971436, 
                0.96705851623249195, 
                2.4919390337005813, 
                6.1073034250438605, 
                8.7735959001880079, 
                7.1690472597539658, 
                21.297839007501363, 
                22.261950230027537, 
                12.144972500671399, 
                16.221492167026483, 
                1.1212014408534952, 
                0.0022961528891817422, 
                1.1913050143645535e-07, 
                1.4959951060531778e-13, 
                4.4765083998676348e-21, 
                3.1678117228187089e-30, 
                5.2759290091769527e-41, 
                2.0610251491156189e-53, 
                1.8838793897278308e-67, 
                4.0221042499092729e-83, 
                2.0033276878921287e-100, 
                2.3258292673281555e-119, 
                6.2903299397975785e-140, 
                3.9615125352627118e-162, 
                5.8078873672066611e-186, 
                1.9818032795287568e-211, 
                1.5737291960219793e-238, 
                2.90794690919605e-267, 
                1.2502654587976398e-297, 
                0.0, 
                0.0, 
                0.0, 
                0.0, 
                0.0, 
                0.0, 
                0.0, 
                0.0, 
                0.0, 
                0.0, 
                0.0, 
                0.0, 
                0.0, 
                0.0, 
                0.0, 
                0.0, 
                0.0, 
                0.0, 
                0.0, 
                0.0, 
                0.0, 
                0.0, 
                0.0, 
                0.0, 
                0.0, 
                0.0, 
                0.0, 
                0.0, 
                0.0, 
                0.0, 
                0.0, 
                0.0, 
                0.0, 
                0.0, 
                0.0, 
                0.0, 
                0.0, 
                0.0, 
                0.0, 
                0.0
            ], 
            "correctMedian": 0.37838912010192871
        }, 
        "2": {
            "incorrect": [
                0.0, 
                0.0, 
                0.0, 
                0.0, 
                0.0, 
                0.0, 
                0.0, 
                0.0, 
                0.0, 
                0.0, 
                0.0, 
                0.0, 
                0.0, 
                0.0, 
                0.0, 
                0.0, 
                3.1323761946335031e-321, 
                2.690761864818434e-272, 
                2.006906173080638e-227, 
                1.2997175607460518e-186, 
                7.3087148464643325e-150, 
                3.5686434807377238e-117, 
                1.512987810049086e-88, 
                5.5697793548477218e-64, 
                1.7803880056133154e-43, 
                4.9425517301910793e-27, 
                1.1972421543953341e-14, 
                2.8410455959659004e-06, 
                0.26037847747451126, 
                40.788181119999443, 
                31.823496492967983, 
                12.033809948466986, 
                3.4338630658335059, 
                3.3942404794538041, 
                3.3715910245928482, 
                0.99623737890177799, 
                0.10514525504388722, 
                1.0720892900765549e-05, 
                1.5281746485658942e-13, 
                2.0904172581655455e-25, 
                2.5779496968683944e-41, 
                2.8066283223604825e-61, 
                2.6725666167124656e-85, 
                2.2167364360993744e-113, 
                1.5986760540326194e-145, 
                1.0016837210176428e-181, 
                5.4510429744473851e-222, 
                2.5759966597921062e-266, 
                1.0570634427431654e-314, 
                0.0, 
                0.0, 
                0.0, 
                0.0, 
                0.0, 
                0.0, 
                0.0, 
                0.0, 
                0.0, 
                0.0, 
                0.0, 
                0.0, 
                0.0, 
                0.0, 
                0.0, 
                0.0, 
                0.0, 
                0.0, 
                0.0, 
                0.0, 
                0.0, 
                0.0, 
                0.0, 
                0.0, 
                0.0, 
                0.0, 
                0.0, 
                0.0, 
                0.0, 
                0.0, 
                0.0, 
                0.0, 
                0.0, 
                0.0, 
                0.0, 
                0.0, 
                0.0, 
                0.0, 
                0.0, 
                0.0, 
                0.0, 
                0.0, 
                0.0, 
                0.0, 
                0.0, 
                0.0, 
                0.0, 
                0.0, 
                0.0, 
                0.0, 
                0.0
            ], 
            "incorrectMedian": 0.29760932922363281, 
            "correct": [
                0.0, 
                0.0, 
                0.0, 
                0.0, 
                0.0, 
                4.9406564584124654e-323, 
                1.8386379473463725e-297, 
                6.1304838175798783e-273, 
                1.7843948195828402e-249, 
                4.5340353411003793e-227, 
                1.005719186385065e-205, 
                1.9474519175858326e-185, 
                3.2919672145338804e-166, 
                4.8578506981110098e-148, 
                6.2579927190253974e-131, 
                7.0377342511059035e-115, 
                6.9095074177469738e-100, 
                5.9223901628199993e-86, 
                4.432227329209194e-73, 
                2.8966965780730546e-61, 
                1.6538927118827468e-50, 
                8.2562844499856477e-41, 
                3.6097183983546293e-32, 
                1.387235400022176e-24, 
                4.7228712730036704e-18, 
                1.448347359581823e-12, 
                4.1384046354623595e-08, 
                0.00011695910619166937, 
                0.035366594268764297, 
                1.2303108393997511, 
                5.9320306131028522, 
                9.4377356943666495, 
                10.652211548222553, 
                14.141792973542223, 
                23.706319247376705, 
                23.282614964217647, 
                9.8862162951194019, 
                0.68237170560744509, 
                0.0048089561846081331, 
                3.1699010351399798e-06, 
                1.905148524042242e-10, 
                1.0302813449583138e-15, 
                4.9742448028784887e-22, 
                2.134090843384769e-29, 
                8.1125192159938987e-38, 
                2.7270960030546504e-47, 
                8.0944171905670849e-58, 
                2.1185528011394664e-69, 
                4.8835394747076861e-82, 
                9.9032290562012065e-96, 
                1.7648311496109767e-110, 
                2.761141261309237e-126, 
                3.7892222524067938e-143, 
                4.5577309832542797e-161, 
                4.8016430142761487e-180, 
                4.4281389316586948e-200, 
                3.5729687514599642e-221, 
                2.521360272565755e-243, 
                1.5555705023079383e-266, 
                8.3882430856044118e-291, 
                3.9525580715019854e-316, 
                0.0, 
                0.0, 
                0.0, 
                0.0, 
                0.0, 
                0.0, 
                0.0, 
                0.0, 
                0.0, 
                0.0, 
                0.0, 
                0.0, 
                0.0, 
                0.0, 
                0.0, 
                0.0, 
                0.0, 
                0.0, 
                0.0, 
                0.0, 
                0.0, 
                0.0, 
                0.0, 
                0.0, 
                0.0, 
                0.0, 
                0.0, 
                0.0, 
                0.0, 
                0.0, 
                0.0, 
                0.0, 
                0.0, 
                0.0, 
                0.0, 
                0.0, 
                0.0, 
                0.0, 
                0.0
            ], 
            "correctMedian": 0.34316137433052063
        }
    }, 
    "confusion": {
        "totalRows": 1462, 
        "perActual": {
            "1": {
                "perPredicted": {
                    "1": 60, 
                    "0": 273, 
                    "2": 33
                }, 
                "actualClassCount": 366.0
            }, 
            "0": {
                "perPredicted": {
                    "1": 22, 
                    "0": 905, 
                    "2": 12
                }, 
                "actualClassCount": 939.0
            }, 
            "2": {
                "perPredicted": {
                    "1": 11, 
                    "0": 60, 
                    "2": 86
                }, 
                "actualClassCount": 157.0
            }
        }
    }, 
    "metrics": {
        "f1": 0.56335983839766701, 
        "recall": 0.55849879805736502, 
        "precision": 0.67755587017954655, 
        "logLoss": 1.0169825105650767, 
        "mrocAUC": 0.83601132050942406, 
        "hammingLoss": 0.2811217510259918, 
        "accuracy": 0.7188782489740082
    }, 
    "oneVsAllRocAUC": {
        "1": 0.75994051892624936, 
        "0": 0.81612186594501701, 
        "2": 0.9361959147814628
    }, 
    "classes": [
        "0", 
        "2", 
        "1"
    ], 
    "oneVsAllRocCurves": {
        "1": [
            {
                "y": 0.0027322404371584699, 
                "x": 0.0, 
                "p": 0.35947602987289429
            }, 
            {
                "y": 0.054644808743169397, 
                "x": 0.0072992700729927005, 
                "p": 0.35165324807167053
            }, 
            {
                "y": 0.10382513661202186, 
                "x": 0.012773722627737226, 
                "p": 0.34959182143211365
            }, 
            {
                "y": 0.15027322404371585, 
                "x": 0.026459854014598539, 
                "p": 0.34774059057235718
            }, 
            {
                "y": 0.18579234972677597, 
                "x": 0.049270072992700732, 
                "p": 0.34496328234672546
            }, 
            {
                "y": 0.22950819672131148, 
                "x": 0.066605839416058396, 
                "p": 0.34308189153671265
            }, 
            {
                "y": 0.33333333333333331, 
                "x": 0.08211678832116788, 
                "p": 0.342791348695755
            }, 
            {
                "y": 0.3797814207650273, 
                "x": 0.1031021897810219, 
                "p": 0.34164971113204956
            }, 
            {
                "y": 0.42076502732240439, 
                "x": 0.12135036496350365, 
                "p": 0.33965960144996643
            }, 
            {
                "y": 0.46448087431693991, 
                "x": 0.14872262773722628, 
                "p": 0.33861833810806274
            }, 
            {
                "y": 0.51912568306010931, 
                "x": 0.1760948905109489, 
                "p": 0.33557668328285217
            }, 
            {
                "y": 0.55464480874316935, 
                "x": 0.19981751824817517, 
                "p": 0.33426162600517273
            }, 
            {
                "y": 0.5901639344262295, 
                "x": 0.22627737226277372, 
                "p": 0.33118593692779541
            }, 
            {
                "y": 0.62841530054644812, 
                "x": 0.26186131386861317, 
                "p": 0.32704204320907593
            }, 
            {
                "y": 0.65027322404371579, 
                "x": 0.31204379562043794, 
                "p": 0.32458755373954773
            }, 
            {
                "y": 0.84153005464480879, 
                "x": 0.47627737226277372, 
                "p": 0.32400155067443848
            }, 
            {
                "y": 0.87431693989071035, 
                "x": 0.51003649635036497, 
                "p": 0.32324331998825073
            }, 
            {
                "y": 0.89890710382513661, 
                "x": 0.54197080291970801, 
                "p": 0.31961289048194885
            }, 
            {
                "y": 0.92896174863387981, 
                "x": 0.57755474452554745, 
                "p": 0.31847581267356873
            }, 
            {
                "y": 0.94535519125683065, 
                "x": 0.62956204379562042, 
                "p": 0.31448030471801758
            }, 
            {
                "y": 0.95901639344262291, 
                "x": 0.67700729927007297, 
                "p": 0.31308335065841675
            }, 
            {
                "y": 0.97814207650273222, 
                "x": 0.71897810218978098, 
                "p": 0.31074118614196777
            }, 
            {
                "y": 0.98087431693989069, 
                "x": 0.77463503649635035, 
                "p": 0.30792132019996643
            }, 
            {
                "y": 0.98633879781420764, 
                "x": 0.83394160583941601, 
                "p": 0.30605223774909973
            }, 
            {
                "y": 0.98907103825136611, 
                "x": 0.91423357664233573, 
                "p": 0.30181804299354553
            }, 
            {
                "y": 1.0, 
                "x": 0.99543795620437958, 
                "p": 0.30008038878440857
            }, 
            {
                "y": 1.0, 
                "x": 1.0, 
                "p": 0.29437455534934998
            }
        ], 
        "0": [
            {
                "y": 0.0, 
                "x": 0.0, 
                "p": 1.4031115472316742
            }, 
            {
                "y": 0.076677316293929709, 
                "x": 0.0019120458891013384, 
                "p": 0.40311154723167419
            }, 
            {
                "y": 0.13631522896698617, 
                "x": 0.0038240917782026767, 
                "p": 0.402110755443573
            }, 
            {
                "y": 0.18743343982960597, 
                "x": 0.011472275334608031, 
                "p": 0.39911985397338867
            }, 
            {
                "y": 0.24281150159744408, 
                "x": 0.015296367112810707, 
                "p": 0.39801311492919922
            }, 
            {
                "y": 0.29073482428115016, 
                "x": 0.024856596558317401, 
                "p": 0.38836580514907837
            }, 
            {
                "y": 0.33972310969116082, 
                "x": 0.034416826003824091, 
                "p": 0.38304775953292847
            }, 
            {
                "y": 0.39084132055378062, 
                "x": 0.042065009560229447, 
                "p": 0.38237082958221436
            }, 
            {
                "y": 0.43450479233226835, 
                "x": 0.061185468451242828, 
                "p": 0.38026717305183411
            }, 
            {
                "y": 0.62939297124600635, 
                "x": 0.19694072657743786, 
                "p": 0.37838912010192871
            }, 
            {
                "y": 0.67518636847710334, 
                "x": 0.21606118546845124, 
                "p": 0.37699681520462036
            }, 
            {
                "y": 0.71565495207667729, 
                "x": 0.24282982791586999, 
                "p": 0.37255582213401794
            }, 
            {
                "y": 0.76570820021299257, 
                "x": 0.28298279158699807, 
                "p": 0.36774221062660217
            }, 
            {
                "y": 0.79446219382321615, 
                "x": 0.34990439770554493, 
                "p": 0.36194661259651184
            }, 
            {
                "y": 0.81576144834930775, 
                "x": 0.38049713193116635, 
                "p": 0.35584056377410889
            }, 
            {
                "y": 0.84451544195953143, 
                "x": 0.4168260038240918, 
                "p": 0.35489025712013245
            }, 
            {
                "y": 0.86155484558040474, 
                "x": 0.4588910133843212, 
                "p": 0.35251033306121826
            }, 
            {
                "y": 0.89243876464323746, 
                "x": 0.5047801147227533, 
                "p": 0.35014894604682922
            }, 
            {
                "y": 0.91267305644302454, 
                "x": 0.5372848948374761, 
                "p": 0.34792309999465942
            }, 
            {
                "y": 0.92758253461128859, 
                "x": 0.57934990439770551, 
                "p": 0.34607326984405518
            }, 
            {
                "y": 0.94568690095846641, 
                "x": 0.6195028680688337, 
                "p": 0.34356123208999634
            }, 
            {
                "y": 0.95633652822151227, 
                "x": 0.66156787762906311, 
                "p": 0.3390984833240509
            }, 
            {
                "y": 0.97657082002129925, 
                "x": 0.69789674952198855, 
                "p": 0.33594080805778503
            }, 
            {
                "y": 0.98296059637912669, 
                "x": 0.74569789674952203, 
                "p": 0.33343034982681274
            }, 
            {
                "y": 0.98615548455804047, 
                "x": 0.7934990439770554, 
                "p": 0.32815498113632202
            }, 
            {
                "y": 0.98935037273695425, 
                "x": 0.85277246653919692, 
                "p": 0.32702445983886719
            }, 
            {
                "y": 0.99361022364217255, 
                "x": 0.90439770554493304, 
                "p": 0.32476499676704407
            }, 
            {
                "y": 0.99787007454739085, 
                "x": 0.9579349904397706, 
                "p": 0.31903508305549622
            }, 
            {
                "y": 1.0, 
                "x": 1.0, 
                "p": 0.31671425700187683
            }
        ], 
        "2": [
            {
                "y": 0.0, 
                "x": 0.0, 
                "p": 1.3594541847705841
            }, 
            {
                "y": 0.12101910828025478, 
                "x": 0.0015325670498084292, 
                "p": 0.35853821039199829
            }, 
            {
                "y": 0.22292993630573249, 
                "x": 0.0053639846743295016, 
                "p": 0.35606101155281067
            }, 
            {
                "y": 0.28662420382165604, 
                "x": 0.0076628352490421452, 
                "p": 0.34977895021438599
            }, 
            {
                "y": 0.40127388535031849, 
                "x": 0.016091954022988506, 
                "p": 0.34764039516448975
            }, 
            {
                "y": 0.45859872611464969, 
                "x": 0.02528735632183908, 
                "p": 0.34457805752754211
            }, 
            {
                "y": 0.52229299363057324, 
                "x": 0.033716475095785438, 
                "p": 0.34316137433052063
            }, 
            {
                "y": 0.57961783439490444, 
                "x": 0.042145593869731802, 
                "p": 0.34082520008087158
            }, 
            {
                "y": 0.62420382165605093, 
                "x": 0.049808429118773943, 
                "p": 0.33650115132331848
            }, 
            {
                "y": 0.66878980891719741, 
                "x": 0.056704980842911874, 
                "p": 0.33364126086235046
            }, 
            {
                "y": 0.72611464968152861, 
                "x": 0.07586206896551724, 
                "p": 0.32970136404037476
            }, 
            {
                "y": 0.77070063694267521, 
                "x": 0.086590038314176249, 
                "p": 0.32405507564544678
            }, 
            {
                "y": 0.80891719745222934, 
                "x": 0.10038314176245211, 
                "p": 0.3202018141746521
            }, 
            {
                "y": 0.84713375796178347, 
                "x": 0.11800766283524904, 
                "p": 0.31704524159431458
            }, 
            {
                "y": 0.87898089171974525, 
                "x": 0.14559386973180077, 
                "p": 0.31410497426986694
            }, 
            {
                "y": 0.90445859872611467, 
                "x": 0.17777777777777778, 
                "p": 0.31185334920883179
            }, 
            {
                "y": 0.92356687898089174, 
                "x": 0.21302681992337164, 
                "p": 0.30902603268623352
            }, 
            {
                "y": 0.92993630573248409, 
                "x": 0.26130268199233714, 
                "p": 0.30681693553924561
            }, 
            {
                "y": 0.96178343949044587, 
                "x": 0.31800766283524906, 
                "p": 0.30450290441513062
            }, 
            {
                "y": 0.98089171974522293, 
                "x": 0.35325670498084294, 
                "p": 0.3025379478931427
            }, 
            {
                "y": 0.99363057324840764, 
                "x": 0.39616858237547892, 
                "p": 0.30224308371543884
            }, 
            {
                "y": 1.0, 
                "x": 0.44750957854406131, 
                "p": 0.29954144358634949
            }, 
            {
                "y": 1.0, 
                "x": 0.66513409961685821, 
                "p": 0.29760932922363281
            }, 
            {
                "y": 1.0, 
                "x": 0.73103448275862071, 
                "p": 0.29680809378623962
            }, 
            {
                "y": 1.0, 
                "x": 0.80613026819923372, 
                "p": 0.29607120156288147
            }, 
            {
                "y": 1.0, 
                "x": 0.85823754789272033, 
                "p": 0.29471617937088013
            }, 
            {
                "y": 1.0, 
                "x": 0.91111111111111109, 
                "p": 0.29337260127067566
            }, 
            {
                "y": 1.0, 
                "x": 0.97318007662835249, 
                "p": 0.29222124814987183
            }, 
            {
                "y": 1.0, 
                "x": 1.0, 
                "p": 0.28837129473686218
            }
        ]
    }
}