{
  "state": "DONE",
  "preSearchDescription": {
    "gridLength": 100,
    "importantParams": [
      {
        "name": "trees",
        "val": "300"
      },
      {
        "name": "max_depth",
        "vals": [
          "1",
          "2",
          "3",
          "5",
          "10"
        ]
      }
    ]
  },
  "postSearchDescription": {
    "importantParams": [
      {
        "name": "trees",
        "val": "3"
      },
      {
        "name": "max_depth",
        "val": "3"
      }
    ]
  },
  "modelId": "m1",
  "progress": {
    "top_level_todo": [],
    "stack": [],
    "top_level_done": [
      {
        "name": "Loading train set",
        "time": 109
      },
      {
        "name": "Loading test set",
        "time": 25
      },
      {
        "name": "Collecting statistics",
        "time": 56
      },
      {
        "name": "Preprocessing train set",
        "time": 101
      },
      {
        "name": "Preprocessing test set",
        "time": 84
      },
      {
        "name": "Fitting model",
        "time": 327436
      },
      {
        "name": "Saving model",
        "time": 5
      },
      {
        "name": "Scoring model",
        "time": 150
      }
    ]
  },
  "startTime": 1493926378465,
  "endTime": 1493926706437,
  "preprocessingTime": 380,
  "trainingTime": 327592
}