{
  "state": "DONE",
  "preSearchDescription": {
    "gridLength": 1,
    "importantParams": [
      {
        "name": "max_depth",
        "vals": [
          "5"
        ]
      },
      {
        "name": "min_samples",
        "vals": [
          "1"
        ]
      },
      {
        "name": "criterion",
        "vals": [
          "gini"
        ]
      }
    ]
  },
  "postSearchDescription": {
    "importantParams": [
      {
        "name": "criterion",
        "val": "mse"
      },
      {
        "name": "max_depth",
        "val": "5"
      },
      {
        "name": "min_samples",
        "val": "1"
      }
    ]
  },
  "modelId": "m1",
  "progress": {
    "top_level_todo": [],
    "stack": [],
    "top_level_done": [
      {
        "name": "Loading train set",
        "time": 24
      },
      {
        "name": "Loading test set",
        "time": 5
      },
      {
        "name": "Collecting statistics",
        "time": 35
      },
      {
        "name": "Preprocessing train set",
        "time": 49
      },
      {
        "name": "Preprocessing test set",
        "time": 113
      },
      {
        "name": "Fitting model",
        "time": 52
      },
      {
        "name": "Saving model",
        "time": 1
      },
      {
        "name": "Scoring model",
        "time": 145
      }
    ]
  },
  "startTime": 1493653300518,
  "endTime": 1493653300945,
  "preprocessingTime": 229,
  "trainingTime": 198
}