{
    "trainingTime": 2891, 
    "state": "DONE", 
    "startTime": 1493901566894, 
    "preprocessingTime": 342, 
    "progress": {
        "top_level_todo": [], 
        "stack": [], 
        "top_level_done": [
            {
                "name": "Loading train set", 
                "time": 198
            }, 
            {
                "name": "Loading test set", 
                "time": 6
            }, 
            {
                "name": "Collecting statistics", 
                "time": 26
            }, 
            {
                "name": "Preprocessing train set", 
                "time": 78
            }, 
            {
                "name": "Preprocessing test set", 
                "time": 32
            }, 
            {
                "name": "Fitting model", 
                "time": 2220
            }, 
            {
                "name": "Saving model", 
                "time": 6
            }, 
            {
                "name": "Scoring model", 
                "time": 664
            }
        ]
    }, 
    "endTime": 1493901570127, 
    "modelId": "NA"
}