{
    "rawImportance": {
        "variables": [
            "Account_Length", 
            "CustServ_Calls", 
            "Day_Charge", 
            "Eve_Charge", 
            "Intl_Calls", 
            "Intl_Mins", 
            "Night_Mins", 
            "VMail_Message", 
            "dummy:State:VA", 
            "dummy:State:TX", 
            "dummy:State:NJ", 
            "dummy:State:CO", 
            "dummy:State:MS", 
            "dummy:Intl_Plan:yes"
        ], 
        "importances": [
            0.0057200723770484676, 
            0.15259145133738147, 
            0.30022734378406946, 
            0.11424156108026916, 
            0.11094007041024258, 
            0.080633133882131169, 
            0.048657909369971525, 
            0.054996036766472217, 
            0.0053654051909715478, 
            0.0018640231552676794, 
            0.0056511513417135751, 
            0.0055384827777771005, 
            0.0081927379244922591, 
            0.10538062060219176
        ]
    }, 
    "probaAware": true, 
    "modelInputNRows": 1881, 
    "modelInputNCols": 79, 
    "modelInputMemory": 1188792, 
    "modelInputIsSparse": false
}