{
    "trainingTime": 273, 
    "state": "DONE", 
    "startTime": 1493901568513, 
    "preprocessingTime": 117, 
    "progress": {
        "top_level_todo": [], 
        "stack": [], 
        "top_level_done": [
            {
                "name": "Loading train set", 
                "time": 21
            }, 
            {
                "name": "Loading test set", 
                "time": 6
            }, 
            {
                "name": "Collecting statistics", 
                "time": 19
            }, 
            {
                "name": "Preprocessing train set", 
                "time": 38
            }, 
            {
                "name": "Preprocessing test set", 
                "time": 31
            }, 
            {
                "name": "Fitting model", 
                "time": 14
            }, 
            {
                "name": "Saving model", 
                "time": 1
            }, 
            {
                "name": "Scoring model", 
                "time": 258
            }
        ]
    }, 
    "endTime": 1493901568903, 
    "modelId": "NA"
}