{
    "featureNames": [
        "Account_Length", 
        "CustServ_Calls", 
        "Day_Calls", 
        "Day_Charge", 
        "Day_Mins", 
        "Eve_Calls", 
        "Eve_Charge", 
        "Eve_Mins", 
        "Intl_Calls", 
        "Intl_Charge", 
        "Intl_Mins", 
        "Night_Calls", 
        "Night_Charge", 
        "Night_Mins", 
        "VMail_Message", 
        "splitter", 
        "dummy:State:WV", 
        "dummy:State:MN", 
        "dummy:State:AL", 
        "dummy:State:VA", 
        "dummy:State:NY", 
        "dummy:State:TX", 
        "dummy:State:WI", 
        "dummy:State:VT", 
        "dummy:State:WY", 
        "dummy:State:ID", 
        "dummy:State:NJ", 
        "dummy:State:NV", 
        "dummy:State:KS", 
        "dummy:State:ND", 
        "dummy:State:NM", 
        "dummy:State:OR", 
        "dummy:State:UT", 
        "dummy:State:NH", 
        "dummy:State:FL", 
        "dummy:State:CO", 
        "dummy:State:OH", 
        "dummy:State:MD", 
        "dummy:State:MI", 
        "dummy:State:RI", 
        "dummy:State:CT", 
        "dummy:State:NC", 
        "dummy:State:MA", 
        "dummy:State:MT", 
        "dummy:State:NE", 
        "dummy:State:TN", 
        "dummy:State:SC", 
        "dummy:State:ME", 
        "dummy:State:WA", 
        "dummy:State:SD", 
        "dummy:State:MS", 
        "dummy:State:GA", 
        "dummy:State:AK", 
        "dummy:State:IN", 
        "dummy:State:AZ", 
        "dummy:State:MO", 
        "dummy:State:OK", 
        "dummy:State:KY", 
        "dummy:State:AR", 
        "dummy:State:IL", 
        "dummy:State:DE", 
        "dummy:State:HI", 
        "dummy:State:LA", 
        "dummy:State:IA", 
        "dummy:State:N/A", 
        "dummy:State:__Others__", 
        "dummy:Intl_Plan:no", 
        "dummy:Intl_Plan:yes", 
        "dummy:Intl_Plan:N/A", 
        "dummy:Intl_Plan:__Others__", 
        "dummy:VMail_Plan:no", 
        "dummy:VMail_Plan:yes", 
        "dummy:VMail_Plan:N/A", 
        "dummy:VMail_Plan:__Others__", 
        "dummy:Area_Code:415", 
        "dummy:Area_Code:408", 
        "dummy:Area_Code:510", 
        "dummy:Area_Code:N/A", 
        "dummy:Area_Code:__Others__"
    ], 
    "tree": {
        "rightChild": [
            30, 
            15, 
            10, 
            7, 
            6, 
            -1, 
            -1, 
            9, 
            -1, 
            -1, 
            14, 
            13, 
            -1, 
            -1, 
            -1, 
            23, 
            20, 
            19, 
            -1, 
            -1, 
            22, 
            -1, 
            -1, 
            27, 
            26, 
            -1, 
            -1, 
            29, 
            -1, 
            -1, 
            38, 
            37, 
            36, 
            35, 
            -1, 
            -1, 
            -1, 
            -1, 
            46, 
            43, 
            42, 
            -1, 
            -1, 
            45, 
            -1, 
            -1, 
            -1
        ], 
        "impurity": [
            0.25859648557541615, 
            0.20593237376454154, 
            0.13555125060538364, 
            0.08024710344198416, 
            0.058722922096533514, 
            0.0538801718175993, 
            0.22476586888657646, 
            0.22447212917309645, 
            0.08039512934617832, 
            0.375, 
            0.4793939736559444, 
            0.3550295857988166, 
            0.0, 
            0.0, 
            0.0, 
            0.49489847974696455, 
            0.4857171196191232, 
            0.30055401662049863, 
            0.12070759625390215, 
            0.40816326530612246, 
            0.39349112426035504, 
            0.1527777777777778, 
            0.3012759924385633, 
            0.19132653061224492, 
            0.07679999999999998, 
            0.03998334027488548, 
            0.0, 
            0.4444444444444444, 
            0.0, 
            0.0, 
            0.4985123966942149, 
            0.1171875, 
            0.09070294784580502, 
            0.06243496357960454, 
            0.0, 
            0.03224939532383764, 
            0.0, 
            0.0, 
            0.39172630134300557, 
            0.35329861111111116, 
            0.4444444444444444, 
            0.0, 
            0.0, 
            0.3001717532038578, 
            0.2751557093425605, 
            0.0, 
            0.0
        ], 
        "probas": [
            [
                0.84742158426368952, 
                0.15257841573631048
            ], 
            [
                0.8834498834498834, 
                0.11655011655011654
            ], 
            [
                0.9268774703557312, 
                0.073122529644268769
            ], 
            [
                0.95812274368231043, 
                0.041877256317689529
            ], 
            [
                0.969721767594108, 
                0.030278232405891982
            ], 
            [
                0.97229219143576828, 
                0.027707808564231738
            ], 
            [
                0.87096774193548387, 
                0.12903225806451613
            ], 
            [
                0.87116564417177911, 
                0.12883435582822086
            ], 
            [
                0.95804195804195802, 
                0.04195804195804196
            ], 
            [
                0.25, 
                0.75
            ], 
            [
                0.60150375939849621, 
                0.39849624060150374
            ], 
            [
                0.76923076923076927, 
                0.23076923076923078
            ], 
            [
                0.0, 
                1.0
            ], 
            [
                1.0, 
                0.0
            ], 
            [
                0.0, 
                1.0
            ], 
            [
                0.5505050505050505, 
                0.4494949494949495
            ], 
            [
                0.41549295774647887, 
                0.58450704225352113
            ], 
            [
                0.81578947368421051, 
                0.18421052631578946
            ], 
            [
                0.93548387096774188, 
                0.064516129032258063
            ], 
            [
                0.2857142857142857, 
                0.7142857142857143
            ], 
            [
                0.26923076923076922, 
                0.73076923076923073
            ], 
            [
                0.91666666666666663, 
                0.083333333333333329
            ], 
            [
                0.18478260869565216, 
                0.81521739130434778
            ], 
            [
                0.8928571428571429, 
                0.10714285714285714
            ], 
            [
                0.95999999999999996, 
                0.040000000000000001
            ], 
            [
                0.97959183673469385, 
                0.020408163265306121
            ], 
            [
                0.0, 
                1.0
            ], 
            [
                0.33333333333333331, 
                0.66666666666666663
            ], 
            [
                1.0, 
                0.0
            ], 
            [
                0.0, 
                1.0
            ], 
            [
                0.47272727272727272, 
                0.52727272727272723
            ], 
            [
                0.0625, 
                0.9375
            ], 
            [
                0.047619047619047616, 
                0.95238095238095233
            ], 
            [
                0.032258064516129031, 
                0.967741935483871
            ], 
            [
                1.0, 
                0.0
            ], 
            [
                0.016393442622950821, 
                0.98360655737704916
            ], 
            [
                1.0, 
                0.0
            ], 
            [
                1.0, 
                0.0
            ], 
            [
                0.73267326732673266, 
                0.26732673267326734
            ], 
            [
                0.77083333333333337, 
                0.22916666666666666
            ], 
            [
                0.33333333333333331, 
                0.66666666666666663
            ], 
            [
                0.0, 
                1.0
            ], 
            [
                1.0, 
                0.0
            ], 
            [
                0.81609195402298851, 
                0.18390804597701149
            ], 
            [
                0.83529411764705885, 
                0.16470588235294117
            ], 
            [
                0.0, 
                1.0
            ], 
            [
                0.0, 
                1.0
            ]
        ], 
        "feature": [
            1, 
            3, 
            67, 
            3, 
            21, 
            -2, 
            -2, 
            6, 
            -2, 
            -2, 
            10, 
            8, 
            -2, 
            -2, 
            -2, 
            14, 
            6, 
            13, 
            -2, 
            -2, 
            13, 
            -2, 
            -2, 
            67, 
            26, 
            -2, 
            -2, 
            3, 
            -2, 
            -2, 
            3, 
            19, 
            35, 
            0, 
            -2, 
            -2, 
            -2, 
            -2, 
            3, 
            6, 
            3, 
            -2, 
            -2, 
            50, 
            -2, 
            -2, 
            -2
        ], 
        "leftChild": [
            1, 
            2, 
            3, 
            4, 
            5, 
            -1, 
            -1, 
            8, 
            -1, 
            -1, 
            11, 
            12, 
            -1, 
            -1, 
            -1, 
            16, 
            17, 
            18, 
            -1, 
            -1, 
            21, 
            -1, 
            -1, 
            24, 
            25, 
            -1, 
            -1, 
            28, 
            -1, 
            -1, 
            31, 
            32, 
            33, 
            34, 
            -1, 
            -1, 
            -1, 
            -1, 
            39, 
            40, 
            41, 
            -1, 
            -1, 
            44, 
            -1, 
            -1, 
            -1
        ], 
        "threshold": [
            3.4999999709789282, 
            41.665000348007425, 
            0.5, 
            37.71499997294477, 
            0.5, 
            -2.0, 
            -2.0, 
            22.725000113818258, 
            -2.0, 
            -2.0, 
            13.1500001199969, 
            2.49999998700815, 
            -2.0, 
            -2.0, 
            -2.0, 
            6.499999758324309, 
            14.610000019329426, 
            237.54999860253307, 
            -2.0, 
            -2.0, 
            144.3000027387206, 
            -2.0, 
            -2.0, 
            0.5, 
            0.5, 
            -2.0, 
            -2.0, 
            44.14999965998193, 
            -2.0, 
            -2.0, 
            27.23499989544237, 
            0.5, 
            0.5, 
            10.000002692436723, 
            -2.0, 
            -2.0, 
            -2.0, 
            -2.0, 
            48.49999995247532, 
            12.069999955549706, 
            35.574999714434945, 
            -2.0, 
            -2.0, 
            0.5, 
            -2.0, 
            -2.0, 
            -2.0
        ], 
        "nSamples": [
            1881, 
            1716, 
            1518, 
            1385, 
            1222, 
            1191, 
            31, 
            163, 
            143, 
            20, 
            133, 
            104, 
            24, 
            80, 
            29, 
            198, 
            142, 
            38, 
            31, 
            7, 
            104, 
            12, 
            92, 
            56, 
            50, 
            49, 
            1, 
            6, 
            2, 
            4, 
            165, 
            64, 
            63, 
            62, 
            1, 
            61, 
            1, 
            1, 
            101, 
            96, 
            9, 
            6, 
            3, 
            87, 
            85, 
            2, 
            5
        ]
    }
}