{
  "inputDatasetSmartName": "train_joined_joined",
  "script": {
    "steps": [
      {
        "type": "ColumnsSelector",
        "params": {
          "keep": false,
          "appliesTo": "COLUMNS",
          "columns": [
            "event_type",
            "log_feature",
            "volume",
            "resource_type",
            "severity_type"
          ]
        },
        "metaType": "PROCESSOR",
        "preview": false,
        "disabled": false,
        "alwaysShowComment": false
      }
    ],
    "tags": [],
    "columnsSelection": {
      "mode": "ALL"
    },
    "coloring": {
      "scheme": "MEANING_AND_STATUS",
      "individualColumns": [],
      "valueColoringMode": "HASH"
    },
    "analysisColumnData": {},
    "explorationSampling": {
      "selection": {
        "samplingMethod": "HEAD_SEQUENTIAL",
        "partitionSelectionMethod": "ALL",
        "maxRecords": 10000,
        "targetRatio": 0.02
      },
      "autoRefreshSample": false,
      "_refreshTrigger": 0
    },
    "vizSampling": {
      "autoRefreshSample": false,
      "_refreshTrigger": 0
    },
    "exploreUIParams": {
      "autoRefresh": true
    },
    "globalSearchQuery": "",
    "explorationFilters": [],
    "previewMode": "ALL_ROWS",
    "charts": [],
    "chartsEngine": "LINO"
  },
  "versionTag": {
    "versionNumber": 1,
    "lastModifiedBy": {
      "login": "admin",
      "displayName": "Nandish Balaraju"
    },
    "lastModifiedOn": 1493403744786
  },
  "creationTag": {
    "versionNumber": 0,
    "lastModifiedBy": {
      "login": "admin",
      "displayName": "Nandish Balaraju"
    },
    "lastModifiedOn": 1493403722043
  },
  "name": "Analyze train_joined_joined",
  "tags": [],
  "checklists": {
    "checklists": []
  }
}