{
    "liftVizData": {
        "wizard": {
            "positives": 39, 
            "total": 121
        }, 
        "bins": [
            {
                "cum_lift": 1.0, 
                "bin_pos_prop": 0.7358490566, 
                "bin_min": 0.0119047619, 
                "percentile_idx": 0, 
                "cum_size": 0.4380165289, 
                "bin_lift": 2.2830188679, 
                "bin_max": 1.0
            }, 
            {
                "cum_lift": 1.0, 
                "bin_pos_prop": 0.0, 
                "bin_min": 0.0, 
                "percentile_idx": 1, 
                "cum_size": 1.0, 
                "bin_lift": 0.0, 
                "bin_max": 0.0119047619
            }
        ]
    }, 
    "usedThreshold": 0.125, 
    "probaPercentiles": [
        0.0, 
        0.0, 
        0.0, 
        0.0, 
        0.0, 
        0.0, 
        0.0, 
        0.0, 
        0.0, 
        0.0, 
        0.0, 
        0.0, 
        0.0, 
        0.0, 
        0.0, 
        0.0, 
        0.0, 
        0.0, 
        0.0, 
        0.0, 
        0.0, 
        0.0, 
        0.0, 
        0.0, 
        0.0, 
        0.0, 
        0.0, 
        0.0, 
        0.0, 
        0.0, 
        0.0, 
        0.0, 
        0.0, 
        0.0, 
        0.0, 
        0.0, 
        0.0, 
        0.0, 
        0.0, 
        0.0, 
        0.0, 
        0.0, 
        0.0, 
        0.0, 
        0.0, 
        0.0, 
        0.0, 
        0.0, 
        0.0, 
        0.011904761904761904, 
        0.011904761904761904, 
        0.011904761904761904, 
        0.011904761904761904, 
        0.011904761904761904, 
        0.011904761904761904, 
        0.014285714285714318, 
        0.023809523809523808, 
        0.023809523809523808, 
        0.023809523809523808, 
        0.03571428571428571, 
        0.03571428571428571, 
        0.03782301970707771, 
        0.04220758603360828, 
        0.04669961734693876, 
        0.05952380952380952, 
        0.061904761904761935, 
        0.08863732993197303, 
        0.5743516156462649, 
        0.8999999999999999, 
        0.9404761904761905, 
        0.9523809523809523, 
        0.9571428571428571, 
        0.9642857142857143, 
        0.9738095238095238, 
        0.9789009353741497, 
        0.9860315869834908, 
        0.9868570474281897, 
        0.9880952380952381, 
        0.9880952380952381, 
        0.9979363488882527, 
        1.0, 
        1.0, 
        1.0, 
        1.0, 
        1.0, 
        1.0, 
        1.0, 
        1.0, 
        1.0, 
        1.0, 
        1.0, 
        1.0, 
        1.0, 
        1.0, 
        1.0, 
        1.0, 
        1.0, 
        1.0, 
        1.0
    ], 
    "rocVizData": [
        [
            {
                "y": 0.61538461538461542, 
                "x": 0.0, 
                "p": 1.0
            }, 
            {
                "y": 0.71794871794871795, 
                "x": 0.0, 
                "p": 0.98809523809523814
            }, 
            {
                "y": 0.76923076923076927, 
                "x": 0.0, 
                "p": 0.9860315869834908
            }, 
            {
                "y": 0.82051282051282048, 
                "x": 0.0, 
                "p": 0.97619047619047616
            }, 
            {
                "y": 0.92307692307692313, 
                "x": 0.0, 
                "p": 0.95238095238095233
            }, 
            {
                "y": 1.0, 
                "x": 0.0, 
                "p": 0.88095238095238093
            }, 
            {
                "y": 1.0, 
                "x": 0.085365853658536592, 
                "p": 0.040986120696265629
            }, 
            {
                "y": 1.0, 
                "x": 0.17073170731707318, 
                "p": 0.023809523809523808
            }, 
            {
                "y": 1.0, 
                "x": 0.26829268292682928, 
                "p": 0.011904761904761904
            }, 
            {
                "y": 1.0, 
                "x": 1.0, 
                "p": 0.0
            }
        ]
    ], 
    "metrics": {}, 
    "densityData": {
        "1": {
            "incorrect": [
                35.585532417904254, 
                22.127516387363524, 
                7.488243860694754, 
                4.157110496809584, 
                3.4294795499054236, 
                2.3189622567610613, 
                1.696942459989961, 
                1.0696162628686672, 
                0.36718760575803566, 
                0.05957346039682007, 
                0.16949459952083706, 
                0.5226604811758666, 
                0.4145881914438463, 
                0.08379820143927057, 
                0.0043157950887065975, 
                5.663634898750113e-05, 
                1.893816933573868e-07, 
                1.6135746243536885e-10, 
                3.5030668801820366e-14, 
                1.9378319676526904e-18, 
                2.731442840760194e-23, 
                9.810167689889639e-29, 
                8.977782069932428e-35, 
                2.0934857086273377e-41, 
                1.2438822072020493e-48, 
                1.8832016427088837e-56, 
                7.264784008064139e-65, 
                7.140964968979479e-74, 
                1.7885431080401714e-83, 
                1.1414325031400462e-93, 
                1.856134196245026e-104, 
                7.690893939747107e-116, 
                8.119935626728654e-128, 
                2.1844226135852515e-140, 
                1.497369748991855e-153, 
                2.6153496566917048e-167, 
                1.1639619355000926e-181, 
                1.319945835008207e-196, 
                3.814009368722922e-212, 
                2.8081203362687474e-228, 
                5.268148244518243e-245, 
                2.5183064265115786e-262, 
                3.067379238393962e-280, 
                9.51995043525504e-299, 
                7.528533e-318, 
                0.0, 
                0.0, 
                0.0, 
                0.0, 
                0.0, 
                0.0, 
                0.0, 
                0.0, 
                0.0, 
                0.0, 
                0.0, 
                0.0, 
                0.0, 
                0.0, 
                0.0, 
                0.0, 
                0.0, 
                0.0, 
                0.0, 
                0.0, 
                0.0, 
                0.0, 
                0.0, 
                0.0, 
                0.0, 
                0.0, 
                0.0, 
                0.0, 
                0.0, 
                0.0, 
                0.0, 
                0.0, 
                0.0, 
                0.0, 
                0.0, 
                0.0, 
                0.0, 
                0.0, 
                0.0, 
                0.0, 
                0.0, 
                0.0, 
                0.0, 
                0.0, 
                0.0, 
                0.0, 
                0.0, 
                0.0, 
                0.0, 
                0.0, 
                0.0, 
                0.0, 
                0.0, 
                0.0, 
                0.0
            ], 
            "incorrectMedian": 0.0, 
            "correct": [
                0.0, 
                0.0, 
                0.0, 
                0.0, 
                0.0, 
                0.0, 
                0.0, 
                0.0, 
                0.0, 
                0.0, 
                0.0, 
                0.0, 
                0.0, 
                0.0, 
                0.0, 
                0.0, 
                0.0, 
                0.0, 
                0.0, 
                0.0, 
                0.0, 
                0.0, 
                0.0, 
                0.0, 
                0.0, 
                0.0, 
                0.0, 
                0.0, 
                0.0, 
                0.0, 
                0.0, 
                0.0, 
                0.0, 
                0.0, 
                0.0, 
                0.0, 
                1.14580257265e-313, 
                1.4316030312915625e-301, 
                1.0327820804166336e-289, 
                4.3019766325234267e-278, 
                1.0346671686101775e-266, 
                1.4368338750991742e-255, 
                1.1520881689545304e-244, 
                5.333817396489938e-234, 
                1.4258171646865799e-223, 
                2.200709925660955e-213, 
                1.961259382287617e-203, 
                1.0092076515369636e-193, 
                2.9984672059706166e-184, 
                5.143886064741593e-175, 
                5.095146153203205e-166, 
                2.91403806295099e-157, 
                9.622924150622806e-149, 
                1.834814541848969e-140, 
                2.0199962013291152e-132, 
                1.2840507841955706e-124, 
                4.7128879724512294e-117, 
                9.987695676475907e-110, 
                1.2221281678083626e-102, 
                8.634585121489722e-96, 
                3.522406427711491e-89, 
                8.296801945659482e-83, 
                1.1283796616281968e-76, 
                8.860802255641586e-71, 
                4.017576064667939e-65, 
                1.0517885526923719e-59, 
                1.58988620091936e-54, 
                1.3876403141418815e-49, 
                6.992960025233825e-45, 
                2.034784642184311e-40, 
                3.41860658576971e-36, 
                3.3162943213303705e-32, 
                1.8575062260410965e-28, 
                6.007319878082641e-25, 
                1.1217717735928892e-21, 
                1.2094879145383025e-18, 
                7.529599062691554e-16, 
                2.706546719242243e-13, 
                5.61736703783784e-11, 
                6.731696721333694e-09, 
                4.6579403640491284e-07, 
                1.8610264059140388e-05, 
                0.0004293808353339706, 
                0.005722930687018489, 
                0.044120594313590396, 
                0.19767012543629636, 
                0.5232180312019369, 
                0.8632460164830519, 
                1.0150208629318704, 
                1.0068060753380212, 
                0.8657461406479819, 
                0.7488038083623494, 
                1.102594029669617, 
                2.0544755523115534, 
                3.192910145922984, 
                4.35192073309496, 
                6.64617951827925, 
                12.006479613087329, 
                19.277651690553355, 
                21.621067640600145
            ], 
            "correctMedian": 1.0
        }, 
        "0": {
            "incorrect": [
                21.621067640600145, 
                19.27765169055332, 
                12.006479613087265, 
                6.646179518279237, 
                4.351920733094947, 
                3.1929101459229696, 
                2.0544755523115423, 
                1.1025940296696057, 
                0.7488038083623474, 
                0.8657461406479834, 
                1.006806075338023, 
                1.0150208629318704, 
                0.8632460164830488, 
                0.5232180312019333, 
                0.19767012543629287, 
                0.04412059431358985, 
                0.005722930687018317, 
                0.00042938083533394696, 
                1.861026405913966e-05, 
                4.657940364048814e-07, 
                6.731696721333312e-09, 
                5.617367037837381e-11, 
                2.706546719242089e-13, 
                7.529599062690806e-16, 
                1.2094879145381392e-18, 
                1.1217717735927697e-21, 
                6.007319878081703e-25, 
                1.8575062260408588e-28, 
                3.316294321329758e-32, 
                3.4186065857689815e-36, 
                2.034784642183993e-40, 
                6.992960025232036e-45, 
                1.3876403141416053e-49, 
                1.5898862009189083e-54, 
                1.0517885526921327e-59, 
                4.0175760646666835e-65, 
                8.860802255638563e-71, 
                1.128379661627844e-76, 
                8.296801945656653e-83, 
                3.52240642771029e-89, 
                8.634585121486532e-96, 
                1.222128167807911e-102, 
                9.987695676471932e-110, 
                4.712887972449086e-117, 
                1.2840507841949137e-124, 
                2.0199962013279668e-132, 
                1.834814541847926e-140, 
                9.622924150617336e-149, 
                2.9140380629494986e-157, 
                5.095146153200309e-166, 
                5.143886064738669e-175, 
                2.9984672059685713e-184, 
                1.0092076515361605e-193, 
                1.9612593822863906e-203, 
                2.2007099256592036e-213, 
                1.4258171646856074e-223, 
                5.333817396485693e-234, 
                1.1520881689537444e-244, 
                1.4368338750980307e-255, 
                1.0346671686092365e-266, 
                4.3019766325200033e-278, 
                1.0327820804156942e-289, 
                1.4316030312905859e-301, 
                1.14580257265e-313, 
                0.0, 
                0.0, 
                0.0, 
                0.0, 
                0.0, 
                0.0, 
                0.0, 
                0.0, 
                0.0, 
                0.0, 
                0.0, 
                0.0, 
                0.0, 
                0.0, 
                0.0, 
                0.0, 
                0.0, 
                0.0, 
                0.0, 
                0.0, 
                0.0, 
                0.0, 
                0.0, 
                0.0, 
                0.0, 
                0.0, 
                0.0, 
                0.0, 
                0.0, 
                0.0, 
                0.0, 
                0.0, 
                0.0, 
                0.0, 
                0.0, 
                0.0
            ], 
            "incorrectMedian": 0.0, 
            "correct": [
                0.0, 
                0.0, 
                0.0, 
                0.0, 
                0.0, 
                0.0, 
                0.0, 
                0.0, 
                0.0, 
                0.0, 
                0.0, 
                0.0, 
                0.0, 
                0.0, 
                0.0, 
                0.0, 
                0.0, 
                0.0, 
                0.0, 
                0.0, 
                0.0, 
                0.0, 
                0.0, 
                0.0, 
                0.0, 
                0.0, 
                0.0, 
                0.0, 
                0.0, 
                0.0, 
                0.0, 
                0.0, 
                0.0, 
                0.0, 
                0.0, 
                0.0, 
                0.0, 
                0.0, 
                0.0, 
                0.0, 
                0.0, 
                0.0, 
                0.0, 
                0.0, 
                0.0, 
                0.0, 
                0.0, 
                0.0, 
                0.0, 
                0.0, 
                0.0, 
                0.0, 
                0.0, 
                0.0, 
                0.0, 
                7.528533e-318, 
                9.519950435257205e-299, 
                3.0673792383932647e-280, 
                2.518306426511006e-262, 
                5.26814824452004e-245, 
                2.808120336268109e-228, 
                3.8140093687240063e-212, 
                1.3199458350079818e-196, 
                1.1639619355002249e-181, 
                2.615349656692002e-167, 
                1.49736974899177e-153, 
                2.1844226135855e-140, 
                8.119935626728654e-128, 
                7.690893939747982e-116, 
                1.8561341962449735e-104, 
                1.1414325031401758e-93, 
                1.7885431080404256e-83, 
                7.140964968979479e-74, 
                7.264784008064966e-65, 
                1.8832016427088837e-56, 
                1.243882207202173e-48, 
                2.0934857086274565e-41, 
                8.977782069932172e-35, 
                9.810167689890057e-29, 
                2.731442840760252e-23, 
                1.937831967652828e-18, 
                3.503066880182074e-14, 
                1.6135746243538147e-10, 
                1.8938169335739218e-07, 
                5.663634898750093e-05, 
                0.004315795088706721, 
                0.08379820143927101, 
                0.4145881914438494, 
                0.5226604811758655, 
                0.16949459952083368, 
                0.059573460396820495, 
                0.36718760575803716, 
                1.0696162628686767, 
                1.696942459989967, 
                2.318962256761072, 
                3.4294795499054325, 
                4.157110496809591, 
                7.488243860694794, 
                22.12751638736358, 
                35.58553241790432
            ], 
            "correctMedian": 1.0
        }
    }, 
    "perCutData": {
        "fp": [
            22, 
            10, 
            4, 
            1, 
            1, 
            0, 
            0, 
            0, 
            0, 
            0, 
            0, 
            0, 
            0, 
            0, 
            0, 
            0, 
            0, 
            0, 
            0, 
            0, 
            0, 
            0, 
            0, 
            0, 
            0, 
            0, 
            0, 
            0, 
            0, 
            0, 
            0, 
            0, 
            0, 
            0, 
            0, 
            0, 
            0, 
            0, 
            0, 
            0
        ], 
        "f1": [
            0.78000000000000003, 
            0.88636363636363635, 
            0.95121951219512202, 
            0.98734177215189867, 
            0.98734177215189867, 
            1.0, 
            1.0, 
            1.0, 
            1.0, 
            1.0, 
            1.0, 
            1.0, 
            1.0, 
            1.0, 
            1.0, 
            1.0, 
            1.0, 
            1.0, 
            1.0, 
            1.0, 
            1.0, 
            1.0, 
            1.0, 
            1.0, 
            1.0, 
            1.0, 
            1.0, 
            1.0, 
            1.0, 
            1.0, 
            1.0, 
            1.0, 
            1.0, 
            1.0, 
            1.0, 
            1.0, 
            0.9870129870129869, 
            0.97368421052631582, 
            0.96000000000000008, 
            0.90140845070422537
        ], 
        "mcc": [
            0.68396847504110814, 
            0.8359755689114482, 
            0.92883474104760633, 
            0.98138155479791034, 
            0.98138155479791034, 
            1.0, 
            1.0, 
            1.0, 
            1.0, 
            1.0, 
            1.0, 
            1.0, 
            1.0, 
            1.0, 
            1.0, 
            1.0, 
            1.0, 
            1.0, 
            1.0, 
            1.0, 
            1.0, 
            1.0, 
            1.0, 
            1.0, 
            1.0, 
            1.0, 
            1.0, 
            1.0, 
            1.0, 
            1.0, 
            1.0, 
            1.0, 
            1.0, 
            1.0, 
            1.0, 
            1.0, 
            0.98113185128588276, 
            0.96235618464756878, 
            0.9436618767103816, 
            0.86947001345228148
        ], 
        "precision": [
            0.63934426229508201, 
            0.79591836734693877, 
            0.90697674418604646, 
            0.97499999999999998, 
            0.97499999999999998, 
            1.0, 
            1.0, 
            1.0, 
            1.0, 
            1.0, 
            1.0, 
            1.0, 
            1.0, 
            1.0, 
            1.0, 
            1.0, 
            1.0, 
            1.0, 
            1.0, 
            1.0, 
            1.0, 
            1.0, 
            1.0, 
            1.0, 
            1.0, 
            1.0, 
            1.0, 
            1.0, 
            1.0, 
            1.0, 
            1.0, 
            1.0, 
            1.0, 
            1.0, 
            1.0, 
            1.0, 
            1.0, 
            1.0, 
            1.0, 
            1.0
        ], 
        "hammingLoss": [
            0.18181818181818182, 
            0.082644628099173556, 
            0.033057851239669422, 
            0.0082644628099173556, 
            0.0082644628099173556, 
            0.0, 
            0.0, 
            0.0, 
            0.0, 
            0.0, 
            0.0, 
            0.0, 
            0.0, 
            0.0, 
            0.0, 
            0.0, 
            0.0, 
            0.0, 
            0.0, 
            0.0, 
            0.0, 
            0.0, 
            0.0, 
            0.0, 
            0.0, 
            0.0, 
            0.0, 
            0.0, 
            0.0, 
            0.0, 
            0.0, 
            0.0, 
            0.0, 
            0.0, 
            0.0, 
            0.0, 
            0.0082644628099173556, 
            0.016528925619834711, 
            0.024793388429752067, 
            0.057851239669421489
        ], 
        "fn": [
            0, 
            0, 
            0, 
            0, 
            0, 
            0, 
            0, 
            0, 
            0, 
            0, 
            0, 
            0, 
            0, 
            0, 
            0, 
            0, 
            0, 
            0, 
            0, 
            0, 
            0, 
            0, 
            0, 
            0, 
            0, 
            0, 
            0, 
            0, 
            0, 
            0, 
            0, 
            0, 
            0, 
            0, 
            0, 
            0, 
            1, 
            2, 
            3, 
            7
        ], 
        "cut": [
            0.0, 
            0.025000000000000001, 
            0.050000000000000003, 
            0.075000000000000011, 
            0.10000000000000001, 
            0.125, 
            0.15000000000000002, 
            0.17500000000000002, 
            0.20000000000000001, 
            0.22500000000000001, 
            0.25, 
            0.27500000000000002, 
            0.30000000000000004, 
            0.32500000000000001, 
            0.35000000000000003, 
            0.375, 
            0.40000000000000002, 
            0.42500000000000004, 
            0.45000000000000001, 
            0.47500000000000003, 
            0.5, 
            0.52500000000000002, 
            0.55000000000000004, 
            0.57500000000000007, 
            0.60000000000000009, 
            0.625, 
            0.65000000000000002, 
            0.67500000000000004, 
            0.70000000000000007, 
            0.72500000000000009, 
            0.75, 
            0.77500000000000002, 
            0.80000000000000004, 
            0.82500000000000007, 
            0.85000000000000009, 
            0.875, 
            0.90000000000000002, 
            0.92500000000000004, 
            0.95000000000000007, 
            0.97500000000000009
        ], 
        "recall": [
            1.0, 
            1.0, 
            1.0, 
            1.0, 
            1.0, 
            1.0, 
            1.0, 
            1.0, 
            1.0, 
            1.0, 
            1.0, 
            1.0, 
            1.0, 
            1.0, 
            1.0, 
            1.0, 
            1.0, 
            1.0, 
            1.0, 
            1.0, 
            1.0, 
            1.0, 
            1.0, 
            1.0, 
            1.0, 
            1.0, 
            1.0, 
            1.0, 
            1.0, 
            1.0, 
            1.0, 
            1.0, 
            1.0, 
            1.0, 
            1.0, 
            1.0, 
            0.97435897435897434, 
            0.94871794871794868, 
            0.92307692307692313, 
            0.82051282051282048
        ], 
        "tp": [
            39, 
            39, 
            39, 
            39, 
            39, 
            39, 
            39, 
            39, 
            39, 
            39, 
            39, 
            39, 
            39, 
            39, 
            39, 
            39, 
            39, 
            39, 
            39, 
            39, 
            39, 
            39, 
            39, 
            39, 
            39, 
            39, 
            39, 
            39, 
            39, 
            39, 
            39, 
            39, 
            39, 
            39, 
            39, 
            39, 
            38, 
            37, 
            36, 
            32
        ], 
        "tn": [
            60, 
            72, 
            78, 
            81, 
            81, 
            82, 
            82, 
            82, 
            82, 
            82, 
            82, 
            82, 
            82, 
            82, 
            82, 
            82, 
            82, 
            82, 
            82, 
            82, 
            82, 
            82, 
            82, 
            82, 
            82, 
            82, 
            82, 
            82, 
            82, 
            82, 
            82, 
            82, 
            82, 
            82, 
            82, 
            82, 
            82, 
            82, 
            82, 
            82
        ], 
        "accuracy": [
            0.81818181818181823, 
            0.9173553719008265, 
            0.96694214876033058, 
            0.99173553719008267, 
            0.99173553719008267, 
            1.0, 
            1.0, 
            1.0, 
            1.0, 
            1.0, 
            1.0, 
            1.0, 
            1.0, 
            1.0, 
            1.0, 
            1.0, 
            1.0, 
            1.0, 
            1.0, 
            1.0, 
            1.0, 
            1.0, 
            1.0, 
            1.0, 
            1.0, 
            1.0, 
            1.0, 
            1.0, 
            1.0, 
            1.0, 
            1.0, 
            1.0, 
            1.0, 
            1.0, 
            1.0, 
            1.0, 
            0.99173553719008267, 
            0.98347107438016534, 
            0.97520661157024791, 
            0.94214876033057848
        ]
    }, 
    "optimalThreshold": 0.125, 
    "tiMetrics": {
        "logLoss": 0.01094529196077147, 
        "auc": 1.0, 
        "lift": 2.5208333333333335
    }
}