{
    "trainingTime": 2399, 
    "state": "DONE", 
    "startTime": 1493919760927, 
    "preprocessingTime": 117, 
    "progress": {
        "top_level_todo": [], 
        "stack": [], 
        "top_level_done": [
            {
                "name": "Loading train set", 
                "time": 9
            }, 
            {
                "name": "Loading test set", 
                "time": 21
            }, 
            {
                "name": "Collecting statistics", 
                "time": 34
            }, 
            {
                "name": "Preprocessing train set", 
                "time": 32
            }, 
            {
                "name": "Preprocessing test set", 
                "time": 19
            }, 
            {
                "name": "Fitting model", 
                "time": 1838
            }, 
            {
                "name": "Saving model", 
                "time": 74
            }, 
            {
                "name": "Scoring model", 
                "time": 486
            }
        ]
    }, 
    "endTime": 1493919763443, 
    "modelId": "NA"
}