{
    "details": {
        "resource_types": {
            "levels": [
                "resource_type 8", 
                "resource_type 2", 
                "resource_type 8, resource_type 2", 
                "resource_type 2, resource_type 8", 
                "resource_type 6, resource_type 8", 
                "resource_type 8, resource_type 6", 
                "resource_type 7, resource_type 8", 
                "resource_type 8, resource_type 7", 
                "resource_type 7", 
                "resource_type 6"
            ], 
            "with_others": false
        }, 
        "volumes": {
            "levels": [
                "1, 1", 
                "1", 
                "2, 2", 
                "1, 1, 1, 1", 
                "2", 
                "1, 1, 1", 
                "1, 2", 
                "2, 1", 
                "3, 3", 
                "4, 4", 
                "4, 2", 
                "4", 
                "3, 2", 
                "3", 
                "1, 1, 1, 1, 1", 
                "2, 4", 
                "1, 1, 1, 1, 1, 1", 
                "2, 3", 
                "6, 6", 
                "1, 3", 
                "3, 1", 
                "1, 1, 2", 
                "4, 3", 
                "2, 1, 1", 
                "3, 4", 
                "1, 2, 1", 
                "5, 5", 
                "8, 8", 
                "4, 1", 
                "2, 1, 1, 2", 
                "1, 2, 1, 1", 
                "2, 2, 2, 2", 
                "2, 2, 2", 
                "6", 
                "4, 5", 
                "2, 1, 2", 
                "5", 
                "7, 7", 
                "2, 2, 1", 
                "1, 4", 
                "2, 2, 1, 1", 
                "1, 1, 1, 2", 
                "2, 1, 1, 1", 
                "1, 2, 2, 1", 
                "1, 2, 2", 
                "8", 
                "5, 4", 
                "5, 8", 
                "6, 5", 
                "6, 3", 
                "3, 5", 
                "1, 2, 1, 2", 
                "7, 6", 
                "13, 13", 
                "12, 12", 
                "12", 
                "7, 5", 
                "2, 5", 
                "6, 2", 
                "7", 
                "4, 6", 
                "1, 5", 
                "5, 6", 
                "3, 6", 
                "10, 10", 
                "1, 1, 2, 1", 
                "1, 1, 2, 2", 
                "5, 1", 
                "1, 1, 1, 1, 1, 1, 1", 
                "8, 2", 
                "14", 
                "2, 1, 2, 1", 
                "5, 3", 
                "1, 6", 
                "8, 3", 
                "6, 7", 
                "6, 4", 
                "6, 1", 
                "2, 6", 
                "14, 14", 
                "2, 10", 
                "5, 10", 
                "3, 1, 2", 
                "8, 4", 
                "11, 7", 
                "8, 7", 
                "8, 5", 
                "9, 9", 
                "8, 6", 
                "10", 
                "4, 4, 1", 
                "9, 10", 
                "7, 4", 
                "10, 6", 
                "5, 7", 
                "3, 2, 3, 2", 
                "11, 11", 
                "6, 10", 
                "6, 14", 
                "2, 2, 2, 3", 
                "9, 8", 
                "15, 15", 
                "6, 8", 
                "1, 2, 1, 1, 2", 
                "16, 16", 
                "1, 1, 3, 3", 
                "1, 3, 1, 3", 
                "10, 16", 
                "1, 2, 3", 
                "5, 2"
            ], 
            "with_others": false
        }
    }
}