{
    "gridSize": 2, 
    "nThreads": 4, 
    "metric": "R2", 
    "gridPoints": [
        {
            "index": 0, 
            "finishedAt": 1525696434890.0, 
            "score": 0.44583858294006795, 
            "parameters": {
                "max_features": "auto", 
                "min_samples_split": 30, 
                "n_estimators": 100, 
                "max_depth": 6, 
                "min_samples_leaf": 10
            }, 
            "time": 2590834.0
        }, 
        {
            "index": 1, 
            "finishedAt": 1525697232948.0, 
            "score": 0.48944240763744196, 
            "parameters": {
                "max_features": "auto", 
                "min_samples_split": 30, 
                "n_estimators": 100, 
                "max_depth": 14, 
                "min_samples_leaf": 10
            }, 
            "time": 2905932.0
        }
    ], 
    "startedAt": 1525695560823, 
    "nSplits": 3
}