{
  "state": "DONE",
  "preSearchDescription": {
    "gridLength": 2,
    "importantParams": [
      {
        "name": "trees",
        "vals": [
          "100"
        ]
      },
      {
        "name": "depth",
        "vals": [
          "6",
          "14"
        ]
      },
      {
        "name": "min_samples",
        "vals": [
          "10"
        ]
      }
    ]
  },
  "postSearchDescription": {
    "importantParams": [
      {
        "name": "trees",
        "val": "100"
      },
      {
        "name": "depth",
        "val": "14"
      },
      {
        "name": "min_samples",
        "val": "10"
      }
    ]
  },
  "modelId": "m1",
  "progress": {
    "top_level_todo": [],
    "stack": [],
    "top_level_done": [
      {
        "name": "Loading train set",
        "time": 692
      },
      {
        "name": "Loading test set",
        "time": 181
      },
      {
        "name": "Collecting statistics",
        "time": 468
      },
      {
        "name": "Preprocessing train set",
        "time": 1087
      },
      {
        "name": "Preprocessing test set",
        "time": 257
      },
      {
        "name": "Grid searching",
        "time": 1673125
      },
      {
        "name": "Fitting model",
        "time": 582192
      },
      {
        "name": "Saving model",
        "time": 50
      },
      {
        "name": "Scoring model",
        "time": 26612
      }
    ]
  },
  "startTime": 1525695557534,
  "endTime": 1525697842215,
  "preprocessingTime": 2688,
  "trainingTime": 2281993
}