{
    "metrics": {
        "pearson": 0.66143917808674735, 
        "r2": 0.43586236802340539, 
        "rmse": 0.18637421883187993, 
        "mape": 0.3264479086644809, 
        "mae": 0.13962347699872266, 
        "mse": 0.034735349445193471, 
        "evs": 0.43599817247318973, 
        "rmsle": 0.11864462220964302
    }, 
    "scatterPlotData": {
        "y": [
            0.8047, 
            0.4073, 
            0.6342, 
            0.6648, 
            0.7153, 
            0.6771, 
            0.6564, 
            0.5248, 
            0.7211, 
            0.1093, 
            0.7301, 
            0.6945, 
            0.8033, 
            0.7138, 
            0.7243, 
            0.6975, 
            0.714, 
            0.6603, 
            0.0984, 
            0.1149, 
            0.0993, 
            0.7396, 
            0.6754, 
            0.7023, 
            0.4068, 
            0.6952, 
            0.4126, 
            0.4088, 
            0.7901, 
            0.5106, 
            0.4089, 
            0.7283, 
            0.7601, 
            0.8257, 
            0.4379, 
            0.5449, 
            0.4131, 
            0.5288, 
            0.6059, 
            0.3749, 
            0.6988, 
            0.4069, 
            0.751, 
            0.7195, 
            0.4232, 
            0.7225, 
            0.4038, 
            0.7332, 
            0.6854, 
            0.4388, 
            0.7781, 
            0.64, 
            0.7688, 
            0.7491, 
            0.6819, 
            0.7132, 
            0.6923, 
            0.7101, 
            0.7343, 
            0.6154, 
            0.4073, 
            0.7372, 
            0.4213, 
            0.6415, 
            0.1, 
            0.6925, 
            0.7638, 
            0.4138, 
            0.4547, 
            0.6966, 
            0.1051, 
            0.6614, 
            0.6759, 
            0.582, 
            0.4168, 
            0.4935, 
            0.7066, 
            0.6915, 
            0.7469, 
            0.7554, 
            0.7567, 
            0.5993, 
            0.5519, 
            0.5543, 
            0.4794, 
            0.5786, 
            0.4077, 
            0.7064, 
            0.4232, 
            0.1489, 
            0.4135, 
            0.7092, 
            0.6448, 
            0.4911, 
            0.4077, 
            0.6408, 
            0.7009, 
            0.6742, 
            0.6383, 
            0.8098, 
            0.1119, 
            0.7562, 
            0.6524, 
            0.492, 
            0.6671, 
            0.7522, 
            0.1363, 
            0.6852, 
            0.7343, 
            0.6261, 
            0.6381, 
            0.72, 
            0.7381, 
            0.6804, 
            0.511, 
            0.8115, 
            0.7009, 
            0.64, 
            0.7484, 
            0.6951, 
            0.3529, 
            0.6704, 
            0.5643, 
            0.4637, 
            0.7929, 
            0.6431, 
            0.4068, 
            0.7958, 
            0.311, 
            0.4077, 
            0.7023, 
            0.6592, 
            0.4106, 
            0.6165, 
            0.1007, 
            0.4031, 
            0.4106, 
            0.6145, 
            0.7445, 
            0.4251, 
            0.7273, 
            0.7275, 
            0.6639, 
            0.4168, 
            0.5859, 
            0.7196, 
            0.4482, 
            0.6402, 
            0.6892, 
            0.7009, 
            0.4138, 
            0.6846, 
            0.4492, 
            0.7302, 
            0.3983, 
            0.1102, 
            0.5741, 
            0.7411, 
            0.7329, 
            0.6552, 
            0.7107, 
            0.4106, 
            0.4162, 
            0.7605, 
            0.4131, 
            0.8098, 
            0.3668, 
            0.7111, 
            0.6936, 
            0.4883, 
            0.7445, 
            0.3721, 
            0.4753, 
            0.55, 
            0.703, 
            0.6223, 
            0.4126, 
            0.7383, 
            0.7139, 
            0.4647, 
            0.7465, 
            0.7726, 
            0.4877, 
            0.4626, 
            0.7125, 
            0.6902, 
            0.7727, 
            0.7307, 
            0.6798, 
            0.4892, 
            0.6711, 
            0.7436, 
            0.6965, 
            0.699, 
            0.7095, 
            0.4068, 
            0.5526, 
            0.8022, 
            0.7816, 
            0.6764, 
            0.8251, 
            0.7154, 
            0.1023, 
            0.6934, 
            0.4077, 
            0.5651, 
            0.6665, 
            0.4263, 
            0.7382, 
            0.7072, 
            0.315, 
            0.7283, 
            0.5907, 
            0.7273, 
            0.5868, 
            0.7627, 
            0.4483, 
            0.749, 
            0.7214, 
            0.6783, 
            0.673, 
            0.615, 
            0.4802, 
            0.7116, 
            0.7935, 
            0.7314, 
            0.6055, 
            0.5644, 
            0.5746, 
            0.6905, 
            0.1283, 
            0.5794, 
            0.7284, 
            0.5449, 
            0.5413, 
            0.1102, 
            0.4077, 
            0.6721, 
            0.6837, 
            0.6766, 
            0.4396, 
            0.7101, 
            0.7079, 
            0.7029, 
            0.4143, 
            0.7774, 
            0.1295, 
            0.5323, 
            0.7136, 
            0.7483, 
            0.4982, 
            0.6812, 
            0.7059, 
            0.4001, 
            0.7258, 
            0.3901, 
            0.102, 
            0.7174, 
            0.7257, 
            0.6836, 
            0.8257, 
            0.4083, 
            0.7662, 
            0.4314, 
            0.7293, 
            0.7593, 
            0.7305, 
            0.6915, 
            0.7058, 
            0.4047, 
            0.7678, 
            0.6634, 
            0.7588, 
            0.7693, 
            0.5302, 
            0.8098, 
            0.8098, 
            0.7466, 
            0.6798, 
            0.7435, 
            0.78, 
            0.7253, 
            0.4503, 
            0.5415, 
            0.7298, 
            0.4047, 
            0.7329, 
            0.4251, 
            0.702, 
            0.5964, 
            0.4077, 
            0.7152, 
            0.7354, 
            0.366, 
            0.7026, 
            0.4928, 
            0.7005, 
            0.8074, 
            0.8306, 
            0.8033, 
            0.7404, 
            0.6049, 
            0.6723, 
            0.5409, 
            0.5186, 
            0.4089, 
            0.4611, 
            0.4121, 
            0.7361, 
            0.7077, 
            0.789, 
            0.5044, 
            0.5826, 
            0.6915, 
            0.7264, 
            0.8306, 
            0.6044, 
            0.7089, 
            0.7288, 
            0.7089, 
            0.6504, 
            0.8155, 
            0.6766, 
            0.6793, 
            0.4038, 
            0.6823, 
            0.7564, 
            0.4087, 
            0.6487, 
            0.7311, 
            0.7077, 
            0.756, 
            0.7548, 
            0.4168, 
            0.6907, 
            0.7473, 
            0.4689, 
            0.8176, 
            0.7625, 
            0.5283, 
            0.7189, 
            0.7421, 
            0.0997, 
            0.6971, 
            0.6342, 
            0.7035, 
            0.6603, 
            0.6529, 
            0.7313, 
            0.6662, 
            0.7361, 
            0.7174, 
            0.4138, 
            0.5874, 
            0.6325, 
            0.7436, 
            0.7221, 
            0.7046, 
            0.4106, 
            0.7375, 
            0.5931, 
            0.7671, 
            0.75, 
            0.5351, 
            0.7204, 
            0.7181, 
            0.5665, 
            0.6889, 
            0.4106, 
            0.1228, 
            0.7204, 
            0.741, 
            0.8035, 
            0.7042, 
            0.737, 
            0.4068, 
            0.6907, 
            0.5417, 
            0.4264, 
            0.6057, 
            0.6647, 
            0.6954, 
            0.666, 
            0.7716, 
            0.6047, 
            0.6891, 
            0.1007, 
            0.6883, 
            0.6214, 
            0.6986, 
            0.6005, 
            0.7414, 
            0.6737, 
            0.4442, 
            0.8306, 
            0.7545, 
            0.416, 
            0.7004, 
            0.5753, 
            0.7075, 
            0.7186, 
            0.7226, 
            0.7241, 
            0.6147, 
            0.702, 
            0.7244, 
            0.3859, 
            0.6006, 
            0.7149, 
            0.3818, 
            0.6758, 
            0.7519, 
            0.4784, 
            0.7572, 
            0.7435, 
            0.7276, 
            0.7144, 
            0.779, 
            0.6834, 
            0.1019, 
            0.6921, 
            0.6984, 
            0.7015, 
            0.7355, 
            0.6719, 
            0.4693, 
            0.6545, 
            0.4121, 
            0.7489, 
            0.7425, 
            0.6793, 
            0.6803, 
            0.6823, 
            0.827, 
            0.4845, 
            0.6414, 
            0.6792, 
            0.5543, 
            0.6819, 
            0.7115, 
            0.5718, 
            0.4126, 
            0.7287, 
            0.1025, 
            0.7258, 
            0.6907, 
            0.1019, 
            0.6642, 
            0.6798, 
            0.7554, 
            0.636, 
            0.7109, 
            0.6432, 
            0.7416, 
            0.7312, 
            0.6199, 
            0.7688, 
            0.655, 
            0.6824, 
            0.5737, 
            0.4232, 
            0.6696, 
            0.6864, 
            0.5853, 
            0.6719, 
            0.4072, 
            0.7616, 
            0.7355, 
            0.1128, 
            0.8306, 
            0.39, 
            0.6895, 
            0.5069, 
            0.7146, 
            0.3665, 
            0.5316, 
            0.6951, 
            0.7462, 
            0.7169, 
            0.5431, 
            0.7687, 
            0.4587, 
            0.8092, 
            0.7052, 
            0.7172, 
            0.4106, 
            0.7149, 
            0.7997, 
            0.8022, 
            0.6995, 
            0.728, 
            0.7144, 
            0.7125, 
            0.8155, 
            0.7052, 
            0.5209, 
            0.5233, 
            0.7102, 
            0.7131, 
            0.4068, 
            0.7423, 
            0.8395, 
            0.7544, 
            0.6961, 
            0.4229, 
            0.7074, 
            0.1468, 
            0.5906, 
            0.8349, 
            0.717, 
            0.7171, 
            0.4674, 
            0.7049, 
            0.7418, 
            0.4565, 
            0.707, 
            0.5161, 
            0.6863, 
            0.402, 
            0.4196, 
            0.1005, 
            0.7008, 
            0.6798, 
            0.7686, 
            0.6947, 
            0.421, 
            0.6033, 
            0.6985, 
            0.1026, 
            0.4038, 
            0.1283, 
            0.681, 
            0.4769, 
            0.5657, 
            0.6827, 
            0.7465, 
            0.402, 
            0.6172, 
            0.5302, 
            0.4043, 
            0.6973, 
            0.4138, 
            0.1485, 
            0.4966, 
            0.7456, 
            0.6499, 
            0.671, 
            0.7597, 
            0.494, 
            0.8162, 
            0.4933, 
            0.7098, 
            0.6674, 
            0.5668, 
            0.7091, 
            0.6717, 
            0.6509, 
            0.7959, 
            0.7403, 
            0.6149, 
            0.7139, 
            0.5084, 
            0.7329, 
            0.5197, 
            0.732, 
            0.6957, 
            0.8121, 
            0.6601, 
            0.4247, 
            0.7092, 
            0.7102, 
            0.7378, 
            0.6238, 
            0.7541, 
            0.7263, 
            0.4545, 
            0.7242, 
            0.6253, 
            0.7269, 
            0.4153, 
            0.6756, 
            0.4845, 
            0.7211, 
            0.4043, 
            0.7359, 
            0.7224, 
            0.6049, 
            0.4121, 
            0.7027, 
            0.105, 
            0.6579, 
            0.4168, 
            0.7075, 
            0.7089, 
            0.6824, 
            0.6661, 
            0.6374, 
            0.7318, 
            0.4047, 
            0.5866, 
            0.4038, 
            0.3955, 
            0.4106, 
            0.697, 
            0.7693, 
            0.4135, 
            0.7066, 
            0.5138, 
            0.101, 
            0.5396, 
            0.7205, 
            0.6425, 
            0.6824, 
            0.5939, 
            0.6995, 
            0.64, 
            0.5423, 
            0.6237, 
            0.707, 
            0.7476, 
            0.7779, 
            0.7836, 
            0.7646, 
            0.4077, 
            0.6606, 
            0.6892, 
            0.5113, 
            0.402, 
            0.7197, 
            0.7695, 
            0.738, 
            0.1044, 
            0.6639, 
            0.4135, 
            0.6461, 
            0.7579, 
            0.7416, 
            0.7002, 
            0.723, 
            0.7988, 
            0.7219, 
            0.7068, 
            0.7242, 
            0.104, 
            0.7825, 
            0.7225, 
            0.6796, 
            0.7121, 
            0.7815, 
            0.6837, 
            0.7119, 
            0.4536, 
            0.7185, 
            0.4068, 
            0.6083, 
            0.7105, 
            0.135, 
            0.7462, 
            0.4126, 
            0.4232, 
            0.731, 
            0.7406, 
            0.4909, 
            0.1149, 
            0.5137, 
            0.6896, 
            0.5127, 
            0.671, 
            0.6976, 
            0.5321, 
            0.5979, 
            0.7437, 
            0.5062, 
            0.4769, 
            0.7746, 
            0.7034, 
            0.7347, 
            0.6815, 
            0.7302, 
            0.7204, 
            0.4121, 
            0.5879, 
            0.4411, 
            0.6825, 
            0.115, 
            0.7158, 
            0.5808, 
            0.7088, 
            0.7806, 
            0.6781, 
            0.671, 
            0.6777, 
            0.7389, 
            0.7918, 
            0.4138, 
            0.7346, 
            0.7027, 
            0.6964, 
            0.7456, 
            0.6936, 
            0.5559, 
            0.7257, 
            0.8155, 
            0.4083, 
            0.7828, 
            0.7105, 
            0.7153, 
            0.4106, 
            0.6717, 
            0.6943, 
            0.7283, 
            0.6936, 
            0.691, 
            0.5866, 
            0.8349, 
            0.4479, 
            0.1538, 
            0.5165, 
            0.7506, 
            0.7346, 
            0.4083, 
            0.6661, 
            0.6484, 
            0.7374, 
            0.6131, 
            0.5772, 
            0.3628, 
            0.537, 
            0.6573, 
            0.5212, 
            0.7278, 
            0.7013, 
            0.5478, 
            0.5511, 
            0.5868, 
            0.7225, 
            0.431, 
            0.0993, 
            0.4312, 
            0.8171, 
            0.6593, 
            0.7477, 
            0.6985, 
            0.5499, 
            0.115, 
            0.6876, 
            0.7048, 
            0.7187, 
            0.7648, 
            0.6018, 
            0.7683, 
            0.6279, 
            0.6904, 
            0.5713, 
            0.6688, 
            0.6083, 
            0.7705, 
            0.4038, 
            0.7111, 
            0.4131, 
            0.7501, 
            0.741, 
            0.4726, 
            0.7125, 
            0.6997, 
            0.7088, 
            0.4114, 
            0.7066, 
            0.1003, 
            0.6766, 
            0.7646, 
            0.7358, 
            0.1059, 
            0.4395, 
            0.78, 
            0.4229, 
            0.7461, 
            0.7319, 
            0.7251, 
            0.796, 
            0.7194, 
            0.6983, 
            0.6892, 
            0.3929, 
            0.479, 
            0.7544, 
            0.6178, 
            0.419, 
            0.4131, 
            0.6387, 
            0.7139, 
            0.1714, 
            0.6626, 
            0.6837, 
            0.625, 
            0.714, 
            0.7705, 
            0.6604, 
            0.8266, 
            0.6823, 
            0.7, 
            0.6723, 
            0.5567, 
            0.6905, 
            0.7388, 
            0.7843, 
            0.748, 
            0.7438, 
            0.6055, 
            0.7401, 
            0.6464, 
            0.7243, 
            0.4888, 
            0.6031, 
            0.6845, 
            0.513, 
            0.6969, 
            0.1118, 
            0.4287, 
            0.6586, 
            0.6552, 
            0.6955, 
            0.6945, 
            0.4965, 
            0.7446, 
            0.6877, 
            0.8306, 
            0.3744, 
            0.4855, 
            0.1053, 
            0.7045, 
            0.8098, 
            0.7417, 
            0.6517, 
            0.7866, 
            0.7119, 
            0.4714, 
            0.4126, 
            0.7424, 
            0.5232, 
            0.4195, 
            0.7216, 
            0.7135, 
            0.736, 
            0.6367, 
            0.5695, 
            0.7828, 
            0.7589, 
            0.6653, 
            0.3929, 
            0.7879, 
            0.4229, 
            0.827, 
            0.681, 
            0.7215, 
            0.4536, 
            0.5449, 
            0.6635, 
            0.4195, 
            0.6149, 
            0.1033, 
            0.6622, 
            0.7136, 
            0.7087, 
            0.6296, 
            0.7225, 
            0.6889, 
            0.7697, 
            0.6837, 
            0.6974, 
            0.7243, 
            0.7431, 
            0.4138, 
            0.1106, 
            0.408, 
            0.6944, 
            0.3983, 
            0.689, 
            0.6352, 
            0.7447, 
            0.5966, 
            0.7366, 
            0.4073, 
            0.697, 
            0.6866, 
            0.6683, 
            0.6983, 
            0.6994, 
            0.6878, 
            0.695, 
            0.7458, 
            0.5992, 
            0.7253, 
            0.8274, 
            0.6675, 
            0.7363, 
            0.6529, 
            0.4852, 
            0.6847, 
            0.7486, 
            0.7435, 
            0.7127, 
            0.7064, 
            0.683, 
            0.6709, 
            0.7349, 
            0.6052, 
            0.5223, 
            0.1586, 
            0.6585, 
            0.7044, 
            0.5507, 
            0.6987, 
            0.7177, 
            0.7105, 
            0.6374, 
            0.7033, 
            0.5118, 
            0.6325, 
            0.6608, 
            0.7295, 
            0.7969, 
            0.7238, 
            0.6936, 
            0.5503, 
            0.7098, 
            0.4229, 
            0.7122, 
            0.6668, 
            0.7676, 
            0.6968, 
            0.6863, 
            0.402, 
            0.4068, 
            0.5644, 
            0.4312, 
            0.7124, 
            0.7088, 
            0.1661, 
            0.3681, 
            0.5646, 
            0.7482, 
            0.6798, 
            0.6228, 
            0.7167, 
            0.7275, 
            0.6327, 
            0.4077, 
            0.7392, 
            0.604, 
            0.7307, 
            0.6672, 
            0.7525, 
            0.1028, 
            0.7401, 
            0.6995, 
            0.1051, 
            0.7025, 
            0.7371, 
            0.68, 
            0.6923, 
            0.7448, 
            0.7302, 
            0.7261, 
            0.8054, 
            0.3822, 
            0.1076, 
            0.7481, 
            0.6135, 
            0.6934, 
            0.4503, 
            0.6753, 
            0.5535, 
            0.6846, 
            0.4554, 
            0.6752, 
            0.5144, 
            0.7284, 
            0.5309, 
            0.4265, 
            0.4168, 
            0.7233, 
            0.7053, 
            0.6876, 
            0.7056, 
            0.6193, 
            0.7027, 
            0.7231, 
            0.5429, 
            0.4068, 
            0.6512, 
            0.4038, 
            0.7264, 
            0.5865, 
            0.6986, 
            0.7363, 
            0.6562, 
            0.7508, 
            0.7123, 
            0.798
        ], 
        "x": [
            0.74, 
            0.37, 
            0.53, 
            0.58, 
            0.67, 
            0.53, 
            0.63, 
            0.57, 
            0.62, 
            0.1, 
            0.72, 
            0.54, 
            0.84, 
            0.95, 
            0.91, 
            0.59, 
            0.66, 
            0.5, 
            0.09, 
            0.11, 
            0.09, 
            0.52, 
            0.65, 
            0.92, 
            0.4, 
            0.95, 
            0.36, 
            0.38, 
            0.73, 
            0.66, 
            0.36, 
            0.82, 
            0.7, 
            0.78, 
            0.7, 
            0.21, 
            0.42, 
            0.67, 
            0.82, 
            0.9, 
            0.66, 
            0.36, 
            0.89, 
            0.77, 
            0.42, 
            0.96, 
            0.43, 
            0.59, 
            0.95, 
            0.23, 
            0.92, 
            0.72, 
            0.65, 
            0.97, 
            0.93, 
            0.51, 
            0.51, 
            0.73, 
            0.8, 
            0.84, 
            0.37, 
            0.74, 
            0.39, 
            0.54, 
            0.11, 
            0.96, 
            0.83, 
            0.44, 
            0.5, 
            0.51, 
            0.1, 
            0.59, 
            0.5, 
            0.43, 
            0.4, 
            0.49, 
            0.49, 
            0.65, 
            0.12, 
            0.95, 
            0.49, 
            0.73, 
            0.93, 
            0.89, 
            0.78, 
            1.0, 
            0.4, 
            0.87, 
            0.43, 
            0.1, 
            0.42, 
            0.32, 
            0.58, 
            0.6, 
            0.36, 
            0.37, 
            0.48, 
            0.23, 
            0.37, 
            0.73, 
            0.1, 
            0.84, 
            0.64, 
            0.57, 
            0.83, 
            0.5, 
            0.09, 
            0.83, 
            0.67, 
            0.91, 
            0.89, 
            0.55, 
            0.83, 
            0.5, 
            0.83, 
            0.72, 
            0.99, 
            0.96, 
            0.78, 
            0.67, 
            0.25, 
            0.95, 
            0.14, 
            0.16, 
            0.72, 
            0.69, 
            0.4, 
            0.82, 
            0.46, 
            0.39, 
            0.68, 
            0.82, 
            0.37, 
            0.78, 
            0.11, 
            0.16, 
            0.45, 
            0.62, 
            0.87, 
            0.45, 
            0.54, 
            0.59, 
            0.7, 
            0.43, 
            0.77, 
            0.81, 
            0.42, 
            0.27, 
            0.66, 
            0.95, 
            0.42, 
            0.89, 
            0.32, 
            0.77, 
            0.45, 
            0.1, 
            0.23, 
            0.83, 
            0.68, 
            0.49, 
            0.91, 
            0.38, 
            0.42, 
            0.8, 
            0.44, 
            0.77, 
            0.94, 
            0.96, 
            0.63, 
            0.2, 
            0.87, 
            0.6, 
            0.75, 
            0.78, 
            0.57, 
            0.83, 
            0.39, 
            0.83, 
            0.69, 
            0.66, 
            0.49, 
            0.76, 
            0.42, 
            0.16, 
            0.81, 
            0.72, 
            0.82, 
            0.73, 
            0.86, 
            0.14, 
            0.58, 
            0.64, 
            0.61, 
            0.9, 
            0.9, 
            0.43, 
            0.87, 
            0.79, 
            0.61, 
            0.92, 
            0.75, 
            0.91, 
            0.1, 
            0.72, 
            0.42, 
            0.16, 
            0.21, 
            0.39, 
            0.58, 
            0.5, 
            0.39, 
            0.72, 
            0.3, 
            0.96, 
            0.48, 
            0.73, 
            0.92, 
            0.73, 
            0.73, 
            0.83, 
            1.0, 
            0.75, 
            0.89, 
            0.61, 
            0.91, 
            0.63, 
            0.98, 
            0.53, 
            0.25, 
            0.91, 
            0.1, 
            0.68, 
            0.98, 
            0.61, 
            0.74, 
            0.1, 
            0.39, 
            0.5, 
            0.49, 
            0.68, 
            0.2, 
            0.91, 
            0.7, 
            0.82, 
            0.73, 
            0.83, 
            0.11, 
            0.48, 
            0.87, 
            0.6, 
            0.95, 
            0.54, 
            0.7, 
            0.96, 
            0.92, 
            0.17, 
            0.11, 
            0.8, 
            0.84, 
            0.19, 
            0.78, 
            0.4, 
            0.79, 
            0.64, 
            0.94, 
            0.93, 
            0.53, 
            0.56, 
            0.49, 
            0.42, 
            0.14, 
            0.52, 
            0.67, 
            0.78, 
            0.11, 
            0.89, 
            0.83, 
            0.65, 
            0.97, 
            0.97, 
            0.92, 
            0.71, 
            0.22, 
            0.81, 
            0.54, 
            0.41, 
            0.87, 
            0.46, 
            0.98, 
            0.88, 
            0.41, 
            0.16, 
            0.69, 
            0.67, 
            0.64, 
            0.18, 
            0.94, 
            0.84, 
            0.73, 
            0.74, 
            0.91, 
            0.3, 
            0.78, 
            0.98, 
            0.75, 
            0.44, 
            0.49, 
            0.42, 
            0.77, 
            0.74, 
            0.89, 
            0.35, 
            0.36, 
            0.58, 
            0.97, 
            0.89, 
            0.81, 
            0.72, 
            0.35, 
            0.87, 
            0.81, 
            0.72, 
            0.67, 
            0.82, 
            0.37, 
            0.56, 
            0.76, 
            0.46, 
            0.93, 
            0.63, 
            0.2, 
            0.58, 
            0.95, 
            0.36, 
            0.66, 
            0.87, 
            0.7, 
            0.9, 
            0.6, 
            0.89, 
            0.93, 
            0.93, 
            0.1, 
            0.52, 
            0.75, 
            0.88, 
            0.37, 
            0.51, 
            0.6, 
            0.21, 
            0.77, 
            0.52, 
            0.43, 
            0.9, 
            0.58, 
            0.18, 
            0.97, 
            0.59, 
            0.37, 
            0.64, 
            0.27, 
            0.6, 
            0.51, 
            0.81, 
            0.96, 
            0.8, 
            0.15, 
            0.87, 
            0.36, 
            0.09, 
            0.72, 
            0.73, 
            0.82, 
            0.64, 
            0.53, 
            0.4, 
            0.98, 
            0.88, 
            0.78, 
            0.64, 
            0.92, 
            0.99, 
            0.52, 
            0.86, 
            0.64, 
            0.71, 
            0.1, 
            0.54, 
            0.31, 
            0.67, 
            0.65, 
            0.81, 
            0.59, 
            0.22, 
            0.83, 
            0.7, 
            0.37, 
            0.98, 
            0.27, 
            0.7, 
            0.91, 
            0.14, 
            0.67, 
            0.92, 
            0.88, 
            0.53, 
            0.75, 
            0.53, 
            0.52, 
            0.48, 
            0.9, 
            0.89, 
            0.32, 
            0.54, 
            0.52, 
            0.48, 
            0.84, 
            0.6, 
            0.63, 
            0.11, 
            0.54, 
            0.48, 
            0.74, 
            0.99, 
            0.98, 
            0.7, 
            0.31, 
            0.43, 
            0.88, 
            0.51, 
            0.82, 
            0.82, 
            0.86, 
            0.81, 
            0.95, 
            0.34, 
            0.71, 
            0.95, 
            0.15, 
            0.97, 
            0.98, 
            0.45, 
            0.51, 
            0.1, 
            0.92, 
            0.8, 
            0.09, 
            0.78, 
            0.52, 
            0.5, 
            0.66, 
            0.82, 
            0.8, 
            0.72, 
            0.65, 
            0.69, 
            0.86, 
            0.74, 
            0.76, 
            0.6, 
            0.4, 
            0.5, 
            0.58, 
            0.41, 
            0.58, 
            0.41, 
            0.78, 
            0.69, 
            0.11, 
            0.73, 
            0.52, 
            0.94, 
            0.62, 
            0.93, 
            0.22, 
            0.56, 
            0.59, 
            0.83, 
            0.88, 
            1.0, 
            0.92, 
            0.09, 
            0.85, 
            0.51, 
            0.63, 
            0.37, 
            0.84, 
            0.8, 
            0.79, 
            0.76, 
            0.48, 
            0.88, 
            0.94, 
            0.72, 
            0.66, 
            0.21, 
            0.22, 
            0.71, 
            0.62, 
            0.42, 
            0.68, 
            0.88, 
            0.6, 
            0.87, 
            0.39, 
            0.89, 
            0.1, 
            0.8, 
            0.77, 
            0.56, 
            0.58, 
            0.8, 
            0.78, 
            0.96, 
            0.24, 
            0.49, 
            0.18, 
            0.67, 
            0.4, 
            0.97, 
            0.11, 
            0.63, 
            0.92, 
            0.43, 
            0.49, 
            0.16, 
            0.93, 
            0.85, 
            0.11, 
            0.42, 
            0.1, 
            0.85, 
            0.43, 
            0.9, 
            0.91, 
            0.92, 
            0.38, 
            0.34, 
            0.54, 
            0.42, 
            0.76, 
            0.4, 
            0.11, 
            0.61, 
            0.55, 
            0.84, 
            0.86, 
            0.66, 
            0.78, 
            0.85, 
            0.62, 
            0.64, 
            0.77, 
            0.53, 
            0.49, 
            0.96, 
            0.9, 
            0.89, 
            0.67, 
            0.17, 
            0.99, 
            0.19, 
            0.72, 
            0.44, 
            0.82, 
            0.78, 
            0.83, 
            0.59, 
            0.68, 
            0.67, 
            0.8, 
            0.67, 
            0.17, 
            0.71, 
            0.63, 
            0.85, 
            0.48, 
            0.84, 
            0.79, 
            0.59, 
            0.82, 
            0.32, 
            0.91, 
            0.37, 
            0.78, 
            0.44, 
            0.94, 
            0.46, 
            0.57, 
            0.11, 
            0.54, 
            0.45, 
            0.79, 
            0.9, 
            0.98, 
            0.75, 
            0.64, 
            0.58, 
            0.42, 
            0.53, 
            0.38, 
            0.93, 
            0.38, 
            0.77, 
            0.51, 
            0.43, 
            0.78, 
            0.15, 
            0.09, 
            0.79, 
            0.99, 
            0.69, 
            0.35, 
            0.16, 
            0.57, 
            0.7, 
            0.34, 
            0.65, 
            0.19, 
            0.96, 
            0.99, 
            0.82, 
            0.93, 
            0.4, 
            0.95, 
            0.29, 
            0.59, 
            0.44, 
            0.67, 
            0.77, 
            0.84, 
            0.11, 
            0.15, 
            0.44, 
            0.95, 
            0.83, 
            0.81, 
            0.7, 
            0.95, 
            0.89, 
            0.75, 
            0.96, 
            0.6, 
            0.11, 
            0.94, 
            0.53, 
            0.56, 
            0.68, 
            0.53, 
            0.58, 
            0.56, 
            0.39, 
            0.95, 
            0.45, 
            0.18, 
            0.62, 
            0.11, 
            0.75, 
            0.44, 
            0.45, 
            0.91, 
            0.6, 
            0.81, 
            0.11, 
            0.5, 
            0.78, 
            0.39, 
            0.96, 
            0.66, 
            0.43, 
            0.53, 
            0.77, 
            0.24, 
            0.4, 
            0.68, 
            0.51, 
            0.67, 
            0.56, 
            0.63, 
            0.69, 
            0.4, 
            0.65, 
            0.54, 
            0.75, 
            0.09, 
            0.52, 
            0.77, 
            0.98, 
            0.82, 
            0.96, 
            0.69, 
            0.23, 
            0.85, 
            0.73, 
            0.44, 
            0.42, 
            0.97, 
            0.99, 
            0.96, 
            0.85, 
            0.75, 
            0.66, 
            0.83, 
            0.37, 
            0.89, 
            0.48, 
            0.69, 
            0.42, 
            0.83, 
            0.72, 
            0.9, 
            0.94, 
            0.94, 
            0.59, 
            0.78, 
            0.11, 
            0.09, 
            0.5, 
            0.74, 
            0.96, 
            0.38, 
            0.55, 
            0.86, 
            0.34, 
            0.49, 
            0.66, 
            0.35, 
            0.58, 
            0.77, 
            0.4, 
            0.5, 
            0.74, 
            0.37, 
            0.17, 
            0.71, 
            0.39, 
            0.71, 
            0.09, 
            0.81, 
            0.9, 
            0.69, 
            0.53, 
            0.75, 
            0.34, 
            0.09, 
            0.65, 
            0.93, 
            0.51, 
            0.7, 
            0.62, 
            0.51, 
            0.45, 
            0.68, 
            0.54, 
            0.53, 
            0.69, 
            0.7, 
            0.37, 
            0.71, 
            0.44, 
            0.74, 
            0.95, 
            0.57, 
            0.64, 
            0.86, 
            0.97, 
            0.33, 
            0.56, 
            0.1, 
            0.48, 
            0.8, 
            0.76, 
            0.11, 
            0.38, 
            0.86, 
            0.44, 
            0.85, 
            0.56, 
            0.83, 
            0.91, 
            0.96, 
            0.56, 
            0.85, 
            0.17, 
            0.45, 
            0.46, 
            0.51, 
            0.16, 
            0.44, 
            0.85, 
            0.88, 
            0.17, 
            0.77, 
            0.86, 
            0.25, 
            0.69, 
            0.8, 
            0.37, 
            0.77, 
            0.47, 
            0.89, 
            0.67, 
            0.8, 
            0.91, 
            0.56, 
            0.83, 
            0.76, 
            0.97, 
            0.42, 
            0.56, 
            0.64, 
            0.64, 
            0.69, 
            0.54, 
            0.77, 
            0.57, 
            0.74, 
            0.11, 
            0.84, 
            0.53, 
            0.79, 
            0.59, 
            0.69, 
            0.99, 
            0.6, 
            0.78, 
            0.74, 
            0.57, 
            0.89, 
            0.11, 
            0.82, 
            0.87, 
            0.97, 
            0.83, 
            0.72, 
            0.61, 
            0.3, 
            0.41, 
            0.76, 
            0.19, 
            0.17, 
            0.8, 
            0.5, 
            0.54, 
            0.8, 
            0.77, 
            0.89, 
            0.58, 
            0.69, 
            0.17, 
            0.89, 
            0.45, 
            0.77, 
            0.71, 
            0.9, 
            0.43, 
            0.42, 
            0.89, 
            0.35, 
            0.47, 
            0.1, 
            0.62, 
            0.77, 
            0.59, 
            0.19, 
            0.69, 
            0.34, 
            0.53, 
            0.91, 
            0.55, 
            0.98, 
            0.98, 
            0.46, 
            0.1, 
            0.45, 
            0.85, 
            0.4, 
            0.99, 
            0.62, 
            1.0, 
            0.24, 
            0.63, 
            0.44, 
            0.2, 
            0.84, 
            0.68, 
            0.83, 
            0.79, 
            0.69, 
            0.82, 
            0.67, 
            0.41, 
            0.86, 
            0.9, 
            0.67, 
            0.69, 
            0.54, 
            0.54, 
            0.83, 
            0.42, 
            0.63, 
            0.56, 
            0.62, 
            0.85, 
            0.83, 
            0.87, 
            0.77, 
            0.58, 
            0.11, 
            0.88, 
            0.67, 
            0.63, 
            0.54, 
            0.81, 
            0.66, 
            0.66, 
            0.69, 
            0.37, 
            0.63, 
            0.65, 
            0.83, 
            0.81, 
            0.65, 
            0.8, 
            0.43, 
            0.51, 
            0.45, 
            0.4, 
            0.57, 
            0.74, 
            0.38, 
            0.86, 
            0.39, 
            0.38, 
            0.36, 
            0.81, 
            0.6, 
            0.96, 
            0.09, 
            0.83, 
            0.78, 
            0.94, 
            0.71, 
            0.71, 
            0.97, 
            0.64, 
            0.31, 
            0.41, 
            0.65, 
            0.28, 
            0.54, 
            0.9, 
            0.56, 
            0.11, 
            0.88, 
            0.88, 
            0.1, 
            0.49, 
            0.64, 
            0.98, 
            0.35, 
            0.74, 
            0.63, 
            0.77, 
            0.96, 
            0.21, 
            0.09, 
            0.81, 
            0.97, 
            0.97, 
            0.37, 
            0.91, 
            0.34, 
            0.74, 
            0.28, 
            0.97, 
            0.57, 
            0.59, 
            0.73, 
            0.95, 
            0.39, 
            0.83, 
            0.57, 
            0.84, 
            0.65, 
            0.69, 
            0.76, 
            0.76, 
            0.54, 
            0.37, 
            0.71, 
            0.37, 
            0.97, 
            0.93, 
            0.54, 
            0.7, 
            0.77, 
            0.71, 
            0.72, 
            0.73
        ]
    }, 
    "regression_performance": {
        "max_error": 0.36728046312014923, 
        "median_error": 0.00013702061554603934, 
        "error_distribution": [
            {
                "count": 113, 
                "bin_max": -0.36183975926469542, 
                "bin_id": 0, 
                "bin_min": -0.4436632508878835
            }, 
            {
                "count": 94, 
                "bin_max": -0.28082640122193492, 
                "bin_id": 1, 
                "bin_min": -0.36183975926469542
            }, 
            {
                "count": 165, 
                "bin_max": -0.19981304317917437, 
                "bin_id": 2, 
                "bin_min": -0.28082640122193492
            }, 
            {
                "count": 308, 
                "bin_max": -0.11879968513641387, 
                "bin_id": 3, 
                "bin_min": -0.19981304317917437
            }, 
            {
                "count": 435, 
                "bin_max": -0.037786327093653371, 
                "bin_id": 4, 
                "bin_min": -0.11879968513641387
            }, 
            {
                "count": 798, 
                "bin_max": 0.043227030949107181, 
                "bin_id": 5, 
                "bin_min": -0.037786327093653371
            }, 
            {
                "count": 404, 
                "bin_max": 0.12424038899186762, 
                "bin_id": 6, 
                "bin_min": 0.043227030949107181
            }, 
            {
                "count": 304, 
                "bin_max": 0.20525374703462818, 
                "bin_id": 7, 
                "bin_min": 0.12424038899186762
            }, 
            {
                "count": 272, 
                "bin_max": 0.28626710507738873, 
                "bin_id": 8, 
                "bin_min": 0.20525374703462818
            }, 
            {
                "count": 163, 
                "bin_max": 0.36728046312014923, 
                "bin_id": 9, 
                "bin_min": 0.28626710507738873
            }
        ], 
        "min_error": -0.44285311730745591, 
        "average_error": 0.002591372420090558, 
        "std_error": 0.17694362607779382, 
        "p75_error": 0.11694899266971881, 
        "p90_error": 0.23788448789054828, 
        "p25_error": -0.096876269939788234
    }
}