{
  "state": "DONE",
  "preSearchDescription": {
    "gridLength": 1,
    "importantParams": [
      {
        "name": "trees",
        "vals": [
          "100"
        ]
      },
      {
        "name": "depth",
        "vals": [
          "22"
        ]
      },
      {
        "name": "min_samples",
        "vals": [
          "10"
        ]
      }
    ]
  },
  "postSearchDescription": {
    "importantParams": [
      {
        "name": "trees",
        "val": "100"
      },
      {
        "name": "depth",
        "val": "22"
      },
      {
        "name": "min_samples",
        "val": "10"
      }
    ]
  },
  "modelId": "m1",
  "progress": {
    "top_level_todo": [],
    "stack": [],
    "top_level_done": [
      {
        "name": "Loading train set",
        "time": 39
      },
      {
        "name": "Loading test set",
        "time": 4
      },
      {
        "name": "Collecting statistics",
        "time": 12
      },
      {
        "name": "Preprocessing train set",
        "time": 67
      },
      {
        "name": "Preprocessing test set",
        "time": 38
      },
      {
        "name": "Fitting model",
        "time": 2166
      },
      {
        "name": "Saving model",
        "time": 13
      },
      {
        "name": "Scoring model",
        "time": 1138
      }
    ]
  },
  "startTime": 1493653299800,
  "endTime": 1493653303280,
  "preprocessingTime": 163,
  "trainingTime": 3317
}