{
    "per_feature": {
        "CPI": {
            "stats": {
                "std": 39.36367110115202, 
                "p99": 225.4735085, 
                "min": 126.064, 
                "max": 227.2328068, 
                "average": 171.57738079986527, 
                "median": 182.61040630000002
            }, 
            "missing_impute_with_value": 171.57738079986527
        }, 
        "Temperature": {
            "stats": {
                "std": 18.452598785162973, 
                "p99": 93.21, 
                "min": -2.06, 
                "max": 100.14, 
                "average": 60.54286366275814, 
                "median": 62.59
            }, 
            "missing_impute_with_value": 60.54286366275814
        }, 
        "Unemployment": {
            "stats": {
                "std": 1.8709795427013873, 
                "p99": 14.18, 
                "min": 3.8789999999999996, 
                "max": 14.312999999999999, 
                "average": 7.991530769433457, 
                "median": 7.874
            }, 
            "missing_impute_with_value": 7.991530769433457
        }, 
        "Weekly_Sales": {
            "stats": {}
        }, 
        "MarkDown4": {
            "stats": {
                "std": 463181.35569162964, 
                "p99": 16241.73, 
                "min": -999999.0, 
                "max": 67474.85, 
                "average": -691034.9085356713, 
                "median": -999999.0
            }, 
            "missing_impute_with_value": -691034.9085356713
        }, 
        "IsHoliday": {
            "stats": {
                "mostFrequentValue": "FALSE", 
                "leastFrequentValue": "TRUE"
            }, 
            "category_possible_counts": [
                281739, 
                21289
            ], 
            "category_possible_values": [
                "FALSE", 
                "TRUE"
            ]
        }, 
        "Date": {
            "stats": {
                "mostFrequentValue": "2010-12-10", 
                "leastFrequentValue": "2012-09-28"
            }, 
            "category_possible_counts": [
                2262, 
                2245, 
                2245, 
                2237, 
                2233, 
                2226, 
                2223, 
                2211, 
                2210, 
                2209, 
                2208, 
                2206, 
                2203, 
                2200, 
                2196, 
                2195, 
                2194, 
                2185, 
                2184, 
                2182, 
                2182, 
                2180, 
                2179, 
                2178, 
                2178, 
                2178, 
                2175, 
                2171, 
                2164, 
                2164, 
                2161, 
                2161, 
                2160, 
                2157, 
                2156, 
                2153, 
                2152, 
                2152, 
                2151, 
                2150, 
                2150, 
                2147, 
                2145, 
                2144, 
                2143, 
                2143, 
                2140, 
                2138, 
                2136, 
                2136, 
                2134, 
                2133, 
                2132, 
                2132, 
                2132, 
                2131, 
                2131, 
                2127, 
                2126, 
                2125, 
                2124, 
                2124, 
                2122, 
                2121, 
                2120, 
                2119, 
                2119, 
                2117, 
                2117, 
                2117, 
                2115, 
                2115, 
                2115, 
                2112, 
                2112, 
                2112, 
                2111, 
                2109, 
                2109, 
                2108, 
                2107, 
                2107, 
                2106, 
                2105, 
                2105, 
                2104, 
                2102, 
                2102, 
                2101, 
                2100, 
                2099, 
                2098, 
                2098, 
                2096, 
                2096, 
                2095, 
                2093, 
                2091, 
                2091, 
                2090, 
                2089
            ], 
            "category_possible_values": [
                "2010-12-10", 
                "2012-04-20", 
                "2012-10-26", 
                "2012-08-10", 
                "2012-02-10", 
                "2011-11-25", 
                "2011-12-16", 
                "2011-12-02", 
                "2012-05-11", 
                "2012-04-13", 
                "2012-02-17", 
                "2011-12-09", 
                "2011-04-29", 
                "2010-03-12", 
                "2011-03-25", 
                "2011-12-23", 
                "2012-06-08", 
                "2011-03-04", 
                "2012-08-31", 
                "2010-12-24", 
                "2011-06-10", 
                "2012-06-01", 
                "2012-01-27", 
                "2011-03-18", 
                "2010-10-08", 
                "2012-08-24", 
                "2010-02-19", 
                "2010-12-17", 
                "2012-09-14", 
                "2012-05-18", 
                "2011-04-15", 
                "2011-10-07", 
                "2011-12-30", 
                "2012-01-13", 
                "2012-07-13", 
                "2010-07-16", 
                "2010-05-21", 
                "2010-03-19", 
                "2011-04-01", 
                "2010-02-12", 
                "2010-09-17", 
                "2010-09-10", 
                "2011-08-05", 
                "2010-11-12", 
                "2012-03-16", 
                "2010-11-05", 
                "2012-01-06", 
                "2011-05-27", 
                "2012-10-12", 
                "2012-09-21", 
                "2012-08-03", 
                "2010-07-30", 
                "2010-09-24", 
                "2010-05-28", 
                "2011-08-19", 
                "2010-02-26", 
                "2011-11-04", 
                "2010-06-25", 
                "2011-11-11", 
                "2011-04-22", 
                "2010-04-09", 
                "2011-09-02", 
                "2012-04-06", 
                "2010-06-18", 
                "2012-07-20", 
                "2010-04-02", 
                "2010-10-01", 
                "2012-01-20", 
                "2010-04-30", 
                "2010-10-15", 
                "2012-04-27", 
                "2012-03-02", 
                "2011-07-29", 
                "2011-10-28", 
                "2011-10-14", 
                "2012-02-24", 
                "2012-05-25", 
                "2011-02-11", 
                "2011-10-21", 
                "2010-08-06", 
                "2010-10-22", 
                "2011-08-26", 
                "2012-02-03", 
                "2010-07-09", 
                "2010-02-05", 
                "2011-01-21", 
                "2012-03-09", 
                "2012-03-30", 
                "2011-04-08", 
                "2010-12-31", 
                "2012-03-23", 
                "2011-02-18", 
                "2011-06-03", 
                "2011-09-16", 
                "2011-09-30", 
                "2010-10-29", 
                "2011-07-08", 
                "2010-03-05", 
                "2011-02-25", 
                "2012-08-17", 
                "2012-06-22"
            ]
        }, 
        "Dept": {
            "stats": {
                "std": 30.49286140092693, 
                "p99": 98.0, 
                "min": 1.0, 
                "max": 99.0, 
                "average": 44.2895310004356, 
                "median": 38.0
            }, 
            "missing_impute_with_value": 44.2895310004356
        }, 
        "Fuel_Price": {
            "stats": {
                "std": 0.4584413698065023, 
                "p99": 4.203, 
                "min": 2.472, 
                "max": 4.468, 
                "average": 3.3594628549164924, 
                "median": 3.452
            }, 
            "missing_impute_with_value": 3.3594628549164924
        }, 
        "MarkDown1": {
            "stats": {
                "std": 482601.33242708794, 
                "p99": 27584.78, 
                "min": -999999.0, 
                "max": 88646.76, 
                "average": -639934.0951574497, 
                "median": -999999.0
            }, 
            "missing_impute_with_value": -639934.0951574497
        }, 
        "MarkDown2": {
            "stats": {
                "std": 438526.2848643922, 
                "p99": 20445.0, 
                "min": -999999.0, 
                "max": 104519.54, 
                "average": -741984.8551989122, 
                "median": -999999.0
            }, 
            "missing_impute_with_value": -741984.8551989122
        }, 
        "MarkDown3": {
            "stats": {
                "std": 467670.4933547569, 
                "p99": 2022.46, 
                "min": -999999.0, 
                "max": 141630.61, 
                "average": -678232.8671032952, 
                "median": -999999.0
            }, 
            "missing_impute_with_value": -678232.8671032952
        }, 
        "Type": {
            "stats": {
                "mostFrequentValue": "A", 
                "leastFrequentValue": "C"
            }, 
            "category_possible_counts": [
                147850, 
                114539, 
                40639
            ], 
            "category_possible_values": [
                "A", 
                "B", 
                "C"
            ]
        }, 
        "MarkDown5": {
            "stats": {
                "std": 482145.98840591597, 
                "p99": 15387.940000000002, 
                "min": -999999.0, 
                "max": 108519.28, 
                "average": -638392.091595597, 
                "median": -999999.0
            }, 
            "missing_impute_with_value": -638392.091595597
        }, 
        "Store": {
            "stats": {}
        }, 
        "Size": {
            "stats": {
                "std": 63087.01310721324, 
                "p99": 219622.0, 
                "min": 34875.0, 
                "max": 219622.0, 
                "average": 130143.16109732434, 
                "median": 126512.0
            }, 
            "missing_impute_with_value": 130143.16109732434
        }
    }, 
    "feature_order": [
        "CPI", 
        "Temperature", 
        "Unemployment", 
        "Weekly_Sales", 
        "MarkDown4", 
        "IsHoliday", 
        "Date", 
        "Dept", 
        "Fuel_Price", 
        "MarkDown1", 
        "MarkDown2", 
        "MarkDown3", 
        "Type", 
        "MarkDown5", 
        "Store", 
        "Size"
    ]
}