{
    "metrics": {
        "pearson": 0.94243280967349397, 
        "r2": 0.88779208034689672, 
        "rmse": 17.15380327260488, 
        "mape": 0.5780033499729084, 
        "mae": 9.6359379563289327, 
        "mse": 294.25296671522983, 
        "evs": 0.88791585826423547, 
        "rmsle": 0.5333133623553421
    }, 
    "scatterPlotData": {
        "y": [
            2.4275, 
            0.0775, 
            60.2742, 
            39.1427, 
            75.7348, 
            24.4669, 
            148.178, 
            32.3575, 
            26.5322, 
            12.1569, 
            49.6093, 
            3.9917, 
            3.3578, 
            19.4835, 
            138.913, 
            0.1352, 
            79.5658, 
            3.1724, 
            204.4939, 
            1.7769, 
            2.5621, 
            28.5898, 
            0.977, 
            24.7, 
            12.0145, 
            123.5528, 
            1.025, 
            11.725, 
            43.1762, 
            87.0381, 
            80.8315, 
            49.8269, 
            13.071, 
            20.0767, 
            36.9546, 
            6.0042, 
            4.6263, 
            2.1336, 
            35.7358, 
            3.9759, 
            23.6038, 
            0.0985, 
            71.8826, 
            52.2042, 
            1.2527, 
            155.5452, 
            1.883, 
            53.4905, 
            111.9707, 
            8.462, 
            4.6805, 
            35.1475, 
            22.6985, 
            6.149, 
            78.4635, 
            15.4207, 
            1.1685, 
            4.101, 
            34.387, 
            10.091, 
            40.0207, 
            110.0512, 
            1.0437, 
            114.6153, 
            5.1082, 
            32.5054, 
            24.6719, 
            4.4452, 
            2.4485, 
            7.6242, 
            24.3367, 
            125.8336, 
            98.0793, 
            59.3505, 
            9.493, 
            24.2102, 
            22.0732, 
            12.3738, 
            41.7492, 
            68.7458, 
            0.3091, 
            52.9245, 
            7.4212, 
            18.4952, 
            0.7256, 
            154.8457, 
            28.0052, 
            0.974, 
            68.3943, 
            1.1942, 
            11.0577, 
            13.163, 
            44.9863, 
            72.0741, 
            0.3642, 
            2.501, 
            4.4078, 
            0.4325, 
            23.041, 
            17.6058, 
            1.2985, 
            33.5573, 
            26.8483, 
            9.7101, 
            5.2312, 
            24.2665, 
            19.8405, 
            22.9318, 
            17.5173, 
            51.1122, 
            12.3785, 
            94.4556, 
            25.1683, 
            2.0148, 
            22.0515, 
            33.6512, 
            23.5283, 
            10.704, 
            3.6327, 
            0.4818, 
            50.6635, 
            1.0983, 
            56.052, 
            1.617, 
            5.4912, 
            91.936, 
            0.1562, 
            72.3702, 
            3.9736, 
            46.482, 
            6.0622, 
            52.6093, 
            177.4642, 
            18.4533, 
            19.1623, 
            11.4907, 
            50.032, 
            149.883, 
            29.3068, 
            0.7762, 
            6.2467, 
            3.3073, 
            37.7757, 
            2.3468, 
            12.7488, 
            27.5447, 
            0.1194, 
            22.8555, 
            48.6197, 
            41.4435, 
            228.8977, 
            3.2931, 
            119.1075, 
            21.1067, 
            7.3398, 
            15.2592, 
            59.6927, 
            34.3727, 
            1.6213, 
            8.1462, 
            31.7534, 
            24.5303, 
            4.4153, 
            140.419, 
            48.1681, 
            34.177, 
            0.5176, 
            67.0694, 
            37.2126, 
            41.445, 
            54.7659, 
            1.3929, 
            16.7688, 
            54.298, 
            9.1867, 
            39.2315, 
            51.9376, 
            12.1933, 
            4.6435, 
            30.0527, 
            48.6048, 
            13.5997, 
            20.5109, 
            1.4957, 
            22.4868, 
            37.2382, 
            154.1681, 
            17.2203, 
            26.0155, 
            0.4828, 
            87.3078, 
            72.9315, 
            16.9008, 
            80.197, 
            46.4043, 
            55.6935, 
            1.0667, 
            5.766, 
            35.7735, 
            0.5533, 
            62.2311, 
            17.9633, 
            11.121, 
            47.9909, 
            6.4768, 
            52.8332, 
            13.9527, 
            3.9013, 
            24.3509, 
            1.3852, 
            65.0869, 
            103.0767, 
            12.7757, 
            27.1017, 
            23.3608, 
            57.3189, 
            1.6603, 
            28.4013, 
            3.939, 
            168.4046, 
            85.0605, 
            0.3167, 
            5.3432, 
            43.362, 
            1.8624, 
            1.93, 
            16.9265, 
            114.9812, 
            36.664, 
            1.4827, 
            6.4313, 
            11.2995, 
            26.045, 
            12.0358, 
            241.0472, 
            22.9632, 
            0.3991, 
            0.9356, 
            8.5055, 
            2.1782, 
            51.2958, 
            13.6828, 
            7.491, 
            0.5772, 
            72.0407, 
            65.0391, 
            19.625, 
            57.3617, 
            3.162, 
            13.0354, 
            201.7478, 
            194.5763, 
            22.2588, 
            23.6212, 
            21.9403, 
            49.8326, 
            0.661, 
            61.461, 
            59.5661, 
            159.6968, 
            57.3069, 
            47.6074, 
            80.6828, 
            17.3528, 
            2.2306, 
            72.2168, 
            11.9125, 
            43.4186, 
            173.7769, 
            0.1317, 
            19.7206, 
            28.1458, 
            16.1958, 
            6.5089, 
            57.5714, 
            0.6427, 
            4.3827, 
            27.3297, 
            56.2434, 
            37.1968, 
            10.4996, 
            122.1905, 
            7.631, 
            51.2935, 
            21.9661, 
            9.916, 
            9.6008, 
            12.8917, 
            20.0817, 
            69.2983, 
            9.182, 
            42.9764, 
            7.9773, 
            8.014, 
            262.3123, 
            0.9938, 
            1.1284, 
            4.7195, 
            1.1066, 
            109.7385, 
            77.3634, 
            23.5552, 
            17.1021, 
            3.8153, 
            24.0683, 
            48.5132, 
            28.1877, 
            3.8988, 
            31.2693, 
            77.0258, 
            51.5519, 
            26.4775, 
            18.9873, 
            13.2048, 
            33.8808, 
            65.6172, 
            177.3407, 
            7.8698, 
            7.766, 
            41.3544, 
            2.3245, 
            30.3551, 
            11.4691, 
            61.4947, 
            6.6816, 
            125.0812, 
            35.3511, 
            84.3695, 
            32.6049, 
            80.6012, 
            62.6596, 
            84.7206, 
            28.4568, 
            2.4403, 
            6.5538, 
            226.0947, 
            4.3529, 
            27.4962, 
            15.2015, 
            0.6612, 
            57.8711, 
            94.3451, 
            2.7243, 
            66.9262, 
            25.1641, 
            24.5301, 
            54.6046, 
            30.786, 
            5.7438, 
            4.4039, 
            13.271, 
            0.1783, 
            32.5428, 
            7.2818, 
            40.5066, 
            42.9714, 
            71.1712, 
            19.445, 
            9.0939, 
            20.3031, 
            106.9284, 
            53.9282, 
            12.7312, 
            1.6692, 
            36.3562, 
            23.8089, 
            36.8282, 
            55.2337, 
            4.9725, 
            42.7879, 
            2.4039, 
            20.9127, 
            62.199, 
            2.4047, 
            71.3034, 
            0.3622, 
            4.2348, 
            12.5607, 
            24.6829, 
            33.8441, 
            28.8998, 
            0.2918, 
            26.5136, 
            2.4945, 
            8.1637, 
            73.0622, 
            39.6731, 
            146.0085, 
            61.9652, 
            6.8342, 
            164.518, 
            12.8735, 
            152.3521, 
            2.4563, 
            6.2658, 
            36.85, 
            49.5174, 
            65.0819, 
            12.5058, 
            1.5497, 
            8.2582, 
            57.8737, 
            7.5217, 
            12.7765, 
            21.068, 
            26.3835, 
            2.6652, 
            24.5626, 
            12.304, 
            27.7687, 
            196.1508, 
            66.8135, 
            2.1548, 
            1.5087, 
            39.6389, 
            4.181, 
            15.8065, 
            6.8627, 
            85.752, 
            4.0817, 
            15.5173, 
            3.2578, 
            167.6657, 
            1.0085, 
            0.4652, 
            10.8565, 
            13.3339, 
            22.0527, 
            33.7515, 
            56.2278, 
            3.2137, 
            4.0374, 
            27.9382, 
            46.7577, 
            8.6246, 
            10.3445, 
            11.6298, 
            43.436, 
            78.649, 
            74.3153, 
            4.7423, 
            66.8583, 
            27.8226, 
            65.788, 
            183.4727, 
            4.5285, 
            30.448, 
            3.6943, 
            4.5668, 
            2.0612, 
            4.6467, 
            69.1644, 
            42.8735, 
            6.6688, 
            14.9881, 
            4.57, 
            307.459, 
            22.2128, 
            105.106, 
            72.9288, 
            0.4033, 
            94.3752, 
            37.9519, 
            177.74, 
            1.8464, 
            28.5406, 
            41.3794, 
            11.2083, 
            2.0515, 
            14.7338, 
            72.6556, 
            44.0283, 
            40.8101, 
            9.2777, 
            24.267, 
            90.7002, 
            8.5093, 
            1.7603, 
            14.4163, 
            5.8228, 
            29.6151, 
            1.7827, 
            53.6315, 
            47.1613, 
            0.6756, 
            82.7776, 
            4.8353, 
            13.258, 
            30.0672, 
            15.9255, 
            17.0309, 
            42.5178, 
            22.7515, 
            6.6493, 
            58.3305, 
            6.728, 
            106.8535, 
            13.3925, 
            17.1037, 
            6.2547, 
            1.3483, 
            3.0567, 
            25.2823, 
            26.5035, 
            3.2202, 
            3.5085, 
            12.4416, 
            1.4521, 
            1.9662, 
            1.3242, 
            1.4169, 
            48.5865, 
            31.0368, 
            1.736, 
            20.129, 
            1.7959, 
            27.1055, 
            14.2177, 
            3.9412, 
            46.1729, 
            61.8309, 
            16.4143, 
            36.1399, 
            163.3379, 
            95.9861, 
            87.8087, 
            93.3508, 
            54.2194, 
            13.2253, 
            20.221, 
            3.0412, 
            16.3268, 
            4.89, 
            3.7582, 
            17.0283, 
            0.2033, 
            3.0572, 
            0.9908, 
            21.0813, 
            15.7487, 
            81.1109, 
            9.3345, 
            16.8695, 
            0.051, 
            104.7127, 
            0.5905, 
            14.2967, 
            19.2614, 
            2.164, 
            3.2988, 
            1.1357, 
            26.2449, 
            0.7421, 
            1.6693, 
            74.0458, 
            13.7825, 
            2.6217, 
            65.4556, 
            80.1125, 
            13.5783, 
            2.837, 
            2.6865, 
            193.9907, 
            3.4182, 
            18.4594, 
            4.0706, 
            15.9808, 
            197.9241, 
            1.5298, 
            44.2848, 
            0.0267, 
            30.7417, 
            5.7369, 
            0.6752, 
            0.7721, 
            14.5765, 
            17.8057, 
            1.8501, 
            44.7292, 
            10.9257, 
            19.8483, 
            87.8365, 
            1.9473, 
            2.0292, 
            36.0422, 
            167.7063, 
            9.1504, 
            2.0058, 
            74.389, 
            11.1323, 
            0.4231, 
            4.5743, 
            4.0042, 
            0.7277, 
            158.1245, 
            2.8333, 
            4.9448, 
            27.7843, 
            0.1633, 
            61.3728, 
            3.2305, 
            0.0667, 
            59.9442, 
            0.04, 
            50.3397, 
            13.2718, 
            211.9446, 
            53.7749, 
            29.6288, 
            1.568, 
            3.6865, 
            21.4918, 
            14.312, 
            7.0467, 
            0.9136, 
            58.8309, 
            113.2122, 
            35.5688, 
            5.1114, 
            90.6098, 
            31.7629, 
            0.9703, 
            134.8021, 
            0.2933, 
            9.6543, 
            7.2689, 
            15.32, 
            7.0832, 
            18.6592, 
            1.0852, 
            160.784, 
            3.3911, 
            24.5465, 
            3.9059, 
            1.5763, 
            67.6088, 
            0.4083, 
            1.7053, 
            159.6758, 
            9.58, 
            12.6015, 
            6.0325, 
            35.595, 
            2.4678, 
            202.4048, 
            184.5508, 
            23.7448, 
            7.2628, 
            58.5527, 
            52.9731, 
            12.9671, 
            15.442, 
            11.4422, 
            8.0597, 
            90.4417, 
            4.1192, 
            4.6645, 
            88.529, 
            3.0187, 
            48.355, 
            0.5778, 
            35.4087, 
            25.3053, 
            5.4338, 
            45.259, 
            65.9849, 
            10.8205, 
            2.7717, 
            171.8985, 
            42.2003, 
            86.9361, 
            39.6261, 
            1.0248, 
            4.6447, 
            15.6465, 
            29.5607, 
            27.7678, 
            61.3368, 
            8.8768, 
            2.8557, 
            14.239, 
            11.3555, 
            87.5135, 
            0.38, 
            57.0754, 
            56.91, 
            27.0417, 
            12.6624, 
            95.7433, 
            19.9597, 
            20.8805, 
            7.8502, 
            6.404, 
            6.8699, 
            14.9422, 
            20.4447, 
            29.5334, 
            11.7383, 
            6.8772, 
            43.4882, 
            67.7635, 
            59.0932, 
            153.431, 
            0.129, 
            8.003, 
            109.0675, 
            5.5257, 
            25.6015, 
            76.1153, 
            2.5574, 
            13.3042, 
            14.5049, 
            130.2558, 
            4.937, 
            118.148, 
            0.9225, 
            5.7031, 
            5.0387, 
            2.0577, 
            63.2043, 
            11.7089, 
            1.8483, 
            15.3643, 
            4.6335, 
            43.9203, 
            30.4089, 
            90.1822, 
            62.137, 
            0.05, 
            18.8748, 
            7.6652, 
            107.6508, 
            16.4404, 
            9.183, 
            71.5018, 
            14.5467, 
            62.0317, 
            4.648, 
            145.6258, 
            67.477, 
            0.1976, 
            34.6027, 
            47.9126, 
            9.7837, 
            25.0803, 
            249.3573, 
            0.1513, 
            20.6753, 
            91.5765, 
            47.1407, 
            1.911, 
            94.512, 
            9.0477, 
            4.5392, 
            0.5986, 
            10.1298, 
            10.2808, 
            46.9114, 
            63.6101, 
            0.5008, 
            116.5028, 
            1.5807, 
            56.6986, 
            118.9892, 
            23.2746, 
            126.3459, 
            84.0433, 
            40.9463, 
            84.6122, 
            9.833, 
            19.5605, 
            188.9777, 
            4.8557, 
            22.4303, 
            59.8878, 
            4.0994, 
            39.4379, 
            22.7252, 
            12.7708, 
            4.1387, 
            42.8491, 
            148.7229, 
            3.5783, 
            31.9933, 
            9.8477, 
            4.0328, 
            4.79, 
            128.5197, 
            4.3665, 
            149.0807, 
            12.3877, 
            52.476, 
            57.3676, 
            9.8912, 
            2.475, 
            1.0357, 
            57.0032, 
            49.2422, 
            4.0461, 
            8.7119, 
            129.772, 
            44.0748, 
            20.9314, 
            21.1558, 
            26.0537, 
            2.9175, 
            7.4047, 
            6.8082, 
            68.1922, 
            2.4546, 
            73.5129, 
            45.1767, 
            28.1851, 
            14.6104, 
            62.6014, 
            24.5702, 
            28.1225, 
            6.1452, 
            17.2187, 
            17.2653, 
            232.6527, 
            59.2388, 
            11.3712, 
            23.5466, 
            5.9865, 
            21.5888, 
            0.075, 
            27.5445, 
            1.8962, 
            7.4197, 
            10.7023, 
            33.5663, 
            9.2338, 
            29.5833, 
            5.2952, 
            94.5322, 
            89.9979, 
            0.7817, 
            165.6751, 
            1.7348, 
            223.8543, 
            54.875, 
            2.9504, 
            7.8113, 
            30.2861, 
            5.6167, 
            46.1311, 
            2.4431, 
            94.9067, 
            251.2317, 
            3.9843, 
            5.7768, 
            0.684, 
            19.0005, 
            9.5807, 
            3.858, 
            54.6432, 
            44.6436, 
            3.3571, 
            48.9188, 
            7.691, 
            1.5929, 
            30.2052, 
            2.5642, 
            5.3447, 
            12.1595, 
            5.2945, 
            102.1715, 
            46.6076, 
            90.1315, 
            59.699, 
            0.7747, 
            25.0785, 
            1.1951, 
            9.0426, 
            27.0572, 
            116.6937, 
            283.4076, 
            28.3167, 
            49.2884, 
            59.8918, 
            8.9565, 
            10.8213, 
            226.8356, 
            205.9148, 
            1.067, 
            0.7608, 
            3.551, 
            21.3062, 
            78.9526, 
            12.0573, 
            1.4239, 
            0.4541, 
            7.2192, 
            2.1893, 
            13.2027, 
            42.8629, 
            36.0115, 
            16.6479, 
            9.6087, 
            2.8697, 
            91.552, 
            153.8336, 
            10.6828, 
            12.1017, 
            25.8358, 
            1.0664, 
            25.4855, 
            11.2358, 
            7.8558, 
            15.1428, 
            77.848, 
            14.2352, 
            21.2154, 
            67.3682, 
            11.0949, 
            15.1619, 
            3.6065, 
            48.7245, 
            186.136, 
            1.4676, 
            6.4242, 
            11.9977, 
            64.4308, 
            47.2245, 
            41.6432, 
            136.2262, 
            14.8954, 
            260.9349, 
            43.993, 
            37.6292, 
            3.3405, 
            3.6575, 
            106.4133, 
            53.4733, 
            4.1304, 
            42.1955, 
            7.9202, 
            5.3408, 
            24.5916, 
            47.5637, 
            0.7819, 
            13.7307, 
            12.5107, 
            37.5876, 
            1.9132, 
            0.4468, 
            0.7228, 
            7.7157, 
            6.3192, 
            26.8683, 
            9.7305, 
            33.6672, 
            210.7923, 
            49.4203, 
            4.7338, 
            2.285, 
            69.068, 
            215.6233, 
            77.11, 
            184.9995, 
            58.1835, 
            1.1192, 
            23.2948, 
            6.7945, 
            1.9202, 
            3.2143, 
            2.6793, 
            7.605, 
            0.525, 
            7.6733, 
            0.6853, 
            64.8529, 
            8.9793, 
            49.6267, 
            32.075, 
            14.3122, 
            11.1958, 
            38.445, 
            55.7262, 
            40.5342, 
            15.4677, 
            23.237, 
            86.9172, 
            2.655, 
            2.2452, 
            12.5735, 
            22.8364, 
            39.866, 
            0.3617, 
            32.379, 
            2.1414, 
            83.5433, 
            11.866, 
            8.3144, 
            2.0635, 
            28.7716, 
            86.3733, 
            3.3292, 
            19.4077
        ], 
        "x": [
            5.0, 
            0.0, 
            51.0, 
            25.0, 
            91.0, 
            25.0, 
            156.0, 
            15.0, 
            18.0, 
            9.0, 
            59.0, 
            10.0, 
            2.0, 
            27.0, 
            48.0, 
            0.0, 
            69.0, 
            4.0, 
            246.0, 
            3.0, 
            4.0, 
            41.0, 
            1.0, 
            1.0, 
            11.0, 
            111.0, 
            1.0, 
            1.0, 
            175.0, 
            96.0, 
            63.0, 
            47.0, 
            9.0, 
            19.0, 
            30.0, 
            10.0, 
            6.0, 
            2.0, 
            33.0, 
            8.0, 
            30.0, 
            0.0, 
            40.0, 
            52.0, 
            0.0, 
            148.0, 
            4.0, 
            42.0, 
            240.0, 
            7.0, 
            4.0, 
            40.0, 
            20.0, 
            8.0, 
            75.0, 
            16.0, 
            0.0, 
            2.0, 
            20.0, 
            11.0, 
            24.0, 
            218.0, 
            1.0, 
            112.0, 
            2.0, 
            35.0, 
            31.0, 
            1.0, 
            5.0, 
            9.0, 
            32.0, 
            149.0, 
            97.0, 
            71.0, 
            18.0, 
            5.0, 
            24.0, 
            12.0, 
            69.0, 
            50.0, 
            0.0, 
            66.0, 
            10.0, 
            21.0, 
            0.0, 
            79.0, 
            18.0, 
            0.0, 
            83.0, 
            1.0, 
            11.0, 
            8.0, 
            69.0, 
            53.0, 
            0.0, 
            0.0, 
            7.0, 
            1.0, 
            39.0, 
            8.0, 
            4.0, 
            43.0, 
            27.0, 
            14.0, 
            0.0, 
            21.0, 
            17.0, 
            21.0, 
            9.0, 
            51.0, 
            8.0, 
            99.0, 
            28.0, 
            1.0, 
            40.0, 
            36.0, 
            22.0, 
            12.0, 
            2.0, 
            1.0, 
            64.0, 
            2.0, 
            59.0, 
            8.0, 
            3.0, 
            79.0, 
            0.0, 
            82.0, 
            1.0, 
            59.0, 
            2.0, 
            48.0, 
            191.0, 
            19.0, 
            8.0, 
            19.0, 
            30.0, 
            128.0, 
            22.0, 
            1.0, 
            4.0, 
            2.0, 
            38.0, 
            2.0, 
            7.0, 
            55.0, 
            0.0, 
            10.0, 
            43.0, 
            22.0, 
            268.0, 
            1.0, 
            105.0, 
            24.0, 
            1.0, 
            18.0, 
            27.0, 
            12.0, 
            4.0, 
            5.0, 
            15.0, 
            15.0, 
            1.0, 
            172.0, 
            33.0, 
            11.0, 
            2.0, 
            73.0, 
            31.0, 
            6.0, 
            56.0, 
            0.0, 
            20.0, 
            86.0, 
            3.0, 
            29.0, 
            18.0, 
            13.0, 
            3.0, 
            17.0, 
            53.0, 
            11.0, 
            17.0, 
            0.0, 
            15.0, 
            22.0, 
            122.0, 
            18.0, 
            35.0, 
            2.0, 
            37.0, 
            82.0, 
            9.0, 
            73.0, 
            54.0, 
            82.0, 
            2.0, 
            5.0, 
            22.0, 
            0.0, 
            57.0, 
            24.0, 
            10.0, 
            31.0, 
            11.0, 
            36.0, 
            8.0, 
            3.0, 
            35.0, 
            1.0, 
            39.0, 
            129.0, 
            10.0, 
            14.0, 
            26.0, 
            73.0, 
            1.0, 
            18.0, 
            2.0, 
            145.0, 
            100.0, 
            0.0, 
            10.0, 
            87.0, 
            2.0, 
            2.0, 
            8.0, 
            226.0, 
            39.0, 
            0.0, 
            3.0, 
            16.0, 
            31.0, 
            13.0, 
            142.0, 
            50.0, 
            1.0, 
            3.0, 
            12.0, 
            0.0, 
            34.0, 
            11.0, 
            7.0, 
            0.0, 
            66.0, 
            50.0, 
            20.0, 
            55.0, 
            4.0, 
            12.0, 
            201.0, 
            229.0, 
            13.0, 
            30.0, 
            10.0, 
            78.0, 
            2.0, 
            50.0, 
            53.0, 
            158.0, 
            46.0, 
            53.0, 
            69.0, 
            7.0, 
            1.0, 
            86.0, 
            7.0, 
            36.0, 
            145.0, 
            0.0, 
            25.0, 
            31.0, 
            9.0, 
            4.0, 
            72.0, 
            0.0, 
            10.0, 
            20.0, 
            33.0, 
            25.0, 
            14.0, 
            114.0, 
            6.0, 
            24.0, 
            26.0, 
            7.0, 
            6.0, 
            22.0, 
            13.0, 
            32.0, 
            11.0, 
            46.0, 
            3.0, 
            10.0, 
            298.0, 
            0.0, 
            3.0, 
            2.0, 
            0.0, 
            92.0, 
            88.0, 
            6.0, 
            18.0, 
            3.0, 
            29.0, 
            55.0, 
            40.0, 
            5.0, 
            33.0, 
            71.0, 
            60.0, 
            29.0, 
            18.0, 
            1.0, 
            37.0, 
            65.0, 
            134.0, 
            8.0, 
            12.0, 
            31.0, 
            3.0, 
            29.0, 
            9.0, 
            66.0, 
            3.0, 
            89.0, 
            31.0, 
            88.0, 
            27.0, 
            86.0, 
            68.0, 
            49.0, 
            26.0, 
            2.0, 
            6.0, 
            254.0, 
            5.0, 
            45.0, 
            14.0, 
            1.0, 
            90.0, 
            57.0, 
            4.0, 
            45.0, 
            17.0, 
            31.0, 
            81.0, 
            20.0, 
            8.0, 
            1.0, 
            14.0, 
            1.0, 
            34.0, 
            10.0, 
            41.0, 
            35.0, 
            85.0, 
            29.0, 
            11.0, 
            12.0, 
            222.0, 
            48.0, 
            14.0, 
            4.0, 
            18.0, 
            30.0, 
            33.0, 
            89.0, 
            1.0, 
            45.0, 
            0.0, 
            19.0, 
            120.0, 
            4.0, 
            50.0, 
            0.0, 
            1.0, 
            9.0, 
            24.0, 
            40.0, 
            28.0, 
            2.0, 
            34.0, 
            1.0, 
            6.0, 
            62.0, 
            81.0, 
            113.0, 
            42.0, 
            3.0, 
            159.0, 
            12.0, 
            141.0, 
            2.0, 
            5.0, 
            33.0, 
            40.0, 
            48.0, 
            7.0, 
            1.0, 
            8.0, 
            39.0, 
            5.0, 
            21.0, 
            8.0, 
            21.0, 
            2.0, 
            24.0, 
            7.0, 
            29.0, 
            207.0, 
            69.0, 
            0.0, 
            1.0, 
            28.0, 
            2.0, 
            18.0, 
            10.0, 
            113.0, 
            1.0, 
            22.0, 
            1.0, 
            143.0, 
            3.0, 
            0.0, 
            6.0, 
            15.0, 
            9.0, 
            19.0, 
            61.0, 
            5.0, 
            0.0, 
            25.0, 
            79.0, 
            9.0, 
            5.0, 
            13.0, 
            42.0, 
            84.0, 
            53.0, 
            4.0, 
            53.0, 
            30.0, 
            53.0, 
            218.0, 
            9.0, 
            2.0, 
            1.0, 
            0.0, 
            1.0, 
            15.0, 
            117.0, 
            11.0, 
            3.0, 
            17.0, 
            6.0, 
            357.0, 
            16.0, 
            75.0, 
            64.0, 
            0.0, 
            40.0, 
            28.0, 
            142.0, 
            0.0, 
            18.0, 
            25.0, 
            13.0, 
            1.0, 
            9.0, 
            54.0, 
            27.0, 
            34.0, 
            19.0, 
            17.0, 
            111.0, 
            10.0, 
            0.0, 
            3.0, 
            15.0, 
            29.0, 
            1.0, 
            55.0, 
            27.0, 
            2.0, 
            31.0, 
            2.0, 
            9.0, 
            21.0, 
            8.0, 
            17.0, 
            22.0, 
            7.0, 
            2.0, 
            71.0, 
            0.0, 
            148.0, 
            6.0, 
            4.0, 
            6.0, 
            0.0, 
            2.0, 
            29.0, 
            48.0, 
            7.0, 
            1.0, 
            3.0, 
            2.0, 
            0.0, 
            0.0, 
            1.0, 
            44.0, 
            16.0, 
            1.0, 
            15.0, 
            1.0, 
            5.0, 
            17.0, 
            0.0, 
            33.0, 
            84.0, 
            21.0, 
            55.0, 
            181.0, 
            89.0, 
            151.0, 
            75.0, 
            47.0, 
            8.0, 
            10.0, 
            0.0, 
            17.0, 
            4.0, 
            16.0, 
            12.0, 
            0.0, 
            2.0, 
            0.0, 
            82.0, 
            11.0, 
            139.0, 
            8.0, 
            18.0, 
            0.0, 
            74.0, 
            0.0, 
            11.0, 
            14.0, 
            1.0, 
            6.0, 
            0.0, 
            14.0, 
            2.0, 
            1.0, 
            42.0, 
            11.0, 
            6.0, 
            48.0, 
            109.0, 
            11.0, 
            0.0, 
            6.0, 
            189.0, 
            3.0, 
            6.0, 
            0.0, 
            30.0, 
            175.0, 
            2.0, 
            66.0, 
            0.0, 
            30.0, 
            8.0, 
            2.0, 
            0.0, 
            20.0, 
            8.0, 
            0.0, 
            37.0, 
            9.0, 
            11.0, 
            80.0, 
            0.0, 
            2.0, 
            37.0, 
            139.0, 
            5.0, 
            0.0, 
            85.0, 
            10.0, 
            0.0, 
            5.0, 
            2.0, 
            1.0, 
            163.0, 
            4.0, 
            2.0, 
            25.0, 
            0.0, 
            83.0, 
            2.0, 
            0.0, 
            25.0, 
            0.0, 
            28.0, 
            9.0, 
            248.0, 
            69.0, 
            19.0, 
            1.0, 
            6.0, 
            18.0, 
            9.0, 
            0.0, 
            2.0, 
            34.0, 
            51.0, 
            46.0, 
            4.0, 
            73.0, 
            31.0, 
            0.0, 
            156.0, 
            0.0, 
            10.0, 
            23.0, 
            13.0, 
            12.0, 
            16.0, 
            2.0, 
            179.0, 
            5.0, 
            43.0, 
            2.0, 
            2.0, 
            124.0, 
            0.0, 
            0.0, 
            108.0, 
            9.0, 
            13.0, 
            7.0, 
            28.0, 
            3.0, 
            236.0, 
            179.0, 
            27.0, 
            4.0, 
            70.0, 
            50.0, 
            18.0, 
            6.0, 
            8.0, 
            2.0, 
            106.0, 
            4.0, 
            3.0, 
            88.0, 
            1.0, 
            63.0, 
            2.0, 
            24.0, 
            19.0, 
            4.0, 
            61.0, 
            53.0, 
            7.0, 
            1.0, 
            173.0, 
            25.0, 
            71.0, 
            38.0, 
            0.0, 
            4.0, 
            5.0, 
            22.0, 
            30.0, 
            52.0, 
            8.0, 
            1.0, 
            28.0, 
            11.0, 
            78.0, 
            0.0, 
            35.0, 
            65.0, 
            21.0, 
            7.0, 
            41.0, 
            10.0, 
            11.0, 
            3.0, 
            5.0, 
            3.0, 
            10.0, 
            22.0, 
            24.0, 
            13.0, 
            12.0, 
            20.0, 
            91.0, 
            73.0, 
            142.0, 
            0.0, 
            0.0, 
            180.0, 
            4.0, 
            18.0, 
            78.0, 
            3.0, 
            9.0, 
            12.0, 
            108.0, 
            1.0, 
            92.0, 
            2.0, 
            2.0, 
            7.0, 
            2.0, 
            42.0, 
            9.0, 
            1.0, 
            16.0, 
            4.0, 
            42.0, 
            46.0, 
            76.0, 
            72.0, 
            0.0, 
            29.0, 
            9.0, 
            61.0, 
            23.0, 
            9.0, 
            39.0, 
            13.0, 
            78.0, 
            1.0, 
            131.0, 
            65.0, 
            0.0, 
            24.0, 
            55.0, 
            7.0, 
            25.0, 
            355.0, 
            1.0, 
            17.0, 
            57.0, 
            43.0, 
            2.0, 
            104.0, 
            10.0, 
            0.0, 
            0.0, 
            3.0, 
            16.0, 
            40.0, 
            27.0, 
            0.0, 
            133.0, 
            3.0, 
            42.0, 
            146.0, 
            36.0, 
            148.0, 
            63.0, 
            31.0, 
            38.0, 
            8.0, 
            12.0, 
            196.0, 
            2.0, 
            27.0, 
            43.0, 
            2.0, 
            40.0, 
            47.0, 
            19.0, 
            2.0, 
            30.0, 
            121.0, 
            0.0, 
            30.0, 
            10.0, 
            3.0, 
            3.0, 
            167.0, 
            0.0, 
            99.0, 
            9.0, 
            55.0, 
            69.0, 
            17.0, 
            1.0, 
            2.0, 
            54.0, 
            56.0, 
            14.0, 
            8.0, 
            106.0, 
            39.0, 
            8.0, 
            24.0, 
            19.0, 
            1.0, 
            7.0, 
            3.0, 
            65.0, 
            2.0, 
            80.0, 
            43.0, 
            31.0, 
            17.0, 
            44.0, 
            12.0, 
            54.0, 
            2.0, 
            11.0, 
            12.0, 
            228.0, 
            49.0, 
            5.0, 
            15.0, 
            29.0, 
            14.0, 
            0.0, 
            5.0, 
            1.0, 
            11.0, 
            7.0, 
            30.0, 
            3.0, 
            29.0, 
            11.0, 
            142.0, 
            81.0, 
            0.0, 
            171.0, 
            2.0, 
            191.0, 
            57.0, 
            3.0, 
            15.0, 
            38.0, 
            3.0, 
            53.0, 
            8.0, 
            105.0, 
            233.0, 
            4.0, 
            4.0, 
            0.0, 
            9.0, 
            3.0, 
            2.0, 
            47.0, 
            45.0, 
            4.0, 
            31.0, 
            18.0, 
            0.0, 
            26.0, 
            0.0, 
            0.0, 
            12.0, 
            3.0, 
            94.0, 
            44.0, 
            59.0, 
            31.0, 
            0.0, 
            42.0, 
            4.0, 
            15.0, 
            14.0, 
            175.0, 
            325.0, 
            40.0, 
            32.0, 
            64.0, 
            4.0, 
            11.0, 
            240.0, 
            362.0, 
            1.0, 
            0.0, 
            10.0, 
            21.0, 
            75.0, 
            12.0, 
            5.0, 
            1.0, 
            6.0, 
            1.0, 
            4.0, 
            22.0, 
            33.0, 
            19.0, 
            4.0, 
            4.0, 
            86.0, 
            170.0, 
            17.0, 
            26.0, 
            30.0, 
            0.0, 
            24.0, 
            4.0, 
            12.0, 
            17.0, 
            128.0, 
            17.0, 
            17.0, 
            38.0, 
            11.0, 
            11.0, 
            2.0, 
            35.0, 
            128.0, 
            1.0, 
            4.0, 
            1.0, 
            74.0, 
            46.0, 
            31.0, 
            215.0, 
            16.0, 
            297.0, 
            71.0, 
            32.0, 
            6.0, 
            5.0, 
            81.0, 
            70.0, 
            5.0, 
            26.0, 
            6.0, 
            6.0, 
            33.0, 
            80.0, 
            1.0, 
            7.0, 
            14.0, 
            65.0, 
            5.0, 
            0.0, 
            0.0, 
            4.0, 
            6.0, 
            28.0, 
            11.0, 
            37.0, 
            233.0, 
            33.0, 
            1.0, 
            2.0, 
            64.0, 
            237.0, 
            71.0, 
            146.0, 
            71.0, 
            0.0, 
            19.0, 
            9.0, 
            3.0, 
            3.0, 
            7.0, 
            4.0, 
            0.0, 
            3.0, 
            1.0, 
            80.0, 
            3.0, 
            48.0, 
            29.0, 
            6.0, 
            21.0, 
            42.0, 
            25.0, 
            15.0, 
            6.0, 
            15.0, 
            84.0, 
            5.0, 
            1.0, 
            15.0, 
            29.0, 
            54.0, 
            1.0, 
            39.0, 
            3.0, 
            83.0, 
            8.0, 
            1.0, 
            0.0, 
            40.0, 
            62.0, 
            5.0, 
            14.0
        ]
    }, 
    "regression_performance": {
        "max_error": 42.883565255411163, 
        "median_error": -0.9321666666666666, 
        "error_distribution": [
            {
                "count": 81, 
                "bin_max": -28.771068331601736, 
                "bin_id": 0, 
                "bin_min": -36.812310545255407
            }, 
            {
                "count": 59, 
                "bin_max": -20.809442377489191, 
                "bin_id": 1, 
                "bin_min": -28.771068331601736
            }, 
            {
                "count": 131, 
                "bin_max": -12.847816423376649, 
                "bin_id": 2, 
                "bin_min": -20.809442377489191
            }, 
            {
                "count": 342, 
                "bin_max": -4.8861904692641041, 
                "bin_id": 3, 
                "bin_min": -12.847816423376649
            }, 
            {
                "count": 1045, 
                "bin_max": 3.0754354848484411, 
                "bin_id": 4, 
                "bin_min": -4.8861904692641041
            }, 
            {
                "count": 274, 
                "bin_max": 11.037061438960983, 
                "bin_id": 5, 
                "bin_min": 3.0754354848484411
            }, 
            {
                "count": 108, 
                "bin_max": 18.998687393073531, 
                "bin_id": 6, 
                "bin_min": 11.037061438960983
            }, 
            {
                "count": 50, 
                "bin_max": 26.960313347186073, 
                "bin_id": 7, 
                "bin_min": 18.998687393073531
            }, 
            {
                "count": 39, 
                "bin_max": 34.921939301298615, 
                "bin_id": 8, 
                "bin_min": 26.960313347186073
            }, 
            {
                "count": 66, 
                "bin_max": 42.883565255411163, 
                "bin_id": 9, 
                "bin_min": 34.921939301298615
            }
        ], 
        "min_error": -36.732694285714281, 
        "average_error": -0.777696778948163, 
        "std_error": 13.66778366816241, 
        "p75_error": 2.8069201127819556, 
        "p90_error": 13.774316391941397, 
        "p25_error": -5.663607954545455
    }
}