{
  "state": "DONE",
  "preSearchDescription": {
    "gridLength": 12,
    "importantParams": [
      {
        "name": "trees",
        "vals": [
          "100"
        ]
      },
      {
        "name": "depth",
        "vals": [
          "5",
          "10",
          "15",
          "20"
        ]
      },
      {
        "name": "min_samples",
        "vals": [
          "1",
          "10",
          "100"
        ]
      }
    ]
  },
  "postSearchDescription": {
    "importantParams": [
      {
        "name": "trees",
        "val": "100"
      },
      {
        "name": "depth",
        "val": "20"
      },
      {
        "name": "min_samples",
        "val": "1"
      }
    ]
  },
  "modelId": "m1",
  "progress": {
    "top_level_todo": [],
    "stack": [],
    "top_level_done": [
      {
        "name": "Loading train set",
        "time": 45
      },
      {
        "name": "Loading test set",
        "time": 11
      },
      {
        "name": "Collecting statistics",
        "time": 21
      },
      {
        "name": "Preprocessing train set",
        "time": 50
      },
      {
        "name": "Preprocessing test set",
        "time": 32
      },
      {
        "name": "Fitting model",
        "time": 30680
      },
      {
        "name": "Saving model",
        "time": 274
      },
      {
        "name": "Scoring model",
        "time": 7396
      }
    ]
  },
  "startTime": 1493915393604,
  "endTime": 1493915432121,
  "preprocessingTime": 162,
  "trainingTime": 38355
}