{
    "metrics": {
        "rmse": 6.54501487892333, 
        "pearson": 0.74277195122083683, 
        "mae": 1.3683899068893028, 
        "r2": 0.51628478801422872, 
        "mape": 0.5232510151626448, 
        "mse": 42.837219765327774, 
        "evs": 0.51628936715139284, 
        "rmsle": 0
    }, 
    "scatterPlotData": {
        "y": [
            2.0, 
            1.0, 
            1.0, 
            2.2941, 
            2.125, 
            4.0708, 
            1.0, 
            0.9998, 
            1.0, 
            1.0, 
            1.0, 
            0.9998, 
            1.169, 
            1.0, 
            0.9998, 
            1.0, 
            0.9998, 
            2.5, 
            2.5, 
            0.9998, 
            11.0, 
            1.7429, 
            1.267, 
            3.4659, 
            1.0, 
            3.3176, 
            2.4375, 
            1.0904, 
            1.8429, 
            4.125, 
            2.0, 
            0.9998, 
            3.3137, 
            1.0, 
            4.5, 
            1.0, 
            3.5524, 
            1.0, 
            1.7429, 
            1.1826, 
            0.9998, 
            1.0, 
            1.0, 
            6.0, 
            0.9998, 
            0.0, 
            1.0, 
            1.0, 
            2.5, 
            1.463, 
            9.0, 
            0.9998, 
            1.5, 
            2.7759, 
            1.9493, 
            1.0, 
            3.0, 
            1.0, 
            13.0, 
            2.0, 
            4.0, 
            3.0, 
            1.0, 
            1.169, 
            2.0769, 
            1.0, 
            1.0, 
            1.0, 
            0.9998, 
            1.267, 
            2.0, 
            4.0, 
            9.0, 
            1.0, 
            1.0, 
            2.1951, 
            1.0904, 
            0.9998, 
            1.0, 
            4.0, 
            1.0, 
            1.267, 
            1.1957, 
            2.5152, 
            1.5827, 
            1.3617, 
            18.0, 
            1.169, 
            1.5827, 
            1.0426, 
            1.0889, 
            1.0, 
            1.0, 
            2.0, 
            1.0, 
            0.9998, 
            1.0, 
            1.3019, 
            3.2273, 
            0.9998, 
            1.0, 
            1.0, 
            6.0, 
            1.5827, 
            1.0, 
            5.0, 
            1.0, 
            1.0, 
            1.0, 
            2.8, 
            1.0, 
            0.9998, 
            5.0, 
            1.169, 
            3.1296, 
            0.9998, 
            1.8387, 
            1.0, 
            1.0, 
            1.0, 
            3.0, 
            1.975, 
            1.0, 
            0.9998, 
            0.9998, 
            1.4301, 
            0.9998, 
            1.0, 
            1.0, 
            1.0, 
            1.0, 
            1.5, 
            1.0, 
            1.0824, 
            1.0, 
            1.0, 
            1.0, 
            12.0, 
            2.0, 
            0.9998, 
            1.0, 
            2.8588, 
            1.8429, 
            1.0, 
            1.1871, 
            5.5, 
            1.0, 
            2.7647, 
            1.267, 
            1.0023, 
            1.1613, 
            2.0, 
            1.3333, 
            1.7692, 
            2.0667, 
            2.4375, 
            1.0, 
            1.169, 
            7.0, 
            0.9998, 
            1.0, 
            1.0, 
            1.0, 
            1.0, 
            0.9998, 
            2.0, 
            0.9998, 
            1.0, 
            2.25, 
            8.0, 
            2.1594, 
            1.0, 
            1.0824, 
            2.9412, 
            0.9998, 
            1.8429, 
            1.76, 
            3.5524, 
            1.975, 
            1.0, 
            1.5, 
            0.9998, 
            1.982, 
            2.0, 
            1.267, 
            0.9998, 
            2.5, 
            3.0, 
            1.0, 
            2.0, 
            1.0612, 
            1.3636, 
            0.9998, 
            1.0, 
            3.5, 
            2.0, 
            1.0, 
            1.5, 
            3.5, 
            1.0, 
            1.0, 
            1.0, 
            2.3311, 
            1.5, 
            1.7, 
            3.0, 
            5.0, 
            9.0, 
            1.5827, 
            1.4979, 
            0.9998, 
            0.9998, 
            2.4194, 
            3.8595, 
            1.0, 
            2.3571, 
            1.0, 
            1.0, 
            1.8983, 
            1.0, 
            1.267, 
            11.0, 
            6.0, 
            0.9998, 
            1.0, 
            0.9998, 
            1.0, 
            1.0, 
            1.975, 
            0.9998, 
            1.0, 
            0.9998, 
            1.4301, 
            2.0, 
            1.267, 
            1.0, 
            0.9998, 
            1.5827, 
            1.0, 
            1.0, 
            1.0, 
            2.0, 
            0.9998, 
            1.0, 
            1.773, 
            1.0, 
            0.9998, 
            1.0, 
            1.7528, 
            1.1186, 
            1.2564, 
            0.9998, 
            1.5, 
            1.0, 
            0.9998, 
            0.9998, 
            21.0, 
            1.267, 
            1.169, 
            0.9998, 
            1.267, 
            1.4032, 
            1.0, 
            1.98, 
            1.5827, 
            7.0, 
            1.0, 
            1.25, 
            0.9998, 
            13.0, 
            1.0, 
            0.9998, 
            2.3311, 
            1.0, 
            0.9998, 
            1.0, 
            1.0, 
            1.0, 
            0.9998, 
            2.3689, 
            2.2321, 
            0.9998, 
            1.0, 
            3.8125, 
            1.4979, 
            0.9998, 
            1.1515, 
            16.6, 
            1.0, 
            1.0, 
            1.1791, 
            1.0, 
            0.9998, 
            1.267, 
            1.0, 
            1.1871, 
            1.0, 
            1.646, 
            1.0, 
            1.0, 
            1.975, 
            35.5, 
            1.0, 
            8.5, 
            1.267, 
            6.5, 
            1.0, 
            1.0, 
            1.0526, 
            0.9998, 
            1.0, 
            5.0, 
            1.0, 
            1.0, 
            3.3176, 
            1.0, 
            2.0327, 
            3.0, 
            1.0, 
            3.5, 
            6.0, 
            4.0, 
            2.0327, 
            1.267, 
            1.0, 
            2.5789, 
            3.0, 
            4.0, 
            1.0, 
            1.0, 
            0.9998, 
            0.9998, 
            1.0, 
            0.9998, 
            0.9998, 
            3.0, 
            1.0, 
            1.267, 
            1.267, 
            1.5, 
            1.0, 
            1.0, 
            1.5827, 
            4.2597, 
            3.0, 
            1.0, 
            2.0, 
            0.9998, 
            1.169, 
            1.0, 
            1.267, 
            1.0, 
            2.0, 
            1.4032, 
            0.9998, 
            1.169, 
            1.0023, 
            1.0, 
            1.0, 
            1.169, 
            0.9998, 
            1.0, 
            1.5827, 
            2.0, 
            1.267, 
            -1.0, 
            1.6476, 
            1.0, 
            1.0, 
            1.267, 
            0.9998, 
            1.0, 
            1.267, 
            1.0116, 
            1.0, 
            1.0, 
            12.0, 
            2.7745, 
            0.9998, 
            1.2632, 
            1.0, 
            1.0, 
            5.0, 
            3.4659, 
            4.5, 
            1.9487, 
            1.8795, 
            3.4659, 
            1.0, 
            0.9998, 
            0.9998, 
            1.1364, 
            2.0, 
            0.9998, 
            1.6923, 
            0.9998, 
            0.9998, 
            1.0, 
            1.0, 
            1.0, 
            1.0, 
            2.05, 
            0.9998, 
            1.0, 
            1.0, 
            1.0, 
            1.8, 
            2.3656, 
            1.1538, 
            1.5, 
            1.4444, 
            1.0, 
            1.267, 
            1.98, 
            1.0, 
            0.9998, 
            0.9998, 
            1.0, 
            2.0, 
            1.0, 
            6.0, 
            0.9998, 
            1.0811, 
            0.9998, 
            1.0, 
            2.4194, 
            1.0, 
            3.0, 
            4.5, 
            9.0, 
            2.0327, 
            3.5524, 
            14.0, 
            3.0, 
            3.5, 
            0.9998, 
            5.0, 
            0.9998, 
            1.2529, 
            9.3333, 
            2.5, 
            0.9998, 
            1.0, 
            0.9998, 
            1.0, 
            1.0, 
            2.1, 
            1.2222, 
            1.0, 
            1.4979, 
            1.0, 
            2.6471, 
            2.0, 
            6.0, 
            1.169, 
            1.1826, 
            1.0, 
            1.0, 
            1.0, 
            0.9998, 
            0.9998, 
            1.982, 
            1.4388, 
            1.0455, 
            1.8, 
            8.0, 
            0.9998, 
            1.2857, 
            2.0, 
            1.0, 
            1.5625, 
            3.5524, 
            2.2, 
            1.0, 
            0.9998, 
            1.0, 
            3.8125, 
            1.3333, 
            1.1826, 
            1.0, 
            5.5, 
            1.0, 
            2.4194, 
            1.1186, 
            3.0, 
            1.169, 
            5.0, 
            0.9998, 
            1.0, 
            1.5827, 
            1.169, 
            1.0, 
            1.5827, 
            2.0, 
            1.8305, 
            0.9998, 
            2.0, 
            1.4559, 
            3.1296, 
            2.4375, 
            2.0, 
            1.0, 
            1.6, 
            2.0, 
            1.0, 
            2.0, 
            3.0, 
            3.0, 
            1.1765, 
            1.0, 
            1.1957, 
            0.9998, 
            1.0, 
            2.0, 
            7.0, 
            5.0, 
            1.0, 
            1.0, 
            0.9998, 
            10.0, 
            1.0, 
            18.0, 
            1.0, 
            1.0, 
            0.9998, 
            1.0, 
            0.9998, 
            1.0, 
            1.0, 
            1.2941, 
            1.0, 
            1.1111, 
            0.9998, 
            4.4, 
            0.9998, 
            0.9998, 
            1.3636, 
            0.9998, 
            0.9998, 
            2.0, 
            1.0, 
            0.9998, 
            13.0, 
            2.3311, 
            0.9998, 
            0.9998, 
            0.9998, 
            1.9118, 
            5.0, 
            2.06, 
            1.0, 
            0.9998, 
            0.9998, 
            4.5088, 
            2.0, 
            2.0, 
            2.7647, 
            1.54, 
            2.0, 
            1.3333, 
            1.0, 
            1.0435, 
            1.0, 
            5.0, 
            1.0, 
            1.0, 
            11.0, 
            1.0, 
            1.773, 
            1.2308, 
            1.169, 
            1.0, 
            0.9998, 
            0.9998, 
            1.0, 
            1.5625, 
            0.9998, 
            1.4032, 
            0.9998, 
            3.0, 
            1.4559, 
            4.5, 
            1.0, 
            2.0, 
            0.9998, 
            1.25, 
            0.9998, 
            1.2, 
            0.9998, 
            1.3, 
            2.1678, 
            5.381, 
            1.2529, 
            2.6154, 
            1.0, 
            1.0, 
            2.1348, 
            3.4659, 
            1.5827, 
            1.1765, 
            0.9998, 
            6.0, 
            4.2597, 
            1.0, 
            0.9998, 
            1.267, 
            0.9998, 
            1.0, 
            1.0, 
            1.0, 
            0.9998, 
            2.0, 
            0.9998, 
            5.0, 
            0.9998, 
            1.0, 
            3.0, 
            1.0, 
            2.1348, 
            0.9998, 
            1.0, 
            1.0, 
            0.9998, 
            1.9493, 
            0.9998, 
            1.1375, 
            1.0, 
            0.9998, 
            1.3067, 
            2.8571, 
            1.0, 
            2.2321, 
            1.0, 
            12.5, 
            1.0, 
            3.0, 
            1.0, 
            1.0, 
            4.0, 
            1.4583, 
            1.0, 
            1.0, 
            3.3176, 
            3.7222, 
            3.0, 
            1.3363, 
            4.0, 
            0.9998, 
            1.0, 
            1.5, 
            2.0, 
            1.0023, 
            1.0, 
            2.0, 
            1.8387, 
            0.9998, 
            0.9998, 
            1.0, 
            1.2143, 
            1.1826, 
            3.0, 
            2.0, 
            1.5, 
            1.8, 
            1.0333, 
            1.0, 
            0.9998, 
            0.9998, 
            2.0, 
            1.0, 
            4.0476, 
            4.0476, 
            0.9998, 
            0.9998, 
            1.3204, 
            0.9998, 
            1.0, 
            1.0, 
            1.0, 
            1.5, 
            0.9998, 
            1.0, 
            1.6667, 
            2.5135, 
            1.0, 
            0.9998, 
            1.0, 
            1.646, 
            1.5545, 
            1.0, 
            1.0, 
            1.0889, 
            1.6, 
            0.9998, 
            1.0, 
            1.0, 
            1.8429, 
            1.0, 
            11.0, 
            10.0, 
            1.5, 
            1.0, 
            1.0, 
            0.9998, 
            0.9998, 
            1.0, 
            4.0, 
            1.0, 
            1.0, 
            1.6923, 
            1.3625, 
            1.0, 
            17.0, 
            1.0, 
            0.9998, 
            1.0, 
            1.0, 
            1.0213, 
            0.9998, 
            0.9998, 
            0.9998, 
            1.5827, 
            1.0, 
            2.0, 
            0.9998, 
            1.0, 
            1.0, 
            2.0, 
            1.975, 
            0.9998, 
            1.0, 
            1.0, 
            2.0, 
            0.9998, 
            22.0, 
            3.5, 
            0.9998, 
            1.8333, 
            0.9998, 
            1.5827, 
            1.0, 
            1.0, 
            2.0, 
            2.8588, 
            3.5524, 
            1.0, 
            0.9998, 
            1.1791, 
            2.4359, 
            0.9998, 
            1.0, 
            0.9998, 
            2.1207, 
            1.0, 
            1.0, 
            1.267, 
            2.4667, 
            1.2913, 
            0.9998, 
            1.8148, 
            1.0, 
            1.7778, 
            0.9998, 
            0.9998, 
            3.0, 
            1.0, 
            13.0, 
            0.9998, 
            3.5524, 
            0.9998, 
            1.0, 
            1.5, 
            3.3176, 
            1.0, 
            1.0, 
            1.0, 
            1.4032, 
            1.5, 
            1.0, 
            2.0, 
            0.9998, 
            1.0, 
            5.6, 
            2.0, 
            2.1678, 
            0.9998, 
            1.0, 
            0.9998, 
            1.0, 
            2.3311, 
            2.3311, 
            1.0, 
            1.0, 
            2.2, 
            1.0, 
            0.9998, 
            1.7528, 
            0.9998, 
            0.9998, 
            1.0, 
            4.0, 
            2.0, 
            0.9998, 
            0.9998, 
            1.5827, 
            1.0904, 
            1.5625, 
            3.0, 
            2.0, 
            0.9998, 
            2.0, 
            1.0, 
            13.0, 
            0.9998, 
            2.0, 
            0.9998, 
            2.1678, 
            11.0, 
            1.35, 
            1.0, 
            2.5, 
            0.9998, 
            2.0, 
            4.0, 
            1.0, 
            1.0, 
            1.0, 
            1.0, 
            1.0, 
            1.267, 
            1.0, 
            1.5, 
            1.0, 
            1.9286, 
            2.0, 
            1.4388, 
            1.0, 
            2.2269, 
            1.8795, 
            4.5, 
            1.0, 
            1.0116, 
            1.0, 
            3.0, 
            1.0, 
            1.5, 
            0.9998, 
            0.9998, 
            4.5, 
            0.9998, 
            1.169, 
            1.267, 
            0.9998, 
            3.8621, 
            0.9998, 
            3.0, 
            1.0, 
            1.5827, 
            1.1826, 
            1.0, 
            2.2857, 
            1.1176, 
            1.0023, 
            1.0, 
            1.4032, 
            1.0, 
            1.0, 
            1.3363, 
            0.9998, 
            1.267, 
            2.0, 
            2.0, 
            1.0, 
            3.0, 
            1.169, 
            0.9998, 
            1.3824, 
            2.06, 
            0.9998, 
            2.0714, 
            1.0, 
            1.975, 
            2.0, 
            1.0, 
            1.0, 
            4.0, 
            1.975, 
            2.0, 
            3.0, 
            0.9998, 
            1.2547, 
            2.0, 
            0.9998, 
            1.4032, 
            2.1594, 
            1.982, 
            3.0, 
            4.0, 
            1.0, 
            3.8974, 
            2.2692, 
            2.0, 
            0.9998, 
            1.3333, 
            1.4388, 
            1.0, 
            1.8429, 
            0.9998, 
            3.2308, 
            1.267, 
            1.0, 
            2.3689, 
            0.9998, 
            1.5545, 
            1.4388, 
            0.9998, 
            0.9998, 
            0.9998, 
            1.3363, 
            1.0, 
            1.0, 
            1.1871, 
            1.267, 
            1.3363, 
            0.9998, 
            7.0, 
            0.9998, 
            1.0, 
            1.0, 
            1.0, 
            1.0, 
            1.0, 
            0.9998, 
            1.0, 
            2.125, 
            2.5, 
            1.0, 
            0.9998, 
            2.8588, 
            1.0, 
            1.0, 
            0.9998, 
            1.5, 
            1.0, 
            1.0, 
            1.0, 
            1.5827, 
            0.9998, 
            1.0, 
            3.0, 
            3.0, 
            2.0, 
            1.0, 
            2.8588, 
            3.0, 
            3.4659, 
            1.0, 
            8.0, 
            1.3148, 
            1.0, 
            1.0, 
            3.0, 
            2.8588, 
            0.9998, 
            0.9998, 
            1.0, 
            1.8429, 
            1.0227, 
            1.3363, 
            1.0, 
            1.0, 
            2.3311, 
            2.0, 
            1.1791, 
            4.9348, 
            1.3333, 
            0.9998, 
            1.3363, 
            2.0, 
            2.7917, 
            1.0, 
            1.0, 
            1.267, 
            1.267, 
            2.4397, 
            1.0, 
            2.0, 
            1.0, 
            1.0, 
            3.0, 
            0.9998, 
            2.8588, 
            2.0, 
            0.9998, 
            0.9998, 
            7.5, 
            2.1348, 
            1.0, 
            1.0, 
            0.9998
        ], 
        "x": [
            3.0, 
            2.0, 
            2.0, 
            3.0, 
            1.0, 
            12.0, 
            1.0, 
            1.0, 
            1.0, 
            2.0, 
            3.0, 
            1.0, 
            1.0, 
            1.0, 
            1.0, 
            1.0, 
            1.0, 
            7.0, 
            15.0, 
            1.0, 
            2.0, 
            2.0, 
            1.0, 
            5.0, 
            1.0, 
            13.0, 
            5.0, 
            2.0, 
            2.0, 
            5.0, 
            2.0, 
            1.0, 
            3.0, 
            2.0, 
            1.0, 
            1.0, 
            2.0, 
            0.0, 
            3.0, 
            1.0, 
            1.0, 
            1.0, 
            2.0, 
            3.0, 
            1.0, 
            0.0, 
            2.0, 
            1.0, 
            1.0, 
            1.0, 
            5.0, 
            1.0, 
            1.0, 
            2.0, 
            1.0, 
            1.0, 
            1.0, 
            1.0, 
            1.0, 
            4.0, 
            4.0, 
            1.0, 
            1.0, 
            1.0, 
            4.0, 
            2.0, 
            1.0, 
            2.0, 
            1.0, 
            4.0, 
            1.0, 
            3.0, 
            1.0, 
            1.0, 
            1.0, 
            6.0, 
            1.0, 
            1.0, 
            1.0, 
            2.0, 
            1.0, 
            1.0, 
            2.0, 
            1.0, 
            1.0, 
            1.0, 
            17.0, 
            1.0, 
            1.0, 
            1.0, 
            1.0, 
            2.0, 
            1.0, 
            2.0, 
            2.0, 
            1.0, 
            1.0, 
            1.0, 
            7.0, 
            1.0, 
            1.0, 
            1.0, 
            2.0, 
            1.0, 
            1.0, 
            1.0, 
            3.0, 
            1.0, 
            1.0, 
            3.0, 
            2.0, 
            1.0, 
            1.0, 
            1.0, 
            1.0, 
            1.0, 
            1.0, 
            1.0, 
            5.0, 
            1.0, 
            2.0, 
            2.0, 
            2.0, 
            1.0, 
            1.0, 
            2.0, 
            1.0, 
            1.0, 
            2.0, 
            3.0, 
            2.0, 
            2.0, 
            1.0, 
            1.0, 
            1.0, 
            4.0, 
            1.0, 
            24.0, 
            2.0, 
            1.0, 
            1.0, 
            1.0, 
            1.0, 
            1.0, 
            2.0, 
            3.0, 
            3.0, 
            1.0, 
            1.0, 
            1.0, 
            2.0, 
            2.0, 
            1.0, 
            1.0, 
            1.0, 
            2.0, 
            1.0, 
            1.0, 
            5.0, 
            1.0, 
            1.0, 
            2.0, 
            2.0, 
            1.0, 
            1.0, 
            1.0, 
            1.0, 
            1.0, 
            5.0, 
            5.0, 
            3.0, 
            1.0, 
            1.0, 
            1.0, 
            1.0, 
            3.0, 
            1.0, 
            8.0, 
            1.0, 
            4.0, 
            1.0, 
            1.0, 
            3.0, 
            17.0, 
            1.0, 
            1.0, 
            2.0, 
            1.0, 
            1.0, 
            2.0, 
            1.0, 
            1.0, 
            1.0, 
            2.0, 
            3.0, 
            1.0, 
            1.0, 
            1.0, 
            2.0, 
            1.0, 
            1.0, 
            1.0, 
            1.0, 
            2.0, 
            2.0, 
            1.0, 
            1.0, 
            2.0, 
            1.0, 
            1.0, 
            1.0, 
            1.0, 
            4.0, 
            1.0, 
            2.0, 
            2.0, 
            1.0, 
            1.0, 
            3.0, 
            1.0, 
            1.0, 
            8.0, 
            2.0, 
            1.0, 
            1.0, 
            1.0, 
            1.0, 
            1.0, 
            2.0, 
            1.0, 
            1.0, 
            1.0, 
            2.0, 
            1.0, 
            2.0, 
            1.0, 
            1.0, 
            1.0, 
            2.0, 
            1.0, 
            1.0, 
            1.0, 
            1.0, 
            1.0, 
            2.0, 
            3.0, 
            1.0, 
            1.0, 
            2.0, 
            1.0, 
            1.0, 
            1.0, 
            1.0, 
            2.0, 
            1.0, 
            1.0, 
            2.0, 
            1.0, 
            1.0, 
            1.0, 
            1.0, 
            2.0, 
            3.0, 
            4.0, 
            1.0, 
            1.0, 
            1.0, 
            2.0, 
            1.0, 
            5.0, 
            1.0, 
            1.0, 
            1.0, 
            4.0, 
            1.0, 
            2.0, 
            1.0, 
            1.0, 
            1.0, 
            3.0, 
            1.0, 
            1.0, 
            1.0, 
            2.0, 
            1.0, 
            1.0, 
            1.0, 
            7.0, 
            4.0, 
            1.0, 
            1.0, 
            2.0, 
            1.0, 
            2.0, 
            1.0, 
            1.0, 
            1.0, 
            2.0, 
            1.0, 
            1.0, 
            1.0, 
            9.0, 
            3.0, 
            3.0, 
            1.0, 
            4.0, 
            1.0, 
            1.0, 
            2.0, 
            1.0, 
            1.0, 
            2.0, 
            2.0, 
            1.0, 
            2.0, 
            1.0, 
            1.0, 
            1.0, 
            2.0, 
            2.0, 
            1.0, 
            3.0, 
            1.0, 
            1.0, 
            1.0, 
            1.0, 
            9.0, 
            8.0, 
            1.0, 
            1.0, 
            1.0, 
            1.0, 
            1.0, 
            1.0, 
            1.0, 
            1.0, 
            2.0, 
            1.0, 
            2.0, 
            1.0, 
            2.0, 
            1.0, 
            1.0, 
            3.0, 
            1.0, 
            2.0, 
            3.0, 
            1.0, 
            1.0, 
            1.0, 
            3.0, 
            1.0, 
            1.0, 
            1.0, 
            1.0, 
            1.0, 
            1.0, 
            1.0, 
            1.0, 
            1.0, 
            1.0, 
            2.0, 
            1.0, 
            2.0, 
            1.0, 
            3.0, 
            1.0, 
            1.0, 
            1.0, 
            1.0, 
            1.0, 
            2.0, 
            3.0, 
            1.0, 
            1.0, 
            2.0, 
            7.0, 
            1.0, 
            1.0, 
            1.0, 
            2.0, 
            1.0, 
            1.0, 
            3.0, 
            1.0, 
            2.0, 
            1.0, 
            5.0, 
            1.0, 
            1.0, 
            1.0, 
            2.0, 
            1.0, 
            1.0, 
            2.0, 
            1.0, 
            1.0, 
            1.0, 
            1.0, 
            1.0, 
            2.0, 
            2.0, 
            1.0, 
            1.0, 
            1.0, 
            1.0, 
            1.0, 
            7.0, 
            1.0, 
            1.0, 
            2.0, 
            2.0, 
            2.0, 
            4.0, 
            1.0, 
            1.0, 
            1.0, 
            1.0, 
            1.0, 
            1.0, 
            12.0, 
            1.0, 
            5.0, 
            1.0, 
            1.0, 
            2.0, 
            1.0, 
            1.0, 
            2.0, 
            13.0, 
            1.0, 
            3.0, 
            2.0, 
            1.0, 
            1.0, 
            1.0, 
            2.0, 
            1.0, 
            1.0, 
            1.0, 
            2.0, 
            1.0, 
            1.0, 
            1.0, 
            1.0, 
            3.0, 
            4.0, 
            1.0, 
            1.0, 
            2.0, 
            1.0, 
            3.0, 
            1.0, 
            1.0, 
            2.0, 
            1.0, 
            1.0, 
            1.0, 
            1.0, 
            1.0, 
            1.0, 
            1.0, 
            2.0, 
            1.0, 
            1.0, 
            4.0, 
            1.0, 
            4.0, 
            1.0, 
            1.0, 
            3.0, 
            3.0, 
            3.0, 
            9.0, 
            1.0, 
            2.0, 
            1.0, 
            2.0, 
            1.0, 
            2.0, 
            6.0, 
            1.0, 
            2.0, 
            1.0, 
            2.0, 
            1.0, 
            1.0, 
            1.0, 
            1.0, 
            3.0, 
            1.0, 
            1.0, 
            1.0, 
            2.0, 
            3.0, 
            1.0, 
            1.0, 
            1.0, 
            1.0, 
            2.0, 
            2.0, 
            3.0, 
            1.0, 
            2.0, 
            1.0, 
            3.0, 
            3.0, 
            1.0, 
            1.0, 
            2.0, 
            1.0, 
            1.0, 
            1.0, 
            1.0, 
            5.0, 
            2.0, 
            1.0, 
            1.0, 
            1.0, 
            25.0, 
            1.0, 
            19.0, 
            1.0, 
            1.0, 
            1.0, 
            1.0, 
            1.0, 
            1.0, 
            1.0, 
            2.0, 
            2.0, 
            1.0, 
            1.0, 
            3.0, 
            1.0, 
            1.0, 
            2.0, 
            1.0, 
            1.0, 
            1.0, 
            1.0, 
            1.0, 
            12.0, 
            2.0, 
            1.0, 
            1.0, 
            1.0, 
            2.0, 
            1.0, 
            1.0, 
            1.0, 
            1.0, 
            1.0, 
            25.0, 
            1.0, 
            1.0, 
            5.0, 
            1.0, 
            1.0, 
            1.0, 
            1.0, 
            1.0, 
            1.0, 
            1.0, 
            1.0, 
            1.0, 
            5.0, 
            1.0, 
            5.0, 
            2.0, 
            1.0, 
            4.0, 
            1.0, 
            1.0, 
            1.0, 
            1.0, 
            1.0, 
            3.0, 
            1.0, 
            2.0, 
            1.0, 
            1.0, 
            2.0, 
            12.0, 
            1.0, 
            1.0, 
            1.0, 
            4.0, 
            1.0, 
            3.0, 
            4.0, 
            7.0, 
            1.0, 
            17.0, 
            5.0, 
            1.0, 
            8.0, 
            6.0, 
            4.0, 
            1.0, 
            1.0, 
            4.0, 
            3.0, 
            1.0, 
            1.0, 
            1.0, 
            1.0, 
            1.0, 
            6.0, 
            2.0, 
            1.0, 
            1.0, 
            1.0, 
            5.0, 
            1.0, 
            1.0, 
            5.0, 
            2.0, 
            2.0, 
            1.0, 
            2.0, 
            1.0, 
            1.0, 
            2.0, 
            1.0, 
            1.0, 
            1.0, 
            1.0, 
            1.0, 
            1.0, 
            1.0, 
            2.0, 
            1.0, 
            74.0, 
            2.0, 
            3.0, 
            1.0, 
            1.0, 
            8.0, 
            2.0, 
            1.0, 
            1.0, 
            5.0, 
            4.0, 
            11.0, 
            1.0, 
            5.0, 
            1.0, 
            2.0, 
            2.0, 
            1.0, 
            1.0, 
            1.0, 
            1.0, 
            1.0, 
            1.0, 
            1.0, 
            1.0, 
            2.0, 
            1.0, 
            1.0, 
            1.0, 
            1.0, 
            1.0, 
            2.0, 
            2.0, 
            1.0, 
            1.0, 
            1.0, 
            1.0, 
            4.0, 
            1.0, 
            1.0, 
            1.0, 
            1.0, 
            1.0, 
            1.0, 
            4.0, 
            1.0, 
            1.0, 
            1.0, 
            1.0, 
            1.0, 
            3.0, 
            3.0, 
            1.0, 
            1.0, 
            2.0, 
            1.0, 
            1.0, 
            1.0, 
            1.0, 
            4.0, 
            1.0, 
            1.0, 
            1.0, 
            2.0, 
            1.0, 
            9.0, 
            2.0, 
            2.0, 
            2.0, 
            1.0, 
            1.0, 
            1.0, 
            2.0, 
            3.0, 
            2.0, 
            1.0, 
            2.0, 
            1.0, 
            1.0, 
            4.0, 
            1.0, 
            1.0, 
            2.0, 
            1.0, 
            1.0, 
            1.0, 
            1.0, 
            1.0, 
            1.0, 
            1.0, 
            1.0, 
            1.0, 
            1.0, 
            1.0, 
            2.0, 
            2.0, 
            1.0, 
            1.0, 
            1.0, 
            1.0, 
            1.0, 
            2.0, 
            4.0, 
            1.0, 
            5.0, 
            1.0, 
            1.0, 
            1.0, 
            2.0, 
            3.0, 
            1.0, 
            15.0, 
            1.0, 
            1.0, 
            1.0, 
            1.0, 
            1.0, 
            2.0, 
            1.0, 
            2.0, 
            1.0, 
            1.0, 
            1.0, 
            3.0, 
            2.0, 
            1.0, 
            1.0, 
            1.0, 
            17.0, 
            1.0, 
            1.0, 
            2.0, 
            1.0, 
            1.0, 
            1.0, 
            2.0, 
            1.0, 
            1.0, 
            7.0, 
            3.0, 
            1.0, 
            1.0, 
            1.0, 
            1.0, 
            1.0, 
            1.0, 
            2.0, 
            1.0, 
            2.0, 
            2.0, 
            1.0, 
            4.0, 
            1.0, 
            1.0, 
            1.0, 
            1.0, 
            1.0, 
            5.0, 
            1.0, 
            1.0, 
            3.0, 
            1.0, 
            1.0, 
            3.0, 
            1.0, 
            1.0, 
            1.0, 
            2.0, 
            1.0, 
            1.0, 
            1.0, 
            2.0, 
            1.0, 
            1.0, 
            2.0, 
            2.0, 
            1.0, 
            1.0, 
            1.0, 
            4.0, 
            1.0, 
            2.0, 
            1.0, 
            1.0, 
            13.0, 
            1.0, 
            1.0, 
            9.0, 
            1.0, 
            1.0, 
            2.0, 
            1.0, 
            1.0, 
            1.0, 
            1.0, 
            1.0, 
            2.0, 
            1.0, 
            3.0, 
            1.0, 
            1.0, 
            1.0, 
            2.0, 
            1.0, 
            3.0, 
            6.0, 
            3.0, 
            1.0, 
            1.0, 
            1.0, 
            1.0, 
            1.0, 
            3.0, 
            1.0, 
            1.0, 
            1.0, 
            1.0, 
            2.0, 
            1.0, 
            1.0, 
            8.0, 
            1.0, 
            4.0, 
            1.0, 
            1.0, 
            1.0, 
            2.0, 
            9.0, 
            2.0, 
            1.0, 
            1.0, 
            1.0, 
            1.0, 
            1.0, 
            2.0, 
            1.0, 
            1.0, 
            1.0, 
            1.0, 
            1.0, 
            3.0, 
            1.0, 
            1.0, 
            5.0, 
            4.0, 
            1.0, 
            2.0, 
            2.0, 
            2.0, 
            2.0, 
            32.0, 
            1.0, 
            1.0, 
            1.0, 
            1.0, 
            4.0, 
            1.0, 
            1.0, 
            2.0, 
            1.0, 
            3.0, 
            1.0, 
            1.0, 
            1.0, 
            3.0, 
            1.0, 
            1.0, 
            4.0, 
            2.0, 
            1.0, 
            1.0, 
            1.0, 
            1.0, 
            1.0, 
            1.0, 
            2.0, 
            1.0, 
            1.0, 
            3.0, 
            1.0, 
            4.0, 
            1.0, 
            1.0, 
            1.0, 
            1.0, 
            1.0, 
            1.0, 
            2.0, 
            1.0, 
            2.0, 
            1.0, 
            1.0, 
            5.0, 
            1.0, 
            2.0, 
            1.0, 
            1.0, 
            1.0, 
            1.0, 
            1.0, 
            2.0, 
            1.0, 
            4.0, 
            1.0, 
            1.0, 
            5.0, 
            1.0, 
            1.0, 
            1.0, 
            1.0, 
            1.0, 
            1.0, 
            1.0, 
            2.0, 
            1.0, 
            2.0, 
            2.0, 
            1.0, 
            1.0, 
            1.0, 
            3.0, 
            3.0, 
            2.0, 
            2.0, 
            1.0, 
            1.0, 
            1.0, 
            1.0, 
            2.0, 
            3.0, 
            1.0, 
            1.0, 
            2.0, 
            5.0, 
            1.0, 
            1.0, 
            1.0, 
            2.0, 
            1.0, 
            2.0, 
            1.0, 
            1.0, 
            1.0, 
            1.0, 
            1.0, 
            1.0, 
            2.0, 
            1.0, 
            1.0, 
            1.0, 
            2.0, 
            3.0, 
            1.0, 
            1.0, 
            1.0, 
            1.0, 
            3.0, 
            1.0, 
            4.0, 
            2.0, 
            1.0, 
            1.0, 
            1.0, 
            1.0, 
            2.0, 
            1.0, 
            1.0
        ]
    }, 
    "processed_feature_names": [
        "item_category_id", 
        "item_category_name_len", 
        "item_category_name_tfidf_0", 
        "item_category_name_tfidf_1", 
        "item_category_name_tfidf_10", 
        "item_category_name_tfidf_11", 
        "item_category_name_tfidf_12", 
        "item_category_name_tfidf_13", 
        "item_category_name_tfidf_14", 
        "item_category_name_tfidf_15", 
        "item_category_name_tfidf_16", 
        "item_category_name_tfidf_17", 
        "item_category_name_tfidf_18", 
        "item_category_name_tfidf_2", 
        "item_category_name_tfidf_20", 
        "item_category_name_tfidf_21", 
        "item_category_name_tfidf_22", 
        "item_category_name_tfidf_23", 
        "item_category_name_tfidf_24", 
        "item_category_name_tfidf_3", 
        "item_category_name_tfidf_5", 
        "item_category_name_tfidf_6", 
        "item_category_name_tfidf_7", 
        "item_category_name_tfidf_8", 
        "item_category_name_tfidf_9", 
        "item_category_name_wc", 
        "item_cnt_month_avg", 
        "item_cnt_prev_month", 
        "item_id", 
        "item_name_len", 
        "item_name_tfidf_0", 
        "item_name_tfidf_1", 
        "item_name_tfidf_10", 
        "item_name_tfidf_11", 
        "item_name_tfidf_12", 
        "item_name_tfidf_13", 
        "item_name_tfidf_14", 
        "item_name_tfidf_15", 
        "item_name_tfidf_16", 
        "item_name_tfidf_17", 
        "item_name_tfidf_18", 
        "item_name_tfidf_19", 
        "item_name_tfidf_2", 
        "item_name_tfidf_20", 
        "item_name_tfidf_21", 
        "item_name_tfidf_22", 
        "item_name_tfidf_23", 
        "item_name_tfidf_24", 
        "item_name_tfidf_3", 
        "item_name_tfidf_4", 
        "item_name_tfidf_5", 
        "item_name_tfidf_6", 
        "item_name_tfidf_7", 
        "item_name_tfidf_8", 
        "item_name_tfidf_9", 
        "item_name_wc", 
        "shop_id", 
        "shop_name_len", 
        "shop_name_tfidf_0", 
        "shop_name_tfidf_1", 
        "shop_name_tfidf_10", 
        "shop_name_tfidf_11", 
        "shop_name_tfidf_12", 
        "shop_name_tfidf_13", 
        "shop_name_tfidf_14", 
        "shop_name_tfidf_15", 
        "shop_name_tfidf_16", 
        "shop_name_tfidf_17", 
        "shop_name_tfidf_18", 
        "shop_name_tfidf_19", 
        "shop_name_tfidf_2", 
        "shop_name_tfidf_20", 
        "shop_name_tfidf_21", 
        "shop_name_tfidf_22", 
        "shop_name_tfidf_23", 
        "shop_name_tfidf_24", 
        "shop_name_tfidf_3", 
        "shop_name_tfidf_4", 
        "shop_name_tfidf_5", 
        "shop_name_tfidf_6", 
        "shop_name_tfidf_7", 
        "shop_name_tfidf_8", 
        "shop_name_tfidf_9", 
        "shop_name_wc", 
        "dummy:shop_name:\u041c\u043e\u0441\u043a\u0432\u0430 \u0422\u0426 \"\u0421\u0435\u043c\u0435\u043d\u043e\u0432\u0441\u043a\u0438\u0439\"", 
        "dummy:shop_name:\u041c\u043e\u0441\u043a\u0432\u0430 \u0422\u0420\u041a \"\u0410\u0442\u0440\u0438\u0443\u043c\"", 
        "dummy:shop_name:\u0425\u0438\u043c\u043a\u0438 \u0422\u0426 \"\u041c\u0435\u0433\u0430\"", 
        "dummy:shop_name:\u041c\u043e\u0441\u043a\u0432\u0430 \u0422\u0426 \"\u041c\u0415\u0413\u0410 \u0422\u0435\u043f\u043b\u044b\u0439 \u0421\u0442\u0430\u043d\" II", 
        "dummy:shop_name:\u042f\u043a\u0443\u0442\u0441\u043a \u041e\u0440\u0434\u0436\u043e\u043d\u0438\u043a\u0438\u0434\u0437\u0435, 56", 
        "dummy:shop_name:\u0421\u041f\u0431 \u0422\u041a \"\u041d\u0435\u0432\u0441\u043a\u0438\u0439 \u0426\u0435\u043d\u0442\u0440\"", 
        "dummy:shop_name:\u041c\u043e\u0441\u043a\u0432\u0430 \u0422\u0426 \"\u041c\u0415\u0413\u0410 \u0411\u0435\u043b\u0430\u044f \u0414\u0430\u0447\u0430 II\"", 
        "dummy:shop_name:\u0412\u043e\u0440\u043e\u043d\u0435\u0436 (\u041f\u043b\u0435\u0445\u0430\u043d\u043e\u0432\u0441\u043a\u0430\u044f, 13)", 
        "dummy:shop_name:\u0427\u0435\u0445\u043e\u0432 \u0422\u0420\u0426 \"\u041a\u0430\u0440\u043d\u0430\u0432\u0430\u043b\"", 
        "dummy:shop_name:\u041c\u043e\u0441\u043a\u0432\u0430 \u041c\u0422\u0420\u0426 \"\u0410\u0444\u0438 \u041c\u043e\u043b\u043b\"", 
        "dummy:shop_name:\u0421\u0435\u0440\u0433\u0438\u0435\u0432 \u041f\u043e\u0441\u0430\u0434 \u0422\u0426 \"7\u042f\"", 
        "dummy:shop_name:\u0422\u044e\u043c\u0435\u043d\u044c \u0422\u0426 \"\u0413\u0443\u0434\u0432\u0438\u043d\"", 
        "dummy:shop_name:\u041a\u0443\u0440\u0441\u043a \u0422\u0426 \"\u041f\u0443\u0448\u043a\u0438\u043d\u0441\u043a\u0438\u0439\"", 
        "dummy:shop_name:\u042f\u043a\u0443\u0442\u0441\u043a \u0422\u0426 \"\u0426\u0435\u043d\u0442\u0440\u0430\u043b\u044c\u043d\u044b\u0439\"", 
        "dummy:shop_name:\u041d.\u041d\u043e\u0432\u0433\u043e\u0440\u043e\u0434 \u0422\u0420\u0426 \"\u0424\u0430\u043d\u0442\u0430\u0441\u0442\u0438\u043a\u0430\"", 
        "dummy:shop_name:\u0412\u043e\u0440\u043e\u043d\u0435\u0436 \u0422\u0420\u0426 \"\u041c\u0430\u043a\u0441\u0438\u043c\u0438\u0440\"", 
        "dummy:shop_name:\u041c\u043e\u0441\u043a\u0432\u0430 \u0422\u0426 \"\u0410\u0440\u0435\u0430\u043b\" (\u0411\u0435\u043b\u044f\u0435\u0432\u043e)", 
        "dummy:shop_name:\u041a\u043e\u043b\u043e\u043c\u043d\u0430 \u0422\u0426 \"\u0420\u0438\u043e\"", 
        "dummy:shop_name:\u041c\u043e\u0441\u043a\u0432\u0430 \u0422\u0426 \"\u041f\u0435\u0440\u043b\u043e\u0432\u0441\u043a\u0438\u0439\"", 
        "dummy:shop_name:\u0421\u0443\u0440\u0433\u0443\u0442 \u0422\u0420\u0426 \"\u0421\u0438\u0442\u0438 \u041c\u043e\u043b\u043b\"", 
        "dummy:shop_name:\u0423\u0444\u0430 \u0422\u0426 \"\u0421\u0435\u043c\u044c\u044f\" 2", 
        "dummy:shop_name:\u041a\u0440\u0430\u0441\u043d\u043e\u044f\u0440\u0441\u043a \u0422\u0426 \"\u0418\u044e\u043d\u044c\"", 
        "dummy:shop_name:\u041a\u0430\u043b\u0443\u0433\u0430 \u0422\u0420\u0426 \"XXI \u0432\u0435\u043a\"", 
        "dummy:shop_name:\u0422\u044e\u043c\u0435\u043d\u044c \u0422\u0426 \"\u0417\u0435\u043b\u0435\u043d\u044b\u0439 \u0411\u0435\u0440\u0435\u0433\"", 
        "dummy:shop_name:\u041c\u043e\u0441\u043a\u0432\u0430 \u0422\u041a \"\u0411\u0443\u0434\u0435\u043d\u043e\u0432\u0441\u043a\u0438\u0439\" (\u043f\u0430\u0432.\u041a7)", 
        "dummy:shop_name:\u0423\u0444\u0430 \u0422\u041a \"\u0426\u0435\u043d\u0442\u0440\u0430\u043b\u044c\u043d\u044b\u0439\"", 
        "dummy:shop_name:\u041c\u043e\u0441\u043a\u0432\u0430 \u0422\u0426 \"\u041d\u043e\u0432\u044b\u0439 \u0432\u0435\u043a\" (\u041d\u043e\u0432\u043e\u043a\u043e\u0441\u0438\u043d\u043e)", 
        "dummy:shop_name:\u0421\u0430\u043c\u0430\u0440\u0430 \u0422\u0426 \"\u041c\u0435\u043b\u043e\u0434\u0438\u044f\"", 
        "dummy:shop_name:\u041e\u043c\u0441\u043a \u0422\u0426 \"\u041c\u0435\u0433\u0430\"", 
        "dummy:shop_name:\u042f\u0440\u043e\u0441\u043b\u0430\u0432\u043b\u044c \u0422\u0426 \"\u0410\u043b\u044c\u0442\u0430\u0438\u0440\"", 
        "dummy:shop_name:\u041d\u043e\u0432\u043e\u0441\u0438\u0431\u0438\u0440\u0441\u043a \u0422\u0426 \"\u041c\u0435\u0433\u0430\"", 
        "dummy:shop_name:\u041c\u043e\u0441\u043a\u0432\u0430 \u041c\u0430\u0433\u0430\u0437\u0438\u043d \u042121", 
        "dummy:shop_name:\u0420\u043e\u0441\u0442\u043e\u0432\u041d\u0430\u0414\u043e\u043d\u0443 \u0422\u0426 \"\u041c\u0435\u0433\u0430\"", 
        "dummy:shop_name:\u0412\u043e\u043b\u0436\u0441\u043a\u0438\u0439 \u0422\u0426 \"\u0412\u043e\u043b\u0433\u0430 \u041c\u043e\u043b\u043b\"", 
        "dummy:shop_name:\u0412\u043e\u043b\u043e\u0433\u0434\u0430 \u0422\u0420\u0426 \"\u041c\u0430\u0440\u043c\u0435\u043b\u0430\u0434\"", 
        "dummy:shop_name:\u0421\u0430\u043c\u0430\u0440\u0430 \u0422\u0426 \"\u041f\u0430\u0440\u043a\u0425\u0430\u0443\u0441\"", 
        "dummy:shop_name:\u041a\u0430\u0437\u0430\u043d\u044c \u0422\u0426 \"\u041f\u0430\u0440\u043a\u0425\u0430\u0443\u0441\" II", 
        "dummy:shop_name:\u0421\u041f\u0431 \u0422\u041a \"\u0421\u0435\u043d\u043d\u0430\u044f\"", 
        "dummy:shop_name:\u0418\u043d\u0442\u0435\u0440\u043d\u0435\u0442-\u043c\u0430\u0433\u0430\u0437\u0438\u043d \u0427\u0421", 
        "dummy:shop_name:\u0411\u0430\u043b\u0430\u0448\u0438\u0445\u0430 \u0422\u0420\u041a \"\u041e\u043a\u0442\u044f\u0431\u0440\u044c-\u041a\u0438\u043d\u043e\u043c\u0438\u0440\"", 
        "dummy:shop_name:\u0416\u0443\u043a\u043e\u0432\u0441\u043a\u0438\u0439 \u0443\u043b. \u0427\u043a\u0430\u043b\u043e\u0432\u0430 39\u043c?", 
        "dummy:shop_name:\u041a\u0440\u0430\u0441\u043d\u043e\u044f\u0440\u0441\u043a \u0422\u0426 \"\u0412\u0437\u043b\u0435\u0442\u043a\u0430 \u041f\u043b\u0430\u0437\u0430\"", 
        "dummy:shop_name:\u0410\u0434\u044b\u0433\u0435\u044f \u0422\u0426 \"\u041c\u0435\u0433\u0430\"", 
        "dummy:shop_name:\u0422\u043e\u043c\u0441\u043a \u0422\u0420\u0426 \"\u0418\u0437\u0443\u043c\u0440\u0443\u0434\u043d\u044b\u0439 \u0413\u043e\u0440\u043e\u0434\"", 
        "dummy:shop_name:\u0426\u0438\u0444\u0440\u043e\u0432\u043e\u0439 \u0441\u043a\u043b\u0430\u0434 1\u0421-\u041e\u043d\u043b\u0430\u0439\u043d", 
        "dummy:shop_name:\u041a\u0430\u0437\u0430\u043d\u044c \u0422\u0426 \"\u0411\u0435\u0445\u0435\u0442\u043b\u0435\"", 
        "dummy:shop_name:\u0422\u044e\u043c\u0435\u043d\u044c \u0422\u0420\u0426 \"\u041a\u0440\u0438\u0441\u0442\u0430\u043b\u043b\"", 
        "dummy:shop_name:\u0420\u043e\u0441\u0442\u043e\u0432\u041d\u0430\u0414\u043e\u043d\u0443 \u0422\u0420\u041a \"\u041c\u0435\u0433\u0430\u0446\u0435\u043d\u0442\u0440 \u0413\u043e\u0440\u0438\u0437\u043e\u043d\u0442\"", 
        "dummy:shop_name:\u041c\u043e\u0441\u043a\u0432\u0430 \u0422\u0426 \"\u0421\u0435\u0440\u0435\u0431\u0440\u044f\u043d\u044b\u0439 \u0414\u043e\u043c\"", 
        "dummy:shop_name:\u041c\u043e\u0441\u043a\u0432\u0430 \u0422\u041a \"\u0411\u0443\u0434\u0435\u043d\u043e\u0432\u0441\u043a\u0438\u0439\" (\u043f\u0430\u0432.\u04102)", 
        "dummy:shop_name:!\u042f\u043a\u0443\u0442\u0441\u043a \u041e\u0440\u0434\u0436\u043e\u043d\u0438\u043a\u0438\u0434\u0437\u0435, 56 \u0444\u0440\u0430\u043d", 
        "dummy:shop_name:\u041d.\u041d\u043e\u0432\u0433\u043e\u0440\u043e\u0434 \u0422\u0420\u0426 \"\u0420\u0418\u041e\"", 
        "dummy:shop_name:!\u042f\u043a\u0443\u0442\u0441\u043a \u0422\u0426 \"\u0426\u0435\u043d\u0442\u0440\u0430\u043b\u044c\u043d\u044b\u0439\" \u0444\u0440\u0430\u043d", 
        "dummy:shop_name:\u041c\u044b\u0442\u0438\u0449\u0438 \u0422\u0420\u041a \"XL-3\"", 
        "dummy:shop_name:\u0412\u043e\u0440\u043e\u043d\u0435\u0436 \u0422\u0420\u0426 \u0421\u0438\u0442\u0438-\u041f\u0430\u0440\u043a \"\u0413\u0440\u0430\u0434\"", 
        "dummy:shop_name:\u0420\u043e\u0441\u0442\u043e\u0432\u041d\u0430\u0414\u043e\u043d\u0443 \u0422\u0420\u041a \"\u041c\u0435\u0433\u0430\u0446\u0435\u043d\u0442\u0440 \u0413\u043e\u0440\u0438\u0437\u043e\u043d\u0442\" \u041e\u0441\u0442\u0440\u043e\u0432\u043d\u043e\u0439", 
        "dummy:shop_name:\u0412\u044b\u0435\u0437\u0434\u043d\u0430\u044f \u0422\u043e\u0440\u0433\u043e\u0432\u043b\u044f", 
        "dummy:shop_name:\u041c\u043e\u0441\u043a\u0432\u0430 \"\u0420\u0430\u0441\u043f\u0440\u043e\u0434\u0430\u0436\u0430\"", 
        "dummy:shop_name:\u041d\u043e\u0432\u043e\u0441\u0438\u0431\u0438\u0440\u0441\u043a \u0422\u0420\u0426 \"\u0413\u0430\u043b\u0435\u0440\u0435\u044f \u041d\u043e\u0432\u043e\u0441\u0438\u0431\u0438\u0440\u0441\u043a\"", 
        "dummy:shop_name:\u0416\u0443\u043a\u043e\u0432\u0441\u043a\u0438\u0439 \u0443\u043b. \u0427\u043a\u0430\u043b\u043e\u0432\u0430 39\u043c\u00b2", 
        "dummy:shop_name:N/A", 
        "dummy:shop_name:__Others__"
    ], 
    "regression_performance": {
        "max_error": 6.5, 
        "median_error": 0.0, 
        "error_distribution": [
            {
                "count": 549, 
                "bin_max": -4.75, 
                "bin_id": 0, 
                "bin_min": -6.0125000000000002
            }, 
            {
                "count": 219, 
                "bin_max": -3.5, 
                "bin_id": 1, 
                "bin_min": -4.75
            }, 
            {
                "count": 430, 
                "bin_max": -2.25, 
                "bin_id": 2, 
                "bin_min": -3.5
            }, 
            {
                "count": 2224, 
                "bin_max": -1.0, 
                "bin_id": 3, 
                "bin_min": -2.25
            }, 
            {
                "count": 12250, 
                "bin_max": 0.25, 
                "bin_id": 4, 
                "bin_min": -1.0
            }, 
            {
                "count": 2592, 
                "bin_max": 1.5, 
                "bin_id": 5, 
                "bin_min": 0.25
            }, 
            {
                "count": 797, 
                "bin_max": 2.75, 
                "bin_id": 6, 
                "bin_min": 1.5
            }, 
            {
                "count": 406, 
                "bin_max": 4.0, 
                "bin_id": 7, 
                "bin_min": 2.75
            }, 
            {
                "count": 151, 
                "bin_max": 5.25, 
                "bin_id": 8, 
                "bin_min": 4.0
            }, 
            {
                "count": 500, 
                "bin_max": 6.5, 
                "bin_id": 9, 
                "bin_min": 5.25
            }
        ], 
        "min_error": -6.0, 
        "average_error": -0.01823350054772821, 
        "std_error": 1.7907987704880952, 
        "p75_error": 0.0001987281399046248, 
        "p90_error": 1.2923076923076764, 
        "p25_error": -0.3362573099415205
    }
}