{
  "state": "DONE",
  "preSearchDescription": {
    "gridLength": 1,
    "importantParams": [
      {
        "name": "max_depth",
        "vals": [
          "30"
        ]
      },
      {
        "name": "min_samples",
        "vals": [
          "1"
        ]
      },
      {
        "name": "criterion",
        "vals": [
          "gini"
        ]
      }
    ]
  },
  "postSearchDescription": {
    "importantParams": [
      {
        "name": "criterion",
        "val": "mse"
      },
      {
        "name": "max_depth",
        "val": "5"
      },
      {
        "name": "min_samples",
        "val": "1"
      }
    ]
  },
  "modelId": "m1",
  "progress": {
    "top_level_todo": [],
    "stack": [],
    "top_level_done": [
      {
        "name": "Loading train set",
        "time": 21260
      },
      {
        "name": "Loading test set",
        "time": 5782
      },
      {
        "name": "Collecting statistics",
        "time": 6356
      },
      {
        "name": "Preprocessing train set",
        "time": 9249
      },
      {
        "name": "Preprocessing test set",
        "time": 5258
      },
      {
        "name": "Fitting model",
        "time": 73715
      },
      {
        "name": "Saving model",
        "time": 39
      },
      {
        "name": "Scoring model",
        "time": 118174
      }
    ]
  },
  "startTime": 1523122748043,
  "endTime": 1523122987993,
  "preprocessingTime": 47985,
  "trainingTime": 191965
}