{
  "state": "DONE",
  "preSearchDescription": {
    "gridLength": 1,
    "importantParams": [
      {
        "name": "trees",
        "vals": [
          "30"
        ]
      },
      {
        "name": "depth",
        "vals": [
          "8"
        ]
      },
      {
        "name": "min_samples",
        "vals": [
          "3"
        ]
      }
    ]
  },
  "postSearchDescription": {
    "importantParams": [
      {
        "name": "trees",
        "val": "30"
      },
      {
        "name": "depth",
        "val": "8"
      },
      {
        "name": "min_samples",
        "val": "3"
      }
    ]
  },
  "modelId": "m1",
  "progress": {
    "top_level_todo": [],
    "stack": [],
    "top_level_done": [
      {
        "name": "Loading train set",
        "time": 2027
      },
      {
        "name": "Loading test set",
        "time": 483
      },
      {
        "name": "Collecting statistics",
        "time": 581
      },
      {
        "name": "Preprocessing train set",
        "time": 799
      },
      {
        "name": "Preprocessing test set",
        "time": 384
      },
      {
        "name": "Fitting model",
        "time": 172895
      },
      {
        "name": "Saving model",
        "time": 187
      },
      {
        "name": "Scoring model",
        "time": 1833
      }
    ]
  },
  "startTime": 1523122553265,
  "endTime": 1523122732496,
  "preprocessingTime": 4280,
  "trainingTime": 174951
}