{
    "per_feature": {
        "FeatureName_0": {
            "stats": {
                "mostFrequentValue": "right_eye_center_x", 
                "leastFrequentValue": "left_eyebrow_outer_end_y"
            }, 
            "category_possible_values": [
                "right_eye_center_x", 
                "mouth_center_bottom_lip_x", 
                "nose_tip_y", 
                "nose_tip_x", 
                "mouth_center_bottom_lip_y", 
                "left_eye_center_x", 
                "right_eye_center_y", 
                "left_eye_center_y", 
                "right_eyebrow_inner_end_x", 
                "mouth_right_corner_y", 
                "mouth_center_top_lip_x", 
                "left_eye_inner_corner_x", 
                "mouth_center_top_lip_y", 
                "mouth_left_corner_x", 
                "mouth_left_corner_y", 
                "left_eye_outer_corner_x", 
                "right_eye_outer_corner_x", 
                "left_eye_inner_corner_y", 
                "right_eye_inner_corner_y", 
                "left_eye_outer_corner_y", 
                "right_eyebrow_inner_end_y", 
                "right_eye_inner_corner_x", 
                "mouth_right_corner_x", 
                "left_eyebrow_inner_end_y", 
                "left_eyebrow_inner_end_x", 
                "right_eye_outer_corner_y"
            ]
        }, 
        "FeatureName": {
            "stats": {}
        }, 
        "Location": {
            "stats": {}
        }, 
        "RowId": {
            "stats": {
                "std": 24855.350091318804, 
                "p99": 96801.0, 
                "min": 1.0, 
                "max": 99987.0, 
                "average": 22278.442661928122, 
                "median": 13035.5
            }, 
            "missing_impute_with_value": 22278.442661928122
        }, 
        "ImageId": {
            "stats": {
                "std": 470.1314658435226, 
                "p99": 1717.0, 
                "min": 0.0, 
                "max": 1783.0, 
                "average": 327.8585944538993, 
                "median": 69.0
            }, 
            "missing_impute_with_value": 327.8585944538993
        }
    }, 
    "feature_order": [
        "FeatureName_0", 
        "FeatureName", 
        "Location", 
        "RowId", 
        "ImageId"
    ]
}