{
  "state": "DONE",
  "preSearchDescription": {
    "gridLength": 1,
    "importantParams": [
      {
        "name": "kernel",
        "vals": [
          "rbf"
        ]
      },
      {
        "name": "C",
        "vals": [
          "1.0"
        ]
      },
      {
        "name": "gamma",
        "vals": [
          "0.0"
        ]
      }
    ]
  },
  "postSearchDescription": {
    "importantParams": [
      {
        "name": "kernel",
        "val": "rbf"
      },
      {
        "name": "C",
        "val": "1.0"
      },
      {
        "name": "gamma",
        "val": "0.0"
      }
    ]
  },
  "modelId": "m1",
  "progress": {
    "top_level_todo": [],
    "stack": [],
    "top_level_done": [
      {
        "name": "Loading train set",
        "time": 234
      },
      {
        "name": "Loading test set",
        "time": 179
      },
      {
        "name": "Collecting statistics",
        "time": 702
      },
      {
        "name": "Preprocessing train set",
        "time": 1187
      },
      {
        "name": "Preprocessing test set",
        "time": 306
      },
      {
        "name": "Fitting model",
        "time": 18923884
      },
      {
        "name": "Saving model",
        "time": 8
      },
      {
        "name": "Scoring model",
        "time": 188296
      }
    ]
  },
  "startTime": 1493807876332,
  "endTime": 1493826991152,
  "preprocessingTime": 2631,
  "trainingTime": 19112189
}