{
    "per_feature": {
        "rating": {
            "stats": {
                "std": 1.0590446574339394, 
                "p99": 5.0, 
                "min": 0.5, 
                "max": 5.0, 
                "average": 3.5425853707314636, 
                "median": 4.0
            }, 
            "missing_impute_with_value": 3.5425853707314636
        }, 
        "mul_Musical_genre_rating": {
            "stats": {
                "std": 0.25615595633955585, 
                "p99": 1.3333333333333333, 
                "min": 0.0, 
                "max": 3.8181818181818175, 
                "average": 0.051652212663198416, 
                "median": 0.0
            }, 
            "missing_impute_with_value": 0.051652212663198416
        }, 
        "mul_Romance_genre_rating": {
            "stats": {
                "std": 0.5597255912684803, 
                "p99": 2.048, 
                "min": 0.0, 
                "max": 4.0, 
                "average": 0.25674366487891676, 
                "median": 0.0
            }, 
            "missing_impute_with_value": 0.25674366487891676
        }, 
        "mul_Action_genre_rating": {
            "stats": {
                "std": 0.5183190130116492, 
                "p99": 2.0, 
                "min": 0.0, 
                "max": 4.25, 
                "average": 0.29390042844874215, 
                "median": 0.0
            }, 
            "missing_impute_with_value": 0.29390042844874215
        }, 
        "userId": {
            "stats": {
                "std": 195.19128474632083, 
                "p99": 664.0, 
                "min": 1.0, 
                "max": 671.0, 
                "average": 346.85021998900055, 
                "median": 366.0
            }, 
            "missing_impute_with_value": 346.85021998900055
        }, 
        "mul_Mystery_genre_rating": {
            "stats": {
                "std": 0.3325638325817755, 
                "p99": 1.8461538461538465, 
                "min": 0.0, 
                "max": 5.0, 
                "average": 0.0882061987920446, 
                "median": 0.0
            }, 
            "missing_impute_with_value": 0.0882061987920446
        }, 
        "genres": {
            "stats": {}
        }, 
        "genre_rating": {
            "stats": {
                "std": 0.9683317529090415, 
                "p99": 4.256944444444445, 
                "min": 0.125, 
                "max": 5.0, 
                "average": 1.6881651780207223, 
                "median": 1.3333333333333333
            }, 
            "missing_impute_with_value": 1.6881651780207223
        }, 
        "title": {
            "stats": {}
        }, 
        "mul_Drama_genre_rating": {
            "stats": {
                "std": 1.1066219927242822, 
                "p99": 4.195220108695669, 
                "min": 0.0, 
                "max": 5.0, 
                "average": 0.7957254521575522, 
                "median": 0.0
            }, 
            "missing_impute_with_value": 0.7957254521575522
        }, 
        "mul_Western_genre_rating": {
            "stats": {
                "std": 0.22163618763359752, 
                "p99": 1.2392739273927391, 
                "min": 0.0, 
                "max": 4.5, 
                "average": 0.027795981226747243, 
                "median": 0.0
            }, 
            "missing_impute_with_value": 0.027795981226747243
        }, 
        "mul_Sci-Fi_genre_rating": {
            "stats": {
                "std": 0.4220800650792834, 
                "p99": 1.8103448275862069, 
                "min": 0.0, 
                "max": 5.0, 
                "average": 0.16877089632211145, 
                "median": 0.0
            }, 
            "missing_impute_with_value": 0.16877089632211145
        }, 
        "mul_Film-Noir_genre_rating": {
            "stats": {
                "std": 0.1414540634680561, 
                "p99": 0.79, 
                "min": 0.0, 
                "max": 4.071428571428571, 
                "average": 0.014335313158734935, 
                "median": 0.0
            }, 
            "missing_impute_with_value": 0.014335313158734935
        }, 
        "mul_Thriller_genre_rating": {
            "stats": {
                "std": 0.5830488526056763, 
                "p99": 2.091666666666667, 
                "min": 0.0, 
                "max": 5.0, 
                "average": 0.30072768063996885, 
                "median": 0.0
            }, 
            "missing_impute_with_value": 0.30072768063996885
        }, 
        "rating_sum": {
            "stats": {
                "std": 271.7083625505852, 
                "p99": 1258.0, 
                "min": 0.5, 
                "max": 1395.5, 
                "average": 238.8807184640768, 
                "median": 141.0
            }, 
            "missing_impute_with_value": 238.8807184640768
        }, 
        "mul_War_genre_rating": {
            "stats": {
                "std": 0.31638114316733085, 
                "p99": 1.9496250000000146, 
                "min": 0.0, 
                "max": 5.0, 
                "average": 0.06827052981578242, 
                "median": 0.0
            }, 
            "missing_impute_with_value": 0.06827052981578242
        }, 
        "mul_Children_genre_rating": {
            "stats": {
                "std": 0.2874881530038513, 
                "p99": 1.375, 
                "min": 0.0, 
                "max": 3.0, 
                "average": 0.0829578887563749, 
                "median": 0.0
            }, 
            "missing_impute_with_value": 0.0829578887563749
        }, 
        "movieId": {
            "stats": {
                "std": 26519.67467751392, 
                "p99": 115150.94, 
                "min": 1.0, 
                "max": 163949.0, 
                "average": 12633.447215139244, 
                "median": 2411.0
            }, 
            "missing_impute_with_value": 12633.447215139244
        }, 
        "timestamp": {
            "stats": {
                "std": 191779831.52422476, 
                "p99": 1471385105.8200002, 
                "min": 789652009.0, 
                "max": 1476623300.0, 
                "average": 1129976438.5523598, 
                "median": 1110421395.5
            }, 
            "missing_impute_with_value": 1129976438.5523598
        }, 
        "rating_avg": {
            "stats": {
                "std": 0.5621308451601862, 
                "p99": 4.4875, 
                "min": 0.5, 
                "max": 5.0, 
                "average": 3.5424858870567446, 
                "median": 3.640625
            }, 
            "missing_impute_with_value": 3.5424858870567446
        }, 
        "mul_Documentary_genre_rating": {
            "stats": {
                "std": 0.4289004299695062, 
                "p99": 3.3, 
                "min": 0.0, 
                "max": 5.0, 
                "average": 0.051043058316333746, 
                "median": 0.0
            }, 
            "missing_impute_with_value": 0.051043058316333746
        }, 
        "mul_Fantasy_genre_rating": {
            "stats": {
                "std": 0.33674508893095356, 
                "p99": 1.4375, 
                "min": 0.0, 
                "max": 5.0, 
                "average": 0.10771112820526443, 
                "median": 0.0
            }, 
            "missing_impute_with_value": 0.10771112820526443
        }, 
        "mul_IMAX_genre_rating": {
            "stats": {
                "std": 0.16130387126322696, 
                "p99": 0.9703389830508474, 
                "min": 0.0, 
                "max": 2.5, 
                "average": 0.027612744918977406, 
                "median": 0.0
            }, 
            "missing_impute_with_value": 0.027612744918977406
        }, 
        "mul_Comedy_genre_rating": {
            "stats": {
                "std": 0.9641401394566821, 
                "p99": 3.888888888888889, 
                "min": 0.0, 
                "max": 5.0, 
                "average": 0.6184899441462651, 
                "median": 0.0
            }, 
            "missing_impute_with_value": 0.6184899441462651
        }, 
        "count": {
            "stats": {
                "std": 67.22630923007232, 
                "p99": 304.0, 
                "min": 1.0, 
                "max": 341.0, 
                "average": 63.53291085445728, 
                "median": 40.0
            }, 
            "missing_impute_with_value": 63.53291085445728
        }, 
        "mul_Crime_genre_rating": {
            "stats": {
                "std": 0.5055337803458501, 
                "p99": 2.1, 
                "min": 0.0, 
                "max": 5.0, 
                "average": 0.2066403214217893, 
                "median": 0.0
            }, 
            "missing_impute_with_value": 0.2066403214217893
        }, 
        "mul_Horror_genre_rating": {
            "stats": {
                "std": 0.3977372515323515, 
                "p99": 1.8888888888888888, 
                "min": 0.0, 
                "max": 5.0, 
                "average": 0.09317817448467007, 
                "median": 0.0
            }, 
            "missing_impute_with_value": 0.09317817448467007
        }, 
        "mul_Adventure_genre_rating": {
            "stats": {
                "std": 0.4702780019580764, 
                "p99": 2.0, 
                "min": 0.0, 
                "max": 4.0, 
                "average": 0.2334061265572232, 
                "median": 0.0
            }, 
            "missing_impute_with_value": 0.2334061265572232
        }, 
        "mul_Animation_genre_rating": {
            "stats": {
                "std": 0.22868564878003464, 
                "p99": 1.1430976430976432, 
                "min": 0.0, 
                "max": 4.5, 
                "average": 0.05465567526937548, 
                "median": 0.0
            }, 
            "missing_impute_with_value": 0.05465567526937548
        }
    }, 
    "feature_order": [
        "rating", 
        "mul_Musical_genre_rating", 
        "mul_Romance_genre_rating", 
        "mul_Action_genre_rating", 
        "userId", 
        "mul_Mystery_genre_rating", 
        "genres", 
        "genre_rating", 
        "title", 
        "mul_Drama_genre_rating", 
        "mul_Western_genre_rating", 
        "mul_Sci-Fi_genre_rating", 
        "mul_Film-Noir_genre_rating", 
        "mul_Thriller_genre_rating", 
        "rating_sum", 
        "mul_War_genre_rating", 
        "mul_Children_genre_rating", 
        "movieId", 
        "timestamp", 
        "rating_avg", 
        "mul_Documentary_genre_rating", 
        "mul_Fantasy_genre_rating", 
        "mul_IMAX_genre_rating", 
        "mul_Comedy_genre_rating", 
        "count", 
        "mul_Crime_genre_rating", 
        "mul_Horror_genre_rating", 
        "mul_Adventure_genre_rating", 
        "mul_Animation_genre_rating"
    ]
}