{
  "state": "DONE",
  "preSearchDescription": {
    "gridLength": 1,
    "importantParams": [
      {
        "name": "max_depth",
        "vals": [
          "5"
        ]
      },
      {
        "name": "min_samples",
        "vals": [
          "1"
        ]
      },
      {
        "name": "criterion",
        "vals": [
          "gini"
        ]
      }
    ]
  },
  "postSearchDescription": {
    "importantParams": [
      {
        "name": "criterion",
        "val": "mse"
      },
      {
        "name": "max_depth",
        "val": "5"
      },
      {
        "name": "min_samples",
        "val": "1"
      }
    ]
  },
  "modelId": "m1",
  "progress": {
    "top_level_todo": [],
    "stack": [],
    "top_level_done": [
      {
        "name": "Loading train set",
        "time": 705
      },
      {
        "name": "Loading test set",
        "time": 203
      },
      {
        "name": "Collecting statistics",
        "time": 475
      },
      {
        "name": "Preprocessing train set",
        "time": 866
      },
      {
        "name": "Preprocessing test set",
        "time": 240
      },
      {
        "name": "Fitting model",
        "time": 15199
      },
      {
        "name": "Saving model",
        "time": 4
      },
      {
        "name": "Scoring model",
        "time": 56676
      }
    ]
  },
  "startTime": 1525698116586,
  "endTime": 1525698191006,
  "preprocessingTime": 2494,
  "trainingTime": 71926
}