{
    "densityData": {
        "1": {
            "incorrect": [
                0.0, 
                0.0, 
                0.0, 
                0.0, 
                0.0, 
                0.0, 
                0.0, 
                0.0, 
                0.0, 
                0.0, 
                0.0, 
                0.0, 
                0.0, 
                0.0, 
                0.0, 
                0.0, 
                0.0, 
                0.0, 
                0.0, 
                0.0, 
                0.0, 
                0.0, 
                0.0, 
                0.0, 
                0.0, 
                0.0, 
                0.0, 
                0.0, 
                0.0, 
                0.0, 
                0.0, 
                0.0, 
                0.0, 
                0.0, 
                0.0, 
                0.0, 
                0.0, 
                0.0, 
                0.0, 
                0.0, 
                0.0, 
                0.0, 
                0.0, 
                0.0, 
                0.0, 
                0.0, 
                0.0, 
                0.0, 
                0.0, 
                0.0, 
                0.0, 
                0.0, 
                0.0, 
                0.0, 
                0.0, 
                0.0, 
                0.0, 
                0.0, 
                0.0, 
                0.0, 
                0.0, 
                0.0, 
                0.0, 
                0.0, 
                0.0, 
                0.0, 
                0.0, 
                0.0, 
                0.0, 
                0.0, 
                0.0, 
                0.0, 
                0.0, 
                0.0, 
                0.0, 
                0.0, 
                0.0, 
                0.0, 
                0.0, 
                0.0, 
                0.0, 
                0.0, 
                0.0, 
                0.0, 
                0.0, 
                0.0, 
                0.0, 
                0.0, 
                0.0, 
                0.0, 
                0.0, 
                0.0, 
                0.0, 
                0.0, 
                0.0, 
                0.0, 
                0.0, 
                0.0, 
                0.0, 
                0.0
            ], 
            "incorrectMedian": 0.20000000000005386, 
            "correct": [
                0.02570464993810816, 
                0.044419041726791564, 
                0.074613600601079202, 
                0.12183109084498391, 
                0.19337021904664248, 
                0.29834060581855204, 
                0.44743140841404055, 
                0.65227673484302295, 
                0.9243333692258342, 
                1.2732588297490335, 
                1.7048888997250076, 
                2.2190484848304615, 
                2.8075585458592123, 
                3.4528854673510527, 
                4.1278779348148298, 
                4.7969240393410386, 
                5.418638246494198, 
                5.9498880791605266, 
                6.3506584553061298, 
                6.5890080536396614, 
                6.6452701633261029, 
                6.514732186667036, 
                6.2082874063270337, 
                5.7509339869764693, 
                5.178408093369625, 
                4.5325800688968192, 
                3.8564350233697633, 
                3.1894652423563175, 
                2.5641359682890674, 
                2.00380543164137, 
                1.5221637318532921, 
                1.1239798150459217, 
                0.80676486431929939, 
                0.56289418392229895, 
                0.38176654584539493, 
                0.25168671791923969, 
                0.16129245342472823, 
                0.10047525574708678, 
                0.060840883815283624, 
                0.035811559180637498, 
                0.020490014573844414, 
                0.011396004875006683, 
                0.0061610439533650698, 
                0.003237779802161945, 
                0.0016539852553477453, 
                0.00082131031922530863, 
                0.00039643706025523746, 
                0.00018600839106574385, 
                8.4836383591557158e-05, 
                3.7611710072276256e-05, 
                1.6208966848103296e-05, 
                6.7901428342176737e-06, 
                2.7649915452638448e-06, 
                1.0944603359476635e-06, 
                4.2111195234652285e-07, 
                1.575021298019886e-07, 
                5.726201353776457e-08, 
                2.023662674715041e-08, 
                6.951858908209146e-09, 
                2.3214273607980119e-09, 
                7.5353003928880619e-10, 
                2.3775921760805294e-10, 
                7.2923159625038712e-11, 
                2.1741270219690738e-11, 
                6.3007996721827082e-12, 
                1.7749975238834253e-12, 
                4.86061421803237e-13, 
                1.2938260053044134e-13, 
                3.3477415366094163e-14, 
                8.4201395105290721e-15, 
                2.0586284737882761e-15, 
                4.8924679040491076e-16, 
                1.1302364699152412e-16, 
                2.5380604989584504e-17, 
                5.5402064039940084e-18, 
                1.1755503674534672e-18, 
                2.4246433180628766e-19, 
                4.861225864131854e-20, 
                9.4740366751321636e-21, 
                1.7947982813653901e-21, 
                3.3051224194332629e-22, 
                5.9163080245511552e-23, 
                1.0294501597531692e-23, 
                1.7412101716230256e-24, 
                2.8627827217130184e-25, 
                4.575271820290331e-26, 
                7.1078251565635341e-27, 
                1.0733661450342303e-27, 
                1.5756159616701869e-28, 
                2.2482477739436014e-29, 
                3.1183818503864374e-30, 
                4.2044165583776142e-31, 
                5.5102779130852114e-32, 
                7.019926909216421e-33, 
                8.6932666119834871e-34, 
                1.0464650531822637e-34, 
                1.2244971588453574e-35, 
                1.3927788258348571e-36, 
                1.5399189069305551e-37, 
                1.6550261816834362e-38
            ], 
            "correctMedian": 0.20000000000005386
        }, 
        "0": {
            "incorrect": [
                0.02570464993822423, 
                0.04441904172698196, 
                0.074613600601381919, 
                0.1218310908454505, 
                0.19337021904733909, 
                0.29834060581955846, 
                0.44743140841544815, 
                0.65227673484492665, 
                0.9243333692283201, 
                1.2732588297521683, 
                1.7048888997288143, 
                2.2190484848349117, 
                2.8075585458641994, 
                3.4528854673564013, 
                4.1278779348202921, 
                4.7969240393462877, 
                5.4186382464988956, 
                5.9498880791643209, 
                6.3506584553087357, 
                6.5890080536408666, 
                6.6452701633257956, 
                6.5147321866652534, 
                6.2082874063239242, 
                5.7509339869722709, 
                5.1784080933646663, 
                4.5325800688914484, 
                3.8564350233643103, 
                3.1894652423510821, 
                2.5641359682842713, 
                2.0038054316371663, 
                1.5221637318497527, 
                1.1239798150430527, 
                0.80676486431705652, 
                0.56289418392060508, 
                0.38176654584415937, 
                0.25168671791836789, 
                0.16129245342413256, 
                0.10047525574669287, 
                0.06084088381503127, 
                0.035811559180480755, 
                0.020490014573750073, 
                0.0113960048749516, 
                0.0061610439533338899, 
                0.0032377798021448172, 
                0.0016539852553386196, 
                0.00082131031922059181, 
                0.00039643706025286994, 
                0.00018600839106459101, 
                8.4836383591012075e-05, 
                3.7611710072025846e-05, 
                1.6208966847991779e-05, 
                6.7901428341694029e-06, 
                2.76499154524356e-06, 
                1.0944603359393833e-06, 
                4.2111195234324044e-07, 
                1.5750212980072568e-07, 
                5.7262013537292197e-08, 
                2.0236626746978869e-08, 
                6.9518589081486353e-09, 
                2.3214273607772782e-09, 
                7.5353003928190471e-10, 
                2.3775921760581961e-10, 
                7.2923159624337909e-11, 
                2.1741270219476705e-11, 
                6.3007996721192246e-12, 
                1.7749975238651377e-12, 
                4.8606142179811872e-13, 
                1.2938260052904949e-13, 
                3.3477415365726415e-14, 
                8.4201395104346628e-15, 
                2.0586284737647258e-15, 
                4.8924679039920612e-16, 
                1.1302364699017815e-16, 
                2.5380604989276485e-17, 
                5.5402064039256302e-18, 
                1.1755503674386911e-18, 
                2.4246433180317974e-19, 
                4.8612258640685059e-20, 
                9.4740366750065494e-21, 
                1.7947982813411723e-21, 
                3.3051224193878912e-22, 
                5.9163080244686778e-23, 
                1.029450159738591e-23, 
                1.741210171597935e-24, 
                2.8627827216711763e-25, 
                4.5752718202224193e-26, 
                7.1078251564563147e-27, 
                1.0733661450177796e-27, 
                1.5756159616457361e-28, 
                2.2482477739081696e-29, 
                3.1183818503364947e-30, 
                4.2044165583095006e-31, 
                5.510277912994612e-32, 
                7.0199269090991033e-33, 
                8.6932666118363525e-34, 
                1.046465053164329e-34, 
                1.2244971588240931e-35, 
                1.3927788258103538e-36, 
                1.5399189069031568e-37, 
                1.655026181653543e-38
            ], 
            "incorrectMedian": 0.19999999999997262, 
            "correct": [
                0.02570464993822422, 
                0.044419041726981918, 
                0.074613600601381988, 
                0.12183109084545039, 
                0.19337021904733892, 
                0.29834060581955874, 
                0.44743140841544776, 
                0.6522767348449261, 
                0.92433336922832088, 
                1.2732588297521694, 
                1.7048888997288159, 
                2.2190484848349139, 
                2.8075585458642021, 
                3.4528854673564044, 
                4.1278779348202885, 
                4.7969240393462913, 
                5.4186382464989, 
                5.9498880791643263, 
                6.3506584553087411, 
                6.5890080536408728, 
                6.6452701633258018, 
                6.5147321866652597, 
                6.2082874063239295, 
                5.7509339869722762, 
                5.1784080933646708, 
                4.5325800688914528, 
                3.8564350233643139, 
                3.1894652423510852, 
                2.5641359682842735, 
                2.0038054316371681, 
                1.5221637318497541, 
                1.1239798150430518, 
                0.80676486431705585, 
                0.56289418392060564, 
                0.38176654584415903, 
                0.25168671791836789, 
                0.16129245342413256, 
                0.10047525574669297, 
                0.060840883815031215, 
                0.035811559180480741, 
                0.02049001457375008, 
                0.0113960048749516, 
                0.0061610439533338899, 
                0.0032377798021448172, 
                0.0016539852553386196, 
                0.00082131031922059181, 
                0.00039643706025286994, 
                0.00018600839106459101, 
                8.4836383591012075e-05, 
                3.7611710072025846e-05, 
                1.6208966847991779e-05, 
                6.7901428341694148e-06, 
                2.7649915452435651e-06, 
                1.0944603359393833e-06, 
                4.2111195234324118e-07, 
                1.5750212980072594e-07, 
                5.7262013537292197e-08, 
                2.0236626746978869e-08, 
                6.9518589081486601e-09, 
                2.3214273607772782e-09, 
                7.5353003928190471e-10, 
                2.3775921760582043e-10, 
                7.2923159624337909e-11, 
                2.1741270219476705e-11, 
                6.3007996721192464e-12, 
                1.7749975238651377e-12, 
                4.8606142179811872e-13, 
                1.2938260052904949e-13, 
                3.3477415365726415e-14, 
                8.4201395104346628e-15, 
                2.0586284737647258e-15, 
                4.8924679039920612e-16, 
                1.1302364699017815e-16, 
                2.5380604989276485e-17, 
                5.5402064039256302e-18, 
                1.1755503674386911e-18, 
                2.4246433180317974e-19, 
                4.8612258640685059e-20, 
                9.4740366750065494e-21, 
                1.7947982813411723e-21, 
                3.3051224193878912e-22, 
                5.9163080244686778e-23, 
                1.029450159738591e-23, 
                1.741210171597935e-24, 
                2.8627827216711763e-25, 
                4.5752718202224193e-26, 
                7.1078251564563147e-27, 
                1.0733661450177796e-27, 
                1.5756159616457361e-28, 
                2.2482477739081696e-29, 
                3.1183818503364947e-30, 
                4.2044165583095006e-31, 
                5.510277912994612e-32, 
                7.0199269090991033e-33, 
                8.6932666118363525e-34, 
                1.046465053164329e-34, 
                1.2244971588240931e-35, 
                1.3927788258103538e-36, 
                1.5399189069031568e-37, 
                1.655026181653543e-38
            ], 
            "correctMedian": 0.19999999999997262
        }, 
        "3": {
            "incorrect": [
                0.025704649938207657, 
                0.044419041726954815, 
                0.074613600601338842, 
                0.12183109084538406, 
                0.19337021904723983, 
                0.29834060581941485, 
                0.44743140841524787, 
                0.65227673484465554, 
                0.92433336922796538, 
                1.2732588297517227, 
                1.7048888997282723, 
                2.2190484848342771, 
                2.8075585458634911, 
                3.4528854673556406, 
                4.1278779348195078, 
                4.7969240393455461, 
                5.4186382464982312, 
                5.9498880791637818, 
                6.3506584553083743, 
                6.5890080536406916, 
                6.6452701633258426, 
                6.5147321866655084, 
                6.2082874063243656, 
                5.7509339869728739, 
                5.1784080933653751, 
                4.532580068892214, 
                3.8564350233650915, 
                3.1894652423518299, 
                2.5641359682849547, 
                2.003805431637768, 
                1.5221637318502583, 
                1.1239798150434599, 
                0.80676486431737615, 
                0.56289418392084711, 
                0.381766545844335, 
                0.25168671791849218, 
                0.16129245342421739, 
                0.10047525574674909, 
                0.060840883815067151, 
                0.035811559180503084, 
                0.020490014573763503, 
                0.011396004874959455, 
                0.0061610439533383334, 
                0.0032377798021472615, 
                0.0016539852553399213, 
                0.00082131031922126152, 
                0.00039643706025320724, 
                0.00018600839106475492, 
                8.4836383591089528e-05, 
                3.7611710072061591e-05, 
                1.6208966848007615e-05, 
                6.7901428341762656e-06, 
                2.7649915452464433e-06, 
                1.0944603359405596e-06, 
                4.2111195234370721e-07, 
                1.5750212980090475e-07, 
                5.7262013537359331e-08, 
                2.0236626747003168e-08, 
                6.9518589081572305e-09, 
                2.3214273607802143e-09, 
                7.5353003928288451e-10, 
                2.377592176061389e-10, 
                7.2923159624437391e-11, 
                2.1741270219507139e-11, 
                6.3007996721282678e-12, 
                1.7749975238677357e-12, 
                4.8606142179884573e-13, 
                1.2938260052924715e-13, 
                3.3477415365778751e-14, 
                8.420139510448124e-15, 
                2.0586284737680757e-15, 
                4.8924679040001963e-16, 
                1.130236469903693e-16, 
                2.5380604989320488e-17, 
                5.5402064039353138e-18, 
                1.1755503674407961e-18, 
                2.4246433180362078e-19, 
                4.8612258640775554e-20, 
                9.4740366750243883e-21, 
                1.7947982813446156e-21, 
                3.3051224193943258e-22, 
                5.9163080244804057e-23, 
                1.0294501597406612e-23, 
                1.7412101716015107e-24, 
                2.862782721677136e-25, 
                4.5752718202320746e-26, 
                7.1078251564715164e-27, 
                1.073366145020121e-27, 
                1.575615961649229e-28, 
                2.2482477739132176e-29, 
                3.1183818503435849e-30, 
                4.2044165583192396e-31, 
                5.5102779130075324e-32, 
                7.0199269091158628e-33, 
                8.6932666118573548e-34, 
                1.046465053166872e-34, 
                1.2244971588271035e-35, 
                1.3927788258138374e-36, 
                1.5399189069070521e-37, 
                1.6550261816577766e-38
            ], 
            "incorrectMedian": 0.19999999999998419, 
            "correct": [
                0.0, 
                0.0, 
                0.0, 
                0.0, 
                0.0, 
                0.0, 
                0.0, 
                0.0, 
                0.0, 
                0.0, 
                0.0, 
                0.0, 
                0.0, 
                0.0, 
                0.0, 
                0.0, 
                0.0, 
                0.0, 
                0.0, 
                0.0, 
                0.0, 
                0.0, 
                0.0, 
                0.0, 
                0.0, 
                0.0, 
                0.0, 
                0.0, 
                0.0, 
                0.0, 
                0.0, 
                0.0, 
                0.0, 
                0.0, 
                0.0, 
                0.0, 
                0.0, 
                0.0, 
                0.0, 
                0.0, 
                0.0, 
                0.0, 
                0.0, 
                0.0, 
                0.0, 
                0.0, 
                0.0, 
                0.0, 
                0.0, 
                0.0, 
                0.0, 
                0.0, 
                0.0, 
                0.0, 
                0.0, 
                0.0, 
                0.0, 
                0.0, 
                0.0, 
                0.0, 
                0.0, 
                0.0, 
                0.0, 
                0.0, 
                0.0, 
                0.0, 
                0.0, 
                0.0, 
                0.0, 
                0.0, 
                0.0, 
                0.0, 
                0.0, 
                0.0, 
                0.0, 
                0.0, 
                0.0, 
                0.0, 
                0.0, 
                0.0, 
                0.0, 
                0.0, 
                0.0, 
                0.0, 
                0.0, 
                0.0, 
                0.0, 
                0.0, 
                0.0, 
                0.0, 
                0.0, 
                0.0, 
                0.0, 
                0.0, 
                0.0, 
                0.0, 
                0.0, 
                0.0, 
                0.0, 
                0.0
            ], 
            "correctMedian": 0.19999999999998419
        }, 
        "2": {
            "incorrect": [
                0.0, 
                0.0, 
                0.0, 
                0.0, 
                0.0, 
                0.0, 
                0.0, 
                0.0, 
                0.0, 
                0.0, 
                0.0, 
                0.0, 
                0.0, 
                0.0, 
                0.0, 
                0.0, 
                0.0, 
                0.0, 
                0.0, 
                0.0, 
                0.0, 
                0.0, 
                0.0, 
                0.0, 
                0.0, 
                0.0, 
                0.0, 
                0.0, 
                0.0, 
                0.0, 
                0.0, 
                0.0, 
                0.0, 
                0.0, 
                0.0, 
                0.0, 
                0.0, 
                0.0, 
                0.0, 
                0.0, 
                0.0, 
                0.0, 
                0.0, 
                0.0, 
                0.0, 
                0.0, 
                0.0, 
                0.0, 
                0.0, 
                0.0, 
                0.0, 
                0.0, 
                0.0, 
                0.0, 
                0.0, 
                0.0, 
                0.0, 
                0.0, 
                0.0, 
                0.0, 
                0.0, 
                0.0, 
                0.0, 
                0.0, 
                0.0, 
                0.0, 
                0.0, 
                0.0, 
                0.0, 
                0.0, 
                0.0, 
                0.0, 
                0.0, 
                0.0, 
                0.0, 
                0.0, 
                0.0, 
                0.0, 
                0.0, 
                0.0, 
                0.0, 
                0.0, 
                0.0, 
                0.0, 
                0.0, 
                0.0, 
                0.0, 
                0.0, 
                0.0, 
                0.0, 
                0.0, 
                0.0, 
                0.0, 
                0.0, 
                0.0, 
                0.0, 
                0.0, 
                0.0, 
                0.0, 
                0.0
            ], 
            "incorrectMedian": 0.20000000000001955, 
            "correct": [
                0.0, 
                0.0, 
                0.0, 
                0.0, 
                0.0, 
                0.0, 
                0.0, 
                0.0, 
                0.0, 
                0.0, 
                0.0, 
                0.0, 
                0.0, 
                0.0, 
                0.0, 
                0.0, 
                0.0, 
                0.0, 
                0.0, 
                0.0, 
                0.0, 
                0.0, 
                0.0, 
                0.0, 
                0.0, 
                0.0, 
                0.0, 
                0.0, 
                0.0, 
                0.0, 
                0.0, 
                0.0, 
                0.0, 
                0.0, 
                0.0, 
                0.0, 
                0.0, 
                0.0, 
                0.0, 
                0.0, 
                0.0, 
                0.0, 
                0.0, 
                0.0, 
                0.0, 
                0.0, 
                0.0, 
                0.0, 
                0.0, 
                0.0, 
                0.0, 
                0.0, 
                0.0, 
                0.0, 
                0.0, 
                0.0, 
                0.0, 
                0.0, 
                0.0, 
                0.0, 
                0.0, 
                0.0, 
                0.0, 
                0.0, 
                0.0, 
                0.0, 
                0.0, 
                0.0, 
                0.0, 
                0.0, 
                0.0, 
                0.0, 
                0.0, 
                0.0, 
                0.0, 
                0.0, 
                0.0, 
                0.0, 
                0.0, 
                0.0, 
                0.0, 
                0.0, 
                0.0, 
                0.0, 
                0.0, 
                0.0, 
                0.0, 
                0.0, 
                0.0, 
                0.0, 
                0.0, 
                0.0, 
                0.0, 
                0.0, 
                0.0, 
                0.0, 
                0.0, 
                0.0, 
                0.0, 
                0.0
            ], 
            "correctMedian": 0.20000000000001955
        }, 
        "4": {
            "incorrect": [
                0.0, 
                0.0, 
                0.0, 
                0.0, 
                0.0, 
                0.0, 
                0.0, 
                0.0, 
                0.0, 
                0.0, 
                0.0, 
                0.0, 
                0.0, 
                0.0, 
                0.0, 
                0.0, 
                0.0, 
                0.0, 
                0.0, 
                0.0, 
                0.0, 
                0.0, 
                0.0, 
                0.0, 
                0.0, 
                0.0, 
                0.0, 
                0.0, 
                0.0, 
                0.0, 
                0.0, 
                0.0, 
                0.0, 
                0.0, 
                0.0, 
                0.0, 
                0.0, 
                0.0, 
                0.0, 
                0.0, 
                0.0, 
                0.0, 
                0.0, 
                0.0, 
                0.0, 
                0.0, 
                0.0, 
                0.0, 
                0.0, 
                0.0, 
                0.0, 
                0.0, 
                0.0, 
                0.0, 
                0.0, 
                0.0, 
                0.0, 
                0.0, 
                0.0, 
                0.0, 
                0.0, 
                0.0, 
                0.0, 
                0.0, 
                0.0, 
                0.0, 
                0.0, 
                0.0, 
                0.0, 
                0.0, 
                0.0, 
                0.0, 
                0.0, 
                0.0, 
                0.0, 
                0.0, 
                0.0, 
                0.0, 
                0.0, 
                0.0, 
                0.0, 
                0.0, 
                0.0, 
                0.0, 
                0.0, 
                0.0, 
                0.0, 
                0.0, 
                0.0, 
                0.0, 
                0.0, 
                0.0, 
                0.0, 
                0.0, 
                0.0, 
                0.0, 
                0.0, 
                0.0, 
                0.0, 
                0.0
            ], 
            "incorrectMedian": 0.1999999999999699, 
            "correct": [
                0.0, 
                0.0, 
                0.0, 
                0.0, 
                0.0, 
                0.0, 
                0.0, 
                0.0, 
                0.0, 
                0.0, 
                0.0, 
                0.0, 
                0.0, 
                0.0, 
                0.0, 
                0.0, 
                0.0, 
                0.0, 
                0.0, 
                0.0, 
                0.0, 
                0.0, 
                0.0, 
                0.0, 
                0.0, 
                0.0, 
                0.0, 
                0.0, 
                0.0, 
                0.0, 
                0.0, 
                0.0, 
                0.0, 
                0.0, 
                0.0, 
                0.0, 
                0.0, 
                0.0, 
                0.0, 
                0.0, 
                0.0, 
                0.0, 
                0.0, 
                0.0, 
                0.0, 
                0.0, 
                0.0, 
                0.0, 
                0.0, 
                0.0, 
                0.0, 
                0.0, 
                0.0, 
                0.0, 
                0.0, 
                0.0, 
                0.0, 
                0.0, 
                0.0, 
                0.0, 
                0.0, 
                0.0, 
                0.0, 
                0.0, 
                0.0, 
                0.0, 
                0.0, 
                0.0, 
                0.0, 
                0.0, 
                0.0, 
                0.0, 
                0.0, 
                0.0, 
                0.0, 
                0.0, 
                0.0, 
                0.0, 
                0.0, 
                0.0, 
                0.0, 
                0.0, 
                0.0, 
                0.0, 
                0.0, 
                0.0, 
                0.0, 
                0.0, 
                0.0, 
                0.0, 
                0.0, 
                0.0, 
                0.0, 
                0.0, 
                0.0, 
                0.0, 
                0.0, 
                0.0, 
                0.0, 
                0.0
            ], 
            "correctMedian": 0.1999999999999699
        }
    }, 
    "confusion": {
        "totalRows": 30982, 
        "perActual": {
            "1": {
                "perPredicted": {
                    "1": 5434, 
                    "0": 0, 
                    "3": 0, 
                    "2": 0, 
                    "4": 0
                }, 
                "actualClassCount": 5434.0
            }, 
            "0": {
                "perPredicted": {
                    "1": 1417, 
                    "0": 0, 
                    "3": 0, 
                    "2": 0, 
                    "4": 0
                }, 
                "actualClassCount": 1417.0
            }, 
            "3": {
                "perPredicted": {
                    "1": 6527, 
                    "0": 0, 
                    "3": 0, 
                    "2": 0, 
                    "4": 0
                }, 
                "actualClassCount": 6527.0
            }, 
            "2": {
                "perPredicted": {
                    "1": 15760, 
                    "0": 0, 
                    "3": 0, 
                    "2": 0, 
                    "4": 0
                }, 
                "actualClassCount": 15760.0
            }, 
            "4": {
                "perPredicted": {
                    "1": 1844, 
                    "0": 0, 
                    "3": 0, 
                    "2": 0, 
                    "4": 0
                }, 
                "actualClassCount": 1844.0
            }
        }
    }, 
    "metrics": {
        "f1": 0.059688049209138838, 
        "recall": 0.20000000000000001, 
        "precision": 0.035078432638306109, 
        "logLoss": 1.6094379124340352, 
        "mrocAUC": 0.5, 
        "hammingLoss": 0.82460783680846939, 
        "accuracy": 0.17539216319153056
    }, 
    "oneVsAllRocAUC": {
        "1": 0.5, 
        "0": 0.5, 
        "3": 0.5, 
        "2": 0.5, 
        "4": 0.5
    }, 
    "classes": [
        "0", 
        "2", 
        "3", 
        "4", 
        "1"
    ], 
    "oneVsAllRocCurves": {
        "1": [
            {
                "y": 0.0, 
                "x": 0.0, 
                "p": 1.2000000000000539
            }, 
            {
                "y": 1.0, 
                "x": 1.0, 
                "p": 0.20000000000005386
            }
        ], 
        "0": [
            {
                "y": 0.0, 
                "x": 0.0, 
                "p": 1.1999999999999726
            }, 
            {
                "y": 1.0, 
                "x": 1.0, 
                "p": 0.19999999999997262
            }
        ], 
        "3": [
            {
                "y": 0.0, 
                "x": 0.0, 
                "p": 1.1999999999999842
            }, 
            {
                "y": 1.0, 
                "x": 1.0, 
                "p": 0.19999999999998419
            }
        ], 
        "2": [
            {
                "y": 0.0, 
                "x": 0.0, 
                "p": 1.2000000000000195
            }, 
            {
                "y": 1.0, 
                "x": 1.0, 
                "p": 0.20000000000001955
            }
        ], 
        "4": [
            {
                "y": 0.0, 
                "x": 0.0, 
                "p": 1.19999999999997
            }, 
            {
                "y": 1.0, 
                "x": 1.0, 
                "p": 0.1999999999999699
            }
        ]
    }
}