{
  "state": "DONE",
  "preSearchDescription": {
    "gridLength": 1,
    "importantParams": [
      {
        "name": "trees",
        "vals": [
          "30"
        ]
      },
      {
        "name": "depth",
        "vals": [
          "8"
        ]
      },
      {
        "name": "min_samples",
        "vals": [
          "3"
        ]
      }
    ]
  },
  "postSearchDescription": {
    "importantParams": [
      {
        "name": "trees",
        "val": "10"
      },
      {
        "name": "depth",
        "val": "8"
      },
      {
        "name": "min_samples",
        "val": "3"
      }
    ]
  },
  "modelId": "m1",
  "progress": {
    "top_level_todo": [],
    "stack": [],
    "top_level_done": [
      {
        "name": "Loading train set",
        "time": 301
      },
      {
        "name": "Loading test set",
        "time": 69
      },
      {
        "name": "Collecting statistics",
        "time": 306
      },
      {
        "name": "Preprocessing train set",
        "time": 396
      },
      {
        "name": "Preprocessing test set",
        "time": 151
      },
      {
        "name": "Fitting model",
        "time": 659
      },
      {
        "name": "Saving model",
        "time": 3
      },
      {
        "name": "Scoring model",
        "time": 17187
      }
    ]
  },
  "startTime": 1493807810459,
  "endTime": 1493807829538,
  "preprocessingTime": 1230,
  "trainingTime": 17849
}