{
  "state": "FAILED",
  "failure": {
    "errorType": "com.dataiku.common.server.APIError$APIErrorException",
    "message": "This is not a binary classification, found 3 classes",
    "detailedMessage": "This is not a binary classification, found 3 classes",
    "stackTraceStr": "com.dataiku.common.server.APIError$APIErrorException: This is not a binary classification, found 3 classes\n\tat com.dataiku.common.apiclient.InternalAPIClient.handleStringResp(InternalAPIClient.java:529)\n\tat com.dataiku.common.apiclient.InternalAPIClient.postFormToString(InternalAPIClient.java:355)\n\tat com.dataiku.dip.analysis.coreservices.AnalysisMLKernel.executeCommand(AnalysisMLKernel.java:97)\n\tat com.dataiku.dip.analysis.ml.prediction.PyRegularNoSavePredictionHandler$TrainAdditionalThread.process(PyRegularNoSavePredictionHandler.java:116)\n\tat com.dataiku.dip.analysis.ml.shared.PRNSTrainThread.run(PRNSTrainThread.java:60)\n",
    "stackTrace": [
      {
        "file": "InternalAPIClient.java",
        "line": 529,
        "function": "com.dataiku.common.apiclient.InternalAPIClient.handleStringResp"
      },
      {
        "file": "InternalAPIClient.java",
        "line": 355,
        "function": "com.dataiku.common.apiclient.InternalAPIClient.postFormToString"
      },
      {
        "file": "AnalysisMLKernel.java",
        "line": 97,
        "function": "com.dataiku.dip.analysis.coreservices.AnalysisMLKernel.executeCommand"
      },
      {
        "file": "PyRegularNoSavePredictionHandler.java",
        "line": 116,
        "function": "com.dataiku.dip.analysis.ml.prediction.PyRegularNoSavePredictionHandler$TrainAdditionalThread.process"
      },
      {
        "file": "PRNSTrainThread.java",
        "line": 60,
        "function": "com.dataiku.dip.analysis.ml.shared.PRNSTrainThread.run"
      }
    ]
  },
  "progress": {
    "top_level_todo": [
      "Preprocessing train set",
      "Preprocessing test set",
      "Fitting model",
      "Saving model",
      "Scoring model"
    ],
    "stack": [
      {
        "name": "Collecting statistics",
        "target": 0.0,
        "cur": 0.0,
        "important": false,
        "depth": 0
      }
    ],
    "top_level_done": [
      {
        "name": "Loading train set",
        "time": 495
      },
      {
        "name": "Loading test set",
        "time": 45
      }
    ]
  },
  "startTime": 1493915519751,
  "endTime": 0,
  "preprocessingTime": 0,
  "trainingTime": 0
}