{
    "gridSize": 22, 
    "nThreads": 4, 
    "metric": "ROC_AUC", 
    "gridPoints": [
        {
            "index": 0, 
            "finishedAt": 1524752728679.0, 
            "score": 0.5, 
            "parameters": {
                "penalty": "l1", 
                "C": 0.01
            }, 
            "time": 272.0
        }, 
        {
            "index": 1, 
            "finishedAt": 1524752728818.0, 
            "score": 0.59154206547789834, 
            "parameters": {
                "penalty": "l2", 
                "C": 0.01
            }, 
            "time": 249.0
        }, 
        {
            "index": 2, 
            "finishedAt": 1524752728963.0, 
            "score": 0.53401767221634533, 
            "parameters": {
                "penalty": "l1", 
                "C": 0.1
            }, 
            "time": 247.0
        }, 
        {
            "index": 3, 
            "finishedAt": 1524752729002.0, 
            "score": 0.57425250211109924, 
            "parameters": {
                "penalty": "l2", 
                "C": 0.1
            }, 
            "time": 217.0
        }, 
        {
            "index": 4, 
            "finishedAt": 1524752729174.0, 
            "score": 0.54859656347614916, 
            "parameters": {
                "penalty": "l1", 
                "C": 1.0
            }, 
            "time": 295.0
        }, 
        {
            "index": 5, 
            "finishedAt": 1524752729303.0, 
            "score": 0.5489026572671859, 
            "parameters": {
                "penalty": "l2", 
                "C": 1.0
            }, 
            "time": 263.0
        }, 
        {
            "index": 6, 
            "finishedAt": 1524752729675.0, 
            "score": 0.5270440163705582, 
            "parameters": {
                "penalty": "l1", 
                "C": 10.0
            }, 
            "time": 1033.0
        }, 
        {
            "index": 7, 
            "finishedAt": 1524752729669.0, 
            "score": 0.53825428799627739, 
            "parameters": {
                "penalty": "l2", 
                "C": 10.0
            }, 
            "time": 223.0
        }, 
        {
            "index": 8, 
            "finishedAt": 1524752729980.0, 
            "score": 0.5244120908619142, 
            "parameters": {
                "penalty": "l1", 
                "C": 100.0
            }, 
            "time": 584.0
        }, 
        {
            "index": 9, 
            "finishedAt": 1524752729974.0, 
            "score": 0.53304235499074437, 
            "parameters": {
                "penalty": "l2", 
                "C": 100.0
            }, 
            "time": 329.0
        }, 
        {
            "index": 10, 
            "finishedAt": 1524752730350.0, 
            "score": 0.52550803446752981, 
            "parameters": {
                "penalty": "l1", 
                "C": 55.0
            }, 
            "time": 834.0
        }, 
        {
            "index": 11, 
            "finishedAt": 1524752730369.0, 
            "score": 0.53405162564059983, 
            "parameters": {
                "penalty": "l2", 
                "C": 55.0
            }, 
            "time": 250.0
        }, 
        {
            "index": 12, 
            "finishedAt": 1524752730781.0, 
            "score": 0.52508319923031066, 
            "parameters": {
                "penalty": "l1", 
                "C": 50.0
            }, 
            "time": 1016.0
        }, 
        {
            "index": 13, 
            "finishedAt": 1524752730803.0, 
            "score": 0.53425343187917596, 
            "parameters": {
                "penalty": "l2", 
                "C": 50.0
            }, 
            "time": 311.0
        }, 
        {
            "index": 14, 
            "finishedAt": 1524752731141.0, 
            "score": 0.52551097460290741, 
            "parameters": {
                "penalty": "l1", 
                "C": 60.0
            }, 
            "time": 863.0
        }, 
        {
            "index": 15, 
            "finishedAt": 1524752731175.0, 
            "score": 0.53387421966178916, 
            "parameters": {
                "penalty": "l2", 
                "C": 60.0
            }, 
            "time": 260.0
        }, 
        {
            "index": 16, 
            "finishedAt": 1524752731506.0, 
            "score": 0.52507426144134095, 
            "parameters": {
                "penalty": "l1", 
                "C": 33.0
            }, 
            "time": 858.0
        }, 
        {
            "index": 17, 
            "finishedAt": 1524752731528.0, 
            "score": 0.53503064636663999, 
            "parameters": {
                "penalty": "l2", 
                "C": 33.0
            }, 
            "time": 253.0
        }, 
        {
            "index": 18, 
            "finishedAt": 1524752731950.0, 
            "score": 0.52650347951469756, 
            "parameters": {
                "penalty": "l1", 
                "C": 12.0
            }, 
            "time": 982.0
        }, 
        {
            "index": 19, 
            "finishedAt": 1524752731946.0, 
            "score": 0.53762078500544919, 
            "parameters": {
                "penalty": "l2", 
                "C": 12.0
            }, 
            "time": 290.0
        }, 
        {
            "index": 20, 
            "finishedAt": 1524752732267.0, 
            "score": 0.52488299174411113, 
            "parameters": {
                "penalty": "l1", 
                "C": 44.0
            }, 
            "time": 952.0
        }, 
        {
            "index": 21, 
            "finishedAt": 1524752732296.0, 
            "score": 0.53461504976437468, 
            "parameters": {
                "penalty": "l2", 
                "C": 44.0
            }, 
            "time": 223.0
        }
    ], 
    "startedAt": 1524752728483, 
    "nSplits": 3
}