[
    {
        "parameters": {
            "penalty": "l2", 
            "C": 0.01
        }, 
        "score_time": 54, 
        "test_score": 0.6189128778695265, 
        "fit_time": 29, 
        "num_samples": 410, 
        "best_iteration": null, 
        "train_score": 0.7987050987043114, 
        "parameter_id": 1, 
        "time": 83, 
        "done_at": 1524752728643, 
        "grid_point_id": "{\"penalty\": \"l2\", \"C\": 0.01}@0"
    }, 
    {
        "parameters": {
            "penalty": "l2", 
            "C": 1.0
        }, 
        "score_time": 38, 
        "test_score": 0.5341206264437239, 
        "fit_time": 38, 
        "num_samples": 408, 
        "best_iteration": null, 
        "train_score": 0.99835584565762, 
        "parameter_id": 5, 
        "time": 76, 
        "done_at": 1524752729303, 
        "grid_point_id": "{\"penalty\": \"l2\", \"C\": 1.0}@2"
    }, 
    {
        "parameters": {
            "penalty": "l2", 
            "C": 1.0
        }, 
        "score_time": 63, 
        "test_score": 0.5394570301915316, 
        "fit_time": 32, 
        "num_samples": 410, 
        "best_iteration": null, 
        "train_score": 0.9985937569120008, 
        "parameter_id": 5, 
        "time": 95, 
        "done_at": 1524752729266, 
        "grid_point_id": "{\"penalty\": \"l2\", \"C\": 1.0}@1"
    }, 
    {
        "parameters": {
            "penalty": "l2", 
            "C": 0.01
        }, 
        "score_time": 57, 
        "test_score": 0.5661192936294014, 
        "fit_time": 26, 
        "num_samples": 410, 
        "best_iteration": null, 
        "train_score": 0.837040799456562, 
        "parameter_id": 1, 
        "time": 83, 
        "done_at": 1524752728810, 
        "grid_point_id": "{\"penalty\": \"l2\", \"C\": 0.01}@1"
    }, 
    {
        "parameters": {
            "penalty": "l1", 
            "C": 0.01
        }, 
        "score_time": 59, 
        "test_score": 0.5, 
        "fit_time": 29, 
        "num_samples": 410, 
        "best_iteration": null, 
        "train_score": 0.5, 
        "parameter_id": 0, 
        "time": 88, 
        "done_at": 1524752728631, 
        "grid_point_id": "{\"penalty\": \"l1\", \"C\": 0.01}@0"
    }, 
    {
        "parameters": {
            "penalty": "l1", 
            "C": 0.1
        }, 
        "score_time": 50, 
        "test_score": 0.5325261044319893, 
        "fit_time": 36, 
        "num_samples": 410, 
        "best_iteration": null, 
        "train_score": 0.5774335679383623, 
        "parameter_id": 2, 
        "time": 86, 
        "done_at": 1524752728801, 
        "grid_point_id": "{\"penalty\": \"l1\", \"C\": 0.1}@0"
    }, 
    {
        "parameters": {
            "penalty": "l1", 
            "C": 0.01
        }, 
        "score_time": 59, 
        "test_score": 0.5, 
        "fit_time": 33, 
        "num_samples": 408, 
        "best_iteration": null, 
        "train_score": 0.5, 
        "parameter_id": 0, 
        "time": 92, 
        "done_at": 1524752728679, 
        "grid_point_id": "{\"penalty\": \"l1\", \"C\": 0.01}@2"
    }, 
    {
        "parameters": {
            "penalty": "l2", 
            "C": 0.01
        }, 
        "score_time": 54, 
        "test_score": 0.5894700114135552, 
        "fit_time": 29, 
        "num_samples": 408, 
        "best_iteration": null, 
        "train_score": 0.8333360816374068, 
        "parameter_id": 1, 
        "time": 83, 
        "done_at": 1524752728818, 
        "grid_point_id": "{\"penalty\": \"l2\", \"C\": 0.01}@2"
    }, 
    {
        "parameters": {
            "penalty": "l2", 
            "C": 1.0
        }, 
        "score_time": 49, 
        "test_score": 0.5730842389366648, 
        "fit_time": 43, 
        "num_samples": 410, 
        "best_iteration": null, 
        "train_score": 0.9973722868404498, 
        "parameter_id": 5, 
        "time": 92, 
        "done_at": 1524752729195, 
        "grid_point_id": "{\"penalty\": \"l2\", \"C\": 1.0}@0"
    }, 
    {
        "parameters": {
            "penalty": "l1", 
            "C": 0.1
        }, 
        "score_time": 62, 
        "test_score": 0.5285648438280519, 
        "fit_time": 22, 
        "num_samples": 408, 
        "best_iteration": null, 
        "train_score": 0.6013991616038448, 
        "parameter_id": 2, 
        "time": 84, 
        "done_at": 1524752728963, 
        "grid_point_id": "{\"penalty\": \"l1\", \"C\": 0.1}@2"
    }, 
    {
        "parameters": {
            "penalty": "l1", 
            "C": 1.0
        }, 
        "score_time": 29, 
        "test_score": 0.5873125805178815, 
        "fit_time": 73, 
        "num_samples": 410, 
        "best_iteration": null, 
        "train_score": 0.9596689943474358, 
        "parameter_id": 4, 
        "time": 102, 
        "done_at": 1524752729144, 
        "grid_point_id": "{\"penalty\": \"l1\", \"C\": 1.0}@0"
    }, 
    {
        "parameters": {
            "penalty": "l1", 
            "C": 1.0
        }, 
        "score_time": 19, 
        "test_score": 0.5530657406218952, 
        "fit_time": 59, 
        "num_samples": 410, 
        "best_iteration": null, 
        "train_score": 0.9656204755681618, 
        "parameter_id": 4, 
        "time": 78, 
        "done_at": 1524752729122, 
        "grid_point_id": "{\"penalty\": \"l1\", \"C\": 1.0}@1"
    }, 
    {
        "parameters": {
            "penalty": "l2", 
            "C": 0.1
        }, 
        "score_time": 50, 
        "test_score": 0.5523015635324711, 
        "fit_time": 33, 
        "num_samples": 410, 
        "best_iteration": null, 
        "train_score": 0.9341189209068395, 
        "parameter_id": 3, 
        "time": 83, 
        "done_at": 1524752728985, 
        "grid_point_id": "{\"penalty\": \"l2\", \"C\": 0.1}@1"
    }, 
    {
        "parameters": {
            "penalty": "l2", 
            "C": 10.0
        }, 
        "score_time": 18, 
        "test_score": 0.5577632607899903, 
        "fit_time": 52, 
        "num_samples": 410, 
        "best_iteration": null, 
        "train_score": 1.0, 
        "parameter_id": 7, 
        "time": 70, 
        "done_at": 1524752729402, 
        "grid_point_id": "{\"penalty\": \"l2\", \"C\": 10.0}@0"
    }, 
    {
        "parameters": {
            "penalty": "l2", 
            "C": 0.1
        }, 
        "score_time": 36, 
        "test_score": 0.6055518119197364, 
        "fit_time": 34, 
        "num_samples": 410, 
        "best_iteration": null, 
        "train_score": 0.9174868376756631, 
        "parameter_id": 3, 
        "time": 70, 
        "done_at": 1524752728971, 
        "grid_point_id": "{\"penalty\": \"l2\", \"C\": 0.1}@0"
    }, 
    {
        "parameters": {
            "penalty": "l1", 
            "C": 0.01
        }, 
        "score_time": 50, 
        "test_score": 0.5, 
        "fit_time": 42, 
        "num_samples": 410, 
        "best_iteration": null, 
        "train_score": 0.5, 
        "parameter_id": 0, 
        "time": 92, 
        "done_at": 1524752728659, 
        "grid_point_id": "{\"penalty\": \"l1\", \"C\": 0.01}@1"
    }, 
    {
        "parameters": {
            "penalty": "l1", 
            "C": 1.0
        }, 
        "score_time": 51, 
        "test_score": 0.5054331701527963, 
        "fit_time": 64, 
        "num_samples": 408, 
        "best_iteration": null, 
        "train_score": 0.9658009211721026, 
        "parameter_id": 4, 
        "time": 115, 
        "done_at": 1524752729174, 
        "grid_point_id": "{\"penalty\": \"l1\", \"C\": 1.0}@2"
    }, 
    {
        "parameters": {
            "penalty": "l1", 
            "C": 0.1
        }, 
        "score_time": 46, 
        "test_score": 0.540935469226125, 
        "fit_time": 31, 
        "num_samples": 410, 
        "best_iteration": null, 
        "train_score": 0.586669603915632, 
        "parameter_id": 2, 
        "time": 77, 
        "done_at": 1524752728838, 
        "grid_point_id": "{\"penalty\": \"l1\", \"C\": 0.1}@1"
    }, 
    {
        "parameters": {
            "penalty": "l2", 
            "C": 0.1
        }, 
        "score_time": 39, 
        "test_score": 0.5650568104411323, 
        "fit_time": 25, 
        "num_samples": 408, 
        "best_iteration": null, 
        "train_score": 0.9337513132436761, 
        "parameter_id": 3, 
        "time": 64, 
        "done_at": 1524752729002, 
        "grid_point_id": "{\"penalty\": \"l2\", \"C\": 0.1}@2"
    }, 
    {
        "parameters": {
            "penalty": "l1", 
            "C": 55.0
        }, 
        "score_time": 32, 
        "test_score": 0.5262373904837965, 
        "fit_time": 201, 
        "num_samples": 410, 
        "best_iteration": null, 
        "train_score": 1.0, 
        "parameter_id": 10, 
        "time": 233, 
        "done_at": 1524752730270, 
        "grid_point_id": "{\"penalty\": \"l1\", \"C\": 55.0}@1"
    }, 
    {
        "parameters": {
            "penalty": "l2", 
            "C": 55.0
        }, 
        "score_time": 14, 
        "test_score": 0.5501948770423613, 
        "fit_time": 58, 
        "num_samples": 410, 
        "best_iteration": null, 
        "train_score": 1.0, 
        "parameter_id": 11, 
        "time": 72, 
        "done_at": 1524752730089, 
        "grid_point_id": "{\"penalty\": \"l2\", \"C\": 55.0}@0"
    }, 
    {
        "parameters": {
            "penalty": "l2", 
            "C": 55.0
        }, 
        "score_time": 19, 
        "test_score": 0.5252062565067955, 
        "fit_time": 55, 
        "num_samples": 410, 
        "best_iteration": null, 
        "train_score": 1.0, 
        "parameter_id": 11, 
        "time": 74, 
        "done_at": 1524752730206, 
        "grid_point_id": "{\"penalty\": \"l2\", \"C\": 55.0}@1"
    }, 
    {
        "parameters": {
            "penalty": "l2", 
            "C": 100.0
        }, 
        "score_time": 28, 
        "test_score": 0.526960437045312, 
        "fit_time": 63, 
        "num_samples": 408, 
        "best_iteration": null, 
        "train_score": 1.0, 
        "parameter_id": 9, 
        "time": 91, 
        "done_at": 1524752729961, 
        "grid_point_id": "{\"penalty\": \"l2\", \"C\": 100.0}@2"
    }, 
    {
        "parameters": {
            "penalty": "l1", 
            "C": 10.0
        }, 
        "score_time": 34, 
        "test_score": 0.5257247203563465, 
        "fit_time": 246, 
        "num_samples": 410, 
        "best_iteration": null, 
        "train_score": 1.0, 
        "parameter_id": 6, 
        "time": 280, 
        "done_at": 1524752729527, 
        "grid_point_id": "{\"penalty\": \"l1\", \"C\": 10.0}@1"
    }, 
    {
        "parameters": {
            "penalty": "l2", 
            "C": 10.0
        }, 
        "score_time": 30, 
        "test_score": 0.5269010986682167, 
        "fit_time": 50, 
        "num_samples": 408, 
        "best_iteration": null, 
        "train_score": 1.0, 
        "parameter_id": 7, 
        "time": 80, 
        "done_at": 1524752729669, 
        "grid_point_id": "{\"penalty\": \"l2\", \"C\": 10.0}@2"
    }, 
    {
        "parameters": {
            "penalty": "l1", 
            "C": 100.0
        }, 
        "score_time": 14, 
        "test_score": 0.5260448606416711, 
        "fit_time": 174, 
        "num_samples": 410, 
        "best_iteration": null, 
        "train_score": 1.0, 
        "parameter_id": 8, 
        "time": 188, 
        "done_at": 1524752729936, 
        "grid_point_id": "{\"penalty\": \"l1\", \"C\": 100.0}@1"
    }, 
    {
        "parameters": {
            "penalty": "l1", 
            "C": 100.0
        }, 
        "score_time": 24, 
        "test_score": 0.5447911170058519, 
        "fit_time": 133, 
        "num_samples": 410, 
        "best_iteration": null, 
        "train_score": 1.0, 
        "parameter_id": 8, 
        "time": 157, 
        "done_at": 1524752729749, 
        "grid_point_id": "{\"penalty\": \"l1\", \"C\": 100.0}@0"
    }, 
    {
        "parameters": {
            "penalty": "l2", 
            "C": 50.0
        }, 
        "score_time": 14, 
        "test_score": 0.5254996565362693, 
        "fit_time": 57, 
        "num_samples": 410, 
        "best_iteration": null, 
        "train_score": 1.0, 
        "parameter_id": 13, 
        "time": 71, 
        "done_at": 1524752730572, 
        "grid_point_id": "{\"penalty\": \"l2\", \"C\": 50.0}@1"
    }, 
    {
        "parameters": {
            "penalty": "l1", 
            "C": 10.0
        }, 
        "score_time": 80, 
        "test_score": 0.5513447080439444, 
        "fit_time": 335, 
        "num_samples": 410, 
        "best_iteration": null, 
        "train_score": 1.0, 
        "parameter_id": 6, 
        "time": 415, 
        "done_at": 1524752729657, 
        "grid_point_id": "{\"penalty\": \"l1\", \"C\": 10.0}@0"
    }, 
    {
        "parameters": {
            "penalty": "l1", 
            "C": 55.0
        }, 
        "score_time": 59, 
        "test_score": 0.503658771029551, 
        "fit_time": 226, 
        "num_samples": 408, 
        "best_iteration": null, 
        "train_score": 1.0, 
        "parameter_id": 10, 
        "time": 285, 
        "done_at": 1524752730350, 
        "grid_point_id": "{\"penalty\": \"l1\", \"C\": 55.0}@2"
    }, 
    {
        "parameters": {
            "penalty": "l1", 
            "C": 10.0
        }, 
        "score_time": 61, 
        "test_score": 0.5041811606707659, 
        "fit_time": 277, 
        "num_samples": 408, 
        "best_iteration": null, 
        "train_score": 1.0, 
        "parameter_id": 6, 
        "time": 338, 
        "done_at": 1524752729675, 
        "grid_point_id": "{\"penalty\": \"l1\", \"C\": 10.0}@2"
    }, 
    {
        "parameters": {
            "penalty": "l2", 
            "C": 50.0
        }, 
        "score_time": 11, 
        "test_score": 0.5506583748104412, 
        "fit_time": 56, 
        "num_samples": 410, 
        "best_iteration": null, 
        "train_score": 1.0, 
        "parameter_id": 13, 
        "time": 67, 
        "done_at": 1524752730468, 
        "grid_point_id": "{\"penalty\": \"l2\", \"C\": 50.0}@0"
    }, 
    {
        "parameters": {
            "penalty": "l2", 
            "C": 100.0
        }, 
        "score_time": 48, 
        "test_score": 0.5244186074150134, 
        "fit_time": 95, 
        "num_samples": 410, 
        "best_iteration": null, 
        "train_score": 1.0, 
        "parameter_id": 9, 
        "time": 143, 
        "done_at": 1524752729974, 
        "grid_point_id": "{\"penalty\": \"l2\", \"C\": 100.0}@1"
    }, 
    {
        "parameters": {
            "penalty": "l2", 
            "C": 100.0
        }, 
        "score_time": 20, 
        "test_score": 0.5477059534505626, 
        "fit_time": 75, 
        "num_samples": 410, 
        "best_iteration": null, 
        "train_score": 1.0, 
        "parameter_id": 9, 
        "time": 95, 
        "done_at": 1524752729803, 
        "grid_point_id": "{\"penalty\": \"l2\", \"C\": 100.0}@0"
    }, 
    {
        "parameters": {
            "penalty": "l1", 
            "C": 55.0
        }, 
        "score_time": 34, 
        "test_score": 0.5465213601163736, 
        "fit_time": 282, 
        "num_samples": 410, 
        "best_iteration": null, 
        "train_score": 1.0, 
        "parameter_id": 10, 
        "time": 316, 
        "done_at": 1524752730326, 
        "grid_point_id": "{\"penalty\": \"l1\", \"C\": 55.0}@0"
    }, 
    {
        "parameters": {
            "penalty": "l2", 
            "C": 10.0
        }, 
        "score_time": 27, 
        "test_score": 0.5300431231192686, 
        "fit_time": 46, 
        "num_samples": 410, 
        "best_iteration": null, 
        "train_score": 1.0, 
        "parameter_id": 7, 
        "time": 73, 
        "done_at": 1524752729569, 
        "grid_point_id": "{\"penalty\": \"l2\", \"C\": 10.0}@1"
    }, 
    {
        "parameters": {
            "penalty": "l2", 
            "C": 55.0
        }, 
        "score_time": 47, 
        "test_score": 0.5267105952305265, 
        "fit_time": 57, 
        "num_samples": 408, 
        "best_iteration": null, 
        "train_score": 1.0, 
        "parameter_id": 11, 
        "time": 104, 
        "done_at": 1524752730369, 
        "grid_point_id": "{\"penalty\": \"l2\", \"C\": 55.0}@2"
    }, 
    {
        "parameters": {
            "penalty": "l1", 
            "C": 100.0
        }, 
        "score_time": 49, 
        "test_score": 0.5024997048218486, 
        "fit_time": 190, 
        "num_samples": 408, 
        "best_iteration": null, 
        "train_score": 1.0, 
        "parameter_id": 8, 
        "time": 239, 
        "done_at": 1524752729980, 
        "grid_point_id": "{\"penalty\": \"l1\", \"C\": 100.0}@2"
    }, 
    {
        "parameters": {
            "penalty": "l1", 
            "C": 50.0
        }, 
        "score_time": 78, 
        "test_score": 0.5475929015911046, 
        "fit_time": 301, 
        "num_samples": 410, 
        "best_iteration": null, 
        "train_score": 1.0, 
        "parameter_id": 12, 
        "time": 379, 
        "done_at": 1524752730781, 
        "grid_point_id": "{\"penalty\": \"l1\", \"C\": 50.0}@0"
    }, 
    {
        "parameters": {
            "penalty": "l2", 
            "C": 12.0
        }, 
        "score_time": 15, 
        "test_score": 0.529265873015873, 
        "fit_time": 48, 
        "num_samples": 410, 
        "best_iteration": null, 
        "train_score": 1.0, 
        "parameter_id": 19, 
        "time": 63, 
        "done_at": 1524752731709, 
        "grid_point_id": "{\"penalty\": \"l2\", \"C\": 12.0}@1"
    }, 
    {
        "parameters": {
            "penalty": "l1", 
            "C": 50.0
        }, 
        "score_time": 61, 
        "test_score": 0.5259745931915742, 
        "fit_time": 230, 
        "num_samples": 410, 
        "best_iteration": null, 
        "train_score": 1.0, 
        "parameter_id": 12, 
        "time": 291, 
        "done_at": 1524752730730, 
        "grid_point_id": "{\"penalty\": \"l1\", \"C\": 50.0}@1"
    }, 
    {
        "parameters": {
            "penalty": "l1", 
            "C": 60.0
        }, 
        "score_time": 49, 
        "test_score": 0.5261925262767582, 
        "fit_time": 273, 
        "num_samples": 410, 
        "best_iteration": null, 
        "train_score": 1.0, 
        "parameter_id": 14, 
        "time": 322, 
        "done_at": 1524752731141, 
        "grid_point_id": "{\"penalty\": \"l1\", \"C\": 60.0}@1"
    }, 
    {
        "parameters": {
            "penalty": "l2", 
            "C": 50.0
        }, 
        "score_time": 102, 
        "test_score": 0.5266822884026774, 
        "fit_time": 71, 
        "num_samples": 408, 
        "best_iteration": null, 
        "train_score": 1.0, 
        "parameter_id": 13, 
        "time": 173, 
        "done_at": 1524752730803, 
        "grid_point_id": "{\"penalty\": \"l2\", \"C\": 50.0}@2"
    }, 
    {
        "parameters": {
            "penalty": "l1", 
            "C": 50.0
        }, 
        "score_time": 64, 
        "test_score": 0.5016864511714787, 
        "fit_time": 282, 
        "num_samples": 408, 
        "best_iteration": null, 
        "train_score": 1.0, 
        "parameter_id": 12, 
        "time": 346, 
        "done_at": 1524752730770, 
        "grid_point_id": "{\"penalty\": \"l1\", \"C\": 50.0}@2"
    }, 
    {
        "parameters": {
            "penalty": "l2", 
            "C": 12.0
        }, 
        "score_time": 17, 
        "test_score": 0.5571027764704763, 
        "fit_time": 40, 
        "num_samples": 410, 
        "best_iteration": null, 
        "train_score": 1.0, 
        "parameter_id": 19, 
        "time": 57, 
        "done_at": 1524752731606, 
        "grid_point_id": "{\"penalty\": \"l2\", \"C\": 12.0}@0"
    }, 
    {
        "parameters": {
            "penalty": "l2", 
            "C": 60.0
        }, 
        "score_time": 19, 
        "test_score": 0.5497909506220378, 
        "fit_time": 53, 
        "num_samples": 410, 
        "best_iteration": null, 
        "train_score": 1.0, 
        "parameter_id": 15, 
        "time": 72, 
        "done_at": 1524752730901, 
        "grid_point_id": "{\"penalty\": \"l2\", \"C\": 60.0}@0"
    }, 
    {
        "parameters": {
            "penalty": "l2", 
            "C": 60.0
        }, 
        "score_time": 16, 
        "test_score": 0.5250652759356711, 
        "fit_time": 58, 
        "num_samples": 410, 
        "best_iteration": null, 
        "train_score": 1.0, 
        "parameter_id": 15, 
        "time": 74, 
        "done_at": 1524752731020, 
        "grid_point_id": "{\"penalty\": \"l2\", \"C\": 60.0}@1"
    }, 
    {
        "parameters": {
            "penalty": "l1", 
            "C": 33.0
        }, 
        "score_time": 56, 
        "test_score": 0.5243131319613799, 
        "fit_time": 229, 
        "num_samples": 410, 
        "best_iteration": null, 
        "train_score": 1.0, 
        "parameter_id": 16, 
        "time": 285, 
        "done_at": 1524752731466, 
        "grid_point_id": "{\"penalty\": \"l1\", \"C\": 33.0}@1"
    }, 
    {
        "parameters": {
            "penalty": "l2", 
            "C": 33.0
        }, 
        "score_time": 27, 
        "test_score": 0.5262598225873157, 
        "fit_time": 51, 
        "num_samples": 410, 
        "best_iteration": null, 
        "train_score": 1.0, 
        "parameter_id": 17, 
        "time": 78, 
        "done_at": 1524752731416, 
        "grid_point_id": "{\"penalty\": \"l2\", \"C\": 33.0}@1"
    }, 
    {
        "parameters": {
            "penalty": "l2", 
            "C": 60.0
        }, 
        "score_time": 61, 
        "test_score": 0.5267234619704579, 
        "fit_time": 53, 
        "num_samples": 408, 
        "best_iteration": null, 
        "train_score": 1.0, 
        "parameter_id": 15, 
        "time": 114, 
        "done_at": 1524752731175, 
        "grid_point_id": "{\"penalty\": \"l2\", \"C\": 60.0}@2"
    }, 
    {
        "parameters": {
            "penalty": "l1", 
            "C": 60.0
        }, 
        "score_time": 37, 
        "test_score": 0.5039972419764523, 
        "fit_time": 218, 
        "num_samples": 408, 
        "best_iteration": null, 
        "train_score": 1.0, 
        "parameter_id": 14, 
        "time": 255, 
        "done_at": 1524752731118, 
        "grid_point_id": "{\"penalty\": \"l1\", \"C\": 60.0}@2"
    }, 
    {
        "parameters": {
            "penalty": "l1", 
            "C": 33.0
        }, 
        "score_time": 50, 
        "test_score": 0.5048655198617051, 
        "fit_time": 273, 
        "num_samples": 408, 
        "best_iteration": null, 
        "train_score": 1.0, 
        "parameter_id": 16, 
        "time": 323, 
        "done_at": 1524752731506, 
        "grid_point_id": "{\"penalty\": \"l1\", \"C\": 33.0}@2"
    }, 
    {
        "parameters": {
            "penalty": "l2", 
            "C": 33.0
        }, 
        "score_time": 49, 
        "test_score": 0.5264655973648915, 
        "fit_time": 53, 
        "num_samples": 408, 
        "best_iteration": null, 
        "train_score": 1.0, 
        "parameter_id": 17, 
        "time": 102, 
        "done_at": 1524752731528, 
        "grid_point_id": "{\"penalty\": \"l2\", \"C\": 33.0}@2"
    }, 
    {
        "parameters": {
            "penalty": "l1", 
            "C": 60.0
        }, 
        "score_time": 31, 
        "test_score": 0.5462382105183093, 
        "fit_time": 255, 
        "num_samples": 410, 
        "best_iteration": null, 
        "train_score": 1.0, 
        "parameter_id": 14, 
        "time": 286, 
        "done_at": 1524752731079, 
        "grid_point_id": "{\"penalty\": \"l1\", \"C\": 60.0}@0"
    }, 
    {
        "parameters": {
            "penalty": "l1", 
            "C": 33.0
        }, 
        "score_time": 19, 
        "test_score": 0.5459455532737203, 
        "fit_time": 231, 
        "num_samples": 410, 
        "best_iteration": null, 
        "train_score": 1.0, 
        "parameter_id": 16, 
        "time": 250, 
        "done_at": 1524752731376, 
        "grid_point_id": "{\"penalty\": \"l1\", \"C\": 33.0}@0"
    }, 
    {
        "parameters": {
            "penalty": "l2", 
            "C": 33.0
        }, 
        "score_time": 18, 
        "test_score": 0.5523247384208749, 
        "fit_time": 55, 
        "num_samples": 410, 
        "best_iteration": null, 
        "train_score": 1.0, 
        "parameter_id": 17, 
        "time": 73, 
        "done_at": 1524752731268, 
        "grid_point_id": "{\"penalty\": \"l2\", \"C\": 33.0}@0"
    }, 
    {
        "parameters": {
            "penalty": "l1", 
            "C": 12.0
        }, 
        "score_time": 35, 
        "test_score": 0.5498918208093859, 
        "fit_time": 248, 
        "num_samples": 410, 
        "best_iteration": null, 
        "train_score": 1.0, 
        "parameter_id": 18, 
        "time": 283, 
        "done_at": 1524752731823, 
        "grid_point_id": "{\"penalty\": \"l1\", \"C\": 12.0}@0"
    }, 
    {
        "parameters": {
            "penalty": "l2", 
            "C": 44.0
        }, 
        "score_time": 9, 
        "test_score": 0.5265724669930276, 
        "fit_time": 49, 
        "num_samples": 408, 
        "best_iteration": null, 
        "train_score": 1.0, 
        "parameter_id": 21, 
        "time": 58, 
        "done_at": 1524752732296, 
        "grid_point_id": "{\"penalty\": \"l2\", \"C\": 44.0}@2"
    }, 
    {
        "parameters": {
            "penalty": "l1", 
            "C": 44.0
        }, 
        "score_time": 23, 
        "test_score": 0.5251085060159634, 
        "fit_time": 303, 
        "num_samples": 410, 
        "best_iteration": null, 
        "train_score": 1.0, 
        "parameter_id": 20, 
        "time": 326, 
        "done_at": 1524752732258, 
        "grid_point_id": "{\"penalty\": \"l1\", \"C\": 44.0}@1"
    }, 
    {
        "parameters": {
            "penalty": "l2", 
            "C": 44.0
        }, 
        "score_time": 17, 
        "test_score": 0.5259298775415128, 
        "fit_time": 54, 
        "num_samples": 410, 
        "best_iteration": null, 
        "train_score": 1.0, 
        "parameter_id": 21, 
        "time": 71, 
        "done_at": 1524752732217, 
        "grid_point_id": "{\"penalty\": \"l2\", \"C\": 44.0}@1"
    }, 
    {
        "parameters": {
            "penalty": "l2", 
            "C": 44.0
        }, 
        "score_time": 14, 
        "test_score": 0.5513004380648137, 
        "fit_time": 80, 
        "num_samples": 410, 
        "best_iteration": null, 
        "train_score": 1.0, 
        "parameter_id": 21, 
        "time": 94, 
        "done_at": 1524752732079, 
        "grid_point_id": "{\"penalty\": \"l2\", \"C\": 44.0}@0"
    }, 
    {
        "parameters": {
            "penalty": "l1", 
            "C": 12.0
        }, 
        "score_time": 50, 
        "test_score": 0.5046825094078574, 
        "fit_time": 333, 
        "num_samples": 408, 
        "best_iteration": null, 
        "train_score": 1.0, 
        "parameter_id": 18, 
        "time": 383, 
        "done_at": 1524752731950, 
        "grid_point_id": "{\"penalty\": \"l1\", \"C\": 12.0}@2"
    }, 
    {
        "parameters": {
            "penalty": "l2", 
            "C": 12.0
        }, 
        "score_time": 55, 
        "test_score": 0.5265887396347056, 
        "fit_time": 115, 
        "num_samples": 408, 
        "best_iteration": null, 
        "train_score": 1.0, 
        "parameter_id": 19, 
        "time": 170, 
        "done_at": 1524752731946, 
        "grid_point_id": "{\"penalty\": \"l2\", \"C\": 12.0}@2"
    }, 
    {
        "parameters": {
            "penalty": "l1", 
            "C": 44.0
        }, 
        "score_time": 29, 
        "test_score": 0.5457175183141041, 
        "fit_time": 309, 
        "num_samples": 410, 
        "best_iteration": null, 
        "train_score": 1.0, 
        "parameter_id": 20, 
        "time": 338, 
        "done_at": 1524752732227, 
        "grid_point_id": "{\"penalty\": \"l1\", \"C\": 44.0}@0"
    }, 
    {
        "parameters": {
            "penalty": "l1", 
            "C": 44.0
        }, 
        "score_time": 35, 
        "test_score": 0.5039245827391926, 
        "fit_time": 253, 
        "num_samples": 408, 
        "best_iteration": null, 
        "train_score": 1.0, 
        "parameter_id": 20, 
        "time": 288, 
        "done_at": 1524752732267, 
        "grid_point_id": "{\"penalty\": \"l1\", \"C\": 44.0}@2"
    }, 
    {
        "parameters": {
            "penalty": "l1", 
            "C": 12.0
        }, 
        "score_time": 47, 
        "test_score": 0.5248296645702306, 
        "fit_time": 269, 
        "num_samples": 410, 
        "best_iteration": null, 
        "train_score": 1.0, 
        "parameter_id": 18, 
        "time": 316, 
        "done_at": 1524752731866, 
        "grid_point_id": "{\"penalty\": \"l1\", \"C\": 12.0}@1"
    }
]