{
  "state": "DONE",
  "preSearchDescription": {
    "gridLength": 22,
    "importantParams": [
      {
        "name": "penalty",
        "vals": [
          "l1",
          "l2"
        ]
      },
      {
        "name": "C",
        "vals": [
          "0.01",
          "0.1",
          "1.0",
          "10.0",
          "100.0",
          "55.0",
          "50.0",
          "60.0",
          "33.0",
          "12.0",
          "44.0"
        ]
      }
    ]
  },
  "postSearchDescription": {
    "importantParams": [
      {
        "name": "C",
        "val": "0.01"
      },
      {
        "name": "penalty",
        "val": "l2"
      }
    ]
  },
  "modelId": "m1",
  "progress": {
    "top_level_todo": [],
    "stack": [],
    "top_level_done": [
      {
        "name": "Loading train set",
        "time": 17
      },
      {
        "name": "Loading test set",
        "time": 10
      },
      {
        "name": "Collecting statistics",
        "time": 66
      },
      {
        "name": "Preprocessing train set",
        "time": 84
      },
      {
        "name": "Preprocessing test set",
        "time": 91
      },
      {
        "name": "Grid searching",
        "time": 4451
      },
      {
        "name": "Fitting model",
        "time": 23
      },
      {
        "name": "Saving model",
        "time": 2
      },
      {
        "name": "Scoring model",
        "time": 108
      }
    ]
  },
  "startTime": 1524752728187,
  "endTime": 1524752733042,
  "preprocessingTime": 270,
  "trainingTime": 4585
}