{
  "state": "DONE",
  "preSearchDescription": {
    "gridLength": 1,
    "importantParams": []
  },
  "postSearchDescription": {
    "importantParams": [
      {
        "name": "layer_sizes",
        "val": "[10]"
      },
      {
        "name": "activation",
        "val": "relu"
      },
      {
        "name": "alpha",
        "val": "0.001"
      },
      {
        "name": "solver",
        "val": "adam"
      }
    ]
  },
  "modelId": "m1",
  "progress": {
    "top_level_todo": [],
    "stack": [],
    "top_level_done": [
      {
        "name": "Loading train set",
        "time": 777
      },
      {
        "name": "Loading test set",
        "time": 343
      },
      {
        "name": "Collecting statistics",
        "time": 1186
      },
      {
        "name": "Preprocessing train set",
        "time": 1382
      },
      {
        "name": "Preprocessing test set",
        "time": 1116
      },
      {
        "name": "Fitting model",
        "time": 9603
      },
      {
        "name": "Saving model",
        "time": 22
      },
      {
        "name": "Scoring model",
        "time": 658
      }
    ]
  },
  "startTime": 1525435476933,
  "endTime": 1525435492044,
  "preprocessingTime": 4826,
  "trainingTime": 10285
}