{
    "gridSize": 5, 
    "nThreads": 4, 
    "metric": "ROC_AUC", 
    "gridPoints": [
        {
            "index": 0, 
            "finishedAt": 1524752244920.0, 
            "score": 0.59329761625439403, 
            "parameters": {
                "penalty": "l2", 
                "C": 0.01
            }, 
            "time": 1466.0
        }, 
        {
            "index": 1, 
            "finishedAt": 1524752245941.0, 
            "score": 0.56793635906592044, 
            "parameters": {
                "penalty": "l2", 
                "C": 0.1
            }, 
            "time": 2965.0
        }, 
        {
            "index": 2, 
            "finishedAt": 1524752248356.0, 
            "score": 0.54461632497259871, 
            "parameters": {
                "penalty": "l2", 
                "C": 1.0
            }, 
            "time": 7125.0
        }, 
        {
            "index": 3, 
            "finishedAt": 1524752251182.0, 
            "score": 0.53596241803703426, 
            "parameters": {
                "penalty": "l2", 
                "C": 10.0
            }, 
            "time": 10327.0
        }, 
        {
            "index": 4, 
            "finishedAt": 1524752252480.0, 
            "score": 0.53223208762614449, 
            "parameters": {
                "penalty": "l2", 
                "C": 100.0
            }, 
            "time": 6876.0
        }
    ], 
    "startedAt": 1524752244319, 
    "nSplits": 3
}