[
    {
        "parameters": {
            "penalty": "l2", 
            "C": 0.01
        }, 
        "score_time": 43, 
        "test_score": 0.6211975356180208, 
        "fit_time": 446, 
        "num_samples": 410, 
        "best_iteration": null, 
        "train_score": 0.8026821844134988, 
        "parameter_id": 0, 
        "time": 489, 
        "done_at": 1524752244854, 
        "grid_point_id": "{\"penalty\": \"l2\", \"C\": 0.01}@0"
    }, 
    {
        "parameters": {
            "penalty": "l2", 
            "C": 0.01
        }, 
        "score_time": 59, 
        "test_score": 0.5903917241128761, 
        "fit_time": 458, 
        "num_samples": 408, 
        "best_iteration": null, 
        "train_score": 0.8343549596638096, 
        "parameter_id": 0, 
        "time": 517, 
        "done_at": 1524752244920, 
        "grid_point_id": "{\"penalty\": \"l2\", \"C\": 0.01}@2"
    }, 
    {
        "parameters": {
            "penalty": "l2", 
            "C": 0.01
        }, 
        "score_time": 44, 
        "test_score": 0.5682894139486682, 
        "fit_time": 416, 
        "num_samples": 410, 
        "best_iteration": null, 
        "train_score": 0.8388231584929793, 
        "parameter_id": 0, 
        "time": 460, 
        "done_at": 1524752244887, 
        "grid_point_id": "{\"penalty\": \"l2\", \"C\": 0.01}@1"
    }, 
    {
        "parameters": {
            "penalty": "l2", 
            "C": 0.1
        }, 
        "score_time": 105, 
        "test_score": 0.5983041626853396, 
        "fit_time": 862, 
        "num_samples": 410, 
        "best_iteration": null, 
        "train_score": 0.9450602014199264, 
        "parameter_id": 1, 
        "time": 967, 
        "done_at": 1524752245436, 
        "grid_point_id": "{\"penalty\": \"l2\", \"C\": 0.1}@0"
    }, 
    {
        "parameters": {
            "penalty": "l2", 
            "C": 0.1
        }, 
        "score_time": 48, 
        "test_score": 0.5482431354792091, 
        "fit_time": 961, 
        "num_samples": 410, 
        "best_iteration": null, 
        "train_score": 0.9574882510041378, 
        "parameter_id": 1, 
        "time": 1009, 
        "done_at": 1524752245912, 
        "grid_point_id": "{\"penalty\": \"l2\", \"C\": 0.1}@1"
    }, 
    {
        "parameters": {
            "penalty": "l2", 
            "C": 0.1
        }, 
        "score_time": 60, 
        "test_score": 0.5571657145279116, 
        "fit_time": 929, 
        "num_samples": 408, 
        "best_iteration": null, 
        "train_score": 0.9572472332748614, 
        "parameter_id": 1, 
        "time": 989, 
        "done_at": 1524752245941, 
        "grid_point_id": "{\"penalty\": \"l2\", \"C\": 0.1}@2"
    }, 
    {
        "parameters": {
            "penalty": "l2", 
            "C": 1.0
        }, 
        "score_time": 37, 
        "test_score": 0.5652058167781437, 
        "fit_time": 2428, 
        "num_samples": 410, 
        "best_iteration": null, 
        "train_score": 0.999681382527661, 
        "parameter_id": 2, 
        "time": 2465, 
        "done_at": 1524752247453, 
        "grid_point_id": "{\"penalty\": \"l2\", \"C\": 1.0}@0"
    }, 
    {
        "parameters": {
            "penalty": "l2", 
            "C": 1.0
        }, 
        "score_time": 49, 
        "test_score": 0.5375737733947527, 
        "fit_time": 2244, 
        "num_samples": 410, 
        "best_iteration": null, 
        "train_score": 0.9998684142454513, 
        "parameter_id": 2, 
        "time": 2293, 
        "done_at": 1524752247815, 
        "grid_point_id": "{\"penalty\": \"l2\", \"C\": 1.0}@1"
    }, 
    {
        "parameters": {
            "penalty": "l2", 
            "C": 1.0
        }, 
        "score_time": 51, 
        "test_score": 0.5310350308347638, 
        "fit_time": 2316, 
        "num_samples": 408, 
        "best_iteration": null, 
        "train_score": 0.9999046635600433, 
        "parameter_id": 2, 
        "time": 2367, 
        "done_at": 1524752248356, 
        "grid_point_id": "{\"penalty\": \"l2\", \"C\": 1.0}@2"
    }, 
    {
        "parameters": {
            "penalty": "l2", 
            "C": 10.0
        }, 
        "score_time": 52, 
        "test_score": 0.5495724233089462, 
        "fit_time": 3363, 
        "num_samples": 410, 
        "best_iteration": null, 
        "train_score": 1.0, 
        "parameter_id": 3, 
        "time": 3415, 
        "done_at": 1524752249422, 
        "grid_point_id": "{\"penalty\": \"l2\", \"C\": 10.0}@0"
    }, 
    {
        "parameters": {
            "penalty": "l2", 
            "C": 10.0
        }, 
        "score_time": 44, 
        "test_score": 0.5323880950004041, 
        "fit_time": 3572, 
        "num_samples": 410, 
        "best_iteration": null, 
        "train_score": 1.0, 
        "parameter_id": 3, 
        "time": 3616, 
        "done_at": 1524752251145, 
        "grid_point_id": "{\"penalty\": \"l2\", \"C\": 10.0}@1"
    }, 
    {
        "parameters": {
            "penalty": "l2", 
            "C": 10.0
        }, 
        "score_time": 42, 
        "test_score": 0.5259093000796224, 
        "fit_time": 3254, 
        "num_samples": 408, 
        "best_iteration": null, 
        "train_score": 1.0, 
        "parameter_id": 3, 
        "time": 3296, 
        "done_at": 1524752251182, 
        "grid_point_id": "{\"penalty\": \"l2\", \"C\": 10.0}@2"
    }, 
    {
        "parameters": {
            "penalty": "l2", 
            "C": 100.0
        }, 
        "score_time": 29, 
        "test_score": 0.5417589205493517, 
        "fit_time": 3041, 
        "num_samples": 410, 
        "best_iteration": null, 
        "train_score": 1.0, 
        "parameter_id": 4, 
        "time": 3070, 
        "done_at": 1524752251478, 
        "grid_point_id": "{\"penalty\": \"l2\", \"C\": 100.0}@0"
    }, 
    {
        "parameters": {
            "penalty": "l2", 
            "C": 100.0
        }, 
        "score_time": 24, 
        "test_score": 0.5299278429051564, 
        "fit_time": 2473, 
        "num_samples": 410, 
        "best_iteration": null, 
        "train_score": 1.0, 
        "parameter_id": 4, 
        "time": 2497, 
        "done_at": 1524752251947, 
        "grid_point_id": "{\"penalty\": \"l2\", \"C\": 100.0}@1"
    }, 
    {
        "parameters": {
            "penalty": "l2", 
            "C": 100.0
        }, 
        "score_time": 20, 
        "test_score": 0.524998259205774, 
        "fit_time": 1289, 
        "num_samples": 408, 
        "best_iteration": null, 
        "train_score": 1.0, 
        "parameter_id": 4, 
        "time": 1309, 
        "done_at": 1524752252480, 
        "grid_point_id": "{\"penalty\": \"l2\", \"C\": 100.0}@2"
    }
]