{
    "usedGridSearch": true, 
    "probaAware": true, 
    "gridSize": 5, 
    "modelInputNRows": 1228, 
    "modelInputNCols": 1467, 
    "modelInputMemory": 14411808, 
    "gridCells": [
        {
            "scoreTimeStd": 0.0073181661333667162, 
            "scoreTime": 0.048666666666666664, 
            "fitTime": 0.44, 
            "score": 0.59329761625439403, 
            "params": {
                "penalty": "l2", 
                "C": 0.01
            }, 
            "fitTimeStd": 0.017663521732655708, 
            "scoreStd": 0.021714194523341838
        }, 
        {
            "scoreTimeStd": 0.024535688292770596, 
            "scoreTime": 0.070999999999999994, 
            "fitTime": 0.91733333333333322, 
            "score": 0.56792182717821893, 
            "params": {
                "penalty": "l2", 
                "C": 0.1
            }, 
            "fitTimeStd": 0.041249915824829939, 
            "scoreStd": 0.021815807904770897
        }, 
        {
            "scoreTimeStd": 0.0061824123303304696, 
            "scoreTime": 0.045666666666666661, 
            "fitTime": 2.3293333333333335, 
            "score": 0.54462697439044883, 
            "params": {
                "penalty": "l2", 
                "C": 1.0
            }, 
            "fitTimeStd": 0.07570703768841798, 
            "scoreStd": 0.014811553027487058
        }, 
        {
            "scoreTimeStd": 0.0043204937989385723, 
            "scoreTime": 0.046000000000000006, 
            "fitTime": 3.3963333333333332, 
            "score": 0.53597296982029274, 
            "params": {
                "penalty": "l2", 
                "C": 10.0
            }, 
            "fitTimeStd": 0.13194527485118807, 
            "scoreStd": 0.0099844238929120959
        }, 
        {
            "scoreTimeStd": 0.0036817870057290875, 
            "scoreTime": 0.024333333333333335, 
            "fitTime": 2.2676666666666665, 
            "score": 0.53224011626409118, 
            "params": {
                "penalty": "l2", 
                "C": 100.0
            }, 
            "fitTimeStd": 0.72983894722663911, 
            "scoreStd": 0.0070328795681423514
        }
    ], 
    "gridBestScore": 0.59329761625439403, 
    "modelInputIsSparse": false
}