{
  "state": "DONE",
  "preSearchDescription": {
    "gridLength": 5,
    "importantParams": [
      {
        "name": "penalty",
        "vals": [
          "l2"
        ]
      },
      {
        "name": "C",
        "vals": [
          "0.01",
          "0.1",
          "1.0",
          "10.0",
          "100.0"
        ]
      }
    ]
  },
  "postSearchDescription": {
    "importantParams": [
      {
        "name": "C",
        "val": "0.01"
      },
      {
        "name": "penalty",
        "val": "l2"
      }
    ]
  },
  "modelId": "m1",
  "progress": {
    "top_level_todo": [],
    "stack": [],
    "top_level_done": [
      {
        "name": "Loading train set",
        "time": 20
      },
      {
        "name": "Loading test set",
        "time": 32
      },
      {
        "name": "Collecting statistics",
        "time": 75
      },
      {
        "name": "Preprocessing train set",
        "time": 81
      },
      {
        "name": "Preprocessing test set",
        "time": 66
      },
      {
        "name": "Grid searching",
        "time": 9108
      },
      {
        "name": "Fitting model",
        "time": 207
      },
      {
        "name": "Saving model",
        "time": 1
      },
      {
        "name": "Scoring model",
        "time": 120
      }
    ]
  },
  "startTime": 1524752244015,
  "endTime": 1524752253731,
  "preprocessingTime": 277,
  "trainingTime": 9439
}