{
  "state": "DONE",
  "preSearchDescription": {
    "gridLength": 1,
    "importantParams": [
      {
        "name": "trees",
        "vals": [
          "100"
        ]
      },
      {
        "name": "depth",
        "vals": [
          "11"
        ]
      },
      {
        "name": "min_samples",
        "vals": [
          "1"
        ]
      }
    ]
  },
  "postSearchDescription": {
    "importantParams": [
      {
        "name": "trees",
        "val": "100"
      },
      {
        "name": "depth",
        "val": "11"
      },
      {
        "name": "min_samples",
        "val": "1"
      }
    ]
  },
  "modelId": "m1",
  "progress": {
    "top_level_todo": [],
    "stack": [],
    "top_level_done": [
      {
        "name": "Loading train set",
        "time": 117
      },
      {
        "name": "Loading test set",
        "time": 14
      },
      {
        "name": "Collecting statistics",
        "time": 47
      },
      {
        "name": "Preprocessing train set",
        "time": 97
      },
      {
        "name": "Preprocessing test set",
        "time": 47
      },
      {
        "name": "Fitting model",
        "time": 1027
      },
      {
        "name": "Saving model",
        "time": 22
      },
      {
        "name": "Scoring model",
        "time": 1391
      }
    ]
  },
  "startTime": 1493821483349,
  "endTime": 1493821486122,
  "preprocessingTime": 330,
  "trainingTime": 2443
}