{
    "per_feature": {
        "fault_severity": {
            "stats": {}
        }, 
        "id": {
            "stats": {
                "std": 5383.667770960225, 
                "p99": 18358.0, 
                "min": 1.0, 
                "max": 18550.0, 
                "average": 9118.335544466083, 
                "median": 8991.0
            }, 
            "missing_impute_with_value": 9118.335544466083
        }, 
        "location": {
            "stats": {
                "mostFrequentValue": "location 794", 
                "leastFrequentValue": "location 608"
            }, 
            "category_possible_values": [
                "location 794", 
                "location 821", 
                "location 126", 
                "location 734", 
                "location 124", 
                "location 802", 
                "location 13", 
                "location 122", 
                "location 744", 
                "location 1107", 
                "location 242", 
                "location 102", 
                "location 471", 
                "location 816", 
                "location 691", 
                "location 1095", 
                "location 495", 
                "location 745", 
                "location 627", 
                "location 476", 
                "location 893", 
                "location 895", 
                "location 856", 
                "location 496", 
                "location 73", 
                "location 810", 
                "location 894", 
                "location 984", 
                "location 661", 
                "location 478", 
                "location 899", 
                "location 892", 
                "location 91", 
                "location 1050", 
                "location 1052", 
                "location 707", 
                "location 995", 
                "location 32", 
                "location 497", 
                "location 494", 
                "location 149", 
                "location 648", 
                "location 477", 
                "location 704", 
                "location 837", 
                "location 1100", 
                "location 135", 
                "location 469", 
                "location 653", 
                "location 79", 
                "location 505", 
                "location 897", 
                "location 931", 
                "location 1019", 
                "location 826", 
                "location 960", 
                "location 1008", 
                "location 504", 
                "location 484", 
                "location 466", 
                "location 613", 
                "location 902", 
                "location 506", 
                "location 684", 
                "location 159", 
                "location 644", 
                "location 95", 
                "location 714", 
                "location 465", 
                "location 479", 
                "location 834", 
                "location 1014", 
                "location 924", 
                "location 909", 
                "location 181", 
                "location 118", 
                "location 518", 
                "location 976", 
                "location 609", 
                "location 655", 
                "location 488", 
                "location 808", 
                "location 1026", 
                "location 472", 
                "location 851", 
                "location 491", 
                "location 638", 
                "location 618", 
                "location 600", 
                "location 498", 
                "location 532", 
                "location 1", 
                "location 763", 
                "location 460", 
                "location 481", 
                "location 474", 
                "location 244", 
                "location 601", 
                "location 1066", 
                "location 742", 
                "location 480", 
                "location 128", 
                "location 288", 
                "location 896", 
                "location 607", 
                "location 475", 
                "location 942", 
                "location 500", 
                "location 1097", 
                "location 2", 
                "location 369", 
                "location 363", 
                "location 485", 
                "location 155", 
                "location 240", 
                "location 1103", 
                "location 380", 
                "location 686", 
                "location 1046", 
                "location 120", 
                "location 881", 
                "location 133", 
                "location 300", 
                "location 257", 
                "location 459", 
                "location 457", 
                "location 314", 
                "location 373", 
                "location 846", 
                "location 147", 
                "location 507", 
                "location 249", 
                "location 1056", 
                "location 292", 
                "location 790", 
                "location 509", 
                "location 962", 
                "location 845", 
                "location 948", 
                "location 957", 
                "location 9", 
                "location 1018", 
                "location 229", 
                "location 798", 
                "location 280", 
                "location 793", 
                "location 756", 
                "location 7", 
                "location 172", 
                "location 936", 
                "location 760", 
                "location 468", 
                "location 157", 
                "location 395", 
                "location 493", 
                "location 643", 
                "location 391", 
                "location 885", 
                "location 421", 
                "location 470", 
                "location 767", 
                "location 445", 
                "location 33", 
                "location 499", 
                "location 805", 
                "location 738"
            ]
        }
    }, 
    "feature_order": [
        "fault_severity", 
        "id", 
        "location"
    ]
}