{
    "usedGridSearch": true, 
    "probaAware": true, 
    "gridSize": 1, 
    "rawImportance": {
        "variables": [
            "id", 
            "dummy:location:location 794", 
            "dummy:location:location 821", 
            "dummy:location:location 126", 
            "dummy:location:location 734", 
            "dummy:location:location 124", 
            "dummy:location:location 802", 
            "dummy:location:location 13", 
            "dummy:location:location 122", 
            "dummy:location:location 744", 
            "dummy:location:location 1107", 
            "dummy:location:location 242", 
            "dummy:location:location 102", 
            "dummy:location:location 471", 
            "dummy:location:location 816", 
            "dummy:location:location 691", 
            "dummy:location:location 1095", 
            "dummy:location:location 495", 
            "dummy:location:location 745", 
            "dummy:location:location 627", 
            "dummy:location:location 476", 
            "dummy:location:location 893", 
            "dummy:location:location 895", 
            "dummy:location:location 856", 
            "dummy:location:location 496", 
            "dummy:location:location 73", 
            "dummy:location:location 810", 
            "dummy:location:location 894", 
            "dummy:location:location 984", 
            "dummy:location:location 661", 
            "dummy:location:location 478", 
            "dummy:location:location 899", 
            "dummy:location:location 892", 
            "dummy:location:location 91", 
            "dummy:location:location 1050", 
            "dummy:location:location 1052", 
            "dummy:location:location 707", 
            "dummy:location:location 995", 
            "dummy:location:location 32", 
            "dummy:location:location 497", 
            "dummy:location:location 494", 
            "dummy:location:location 149", 
            "dummy:location:location 648", 
            "dummy:location:location 477", 
            "dummy:location:location 704", 
            "dummy:location:location 837", 
            "dummy:location:location 1100", 
            "dummy:location:location 135", 
            "dummy:location:location 469", 
            "dummy:location:location 653", 
            "dummy:location:location 79", 
            "dummy:location:location 505", 
            "dummy:location:location 897", 
            "dummy:location:location 931", 
            "dummy:location:location 1019", 
            "dummy:location:location 826", 
            "dummy:location:location 960", 
            "dummy:location:location 1008", 
            "dummy:location:location 504", 
            "dummy:location:location 484", 
            "dummy:location:location 466", 
            "dummy:location:location 613", 
            "dummy:location:location 902", 
            "dummy:location:location 506", 
            "dummy:location:location 684", 
            "dummy:location:location 159", 
            "dummy:location:location 644", 
            "dummy:location:location 95", 
            "dummy:location:location 714", 
            "dummy:location:location 465", 
            "dummy:location:location 479", 
            "dummy:location:location 834", 
            "dummy:location:location 1014", 
            "dummy:location:location 924", 
            "dummy:location:location 909", 
            "dummy:location:location 181", 
            "dummy:location:location 118", 
            "dummy:location:location 518", 
            "dummy:location:location 976", 
            "dummy:location:location 609", 
            "dummy:location:location 655", 
            "dummy:location:location 488", 
            "dummy:location:location 808", 
            "dummy:location:location 1026", 
            "dummy:location:location 472", 
            "dummy:location:location 851", 
            "dummy:location:location 491", 
            "dummy:location:location 638", 
            "dummy:location:location 618", 
            "dummy:location:location 600", 
            "dummy:location:location 498", 
            "dummy:location:location 532", 
            "dummy:location:location 1", 
            "dummy:location:location 763", 
            "dummy:location:location 460", 
            "dummy:location:location 481", 
            "dummy:location:location 474", 
            "dummy:location:location 244", 
            "dummy:location:location 601", 
            "dummy:location:location 1066", 
            "dummy:location:location 742", 
            "dummy:location:location 480", 
            "dummy:location:location 128", 
            "dummy:location:location 288", 
            "dummy:location:location 896", 
            "dummy:location:location 607", 
            "dummy:location:location 475", 
            "dummy:location:location 942", 
            "dummy:location:location 500", 
            "dummy:location:location 1097", 
            "dummy:location:location 2", 
            "dummy:location:location 369", 
            "dummy:location:location 363", 
            "dummy:location:location 485", 
            "dummy:location:location 155", 
            "dummy:location:location 240", 
            "dummy:location:location 1103", 
            "dummy:location:location 380", 
            "dummy:location:location 686", 
            "dummy:location:location 1046", 
            "dummy:location:location 120", 
            "dummy:location:location 881", 
            "dummy:location:location 133", 
            "dummy:location:location 300", 
            "dummy:location:location 257", 
            "dummy:location:location 459", 
            "dummy:location:location 457", 
            "dummy:location:location 314", 
            "dummy:location:location 373", 
            "dummy:location:location 846", 
            "dummy:location:location 147", 
            "dummy:location:location 507", 
            "dummy:location:location 249", 
            "dummy:location:location 1056", 
            "dummy:location:location 292", 
            "dummy:location:location 790", 
            "dummy:location:location 509", 
            "dummy:location:location 962", 
            "dummy:location:location 845", 
            "dummy:location:location 948", 
            "dummy:location:location 957", 
            "dummy:location:location 9", 
            "dummy:location:location 1018", 
            "dummy:location:location 229", 
            "dummy:location:location 798", 
            "dummy:location:location 280", 
            "dummy:location:location 793", 
            "dummy:location:location 756", 
            "dummy:location:location 7", 
            "dummy:location:location 172", 
            "dummy:location:location 936", 
            "dummy:location:location 760", 
            "dummy:location:location 468", 
            "dummy:location:location 157", 
            "dummy:location:location 395", 
            "dummy:location:location 493", 
            "dummy:location:location 643", 
            "dummy:location:location 391", 
            "dummy:location:location 885", 
            "dummy:location:location 421", 
            "dummy:location:location 470", 
            "dummy:location:location 767", 
            "dummy:location:location 445", 
            "dummy:location:location 33", 
            "dummy:location:location 499", 
            "dummy:location:location 805", 
            "dummy:location:location 738", 
            "dummy:location:__Others__"
        ], 
        "importances": [
            0.633686363697052, 
            0.0038712825626134872, 
            0.0037122885696589947, 
            0.004150704015046358, 
            0.0029511330649256706, 
            0.004320011008530855, 
            0.0038547322619706392, 
            0.003573958296328783, 
            0.0038183548022061586, 
            0.0032459138892591, 
            0.0026033620815724134, 
            0.00314661324955523, 
            0.004797414876520634, 
            0.0034295315854251385, 
            0.0021258005872368813, 
            0.0030051888898015022, 
            0.0029709809459745884, 
            0.002892380580306053, 
            0.003951084800064564, 
            0.0034809827338904142, 
            0.002545523690059781, 
            0.0010861122282221913, 
            0.004638383165001869, 
            0.003998905885964632, 
            0.0023894780315458775, 
            0.00297638401389122, 
            0.0032220138236880302, 
            0.0017706028884276748, 
            0.003616119036450982, 
            0.004471995402127504, 
            0.0024987661745399237, 
            0.0005961556453257799, 
            0.0019166514975950122, 
            0.0025757476687431335, 
            0.0016043436480686069, 
            0.002680004807189107, 
            0.002185485325753689, 
            0.003991150297224522, 
            0.006329773459583521, 
            0.0026225633919239044, 
            0.002243525581434369, 
            0.0021545954514294863, 
            0.0025963864754885435, 
            0.003176638623699546, 
            0.0027269443962723017, 
            0.002813769970089197, 
            0.004090050235390663, 
            0.0018084740731865168, 
            0.0025788219645619392, 
            0.0018403391586616635, 
            0.0031523117795586586, 
            0.0027624648064374924, 
            0.0027583769988268614, 
            0.0027292873710393906, 
            0.002173342974856496, 
            0.0025272408965975046, 
            0.004084486048668623, 
            0.0022103204391896725, 
            0.002531526843085885, 
            0.002240697154775262, 
            0.0020332534331828356, 
            0.0026337995659559965, 
            0.002109825611114502, 
            0.0022821645252406597, 
            0.0025051943957805634, 
            0.001976034604012966, 
            0.0023665239568799734, 
            0.0014262431068345904, 
            0.0023882361128926277, 
            0.002216657390818, 
            0.002632889896631241, 
            0.0022501684725284576, 
            0.0010386856738477945, 
            0.003683394519612193, 
            0.0022163705434650183, 
            0.0014213372487574816, 
            0.0014292026171460748, 
            0.002218735869973898, 
            0.0024806340225040913, 
            0.0015999048482626677, 
            0.0028850461822003126, 
            0.002538096159696579, 
            0.002046702429652214, 
            0.001331737614236772, 
            0.001905675046145916, 
            0.0014191835653036833, 
            0.0019281564746052027, 
            0.0025084656663239002, 
            0.0012124005006626248, 
            0.0028349466156214476, 
            0.0019147077109664679, 
            0.0011756271123886108, 
            0.0008818712667562068, 
            0.001766697270795703, 
            0.001917664660140872, 
            0.000341582577675581, 
            0.00190162833314389, 
            0.002025255700573325, 
            0.001658137422055006, 
            0.0023369346745312214, 
            0.0008683138876222074, 
            0.0017887275898829103, 
            0.0012427008477970958, 
            0.001017855596728623, 
            0.0011264788918197155, 
            0.0009845603490248322, 
            0.002146619139239192, 
            0.0016349437646567822, 
            0.0017905517015606165, 
            0.0008350120624527335, 
            0.0031021423637866974, 
            0.0007008584798313677, 
            0.0008747882093302906, 
            0.0016536423936486244, 
            0.0013613216578960419, 
            0.000858392333611846, 
            0.002946306485682726, 
            0.002361477818340063, 
            0.0017486241413280368, 
            0.002273152582347393, 
            0.0012963932240381837, 
            0.000656808027997613, 
            0.0006052451208233833, 
            0.00097774644382298, 
            0.0011912770569324493, 
            0.0016191874165087938, 
            0.0015112556284293532, 
            0.0014234265545383096, 
            0.0015394043875858188, 
            0.001420218963176012, 
            0.0008165657054632902, 
            0.0016952110454440117, 
            0.002162979217246175, 
            0.001951988902874291, 
            0.0006819812697358429, 
            0.0021916800178587437, 
            0.0015768117737025023, 
            0.002317893784493208, 
            0.0020920971874147654, 
            0.0016048598336055875, 
            0.000215448162634857, 
            0.0018106914358213544, 
            0.0006535291322506964, 
            0.0006303169648163021, 
            0.0021694370079785585, 
            0.0017946920124813914, 
            0.0013151318999007344, 
            0.00041457434417679906, 
            0.0013806044589728117, 
            0.0017877911450341344, 
            0.0018885305617004633, 
            0.0016781565500423312, 
            0.0017312545096501708, 
            0.001075252192094922, 
            0.002522866940125823, 
            0.0015132770640775561, 
            0.002625105669721961, 
            0.00131124013569206, 
            0.0011770876590162516, 
            0.0024838822428137064, 
            0.0019573350436985493, 
            0.0018356507644057274, 
            0.0006159720942378044, 
            0.0033475225791335106, 
            0.0012559244642034173, 
            0.0015764835989102721, 
            0.0016373854596167803, 
            0.007001718506217003
        ]
    }, 
    "modelInputNRows": 49296, 
    "modelInputNCols": 169, 
    "modelInputMemory": 66648192, 
    "gridCells": [
        {
            "score": 0.97087411295212345, 
            "params": {
                "reg_alpha": 0.0, 
                "colsample_bytree": 0.8, 
                "colsample_bylevel": 1.0, 
                "learning_rate": 0.2, 
                "max_delta_step": 0.0, 
                "min_child_weight": 0.0, 
                "subsample": 1.0, 
                "reg_lambda": 1.0, 
                "max_depth": 10, 
                "gamma": 0.0
            }
        }
    ], 
    "gridBestScore": 0.97087411295212345, 
    "modelInputIsSparse": false, 
    "nBoostedEstimators": 111
}