{
    "trainingTime": 241220, 
    "state": "DONE", 
    "startTime": 1493403844759, 
    "preprocessingTime": 119, 
    "progress": {
        "top_level_todo": [], 
        "stack": [], 
        "top_level_done": [
            {
                "name": "Loading train set", 
                "time": 19
            }, 
            {
                "name": "Loading test set", 
                "time": 7
            }, 
            {
                "name": "Collecting statistics", 
                "time": 10
            }, 
            {
                "name": "Preprocessing train set", 
                "time": 59
            }, 
            {
                "name": "Preprocessing test set", 
                "time": 22
            }, 
            {
                "name": "Fitting model", 
                "time": 240589
            }, 
            {
                "name": "Saving model", 
                "time": 41
            }, 
            {
                "name": "Scoring model", 
                "time": 586
            }
        ]
    }, 
    "endTime": 1493404086098, 
    "modelId": "NA"
}