{
  "publishPolicy": "UNCONDITIONAL",
  "rebuildBehavior": "EXPLICIT",
  "name": "Clustering (KMEANS) on IdLookupTable__1__prepared",
  "activeVersion": "initial",
  "conditionalOutputs": [],
  "lastExportedFrom": "A-FACIALKEYPOINTSDETECTIONFINALPROJECT-zuKPIYJO-SNcdYwzs-s1-pp1-m1",
  "metrics": {
    "probes": [],
    "engineConfig": {
      "padRunsWithMetrics": false,
      "hive": {
        "active": true,
        "extraConf": []
      },
      "basic": {},
      "dss": {
        "active": true,
        "selection": {
          "useMemTable": false,
          "filter": {
            "distinct": false,
            "enabled": false
          },
          "partitionSelectionMethod": "ALL",
          "latestPartitionsN": 1,
          "samplingMethod": "FULL",
          "maxRecords": -1,
          "targetRatio": 0.02,
          "withinFirstN": -1,
          "maxReadUncompressedBytes": -1
        }
      },
      "sql": {
        "active": true
      },
      "impala": {
        "active": true
      },
      "python": {}
    },
    "displayedState": {
      "partition": "NP",
      "columns": [],
      "metrics": [
        "reporting:BUILD_DURATION"
      ]
    }
  },
  "metricsChecks": {
    "runOnBuild": false,
    "checks": [],
    "displayedState": {
      "partition": "NP",
      "checks": []
    }
  },
  "miniTask": {
    "guessPolicy": "KMEANS",
    "modeling": {
      "db_scan_clustering": {
        "epsilon": [],
        "min_sample_ratio": 0.0,
        "enabled": false
      },
      "spectral_clustering": {
        "k": [],
        "enabled": false,
        "affinity_rbf": false,
        "affinity_nearest_neighbors": false,
        "affinity_sigmoid": false,
        "affinity_polynomial": true,
        "gamma": [
          0.0
        ],
        "coef0": 0.0,
        "seed": 1337
      },
      "ward_clustering": {
        "k": [],
        "enabled": false
      },
      "kmeans_clustering": {
        "k": [],
        "enabled": false,
        "seed": 1337,
        "n_jobs": 2
      },
      "mini_batch_kmeans_clustering": {
        "k": [],
        "enabled": false,
        "seed": 1337
      },
      "gmm_clustering": {
        "k": [],
        "enabled": false,
        "max_iterations": 0,
        "seed": 1337
      },
      "mllib_kmeans_clustering": {
        "k": [],
        "enabled": false,
        "seed": 1337,
        "max_iterations": 0
      },
      "mllib_gaussian_mixture_clustering": {
        "k": [],
        "seed": 1337,
        "enabled": false,
        "max_iterations": 0
      },
      "h2o_kmeans": {
        "k": [],
        "enabled": false,
        "seed": 1337,
        "max_iterations": 0
      },
      "two_step": {
        "kmeans_k": 50,
        "n_clusters": 5,
        "seed": 1337,
        "max_iterations": 30,
        "enabled": false
      },
      "vertica_kmeans_clustering": {
        "enabled": false,
        "k": [
          5
        ],
        "max_iterations": 50
      },
      "metrics": {
        "evaluationMetric": "SILHOUETTE",
        "customEvaluationMetricGIB": true
      },
      "custom_python": [],
      "custom_mllib": []
    },
    "taskType": "CLUSTERING",
    "backendType": "PY_MEMORY",
    "sparkPreparedDFStorageLevel": "MEMORY_AND_DISK",
    "sparkRepartitionNonHDFS": 1,
    "predictionDisplayScript": {
      "steps": [],
      "maxProcessedMemTableBytes": -1,
      "columnsSelection": {
        "mode": "ALL"
      },
      "coloring": {
        "scheme": "MEANING_AND_STATUS",
        "individualColumns": [],
        "valueColoringMode": "HASH"
      },
      "sorting": [],
      "analysisColumnData": {},
      "explorationSampling": {
        "selection": {
          "maxStoredBytes": -1,
          "filter": {
            "distinct": false,
            "enabled": false
          },
          "partitionSelectionMethod": "ALL",
          "latestPartitionsN": 1,
          "samplingMethod": "HEAD_SEQUENTIAL",
          "maxRecords": 10000,
          "targetRatio": 0.02,
          "withinFirstN": -1,
          "maxReadUncompressedBytes": -1
        },
        "autoRefreshSample": false,
        "_refreshTrigger": 0
      },
      "vizSampling": {
        "autoRefreshSample": false,
        "_refreshTrigger": 0
      },
      "exploreUIParams": {},
      "globalSearchQuery": "",
      "explorationFilters": [],
      "previewMode": "ALL_ROWS"
    },
    "predictionDisplayCharts": []
  },
  "versionTag": {
    "versionNumber": 0,
    "lastModifiedBy": {
      "login": "admin"
    },
    "lastModifiedOn": 1493890465722
  },
  "creationTag": {
    "versionNumber": 0,
    "lastModifiedBy": {
      "login": "admin"
    },
    "lastModifiedOn": 1493890465722
  },
  "tags": [],
  "checklists": {
    "checklists": []
  }
}