{
  "state": "DONE",
  "preSearchDescription": {
    "gridLength": 1,
    "importantParams": [
      {
        "name": "method",
        "val": "Linear stacking"
      },
      {
        "name": "algorithms",
        "vals": [
          "Random forest",
          "Ordinary Least Squares",
          "Artificial Neural Network"
        ]
      }
    ]
  },
  "postSearchDescription": {
    "importantParams": [
      {
        "name": "method",
        "val": "Linear stacking"
      },
      {
        "name": "algorithms",
        "val": "[Random forest, Ordinary Least Squares, Artificial Neural Network]"
      }
    ]
  },
  "modelId": "m1",
  "progress": {
    "top_level_todo": [],
    "stack": [],
    "top_level_done": [
      {
        "name": "Creating ensemble",
        "time": 2862
      },
      {
        "name": "Saving model",
        "time": 75
      },
      {
        "name": "Scoring model",
        "time": 686
      }
    ]
  },
  "startTime": 1523117427597,
  "endTime": 1523117431221,
  "preprocessingTime": 0,
  "trainingTime": 0
}