{"clusters": [{"facts": [{"std": 1.2193069057955483, "global_mean": 0.6184899441462651, "feature_label": "mul_Comedy_genre_rating", "global_std": 0.9641401394566821, "cluster_label": "cluster_0", "diff": 0.9568945468786817, "type": "numerical", "mean": 1.5410703860192159}, {"std": 0.7902565964341459, "global_mean": 0.25674366487891676, "feature_label": "mul_Romance_genre_rating", "global_std": 0.5597255912684803, "cluster_label": "cluster_0", "diff": 0.9019464475712488, "type": "numerical", "mean": 0.7615861735382393}, {"std": 0.18583196366269372, "global_mean": 0.29390042844874215, "feature_label": "mul_Action_genre_rating", "global_std": 0.5183190130116492, "cluster_label": "cluster_0", "diff": -0.5100183156039996, "type": "numerical", "mean": 0.029548238487013278}], "cluster": "cluster_0", "size": 22291}, {"facts": [{"std": 0.4490359986194757, "global_mean": 0.0829578887563749, "feature_label": "mul_Children_genre_rating", "global_std": 0.2874881530038513, "cluster_label": "cluster_1", "diff": 2.797534637688799, "type": "numerical", "mean": 0.887215954709826}, {"std": 0.5218939707397314, "global_mean": 0.05465567526937548, "feature_label": "mul_Animation_genre_rating", "global_std": 0.22868564878003464, "cluster_label": "cluster_1", "diff": 2.2068650949438227, "type": "numerical", "mean": 0.5593340512766164}, {"std": 0.4574673454821326, "global_mean": 0.10771112820526443, "feature_label": "mul_Fantasy_genre_rating", "global_std": 0.33674508893095356, "cluster_label": "cluster_1", "diff": 0.7751000980028898, "type": "numerical", "mean": 0.3687222796376384}], "cluster": "cluster_1", "size": 6926}, {"facts": [{"std": 0.6194434617539902, "global_mean": 0.16877089632211145, "feature_label": "mul_Sci-Fi_genre_rating", "global_std": 0.4220800650792834, "cluster_label": "cluster_2", "diff": 1.0030054835075728, "type": "numerical", "mean": 0.5921195160758659}, {"std": 0.5888889333327131, "global_mean": 0.29390042844874215, "feature_label": "mul_Action_genre_rating", "global_std": 0.5183190130116492, "cluster_label": "cluster_2", "diff": 1.00278578272244, "type": "numerical", "mean": 0.8136633656115513}, {"std": 0.5915017990212282, "global_mean": 0.2334061265572232, "feature_label": "mul_Adventure_genre_rating", "global_std": 0.4702780019580764, "cluster_label": "cluster_2", "diff": 0.9196807016080617, "type": "numerical", "mean": 0.6659117293488643}], "cluster": "cluster_2", "size": 19760}, {"facts": [{"std": 0.729363575690943, "global_mean": 0.2066403214217893, "feature_label": "mul_Crime_genre_rating", "global_std": 0.5055337803458501, "cluster_label": "cluster_3", "diff": 0.8083105997824316, "type": "numerical", "mean": 0.6152686346234234}, {"std": 1.4572932726816037, "global_mean": 0.7957254521575522, "feature_label": "mul_Drama_genre_rating", "global_std": 1.1066219927242822, "cluster_label": "cluster_3", "diff": 0.6270708332434415, "type": "numerical", "mean": 1.4896558272206855}, {"std": 0.7838956385481337, "global_mean": 0.30072768063996885, "feature_label": "mul_Thriller_genre_rating", "global_std": 0.5830488526056763, "cluster_label": "cluster_3", "diff": 0.6253453806971949, "type": "numerical", "mean": 0.6653345873377282}], "cluster": "cluster_3", "size": 24741}, {"facts": [{"std": 0.4522030408966367, "global_mean": 0.06827052981578242, "feature_label": "mul_War_genre_rating", "global_std": 0.31638114316733085, "cluster_label": "cluster_4", "diff": 4.254013576130048, "type": "numerical", "mean": 1.4141602080811524}, {"std": 0.07841142197749616, "global_mean": 0.16877089632211145, "feature_label": "mul_Sci-Fi_genre_rating", "global_std": 0.4220800650792834, "cluster_label": "cluster_4", "diff": -0.3866481936450827, "type": "numerical", "mean": 0.005574401585607561}, {"std": 0.30541119111763576, "global_mean": 0.30072768063996885, "feature_label": "mul_Thriller_genre_rating", "global_std": 0.5830488526056763, "cluster_label": "cluster_4", "diff": -0.37556769637197757, "type": "numerical", "mean": 0.08175336619453033}], "cluster": "cluster_4", "size": 3748}, {"facts": [{"std": 0.9464815695887436, "global_mean": 0.027795981226747243, "feature_label": "mul_Western_genre_rating", "global_std": 0.22163618763359752, "cluster_label": "cluster_outliers", "diff": 1.818170626021154, "type": "numerical", "mean": 0.43076838724546723}, {"std": 0.859922304434971, "global_mean": 0.10771112820526443, "feature_label": "mul_Fantasy_genre_rating", "global_std": 0.33674508893095356, "cluster_label": "cluster_outliers", "diff": 1.504790534789135, "type": "numerical", "mean": 0.6144419506652888}, {"std": 1.3403764872422328, "global_mean": 0.09317817448467007, "feature_label": "mul_Horror_genre_rating", "global_std": 0.3977372515323515, "cluster_label": "cluster_outliers", "diff": 1.3232403146569236, "type": "numerical", "mean": 0.6194801403531188}], "cluster": "cluster_outliers", "size": 2538}], "global": {"facts": [{"std": 0.4522030408966367, "global_mean": 0.06827052981578242, "feature_label": "mul_War_genre_rating", "global_std": 0.31638114316733085, "cluster_label": "cluster_4", "diff": 4.254013576130048, "type": "numerical", "mean": 1.4141602080811524}, {"std": 0.4490359986194757, "global_mean": 0.0829578887563749, "feature_label": "mul_Children_genre_rating", "global_std": 0.2874881530038513, "cluster_label": "cluster_1", "diff": 2.797534637688799, "type": "numerical", "mean": 0.887215954709826}, {"std": 0.5218939707397314, "global_mean": 0.05465567526937548, "feature_label": "mul_Animation_genre_rating", "global_std": 0.22868564878003464, "cluster_label": "cluster_1", "diff": 2.2068650949438227, "type": "numerical", "mean": 0.5593340512766164}, {"std": 0.9464815695887436, "global_mean": 0.027795981226747243, "feature_label": "mul_Western_genre_rating", "global_std": 0.22163618763359752, "cluster_label": "cluster_outliers", "diff": 1.818170626021154, "type": "numerical", "mean": 0.43076838724546723}, {"std": 0.859922304434971, "global_mean": 0.10771112820526443, "feature_label": "mul_Fantasy_genre_rating", "global_std": 0.33674508893095356, "cluster_label": "cluster_outliers", "diff": 1.504790534789135, "type": "numerical", "mean": 0.6144419506652888}, {"std": 1.3403764872422328, "global_mean": 0.09317817448467007, "feature_label": "mul_Horror_genre_rating", "global_std": 0.3977372515323515, "cluster_label": "cluster_outliers", "diff": 1.3232403146569236, "type": "numerical", "mean": 0.6194801403531188}, {"std": 0.6194434617539902, "global_mean": 0.16877089632211145, "feature_label": "mul_Sci-Fi_genre_rating", "global_std": 0.4220800650792834, "cluster_label": "cluster_2", "diff": 1.0030054835075728, "type": "numerical", "mean": 0.5921195160758659}, {"std": 0.5888889333327131, "global_mean": 0.29390042844874215, "feature_label": "mul_Action_genre_rating", "global_std": 0.5183190130116492, "cluster_label": "cluster_2", "diff": 1.00278578272244, "type": "numerical", "mean": 0.8136633656115513}, {"std": 1.2193069057955483, "global_mean": 0.6184899441462651, "feature_label": "mul_Comedy_genre_rating", "global_std": 0.9641401394566821, "cluster_label": "cluster_0", "diff": 0.9568945468786817, "type": "numerical", "mean": 1.5410703860192159}, {"std": 0.5915017990212282, "global_mean": 0.2334061265572232, "feature_label": "mul_Adventure_genre_rating", "global_std": 0.4702780019580764, "cluster_label": "cluster_2", "diff": 0.9196807016080617, "type": "numerical", "mean": 0.6659117293488643}], "size": 80004}}