{
    "trainingTime": 8349, 
    "state": "DONE", 
    "startTime": 1525629937550, 
    "preprocessingTime": 23004, 
    "progress": {
        "top_level_todo": [], 
        "stack": [], 
        "top_level_done": [
            {
                "name": "Loading source dataset", 
                "time": 351
            }, 
            {
                "name": "Collecting statistics", 
                "time": 95
            }, 
            {
                "name": "Preprocessing data", 
                "time": 22557
            }, 
            {
                "name": "Fitting model", 
                "time": 1374
            }, 
            {
                "name": "Saving model", 
                "time": 1
            }, 
            {
                "name": "Scoring model", 
                "time": 6974
            }
        ]
    }, 
    "endTime": 1525629968903, 
    "modelId": "m1"
}