{
  "description": "KMeans (k\u003d5)\nCluster outliers\n\nTrained in 31 seconds on 80004 records\n",
  "name": "KMeans (k\u003d5)",
  "starred": false,
  "clusterMetas": {
    "cluster_0": {
      "name": "cluster_0",
      "color": "#f06548",
      "description": "Romance, Comedy"
    },
    "cluster_1": {
      "name": "cluster_1",
      "color": "#fdc766",
      "description": "Children, Animation"
    },
    "cluster_2": {
      "name": "cluster_2",
      "color": "#7bc9a6",
      "description": "Sci-Fi, Adventure"
    },
    "cluster_3": {
      "name": "cluster_3",
      "color": "#4ec5da",
      "description": "Crime, Drama"
    },
    "cluster_4": {
      "name": "cluster_4",
      "color": "#548ecb",
      "description": "War"
    },
    "cluster_outliers": {
      "name": "cluster_outliers",
      "color": "#97668f",
      "description": "Others"
    }
  },
  "activeClassifierThreshold": 0.0
}