{
  "type": "shaker",
  "inputs": {
    "main": {
      "items": [
        {
          "ref": "BreastCancer",
          "deps": []
        }
      ]
    }
  },
  "outputs": {
    "main": {
      "items": [
        {
          "ref": "BreastCancer_prepared",
          "appendMode": false
        }
      ]
    }
  },
  "neverRecomputeExistingPartitions": false,
  "optionalDependencies": false,
  "params": {
    "engine": "DSS_STREAM",
    "hadoopConfigKeys": []
  },
  "checklists": {
    "checklists": []
  },
  "tags": [],
  "versionTag": {
    "versionNumber": 1,
    "lastModifiedBy": {
      "login": "admin",
      "displayName": "Kajal Manglani"
    },
    "lastModifiedOn": 1493555582003
  },
  "customMeta": {
    "kv": {}
  },
  "redispatchPartitioning": false
}