{
  "type": "split",
  "inputs": {
    "main": {
      "items": [
        {
          "ref": "BreastCancer_prepared_prepared1",
          "deps": []
        }
      ]
    }
  },
  "outputs": {
    "main": {
      "items": [
        {
          "ref": "train1",
          "appendMode": false
        },
        {
          "ref": "test1",
          "appendMode": false
        }
      ]
    }
  },
  "neverRecomputeExistingPartitions": false,
  "optionalDependencies": false,
  "params": {},
  "checklists": {
    "checklists": []
  },
  "tags": [],
  "versionTag": {
    "versionNumber": 3,
    "lastModifiedBy": {
      "login": "admin",
      "displayName": "Kajal Manglani"
    },
    "lastModifiedOn": 1493927223517
  },
  "customMeta": {
    "kv": {}
  },
  "redispatchPartitioning": false
}