{
  "state": "DONE",
  "preSearchDescription": {
    "gridLength": 1,
    "importantParams": [
      {
        "name": "max_depth",
        "vals": [
          "20"
        ]
      },
      {
        "name": "min_samples",
        "vals": [
          "1"
        ]
      },
      {
        "name": "criterion",
        "vals": [
          "gini"
        ]
      }
    ]
  },
  "postSearchDescription": {
    "importantParams": [
      {
        "name": "criterion",
        "val": "mse"
      },
      {
        "name": "max_depth",
        "val": "5"
      },
      {
        "name": "min_samples",
        "val": "1"
      }
    ]
  },
  "modelId": "m1",
  "progress": {
    "top_level_todo": [],
    "stack": [],
    "top_level_done": [
      {
        "name": "Loading train set",
        "time": 1569
      },
      {
        "name": "Loading test set",
        "time": 505
      },
      {
        "name": "Collecting statistics",
        "time": 585
      },
      {
        "name": "Preprocessing train set",
        "time": 1248
      },
      {
        "name": "Preprocessing test set",
        "time": 411
      },
      {
        "name": "Fitting model",
        "time": 13269
      },
      {
        "name": "Saving model",
        "time": 34
      },
      {
        "name": "Scoring model",
        "time": 6976
      }
    ]
  },
  "startTime": 1523111904697,
  "endTime": 1523111929352,
  "preprocessingTime": 4353,
  "trainingTime": 20302
}