{
  "pages": [
    {
      "id": "b1WOrkT",
      "grid": {
        "tiles": [
          {
            "tileType": "INSIGHT",
            "box": {
              "top": -1,
              "left": -1,
              "width": 2,
              "height": 2
            },
            "clickAction": "OPEN_INSIGHT",
            "tileParams": {
              "showXAxis": false,
              "showYAxis": false,
              "showLegend": false,
              "showTooltips": false
            },
            "autoLoad": true,
            "showTitle": "YES",
            "insightId": "eg6iFJW",
            "insightType": "chart",
            "displayMode": "INSIGHT",
            "resizeImage": false
          },
          {
            "tileType": "INSIGHT",
            "box": {
              "top": -1,
              "left": -1,
              "width": 2,
              "height": 2
            },
            "clickAction": "OPEN_INSIGHT",
            "tileParams": {
              "showXAxis": false,
              "showYAxis": false,
              "showLegend": false,
              "showTooltips": false
            },
            "autoLoad": true,
            "showTitle": "YES",
            "insightId": "BuCvzMe",
            "insightType": "chart",
            "displayMode": "INSIGHT",
            "resizeImage": false
          },
          {
            "tileType": "INSIGHT",
            "box": {
              "top": -1,
              "left": -1,
              "width": 2,
              "height": 2
            },
            "clickAction": "OPEN_INSIGHT",
            "tileParams": {
              "showXAxis": false,
              "showYAxis": false,
              "showLegend": false,
              "showTooltips": false
            },
            "autoLoad": true,
            "showTitle": "YES",
            "insightId": "0rasgPp",
            "insightType": "chart",
            "displayMode": "INSIGHT",
            "resizeImage": false
          },
          {
            "tileType": "INSIGHT",
            "box": {
              "top": -1,
              "left": -1,
              "width": 2,
              "height": 2
            },
            "clickAction": "OPEN_INSIGHT",
            "tileParams": {
              "showXAxis": false,
              "showYAxis": false,
              "showLegend": false,
              "showTooltips": false
            },
            "autoLoad": true,
            "showTitle": "YES",
            "insightId": "yxsRoHo",
            "insightType": "chart",
            "displayMode": "INSIGHT",
            "resizeImage": false
          }
        ]
      },
      "showTitle": false
    }
  ],
  "owner": "admin",
  "listed": true,
  "name": "Default dashboard",
  "showGrid": true,
  "versionTag": {
    "versionNumber": 17,
    "lastModifiedBy": {
      "login": "admin"
    },
    "lastModifiedOn": 1493808059894
  },
  "creationTag": {
    "versionNumber": 0,
    "lastModifiedBy": {
      "login": "admin"
    },
    "lastModifiedOn": 1493635221435
  },
  "tags": [],
  "checklists": {
    "checklists": []
  }
}