{
  "state": "DONE",
  "preSearchDescription": {
    "gridLength": 1,
    "importantParams": []
  },
  "postSearchDescription": {
    "importantParams": [
      {
        "name": "layer_sizes",
        "val": "[10]"
      },
      {
        "name": "activation",
        "val": "relu"
      },
      {
        "name": "alpha",
        "val": "0.001"
      },
      {
        "name": "solver",
        "val": "adam"
      }
    ]
  },
  "modelId": "m1",
  "progress": {
    "top_level_todo": [],
    "stack": [],
    "top_level_done": [
      {
        "name": "Loading train set",
        "time": 18
      },
      {
        "name": "Loading test set",
        "time": 11
      },
      {
        "name": "Collecting statistics",
        "time": 61
      },
      {
        "name": "Preprocessing train set",
        "time": 100
      },
      {
        "name": "Preprocessing test set",
        "time": 83
      },
      {
        "name": "Fitting model",
        "time": 8641
      },
      {
        "name": "Saving model",
        "time": 15
      },
      {
        "name": "Scoring model",
        "time": 336
      }
    ]
  },
  "startTime": 1524747874218,
  "endTime": 1524747883487,
  "preprocessingTime": 276,
  "trainingTime": 8993
}