{
    "metrics": {
        "rmse": 5.380523848272112, 
        "pearson": 0.82528313995831426, 
        "mae": 1.1979928048389292, 
        "r2": 0.67309799039240481, 
        "mape": 0.5520325250990459, 
        "mse": 28.950036881824939, 
        "evs": 0.67310116457644487, 
        "rmsle": 0
    }, 
    "scatterPlotData": {
        "y": [
            1.5825, 
            1.2095, 
            1.7154, 
            1.4503, 
            2.1889, 
            5.4863, 
            1.3021, 
            1.0504, 
            1.0239, 
            1.2175, 
            1.7101, 
            1.3452, 
            1.094, 
            1.6088, 
            0.9383, 
            1.3055, 
            1.284, 
            5.3298, 
            4.631, 
            1.342, 
            5.9253, 
            1.277, 
            1.3369, 
            3.3443, 
            1.2673, 
            3.9921, 
            3.9929, 
            1.227, 
            1.9156, 
            4.9624, 
            1.9875, 
            1.233, 
            3.1252, 
            16.0108, 
            2.3988, 
            1.3298, 
            3.1128, 
            1.189, 
            1.1506, 
            0.855, 
            1.5646, 
            1.2163, 
            1.2226, 
            2.0499, 
            1.1587, 
            1.1682, 
            1.9122, 
            1.145, 
            2.3669, 
            1.5907, 
            5.0059, 
            1.2708, 
            1.1539, 
            3.2928, 
            1.7184, 
            1.4869, 
            0.9596, 
            1.0443, 
            7.759, 
            2.2321, 
            7.7938, 
            1.7558, 
            1.6974, 
            1.0511, 
            2.1634, 
            0.8218, 
            1.2997, 
            1.1266, 
            1.2603, 
            1.2982, 
            1.4282, 
            2.1188, 
            14.531, 
            1.13, 
            1.2075, 
            2.417, 
            1.2367, 
            1.0839, 
            1.3637, 
            1.935, 
            1.3081, 
            1.1706, 
            1.3764, 
            2.1092, 
            1.3783, 
            2.0198, 
            7.3274, 
            2.1049, 
            1.5214, 
            1.1079, 
            1.2982, 
            1.0581, 
            1.2527, 
            2.0237, 
            1.0348, 
            1.5789, 
            1.2574, 
            1.1856, 
            3.1891, 
            1.2677, 
            1.1204, 
            2.1595, 
            7.1041, 
            1.5445, 
            1.2548, 
            1.9483, 
            1.7443, 
            1.4638, 
            1.1862, 
            2.9508, 
            2.2887, 
            1.2286, 
            2.1529, 
            1.2534, 
            7.7607, 
            1.0227, 
            1.6897, 
            1.2672, 
            2.1988, 
            1.1071, 
            2.1429, 
            2.6202, 
            1.1976, 
            0.7787, 
            1.1938, 
            1.0448, 
            1.4881, 
            1.376, 
            1.9428, 
            1.1639, 
            0.8978, 
            2.1713, 
            1.2193, 
            1.0193, 
            1.0251, 
            3.1055, 
            1.5415, 
            8.446, 
            1.4582, 
            1.2286, 
            1.3419, 
            2.934, 
            2.1549, 
            0.6947, 
            1.0036, 
            8.7788, 
            1.952, 
            2.2257, 
            1.2784, 
            1.031, 
            2.1092, 
            1.2479, 
            5.3704, 
            2.9142, 
            2.5151, 
            4.1344, 
            1.1968, 
            1.4632, 
            3.1378, 
            1.5325, 
            1.1848, 
            1.2332, 
            1.123, 
            1.2794, 
            0.9565, 
            1.6535, 
            1.2908, 
            1.1564, 
            3.9094, 
            4.8371, 
            2.3775, 
            1.2361, 
            1.0927, 
            4.4649, 
            1.279, 
            1.6539, 
            2.5434, 
            2.949, 
            2.4246, 
            1.9435, 
            0.8321, 
            1.4866, 
            1.886, 
            5.546, 
            1.4209, 
            1.1388, 
            2.421, 
            2.0382, 
            1.1421, 
            1.5354, 
            1.0749, 
            0.4887, 
            1.1947, 
            1.4871, 
            4.58, 
            1.0825, 
            0.8435, 
            1.3311, 
            14.8861, 
            1.037, 
            1.049, 
            1.5009, 
            2.1989, 
            1.1435, 
            1.6297, 
            2.7047, 
            1.2466, 
            8.5221, 
            1.8656, 
            1.4271, 
            1.2147, 
            1.1223, 
            3.6356, 
            2.4702, 
            1.2711, 
            2.0973, 
            1.13, 
            1.1504, 
            2.1704, 
            1.2226, 
            1.1995, 
            5.4075, 
            2.5702, 
            0.7499, 
            1.7331, 
            1.2429, 
            0.5853, 
            1.5852, 
            1.7859, 
            0.4644, 
            1.0667, 
            1.0047, 
            1.2943, 
            0.9178, 
            1.0757, 
            1.9156, 
            0.9106, 
            1.5949, 
            2.3523, 
            0.8079, 
            0.1911, 
            2.7271, 
            1.0525, 
            1.685, 
            1.934, 
            2.0815, 
            1.0262, 
            2.1938, 
            1.6308, 
            1.4894, 
            1.7276, 
            2.2942, 
            1.2774, 
            1.3873, 
            1.3503, 
            1.8538, 
            29.4004, 
            1.2874, 
            1.4425, 
            1.2305, 
            1.2063, 
            1.2268, 
            1.4822, 
            2.8983, 
            1.6561, 
            2.1202, 
            4.8978, 
            1.1889, 
            1.2622, 
            19.2469, 
            1.4886, 
            1.1453, 
            2.5271, 
            2.0212, 
            1.3269, 
            2.4987, 
            1.0262, 
            0.0856, 
            1.5419, 
            2.1389, 
            2.5386, 
            1.3085, 
            1.0621, 
            3.4362, 
            1.4315, 
            1.4661, 
            0.9304, 
            16.288, 
            2.0567, 
            1.1096, 
            1.1811, 
            2.3072, 
            2.088, 
            1.2116, 
            1.9922, 
            0.8903, 
            1.4018, 
            1.5123, 
            1.144, 
            1.1769, 
            1.8294, 
            6.4326, 
            1.9172, 
            3.0767, 
            1.0932, 
            3.001, 
            0.5808, 
            1.1306, 
            0.4164, 
            0.2388, 
            1.2412, 
            5.2328, 
            1.8596, 
            1.3841, 
            3.7136, 
            1.1576, 
            1.8606, 
            1.6136, 
            1.7342, 
            1.3876, 
            2.6177, 
            2.2985, 
            1.8652, 
            1.4824, 
            0.6973, 
            3.6502, 
            1.7536, 
            9.0807, 
            1.6038, 
            1.2503, 
            1.1973, 
            1.182, 
            1.2075, 
            1.5556, 
            1.4049, 
            2.219, 
            1.4328, 
            1.2059, 
            0.9392, 
            1.1905, 
            1.4272, 
            1.6596, 
            1.7568, 
            4.7353, 
            3.7771, 
            1.2431, 
            1.865, 
            0.7265, 
            1.2559, 
            1.4263, 
            1.3484, 
            3.0519, 
            1.3271, 
            0.739, 
            1.4824, 
            1.2805, 
            1.5866, 
            0.8495, 
            1.5762, 
            0.8617, 
            0.893, 
            1.9164, 
            1.314, 
            2.4708, 
            1.1758, 
            1.5833, 
            1.7637, 
            1.3754, 
            0.864, 
            0.9905, 
            0.9891, 
            1.89, 
            0.9054, 
            1.3595, 
            1.4628, 
            1.9444, 
            2.7619, 
            1.9271, 
            1.2291, 
            2.2928, 
            5.0549, 
            1.1552, 
            4.5407, 
            3.9597, 
            3.8892, 
            1.8365, 
            1.8542, 
            3.0051, 
            2.1871, 
            1.2386, 
            1.1344, 
            2.3082, 
            2.2891, 
            1.233, 
            1.8953, 
            0.9347, 
            0.9583, 
            1.3026, 
            0.9149, 
            1.3886, 
            1.2335, 
            2.3503, 
            1.3387, 
            1.0181, 
            1.4378, 
            1.157, 
            6.1135, 
            1.8144, 
            0.9032, 
            2.2159, 
            1.0479, 
            3.1286, 
            1.249, 
            3.1531, 
            0.6645, 
            1.4648, 
            1.3577, 
            1.0715, 
            1.9982, 
            0.9272, 
            3.8423, 
            0.9919, 
            1.9308, 
            0.9509, 
            1.2013, 
            3.615, 
            1.1992, 
            1.1751, 
            1.7689, 
            6.4549, 
            1.9199, 
            3.1538, 
            6.1793, 
            3.5663, 
            2.9977, 
            1.4928, 
            7.3041, 
            1.8895, 
            1.1882, 
            3.0907, 
            2.434, 
            1.2765, 
            1.9939, 
            1.4991, 
            1.3536, 
            1.8813, 
            3.1001, 
            1.0664, 
            1.347, 
            1.4402, 
            1.7188, 
            2.5222, 
            0.8481, 
            3.2947, 
            1.3627, 
            1.2331, 
            1.1552, 
            1.4256, 
            1.1566, 
            1.0678, 
            1.3168, 
            1.6688, 
            1.0412, 
            1.2561, 
            3.472, 
            4.1236, 
            1.1729, 
            1.9268, 
            1.1779, 
            1.5515, 
            1.7707, 
            3.0771, 
            1.9853, 
            3.0743, 
            1.131, 
            1.6473, 
            3.7335, 
            0.7482, 
            1.3685, 
            1.4999, 
            6.8689, 
            1.1164, 
            4.1762, 
            1.3337, 
            1.9302, 
            1.0255, 
            4.3125, 
            1.3505, 
            1.2893, 
            1.8666, 
            0.8932, 
            1.2946, 
            1.6289, 
            2.0013, 
            1.1111, 
            1.1133, 
            0.4802, 
            0.8573, 
            6.2074, 
            3.6569, 
            1.2064, 
            2.3531, 
            1.1164, 
            1.4701, 
            1.6224, 
            3.5037, 
            3.2011, 
            3.7099, 
            1.317, 
            1.3558, 
            1.4612, 
            1.0716, 
            1.975, 
            1.5184, 
            4.4063, 
            2.355, 
            1.4925, 
            1.3568, 
            1.5915, 
            16.804, 
            1.6918, 
            9.0359, 
            1.413, 
            1.1137, 
            1.4114, 
            1.7443, 
            1.0855, 
            1.2324, 
            1.2062, 
            1.2617, 
            1.813, 
            1.1756, 
            1.2286, 
            2.1402, 
            1.592, 
            0.9843, 
            1.4719, 
            0.7329, 
            0.9474, 
            1.2623, 
            1.0108, 
            1.4094, 
            4.6271, 
            2.3858, 
            1.266, 
            1.266, 
            1.2748, 
            2.0086, 
            2.0555, 
            1.7025, 
            1.0109, 
            1.089, 
            1.7585, 
            3.3466, 
            1.3526, 
            0.817, 
            3.3695, 
            1.8252, 
            1.3993, 
            1.6327, 
            1.8571, 
            1.33, 
            1.1728, 
            1.6968, 
            2.1107, 
            0.9725, 
            3.4491, 
            0.9215, 
            2.3842, 
            1.1547, 
            1.4117, 
            2.2203, 
            1.9275, 
            1.2765, 
            1.0408, 
            2.5567, 
            1.1762, 
            1.3949, 
            1.6149, 
            2.4772, 
            1.4741, 
            1.8042, 
            0.837, 
            4.1278, 
            1.1767, 
            0.8026, 
            1.2165, 
            1.489, 
            1.2056, 
            1.9619, 
            2.5176, 
            4.6533, 
            1.3359, 
            2.9161, 
            2.6639, 
            0.9335, 
            2.3829, 
            3.6281, 
            1.8662, 
            1.1359, 
            0.9211, 
            2.0405, 
            4.6203, 
            1.9888, 
            1.1443, 
            1.3554, 
            1.408, 
            1.3191, 
            2.1959, 
            1.5818, 
            0.9836, 
            1.1845, 
            1.5891, 
            7.7297, 
            0.7091, 
            1.9959, 
            2.3298, 
            1.0218, 
            2.3317, 
            1.5586, 
            1.2497, 
            1.3379, 
            1.0504, 
            1.2968, 
            1.3102, 
            1.0854, 
            1.3627, 
            0.9696, 
            1.0443, 
            2.4904, 
            1.0573, 
            2.1549, 
            1.3682, 
            18.9375, 
            2.4749, 
            4.7492, 
            1.1233, 
            1.2244, 
            15.7172, 
            1.0153, 
            1.3155, 
            1.1273, 
            3.9086, 
            3.8611, 
            8.1253, 
            1.2645, 
            3.7565, 
            0.9496, 
            1.0648, 
            1.3927, 
            1.324, 
            1.5699, 
            1.3873, 
            1.0287, 
            2.5081, 
            1.1803, 
            1.1913, 
            1.9248, 
            1.1933, 
            1.3994, 
            1.8005, 
            1.7965, 
            0.612, 
            1.6506, 
            1.2439, 
            1.3239, 
            1.2286, 
            1.108, 
            1.9171, 
            1.4918, 
            2.7565, 
            5.0159, 
            1.2814, 
            1.3358, 
            1.5675, 
            1.2971, 
            0.9438, 
            2.0195, 
            1.3645, 
            1.2077, 
            1.467, 
            1.2006, 
            0.5635, 
            1.8326, 
            1.0905, 
            0.9361, 
            1.361, 
            1.665, 
            1.7914, 
            4.9917, 
            1.0939, 
            1.2746, 
            2.8472, 
            1.1992, 
            1.2179, 
            0.7726, 
            2.0232, 
            1.1464, 
            6.3528, 
            24.8647, 
            2.4552, 
            1.996, 
            1.1408, 
            1.485, 
            1.2286, 
            1.2064, 
            3.4222, 
            2.4536, 
            1.2274, 
            1.4837, 
            1.0438, 
            3.3844, 
            5.3234, 
            0.9052, 
            1.1108, 
            1.4668, 
            0.8011, 
            1.2586, 
            1.1111, 
            1.3729, 
            1.4671, 
            2.0481, 
            1.4776, 
            2.2181, 
            1.0545, 
            1.389, 
            1.1909, 
            1.3791, 
            3.9804, 
            0.993, 
            1.9742, 
            1.2386, 
            1.3693, 
            1.0707, 
            3.9764, 
            3.1982, 
            1.1493, 
            2.1827, 
            0.9397, 
            2.1552, 
            0.7845, 
            1.3931, 
            1.5753, 
            2.6998, 
            3.1331, 
            1.1734, 
            1.3765, 
            1.1508, 
            4.0462, 
            1.4304, 
            3.3727, 
            1.3827, 
            1.9257, 
            0.9624, 
            0.8327, 
            1.2192, 
            2.2702, 
            1.0438, 
            1.1913, 
            2.0612, 
            1.1102, 
            3.7043, 
            1.3882, 
            1.6324, 
            2.1747, 
            1.0493, 
            5.5554, 
            1.123, 
            2.5323, 
            1.2765, 
            1.3504, 
            4.2757, 
            4.3695, 
            1.6634, 
            1.3482, 
            1.1421, 
            1.1943, 
            1.3914, 
            1.2706, 
            1.4464, 
            1.4881, 
            1.6476, 
            4.3444, 
            0.7975, 
            1.858, 
            0.9491, 
            1.1855, 
            1.6999, 
            1.267, 
            2.2973, 
            1.974, 
            1.028, 
            1.1889, 
            2.263, 
            1.3244, 
            1.3457, 
            1.964, 
            0.9504, 
            1.3452, 
            1.233, 
            2.5953, 
            1.7666, 
            1.0897, 
            1.1941, 
            1.6775, 
            1.1968, 
            1.7801, 
            1.8396, 
            1.1464, 
            1.3116, 
            1.8287, 
            1.2119, 
            7.4162, 
            1.3322, 
            1.1678, 
            1.3672, 
            2.1886, 
            4.3175, 
            1.2182, 
            1.0176, 
            3.1332, 
            1.805, 
            1.3916, 
            3.3821, 
            1.593, 
            1.3939, 
            1.7085, 
            1.4077, 
            1.2818, 
            1.2624, 
            1.3014, 
            2.1695, 
            1.1927, 
            2.0991, 
            3.5153, 
            1.3845, 
            1.5838, 
            2.1788, 
            2.0112, 
            5.9877, 
            1.7772, 
            1.1532, 
            1.6254, 
            1.2797, 
            1.3266, 
            13.047, 
            1.3263, 
            1.355, 
            2.3619, 
            1.373, 
            1.1333, 
            1.1892, 
            1.4271, 
            4.7592, 
            0.9104, 
            4.8198, 
            1.8649, 
            1.5824, 
            1.2778, 
            1.9982, 
            7.1909, 
            1.6571, 
            1.466, 
            1.3402, 
            1.4271, 
            1.091, 
            1.143, 
            0.9735, 
            1.2508, 
            1.1025, 
            1.2577, 
            1.32, 
            1.3683, 
            4.4869, 
            1.272, 
            1.1258, 
            1.4832, 
            1.7528, 
            1.3242, 
            2.0, 
            3.1084, 
            2.1372, 
            1.4356, 
            45.3267, 
            1.4771, 
            2.8892, 
            1.8922, 
            1.5496, 
            2.6637, 
            1.4014, 
            0.9915, 
            1.6151, 
            1.0706, 
            1.2984, 
            1.8889, 
            2.2307, 
            0.7895, 
            4.5155, 
            1.1582, 
            3.838, 
            1.6843, 
            1.3268, 
            1.0195, 
            1.1051, 
            1.1725, 
            1.0376, 
            1.5215, 
            0.898, 
            2.6356, 
            1.2122, 
            1.2347, 
            2.4354, 
            1.3579, 
            2.0033, 
            1.4841, 
            1.5364, 
            1.4235, 
            1.1793, 
            1.3942, 
            1.2985, 
            1.3612, 
            1.2153, 
            1.2269, 
            1.4641, 
            1.2425, 
            4.7511, 
            1.0633, 
            0.5043, 
            1.0927, 
            1.1201, 
            1.5432, 
            1.4038, 
            1.2555, 
            1.8159, 
            2.1738, 
            2.2472, 
            0.9152, 
            1.201, 
            2.5762, 
            1.2109, 
            3.2917, 
            0.999, 
            1.2585, 
            2.1451, 
            1.233, 
            1.074, 
            2.1061, 
            1.2992, 
            2.4581, 
            6.0229, 
            2.2663, 
            1.2895, 
            1.0915, 
            3.3924, 
            2.0821, 
            3.3443, 
            1.3843, 
            3.0401, 
            1.3441, 
            1.4362, 
            1.9699, 
            1.7576, 
            2.4987, 
            1.4688, 
            1.256, 
            1.0528, 
            2.0574, 
            1.4643, 
            1.1003, 
            1.2668, 
            2.2908, 
            1.7585, 
            2.0319, 
            1.2711, 
            4.4473, 
            1.3961, 
            1.2694, 
            1.295, 
            2.1058, 
            2.8448, 
            1.1719, 
            1.1669, 
            1.0062, 
            1.207, 
            2.1327, 
            1.1846, 
            1.2574, 
            1.4887, 
            1.5885, 
            1.682, 
            1.1732, 
            3.3254, 
            1.2962, 
            1.2684, 
            1.3923, 
            1.7821, 
            2.7284, 
            2.5632, 
            1.2578, 
            1.3966
        ], 
        "x": [
            3.0, 
            2.0, 
            2.0, 
            3.0, 
            1.0, 
            12.0, 
            1.0, 
            1.0, 
            1.0, 
            2.0, 
            3.0, 
            1.0, 
            1.0, 
            1.0, 
            1.0, 
            1.0, 
            1.0, 
            7.0, 
            15.0, 
            1.0, 
            2.0, 
            2.0, 
            1.0, 
            5.0, 
            1.0, 
            13.0, 
            5.0, 
            2.0, 
            2.0, 
            5.0, 
            2.0, 
            1.0, 
            3.0, 
            2.0, 
            1.0, 
            1.0, 
            2.0, 
            0.0, 
            3.0, 
            1.0, 
            1.0, 
            1.0, 
            2.0, 
            3.0, 
            1.0, 
            0.0, 
            2.0, 
            1.0, 
            1.0, 
            1.0, 
            5.0, 
            1.0, 
            1.0, 
            2.0, 
            1.0, 
            1.0, 
            1.0, 
            1.0, 
            1.0, 
            4.0, 
            4.0, 
            1.0, 
            1.0, 
            1.0, 
            4.0, 
            2.0, 
            1.0, 
            2.0, 
            1.0, 
            4.0, 
            1.0, 
            3.0, 
            1.0, 
            1.0, 
            1.0, 
            6.0, 
            1.0, 
            1.0, 
            1.0, 
            2.0, 
            1.0, 
            1.0, 
            2.0, 
            1.0, 
            1.0, 
            1.0, 
            17.0, 
            1.0, 
            1.0, 
            1.0, 
            1.0, 
            2.0, 
            1.0, 
            2.0, 
            2.0, 
            1.0, 
            1.0, 
            1.0, 
            7.0, 
            1.0, 
            1.0, 
            1.0, 
            2.0, 
            1.0, 
            1.0, 
            1.0, 
            3.0, 
            1.0, 
            1.0, 
            3.0, 
            2.0, 
            1.0, 
            1.0, 
            1.0, 
            1.0, 
            1.0, 
            1.0, 
            1.0, 
            5.0, 
            1.0, 
            2.0, 
            2.0, 
            2.0, 
            1.0, 
            1.0, 
            2.0, 
            1.0, 
            1.0, 
            2.0, 
            3.0, 
            2.0, 
            2.0, 
            1.0, 
            1.0, 
            1.0, 
            4.0, 
            1.0, 
            24.0, 
            2.0, 
            1.0, 
            1.0, 
            1.0, 
            1.0, 
            1.0, 
            2.0, 
            3.0, 
            3.0, 
            1.0, 
            1.0, 
            1.0, 
            2.0, 
            2.0, 
            1.0, 
            1.0, 
            1.0, 
            2.0, 
            1.0, 
            1.0, 
            5.0, 
            1.0, 
            1.0, 
            2.0, 
            2.0, 
            1.0, 
            1.0, 
            1.0, 
            1.0, 
            1.0, 
            5.0, 
            5.0, 
            3.0, 
            1.0, 
            1.0, 
            1.0, 
            1.0, 
            3.0, 
            1.0, 
            8.0, 
            1.0, 
            4.0, 
            1.0, 
            1.0, 
            3.0, 
            17.0, 
            1.0, 
            1.0, 
            2.0, 
            1.0, 
            1.0, 
            2.0, 
            1.0, 
            1.0, 
            1.0, 
            2.0, 
            3.0, 
            1.0, 
            1.0, 
            1.0, 
            2.0, 
            1.0, 
            1.0, 
            1.0, 
            1.0, 
            2.0, 
            2.0, 
            1.0, 
            1.0, 
            2.0, 
            1.0, 
            1.0, 
            1.0, 
            1.0, 
            4.0, 
            1.0, 
            2.0, 
            2.0, 
            1.0, 
            1.0, 
            3.0, 
            1.0, 
            1.0, 
            8.0, 
            2.0, 
            1.0, 
            1.0, 
            1.0, 
            1.0, 
            1.0, 
            2.0, 
            1.0, 
            1.0, 
            1.0, 
            2.0, 
            1.0, 
            2.0, 
            1.0, 
            1.0, 
            1.0, 
            2.0, 
            1.0, 
            1.0, 
            1.0, 
            1.0, 
            1.0, 
            2.0, 
            3.0, 
            1.0, 
            1.0, 
            2.0, 
            1.0, 
            1.0, 
            1.0, 
            1.0, 
            2.0, 
            1.0, 
            1.0, 
            2.0, 
            1.0, 
            1.0, 
            1.0, 
            1.0, 
            2.0, 
            3.0, 
            4.0, 
            1.0, 
            1.0, 
            1.0, 
            2.0, 
            1.0, 
            5.0, 
            1.0, 
            1.0, 
            1.0, 
            4.0, 
            1.0, 
            2.0, 
            1.0, 
            1.0, 
            1.0, 
            3.0, 
            1.0, 
            1.0, 
            1.0, 
            2.0, 
            1.0, 
            1.0, 
            1.0, 
            7.0, 
            4.0, 
            1.0, 
            1.0, 
            2.0, 
            1.0, 
            2.0, 
            1.0, 
            1.0, 
            1.0, 
            2.0, 
            1.0, 
            1.0, 
            1.0, 
            9.0, 
            3.0, 
            3.0, 
            1.0, 
            4.0, 
            1.0, 
            1.0, 
            2.0, 
            1.0, 
            1.0, 
            2.0, 
            2.0, 
            1.0, 
            2.0, 
            1.0, 
            1.0, 
            1.0, 
            2.0, 
            2.0, 
            1.0, 
            3.0, 
            1.0, 
            1.0, 
            1.0, 
            1.0, 
            9.0, 
            8.0, 
            1.0, 
            1.0, 
            1.0, 
            1.0, 
            1.0, 
            1.0, 
            1.0, 
            1.0, 
            2.0, 
            1.0, 
            2.0, 
            1.0, 
            2.0, 
            1.0, 
            1.0, 
            3.0, 
            1.0, 
            2.0, 
            3.0, 
            1.0, 
            1.0, 
            1.0, 
            3.0, 
            1.0, 
            1.0, 
            1.0, 
            1.0, 
            1.0, 
            1.0, 
            1.0, 
            1.0, 
            1.0, 
            1.0, 
            2.0, 
            1.0, 
            2.0, 
            1.0, 
            3.0, 
            1.0, 
            1.0, 
            1.0, 
            1.0, 
            1.0, 
            2.0, 
            3.0, 
            1.0, 
            1.0, 
            2.0, 
            7.0, 
            1.0, 
            1.0, 
            1.0, 
            2.0, 
            1.0, 
            1.0, 
            3.0, 
            1.0, 
            2.0, 
            1.0, 
            5.0, 
            1.0, 
            1.0, 
            1.0, 
            2.0, 
            1.0, 
            1.0, 
            2.0, 
            1.0, 
            1.0, 
            1.0, 
            1.0, 
            1.0, 
            2.0, 
            2.0, 
            1.0, 
            1.0, 
            1.0, 
            1.0, 
            1.0, 
            7.0, 
            1.0, 
            1.0, 
            2.0, 
            2.0, 
            2.0, 
            4.0, 
            1.0, 
            1.0, 
            1.0, 
            1.0, 
            1.0, 
            1.0, 
            12.0, 
            1.0, 
            5.0, 
            1.0, 
            1.0, 
            2.0, 
            1.0, 
            1.0, 
            2.0, 
            13.0, 
            1.0, 
            3.0, 
            2.0, 
            1.0, 
            1.0, 
            1.0, 
            2.0, 
            1.0, 
            1.0, 
            1.0, 
            2.0, 
            1.0, 
            1.0, 
            1.0, 
            1.0, 
            3.0, 
            4.0, 
            1.0, 
            1.0, 
            2.0, 
            1.0, 
            3.0, 
            1.0, 
            1.0, 
            2.0, 
            1.0, 
            1.0, 
            1.0, 
            1.0, 
            1.0, 
            1.0, 
            1.0, 
            2.0, 
            1.0, 
            1.0, 
            4.0, 
            1.0, 
            4.0, 
            1.0, 
            1.0, 
            3.0, 
            3.0, 
            3.0, 
            9.0, 
            1.0, 
            2.0, 
            1.0, 
            2.0, 
            1.0, 
            2.0, 
            6.0, 
            1.0, 
            2.0, 
            1.0, 
            2.0, 
            1.0, 
            1.0, 
            1.0, 
            1.0, 
            3.0, 
            1.0, 
            1.0, 
            1.0, 
            2.0, 
            3.0, 
            1.0, 
            1.0, 
            1.0, 
            1.0, 
            2.0, 
            2.0, 
            3.0, 
            1.0, 
            2.0, 
            1.0, 
            3.0, 
            3.0, 
            1.0, 
            1.0, 
            2.0, 
            1.0, 
            1.0, 
            1.0, 
            1.0, 
            5.0, 
            2.0, 
            1.0, 
            1.0, 
            1.0, 
            25.0, 
            1.0, 
            19.0, 
            1.0, 
            1.0, 
            1.0, 
            1.0, 
            1.0, 
            1.0, 
            1.0, 
            2.0, 
            2.0, 
            1.0, 
            1.0, 
            3.0, 
            1.0, 
            1.0, 
            2.0, 
            1.0, 
            1.0, 
            1.0, 
            1.0, 
            1.0, 
            12.0, 
            2.0, 
            1.0, 
            1.0, 
            1.0, 
            2.0, 
            1.0, 
            1.0, 
            1.0, 
            1.0, 
            1.0, 
            25.0, 
            1.0, 
            1.0, 
            5.0, 
            1.0, 
            1.0, 
            1.0, 
            1.0, 
            1.0, 
            1.0, 
            1.0, 
            1.0, 
            1.0, 
            5.0, 
            1.0, 
            5.0, 
            2.0, 
            1.0, 
            4.0, 
            1.0, 
            1.0, 
            1.0, 
            1.0, 
            1.0, 
            3.0, 
            1.0, 
            2.0, 
            1.0, 
            1.0, 
            2.0, 
            12.0, 
            1.0, 
            1.0, 
            1.0, 
            4.0, 
            1.0, 
            3.0, 
            4.0, 
            7.0, 
            1.0, 
            17.0, 
            5.0, 
            1.0, 
            8.0, 
            6.0, 
            4.0, 
            1.0, 
            1.0, 
            4.0, 
            3.0, 
            1.0, 
            1.0, 
            1.0, 
            1.0, 
            1.0, 
            6.0, 
            2.0, 
            1.0, 
            1.0, 
            1.0, 
            5.0, 
            1.0, 
            1.0, 
            5.0, 
            2.0, 
            2.0, 
            1.0, 
            2.0, 
            1.0, 
            1.0, 
            2.0, 
            1.0, 
            1.0, 
            1.0, 
            1.0, 
            1.0, 
            1.0, 
            1.0, 
            2.0, 
            1.0, 
            74.0, 
            2.0, 
            3.0, 
            1.0, 
            1.0, 
            8.0, 
            2.0, 
            1.0, 
            1.0, 
            5.0, 
            4.0, 
            11.0, 
            1.0, 
            5.0, 
            1.0, 
            2.0, 
            2.0, 
            1.0, 
            1.0, 
            1.0, 
            1.0, 
            1.0, 
            1.0, 
            1.0, 
            1.0, 
            2.0, 
            1.0, 
            1.0, 
            1.0, 
            1.0, 
            1.0, 
            2.0, 
            2.0, 
            1.0, 
            1.0, 
            1.0, 
            1.0, 
            4.0, 
            1.0, 
            1.0, 
            1.0, 
            1.0, 
            1.0, 
            1.0, 
            4.0, 
            1.0, 
            1.0, 
            1.0, 
            1.0, 
            1.0, 
            3.0, 
            3.0, 
            1.0, 
            1.0, 
            2.0, 
            1.0, 
            1.0, 
            1.0, 
            1.0, 
            4.0, 
            1.0, 
            1.0, 
            1.0, 
            2.0, 
            1.0, 
            9.0, 
            2.0, 
            2.0, 
            2.0, 
            1.0, 
            1.0, 
            1.0, 
            2.0, 
            3.0, 
            2.0, 
            1.0, 
            2.0, 
            1.0, 
            1.0, 
            4.0, 
            1.0, 
            1.0, 
            2.0, 
            1.0, 
            1.0, 
            1.0, 
            1.0, 
            1.0, 
            1.0, 
            1.0, 
            1.0, 
            1.0, 
            1.0, 
            1.0, 
            2.0, 
            2.0, 
            1.0, 
            1.0, 
            1.0, 
            1.0, 
            1.0, 
            2.0, 
            4.0, 
            1.0, 
            5.0, 
            1.0, 
            1.0, 
            1.0, 
            2.0, 
            3.0, 
            1.0, 
            15.0, 
            1.0, 
            1.0, 
            1.0, 
            1.0, 
            1.0, 
            2.0, 
            1.0, 
            2.0, 
            1.0, 
            1.0, 
            1.0, 
            3.0, 
            2.0, 
            1.0, 
            1.0, 
            1.0, 
            17.0, 
            1.0, 
            1.0, 
            2.0, 
            1.0, 
            1.0, 
            1.0, 
            2.0, 
            1.0, 
            1.0, 
            7.0, 
            3.0, 
            1.0, 
            1.0, 
            1.0, 
            1.0, 
            1.0, 
            1.0, 
            2.0, 
            1.0, 
            2.0, 
            2.0, 
            1.0, 
            4.0, 
            1.0, 
            1.0, 
            1.0, 
            1.0, 
            1.0, 
            5.0, 
            1.0, 
            1.0, 
            3.0, 
            1.0, 
            1.0, 
            3.0, 
            1.0, 
            1.0, 
            1.0, 
            2.0, 
            1.0, 
            1.0, 
            1.0, 
            2.0, 
            1.0, 
            1.0, 
            2.0, 
            2.0, 
            1.0, 
            1.0, 
            1.0, 
            4.0, 
            1.0, 
            2.0, 
            1.0, 
            1.0, 
            13.0, 
            1.0, 
            1.0, 
            9.0, 
            1.0, 
            1.0, 
            2.0, 
            1.0, 
            1.0, 
            1.0, 
            1.0, 
            1.0, 
            2.0, 
            1.0, 
            3.0, 
            1.0, 
            1.0, 
            1.0, 
            2.0, 
            1.0, 
            3.0, 
            6.0, 
            3.0, 
            1.0, 
            1.0, 
            1.0, 
            1.0, 
            1.0, 
            3.0, 
            1.0, 
            1.0, 
            1.0, 
            1.0, 
            2.0, 
            1.0, 
            1.0, 
            8.0, 
            1.0, 
            4.0, 
            1.0, 
            1.0, 
            1.0, 
            2.0, 
            9.0, 
            2.0, 
            1.0, 
            1.0, 
            1.0, 
            1.0, 
            1.0, 
            2.0, 
            1.0, 
            1.0, 
            1.0, 
            1.0, 
            1.0, 
            3.0, 
            1.0, 
            1.0, 
            5.0, 
            4.0, 
            1.0, 
            2.0, 
            2.0, 
            2.0, 
            2.0, 
            32.0, 
            1.0, 
            1.0, 
            1.0, 
            1.0, 
            4.0, 
            1.0, 
            1.0, 
            2.0, 
            1.0, 
            3.0, 
            1.0, 
            1.0, 
            1.0, 
            3.0, 
            1.0, 
            1.0, 
            4.0, 
            2.0, 
            1.0, 
            1.0, 
            1.0, 
            1.0, 
            1.0, 
            1.0, 
            2.0, 
            1.0, 
            1.0, 
            3.0, 
            1.0, 
            4.0, 
            1.0, 
            1.0, 
            1.0, 
            1.0, 
            1.0, 
            1.0, 
            2.0, 
            1.0, 
            2.0, 
            1.0, 
            1.0, 
            5.0, 
            1.0, 
            2.0, 
            1.0, 
            1.0, 
            1.0, 
            1.0, 
            1.0, 
            2.0, 
            1.0, 
            4.0, 
            1.0, 
            1.0, 
            5.0, 
            1.0, 
            1.0, 
            1.0, 
            1.0, 
            1.0, 
            1.0, 
            1.0, 
            2.0, 
            1.0, 
            2.0, 
            2.0, 
            1.0, 
            1.0, 
            1.0, 
            3.0, 
            3.0, 
            2.0, 
            2.0, 
            1.0, 
            1.0, 
            1.0, 
            1.0, 
            2.0, 
            3.0, 
            1.0, 
            1.0, 
            2.0, 
            5.0, 
            1.0, 
            1.0, 
            1.0, 
            2.0, 
            1.0, 
            2.0, 
            1.0, 
            1.0, 
            1.0, 
            1.0, 
            1.0, 
            1.0, 
            2.0, 
            1.0, 
            1.0, 
            1.0, 
            2.0, 
            3.0, 
            1.0, 
            1.0, 
            1.0, 
            1.0, 
            3.0, 
            1.0, 
            4.0, 
            2.0, 
            1.0, 
            1.0, 
            1.0, 
            1.0, 
            2.0, 
            1.0, 
            1.0
        ]
    }, 
    "processed_feature_names": [], 
    "regression_performance": {
        "max_error": 5.6360066939870928, 
        "median_error": -0.22740296805358284, 
        "error_distribution": [
            {
                "count": 609, 
                "bin_max": -3.1581296342245011, 
                "bin_id": 0, 
                "bin_min": -4.1450271555015803
            }, 
            {
                "count": 439, 
                "bin_max": -2.1810033755343241, 
                "bin_id": 1, 
                "bin_min": -3.1581296342245011
            }, 
            {
                "count": 1123, 
                "bin_max": -1.2038771168441471, 
                "bin_id": 2, 
                "bin_min": -2.1810033755343241
            }, 
            {
                "count": 7897, 
                "bin_max": -0.22675085815397011, 
                "bin_id": 3, 
                "bin_min": -1.2038771168441471
            }, 
            {
                "count": 6839, 
                "bin_max": 0.75037540053620688, 
                "bin_id": 4, 
                "bin_min": -0.22675085815397011
            }, 
            {
                "count": 1752, 
                "bin_max": 1.7275016592263839, 
                "bin_id": 5, 
                "bin_min": 0.75037540053620688
            }, 
            {
                "count": 568, 
                "bin_max": 2.7046279179165609, 
                "bin_id": 6, 
                "bin_min": 1.7275016592263839
            }, 
            {
                "count": 270, 
                "bin_max": 3.6817541766067379, 
                "bin_id": 7, 
                "bin_min": 2.7046279179165609
            }, 
            {
                "count": 129, 
                "bin_max": 4.6588804352969149, 
                "bin_id": 8, 
                "bin_min": 3.6817541766067379
            }, 
            {
                "count": 492, 
                "bin_max": 5.6360066939870928, 
                "bin_id": 9, 
                "bin_min": 4.6588804352969149
            }
        ], 
        "min_error": -4.1352558929146781, 
        "average_error": -0.08293081877582804, 
        "std_error": 1.4663780330654421, 
        "p75_error": 0.18719555819194153, 
        "p90_error": 1.2020117330350966, 
        "p25_error": -0.5328242570956494
    }
}