{
  "state": "DONE",
  "preSearchDescription": {
    "gridLength": 1,
    "importantParams": [
      {
        "name": "method",
        "val": "Linear stacking"
      },
      {
        "name": "algorithms",
        "vals": [
          "Artificial Neural Network",
          "Random forest",
          "Extra trees"
        ]
      }
    ]
  },
  "postSearchDescription": {
    "importantParams": [
      {
        "name": "method",
        "val": "Linear stacking"
      },
      {
        "name": "algorithms",
        "val": "[Artificial Neural Network, Random forest, Extra trees]"
      }
    ]
  },
  "modelId": "m1",
  "progress": {
    "top_level_todo": [],
    "stack": [],
    "top_level_done": [
      {
        "name": "Creating ensemble",
        "time": 5164
      },
      {
        "name": "Saving model",
        "time": 73
      },
      {
        "name": "Scoring model",
        "time": 1833
      }
    ]
  },
  "startTime": 1523125346371,
  "endTime": 1523125353443,
  "preprocessingTime": 0,
  "trainingTime": 0
}