{
    "usedGridSearch": true, 
    "gridSize": 100, 
    "rawImportance": {
        "variables": [
            "atemp", 
            "day_of_week", 
            "holiday", 
            "hour", 
            "humidity", 
            "month", 
            "season", 
            "temp", 
            "weather", 
            "windspeed", 
            "workingday"
        ], 
        "importances": [
            0.19416171312332153, 
            0.10540422052145004, 
            0.007857542484998703, 
            0.1559516042470932, 
            0.15580616891384125, 
            0.09548328071832657, 
            0.013872889801859856, 
            0.08877880871295929, 
            0.03777942806482315, 
            0.13595838844776154, 
            0.008945905603468418
        ]
    }, 
    "modelInputNRows": 8691, 
    "modelInputNCols": 11, 
    "modelInputMemory": 764808, 
    "gridCells": [
        {
            "score": 0.40040512434767245, 
            "params": {
                "reg_alpha": 0.0, 
                "colsample_bytree": 0.75, 
                "colsample_bylevel": 1.0, 
                "learning_rate": 0.01, 
                "max_delta_step": 0.0, 
                "min_child_weight": 0.0, 
                "subsample": 0.75, 
                "reg_lambda": 1.0, 
                "max_depth": 1, 
                "gamma": 0.0
            }
        }, 
        {
            "score": 0.39844640781797425, 
            "params": {
                "reg_alpha": 0.0, 
                "colsample_bytree": 0.75, 
                "colsample_bylevel": 1.0, 
                "learning_rate": 0.01, 
                "max_delta_step": 0.0, 
                "min_child_weight": 0.0, 
                "subsample": 1.0, 
                "reg_lambda": 1.0, 
                "max_depth": 1, 
                "gamma": 0.0
            }
        }, 
        {
            "score": 0.60926359307350575, 
            "params": {
                "reg_alpha": 0.0, 
                "colsample_bytree": 0.75, 
                "colsample_bylevel": 1.0, 
                "learning_rate": 0.01, 
                "max_delta_step": 0.0, 
                "min_child_weight": 0.0, 
                "subsample": 0.75, 
                "reg_lambda": 1.0, 
                "max_depth": 2, 
                "gamma": 0.0
            }
        }, 
        {
            "score": 0.60820941882113289, 
            "params": {
                "reg_alpha": 0.0, 
                "colsample_bytree": 0.75, 
                "colsample_bylevel": 1.0, 
                "learning_rate": 0.01, 
                "max_delta_step": 0.0, 
                "min_child_weight": 0.0, 
                "subsample": 1.0, 
                "reg_lambda": 1.0, 
                "max_depth": 2, 
                "gamma": 0.0
            }
        }, 
        {
            "score": 0.72296691219904585, 
            "params": {
                "reg_alpha": 0.0, 
                "colsample_bytree": 0.75, 
                "colsample_bylevel": 1.0, 
                "learning_rate": 0.01, 
                "max_delta_step": 0.0, 
                "min_child_weight": 0.0, 
                "subsample": 0.75, 
                "reg_lambda": 1.0, 
                "max_depth": 3, 
                "gamma": 0.0
            }
        }, 
        {
            "score": 0.72163448126383722, 
            "params": {
                "reg_alpha": 0.0, 
                "colsample_bytree": 0.75, 
                "colsample_bylevel": 1.0, 
                "learning_rate": 0.01, 
                "max_delta_step": 0.0, 
                "min_child_weight": 0.0, 
                "subsample": 1.0, 
                "reg_lambda": 1.0, 
                "max_depth": 3, 
                "gamma": 0.0
            }
        }, 
        {
            "score": 0.79770680610521683, 
            "params": {
                "reg_alpha": 0.0, 
                "colsample_bytree": 0.75, 
                "colsample_bylevel": 1.0, 
                "learning_rate": 0.01, 
                "max_delta_step": 0.0, 
                "min_child_weight": 0.0, 
                "subsample": 0.75, 
                "reg_lambda": 1.0, 
                "max_depth": 5, 
                "gamma": 0.0
            }
        }, 
        {
            "score": 0.79762271898146564, 
            "params": {
                "reg_alpha": 0.0, 
                "colsample_bytree": 0.75, 
                "colsample_bylevel": 1.0, 
                "learning_rate": 0.01, 
                "max_delta_step": 0.0, 
                "min_child_weight": 0.0, 
                "subsample": 1.0, 
                "reg_lambda": 1.0, 
                "max_depth": 5, 
                "gamma": 0.0
            }
        }, 
        {
            "score": 0.82417693889588584, 
            "params": {
                "reg_alpha": 0.0, 
                "colsample_bytree": 0.75, 
                "colsample_bylevel": 1.0, 
                "learning_rate": 0.01, 
                "max_delta_step": 0.0, 
                "min_child_weight": 0.0, 
                "subsample": 0.75, 
                "reg_lambda": 1.0, 
                "max_depth": 10, 
                "gamma": 0.0
            }
        }, 
        {
            "score": 0.82247801567289747, 
            "params": {
                "reg_alpha": 0.0, 
                "colsample_bytree": 0.75, 
                "colsample_bylevel": 1.0, 
                "learning_rate": 0.01, 
                "max_delta_step": 0.0, 
                "min_child_weight": 0.0, 
                "subsample": 1.0, 
                "reg_lambda": 1.0, 
                "max_depth": 10, 
                "gamma": 0.0
            }
        }, 
        {
            "score": 0.54920115447452988, 
            "params": {
                "reg_alpha": 0.0, 
                "colsample_bytree": 0.75, 
                "colsample_bylevel": 1.0, 
                "learning_rate": 0.05, 
                "max_delta_step": 0.0, 
                "min_child_weight": 0.0, 
                "subsample": 0.75, 
                "reg_lambda": 1.0, 
                "max_depth": 1, 
                "gamma": 0.0
            }
        }, 
        {
            "score": 0.54967993162792328, 
            "params": {
                "reg_alpha": 0.0, 
                "colsample_bytree": 0.75, 
                "colsample_bylevel": 1.0, 
                "learning_rate": 0.05, 
                "max_delta_step": 0.0, 
                "min_child_weight": 0.0, 
                "subsample": 1.0, 
                "reg_lambda": 1.0, 
                "max_depth": 1, 
                "gamma": 0.0
            }
        }, 
        {
            "score": 0.71655129513937621, 
            "params": {
                "reg_alpha": 0.0, 
                "colsample_bytree": 0.75, 
                "colsample_bylevel": 1.0, 
                "learning_rate": 0.05, 
                "max_delta_step": 0.0, 
                "min_child_weight": 0.0, 
                "subsample": 0.75, 
                "reg_lambda": 1.0, 
                "max_depth": 2, 
                "gamma": 0.0
            }
        }, 
        {
            "score": 0.7017483909037332, 
            "params": {
                "reg_alpha": 0.0, 
                "colsample_bytree": 0.75, 
                "colsample_bylevel": 1.0, 
                "learning_rate": 0.05, 
                "max_delta_step": 0.0, 
                "min_child_weight": 0.0, 
                "subsample": 1.0, 
                "reg_lambda": 1.0, 
                "max_depth": 2, 
                "gamma": 0.0
            }
        }, 
        {
            "score": 0.79283502380703164, 
            "params": {
                "reg_alpha": 0.0, 
                "colsample_bytree": 0.75, 
                "colsample_bylevel": 1.0, 
                "learning_rate": 0.05, 
                "max_delta_step": 0.0, 
                "min_child_weight": 0.0, 
                "subsample": 0.75, 
                "reg_lambda": 1.0, 
                "max_depth": 3, 
                "gamma": 0.0
            }
        }, 
        {
            "score": 0.78673141962026005, 
            "params": {
                "reg_alpha": 0.0, 
                "colsample_bytree": 0.75, 
                "colsample_bylevel": 1.0, 
                "learning_rate": 0.05, 
                "max_delta_step": 0.0, 
                "min_child_weight": 0.0, 
                "subsample": 1.0, 
                "reg_lambda": 1.0, 
                "max_depth": 3, 
                "gamma": 0.0
            }
        }, 
        {
            "score": 0.82923489765564229, 
            "params": {
                "reg_alpha": 0.0, 
                "colsample_bytree": 0.75, 
                "colsample_bylevel": 1.0, 
                "learning_rate": 0.05, 
                "max_delta_step": 0.0, 
                "min_child_weight": 0.0, 
                "subsample": 0.75, 
                "reg_lambda": 1.0, 
                "max_depth": 5, 
                "gamma": 0.0
            }
        }, 
        {
            "score": 0.82844113292408239, 
            "params": {
                "reg_alpha": 0.0, 
                "colsample_bytree": 0.75, 
                "colsample_bylevel": 1.0, 
                "learning_rate": 0.05, 
                "max_delta_step": 0.0, 
                "min_child_weight": 0.0, 
                "subsample": 1.0, 
                "reg_lambda": 1.0, 
                "max_depth": 5, 
                "gamma": 0.0
            }
        }, 
        {
            "score": 0.83166467306257474, 
            "params": {
                "reg_alpha": 0.0, 
                "colsample_bytree": 0.75, 
                "colsample_bylevel": 1.0, 
                "learning_rate": 0.05, 
                "max_delta_step": 0.0, 
                "min_child_weight": 0.0, 
                "subsample": 0.75, 
                "reg_lambda": 1.0, 
                "max_depth": 10, 
                "gamma": 0.0
            }
        }, 
        {
            "score": 0.83685811762474405, 
            "params": {
                "reg_alpha": 0.0, 
                "colsample_bytree": 0.75, 
                "colsample_bylevel": 1.0, 
                "learning_rate": 0.05, 
                "max_delta_step": 0.0, 
                "min_child_weight": 0.0, 
                "subsample": 1.0, 
                "reg_lambda": 1.0, 
                "max_depth": 10, 
                "gamma": 0.0
            }
        }, 
        {
            "score": 0.55726312121225718, 
            "params": {
                "reg_alpha": 0.0, 
                "colsample_bytree": 0.75, 
                "colsample_bylevel": 1.0, 
                "learning_rate": 0.1, 
                "max_delta_step": 0.0, 
                "min_child_weight": 0.0, 
                "subsample": 0.75, 
                "reg_lambda": 1.0, 
                "max_depth": 1, 
                "gamma": 0.0
            }
        }, 
        {
            "score": 0.55663715547372639, 
            "params": {
                "reg_alpha": 0.0, 
                "colsample_bytree": 0.75, 
                "colsample_bylevel": 1.0, 
                "learning_rate": 0.1, 
                "max_delta_step": 0.0, 
                "min_child_weight": 0.0, 
                "subsample": 1.0, 
                "reg_lambda": 1.0, 
                "max_depth": 1, 
                "gamma": 0.0
            }
        }, 
        {
            "score": 0.73779711307033513, 
            "params": {
                "reg_alpha": 0.0, 
                "colsample_bytree": 0.75, 
                "colsample_bylevel": 1.0, 
                "learning_rate": 0.1, 
                "max_delta_step": 0.0, 
                "min_child_weight": 0.0, 
                "subsample": 0.75, 
                "reg_lambda": 1.0, 
                "max_depth": 2, 
                "gamma": 0.0
            }
        }, 
        {
            "score": 0.71797727526141542, 
            "params": {
                "reg_alpha": 0.0, 
                "colsample_bytree": 0.75, 
                "colsample_bylevel": 1.0, 
                "learning_rate": 0.1, 
                "max_delta_step": 0.0, 
                "min_child_weight": 0.0, 
                "subsample": 1.0, 
                "reg_lambda": 1.0, 
                "max_depth": 2, 
                "gamma": 0.0
            }
        }, 
        {
            "score": 0.80004986834086855, 
            "params": {
                "reg_alpha": 0.0, 
                "colsample_bytree": 0.75, 
                "colsample_bylevel": 1.0, 
                "learning_rate": 0.1, 
                "max_delta_step": 0.0, 
                "min_child_weight": 0.0, 
                "subsample": 0.75, 
                "reg_lambda": 1.0, 
                "max_depth": 3, 
                "gamma": 0.0
            }
        }, 
        {
            "score": 0.79497126309907629, 
            "params": {
                "reg_alpha": 0.0, 
                "colsample_bytree": 0.75, 
                "colsample_bylevel": 1.0, 
                "learning_rate": 0.1, 
                "max_delta_step": 0.0, 
                "min_child_weight": 0.0, 
                "subsample": 1.0, 
                "reg_lambda": 1.0, 
                "max_depth": 3, 
                "gamma": 0.0
            }
        }, 
        {
            "score": 0.82762514599412351, 
            "params": {
                "reg_alpha": 0.0, 
                "colsample_bytree": 0.75, 
                "colsample_bylevel": 1.0, 
                "learning_rate": 0.1, 
                "max_delta_step": 0.0, 
                "min_child_weight": 0.0, 
                "subsample": 0.75, 
                "reg_lambda": 1.0, 
                "max_depth": 5, 
                "gamma": 0.0
            }
        }, 
        {
            "score": 0.82873403197048723, 
            "params": {
                "reg_alpha": 0.0, 
                "colsample_bytree": 0.75, 
                "colsample_bylevel": 1.0, 
                "learning_rate": 0.1, 
                "max_delta_step": 0.0, 
                "min_child_weight": 0.0, 
                "subsample": 1.0, 
                "reg_lambda": 1.0, 
                "max_depth": 5, 
                "gamma": 0.0
            }
        }, 
        {
            "score": 0.82613740091536325, 
            "params": {
                "reg_alpha": 0.0, 
                "colsample_bytree": 0.75, 
                "colsample_bylevel": 1.0, 
                "learning_rate": 0.1, 
                "max_delta_step": 0.0, 
                "min_child_weight": 0.0, 
                "subsample": 0.75, 
                "reg_lambda": 1.0, 
                "max_depth": 10, 
                "gamma": 0.0
            }
        }, 
        {
            "score": 0.8299683024596467, 
            "params": {
                "reg_alpha": 0.0, 
                "colsample_bytree": 0.75, 
                "colsample_bylevel": 1.0, 
                "learning_rate": 0.1, 
                "max_delta_step": 0.0, 
                "min_child_weight": 0.0, 
                "subsample": 1.0, 
                "reg_lambda": 1.0, 
                "max_depth": 10, 
                "gamma": 0.0
            }
        }, 
        {
            "score": 0.55748846238229199, 
            "params": {
                "reg_alpha": 0.0, 
                "colsample_bytree": 0.75, 
                "colsample_bylevel": 1.0, 
                "learning_rate": 0.3, 
                "max_delta_step": 0.0, 
                "min_child_weight": 0.0, 
                "subsample": 0.75, 
                "reg_lambda": 1.0, 
                "max_depth": 1, 
                "gamma": 0.0
            }
        }, 
        {
            "score": 0.54919254384312, 
            "params": {
                "reg_alpha": 0.0, 
                "colsample_bytree": 0.75, 
                "colsample_bylevel": 1.0, 
                "learning_rate": 0.3, 
                "max_delta_step": 0.0, 
                "min_child_weight": 0.0, 
                "subsample": 1.0, 
                "reg_lambda": 1.0, 
                "max_depth": 1, 
                "gamma": 0.0
            }
        }, 
        {
            "score": 0.74944311293354116, 
            "params": {
                "reg_alpha": 0.0, 
                "colsample_bytree": 0.75, 
                "colsample_bylevel": 1.0, 
                "learning_rate": 0.3, 
                "max_delta_step": 0.0, 
                "min_child_weight": 0.0, 
                "subsample": 0.75, 
                "reg_lambda": 1.0, 
                "max_depth": 2, 
                "gamma": 0.0
            }
        }, 
        {
            "score": 0.74592962008477981, 
            "params": {
                "reg_alpha": 0.0, 
                "colsample_bytree": 0.75, 
                "colsample_bylevel": 1.0, 
                "learning_rate": 0.3, 
                "max_delta_step": 0.0, 
                "min_child_weight": 0.0, 
                "subsample": 1.0, 
                "reg_lambda": 1.0, 
                "max_depth": 2, 
                "gamma": 0.0
            }
        }, 
        {
            "score": 0.79503046837005342, 
            "params": {
                "reg_alpha": 0.0, 
                "colsample_bytree": 0.75, 
                "colsample_bylevel": 1.0, 
                "learning_rate": 0.3, 
                "max_delta_step": 0.0, 
                "min_child_weight": 0.0, 
                "subsample": 0.75, 
                "reg_lambda": 1.0, 
                "max_depth": 3, 
                "gamma": 0.0
            }
        }, 
        {
            "score": 0.79913499383167341, 
            "params": {
                "reg_alpha": 0.0, 
                "colsample_bytree": 0.75, 
                "colsample_bylevel": 1.0, 
                "learning_rate": 0.3, 
                "max_delta_step": 0.0, 
                "min_child_weight": 0.0, 
                "subsample": 1.0, 
                "reg_lambda": 1.0, 
                "max_depth": 3, 
                "gamma": 0.0
            }
        }, 
        {
            "score": 0.81238971953310868, 
            "params": {
                "reg_alpha": 0.0, 
                "colsample_bytree": 0.75, 
                "colsample_bylevel": 1.0, 
                "learning_rate": 0.3, 
                "max_delta_step": 0.0, 
                "min_child_weight": 0.0, 
                "subsample": 0.75, 
                "reg_lambda": 1.0, 
                "max_depth": 5, 
                "gamma": 0.0
            }
        }, 
        {
            "score": 0.81518204931415505, 
            "params": {
                "reg_alpha": 0.0, 
                "colsample_bytree": 0.75, 
                "colsample_bylevel": 1.0, 
                "learning_rate": 0.3, 
                "max_delta_step": 0.0, 
                "min_child_weight": 0.0, 
                "subsample": 1.0, 
                "reg_lambda": 1.0, 
                "max_depth": 5, 
                "gamma": 0.0
            }
        }, 
        {
            "score": 0.79239931281576925, 
            "params": {
                "reg_alpha": 0.0, 
                "colsample_bytree": 0.75, 
                "colsample_bylevel": 1.0, 
                "learning_rate": 0.3, 
                "max_delta_step": 0.0, 
                "min_child_weight": 0.0, 
                "subsample": 0.75, 
                "reg_lambda": 1.0, 
                "max_depth": 10, 
                "gamma": 0.0
            }
        }, 
        {
            "score": 0.82020275321907798, 
            "params": {
                "reg_alpha": 0.0, 
                "colsample_bytree": 0.75, 
                "colsample_bylevel": 1.0, 
                "learning_rate": 0.3, 
                "max_delta_step": 0.0, 
                "min_child_weight": 0.0, 
                "subsample": 1.0, 
                "reg_lambda": 1.0, 
                "max_depth": 10, 
                "gamma": 0.0
            }
        }, 
        {
            "score": 0.54614870785852587, 
            "params": {
                "reg_alpha": 0.0, 
                "colsample_bytree": 0.75, 
                "colsample_bylevel": 1.0, 
                "learning_rate": 0.5, 
                "max_delta_step": 0.0, 
                "min_child_weight": 0.0, 
                "subsample": 0.75, 
                "reg_lambda": 1.0, 
                "max_depth": 1, 
                "gamma": 0.0
            }
        }, 
        {
            "score": 0.55055757275684303, 
            "params": {
                "reg_alpha": 0.0, 
                "colsample_bytree": 0.75, 
                "colsample_bylevel": 1.0, 
                "learning_rate": 0.5, 
                "max_delta_step": 0.0, 
                "min_child_weight": 0.0, 
                "subsample": 1.0, 
                "reg_lambda": 1.0, 
                "max_depth": 1, 
                "gamma": 0.0
            }
        }, 
        {
            "score": 0.74745485051049176, 
            "params": {
                "reg_alpha": 0.0, 
                "colsample_bytree": 0.75, 
                "colsample_bylevel": 1.0, 
                "learning_rate": 0.5, 
                "max_delta_step": 0.0, 
                "min_child_weight": 0.0, 
                "subsample": 0.75, 
                "reg_lambda": 1.0, 
                "max_depth": 2, 
                "gamma": 0.0
            }
        }, 
        {
            "score": 0.74648477428195981, 
            "params": {
                "reg_alpha": 0.0, 
                "colsample_bytree": 0.75, 
                "colsample_bylevel": 1.0, 
                "learning_rate": 0.5, 
                "max_delta_step": 0.0, 
                "min_child_weight": 0.0, 
                "subsample": 1.0, 
                "reg_lambda": 1.0, 
                "max_depth": 2, 
                "gamma": 0.0
            }
        }, 
        {
            "score": 0.79192702695882988, 
            "params": {
                "reg_alpha": 0.0, 
                "colsample_bytree": 0.75, 
                "colsample_bylevel": 1.0, 
                "learning_rate": 0.5, 
                "max_delta_step": 0.0, 
                "min_child_weight": 0.0, 
                "subsample": 0.75, 
                "reg_lambda": 1.0, 
                "max_depth": 3, 
                "gamma": 0.0
            }
        }, 
        {
            "score": 0.79002552194309938, 
            "params": {
                "reg_alpha": 0.0, 
                "colsample_bytree": 0.75, 
                "colsample_bylevel": 1.0, 
                "learning_rate": 0.5, 
                "max_delta_step": 0.0, 
                "min_child_weight": 0.0, 
                "subsample": 1.0, 
                "reg_lambda": 1.0, 
                "max_depth": 3, 
                "gamma": 0.0
            }
        }, 
        {
            "score": 0.78672113758112006, 
            "params": {
                "reg_alpha": 0.0, 
                "colsample_bytree": 0.75, 
                "colsample_bylevel": 1.0, 
                "learning_rate": 0.5, 
                "max_delta_step": 0.0, 
                "min_child_weight": 0.0, 
                "subsample": 0.75, 
                "reg_lambda": 1.0, 
                "max_depth": 5, 
                "gamma": 0.0
            }
        }, 
        {
            "score": 0.79596894817593145, 
            "params": {
                "reg_alpha": 0.0, 
                "colsample_bytree": 0.75, 
                "colsample_bylevel": 1.0, 
                "learning_rate": 0.5, 
                "max_delta_step": 0.0, 
                "min_child_weight": 0.0, 
                "subsample": 1.0, 
                "reg_lambda": 1.0, 
                "max_depth": 5, 
                "gamma": 0.0
            }
        }, 
        {
            "score": 0.76063809845568886, 
            "params": {
                "reg_alpha": 0.0, 
                "colsample_bytree": 0.75, 
                "colsample_bylevel": 1.0, 
                "learning_rate": 0.5, 
                "max_delta_step": 0.0, 
                "min_child_weight": 0.0, 
                "subsample": 0.75, 
                "reg_lambda": 1.0, 
                "max_depth": 10, 
                "gamma": 0.0
            }
        }, 
        {
            "score": 0.80261699151485277, 
            "params": {
                "reg_alpha": 0.0, 
                "colsample_bytree": 0.75, 
                "colsample_bylevel": 1.0, 
                "learning_rate": 0.5, 
                "max_delta_step": 0.0, 
                "min_child_weight": 0.0, 
                "subsample": 1.0, 
                "reg_lambda": 1.0, 
                "max_depth": 10, 
                "gamma": 0.0
            }
        }, 
        {
            "score": 0.40050999627623957, 
            "params": {
                "reg_alpha": 0.0, 
                "colsample_bytree": 1.0, 
                "colsample_bylevel": 1.0, 
                "learning_rate": 0.01, 
                "max_delta_step": 0.0, 
                "min_child_weight": 0.0, 
                "subsample": 0.75, 
                "reg_lambda": 1.0, 
                "max_depth": 1, 
                "gamma": 0.0
            }
        }, 
        {
            "score": 0.39844602595904688, 
            "params": {
                "reg_alpha": 0.0, 
                "colsample_bytree": 1.0, 
                "colsample_bylevel": 1.0, 
                "learning_rate": 0.01, 
                "max_delta_step": 0.0, 
                "min_child_weight": 0.0, 
                "subsample": 1.0, 
                "reg_lambda": 1.0, 
                "max_depth": 1, 
                "gamma": 0.0
            }
        }, 
        {
            "score": 0.61063250052628126, 
            "params": {
                "reg_alpha": 0.0, 
                "colsample_bytree": 1.0, 
                "colsample_bylevel": 1.0, 
                "learning_rate": 0.01, 
                "max_delta_step": 0.0, 
                "min_child_weight": 0.0, 
                "subsample": 0.75, 
                "reg_lambda": 1.0, 
                "max_depth": 2, 
                "gamma": 0.0
            }
        }, 
        {
            "score": 0.61011498030480249, 
            "params": {
                "reg_alpha": 0.0, 
                "colsample_bytree": 1.0, 
                "colsample_bylevel": 1.0, 
                "learning_rate": 0.01, 
                "max_delta_step": 0.0, 
                "min_child_weight": 0.0, 
                "subsample": 1.0, 
                "reg_lambda": 1.0, 
                "max_depth": 2, 
                "gamma": 0.0
            }
        }, 
        {
            "score": 0.7242036709073687, 
            "params": {
                "reg_alpha": 0.0, 
                "colsample_bytree": 1.0, 
                "colsample_bylevel": 1.0, 
                "learning_rate": 0.01, 
                "max_delta_step": 0.0, 
                "min_child_weight": 0.0, 
                "subsample": 0.75, 
                "reg_lambda": 1.0, 
                "max_depth": 3, 
                "gamma": 0.0
            }
        }, 
        {
            "score": 0.72086659306321399, 
            "params": {
                "reg_alpha": 0.0, 
                "colsample_bytree": 1.0, 
                "colsample_bylevel": 1.0, 
                "learning_rate": 0.01, 
                "max_delta_step": 0.0, 
                "min_child_weight": 0.0, 
                "subsample": 1.0, 
                "reg_lambda": 1.0, 
                "max_depth": 3, 
                "gamma": 0.0
            }
        }, 
        {
            "score": 0.79636511136723098, 
            "params": {
                "reg_alpha": 0.0, 
                "colsample_bytree": 1.0, 
                "colsample_bylevel": 1.0, 
                "learning_rate": 0.01, 
                "max_delta_step": 0.0, 
                "min_child_weight": 0.0, 
                "subsample": 0.75, 
                "reg_lambda": 1.0, 
                "max_depth": 5, 
                "gamma": 0.0
            }
        }, 
        {
            "score": 0.79367438078621422, 
            "params": {
                "reg_alpha": 0.0, 
                "colsample_bytree": 1.0, 
                "colsample_bylevel": 1.0, 
                "learning_rate": 0.01, 
                "max_delta_step": 0.0, 
                "min_child_weight": 0.0, 
                "subsample": 1.0, 
                "reg_lambda": 1.0, 
                "max_depth": 5, 
                "gamma": 0.0
            }
        }, 
        {
            "score": 0.82736831046437598, 
            "params": {
                "reg_alpha": 0.0, 
                "colsample_bytree": 1.0, 
                "colsample_bylevel": 1.0, 
                "learning_rate": 0.01, 
                "max_delta_step": 0.0, 
                "min_child_weight": 0.0, 
                "subsample": 0.75, 
                "reg_lambda": 1.0, 
                "max_depth": 10, 
                "gamma": 0.0
            }
        }, 
        {
            "score": 0.81957973561634467, 
            "params": {
                "reg_alpha": 0.0, 
                "colsample_bytree": 1.0, 
                "colsample_bylevel": 1.0, 
                "learning_rate": 0.01, 
                "max_delta_step": 0.0, 
                "min_child_weight": 0.0, 
                "subsample": 1.0, 
                "reg_lambda": 1.0, 
                "max_depth": 10, 
                "gamma": 0.0
            }
        }, 
        {
            "score": 0.55018100181818863, 
            "params": {
                "reg_alpha": 0.0, 
                "colsample_bytree": 1.0, 
                "colsample_bylevel": 1.0, 
                "learning_rate": 0.05, 
                "max_delta_step": 0.0, 
                "min_child_weight": 0.0, 
                "subsample": 0.75, 
                "reg_lambda": 1.0, 
                "max_depth": 1, 
                "gamma": 0.0
            }
        }, 
        {
            "score": 0.54968440628090243, 
            "params": {
                "reg_alpha": 0.0, 
                "colsample_bytree": 1.0, 
                "colsample_bylevel": 1.0, 
                "learning_rate": 0.05, 
                "max_delta_step": 0.0, 
                "min_child_weight": 0.0, 
                "subsample": 1.0, 
                "reg_lambda": 1.0, 
                "max_depth": 1, 
                "gamma": 0.0
            }
        }, 
        {
            "score": 0.71933483810209053, 
            "params": {
                "reg_alpha": 0.0, 
                "colsample_bytree": 1.0, 
                "colsample_bylevel": 1.0, 
                "learning_rate": 0.05, 
                "max_delta_step": 0.0, 
                "min_child_weight": 0.0, 
                "subsample": 0.75, 
                "reg_lambda": 1.0, 
                "max_depth": 2, 
                "gamma": 0.0
            }
        }, 
        {
            "score": 0.7064062116076204, 
            "params": {
                "reg_alpha": 0.0, 
                "colsample_bytree": 1.0, 
                "colsample_bylevel": 1.0, 
                "learning_rate": 0.05, 
                "max_delta_step": 0.0, 
                "min_child_weight": 0.0, 
                "subsample": 1.0, 
                "reg_lambda": 1.0, 
                "max_depth": 2, 
                "gamma": 0.0
            }
        }, 
        {
            "score": 0.7920295686006199, 
            "params": {
                "reg_alpha": 0.0, 
                "colsample_bytree": 1.0, 
                "colsample_bylevel": 1.0, 
                "learning_rate": 0.05, 
                "max_delta_step": 0.0, 
                "min_child_weight": 0.0, 
                "subsample": 0.75, 
                "reg_lambda": 1.0, 
                "max_depth": 3, 
                "gamma": 0.0
            }
        }, 
        {
            "score": 0.78943148809586461, 
            "params": {
                "reg_alpha": 0.0, 
                "colsample_bytree": 1.0, 
                "colsample_bylevel": 1.0, 
                "learning_rate": 0.05, 
                "max_delta_step": 0.0, 
                "min_child_weight": 0.0, 
                "subsample": 1.0, 
                "reg_lambda": 1.0, 
                "max_depth": 3, 
                "gamma": 0.0
            }
        }, 
        {
            "score": 0.82555564944358473, 
            "params": {
                "reg_alpha": 0.0, 
                "colsample_bytree": 1.0, 
                "colsample_bylevel": 1.0, 
                "learning_rate": 0.05, 
                "max_delta_step": 0.0, 
                "min_child_weight": 0.0, 
                "subsample": 0.75, 
                "reg_lambda": 1.0, 
                "max_depth": 5, 
                "gamma": 0.0
            }
        }, 
        {
            "score": 0.82157445527199291, 
            "params": {
                "reg_alpha": 0.0, 
                "colsample_bytree": 1.0, 
                "colsample_bylevel": 1.0, 
                "learning_rate": 0.05, 
                "max_delta_step": 0.0, 
                "min_child_weight": 0.0, 
                "subsample": 1.0, 
                "reg_lambda": 1.0, 
                "max_depth": 5, 
                "gamma": 0.0
            }
        }, 
        {
            "score": 0.83417778283337474, 
            "params": {
                "reg_alpha": 0.0, 
                "colsample_bytree": 1.0, 
                "colsample_bylevel": 1.0, 
                "learning_rate": 0.05, 
                "max_delta_step": 0.0, 
                "min_child_weight": 0.0, 
                "subsample": 0.75, 
                "reg_lambda": 1.0, 
                "max_depth": 10, 
                "gamma": 0.0
            }
        }, 
        {
            "score": 0.82598317665424503, 
            "params": {
                "reg_alpha": 0.0, 
                "colsample_bytree": 1.0, 
                "colsample_bylevel": 1.0, 
                "learning_rate": 0.05, 
                "max_delta_step": 0.0, 
                "min_child_weight": 0.0, 
                "subsample": 1.0, 
                "reg_lambda": 1.0, 
                "max_depth": 10, 
                "gamma": 0.0
            }
        }, 
        {
            "score": 0.55483129749771853, 
            "params": {
                "reg_alpha": 0.0, 
                "colsample_bytree": 1.0, 
                "colsample_bylevel": 1.0, 
                "learning_rate": 0.1, 
                "max_delta_step": 0.0, 
                "min_child_weight": 0.0, 
                "subsample": 0.75, 
                "reg_lambda": 1.0, 
                "max_depth": 1, 
                "gamma": 0.0
            }
        }, 
        {
            "score": 0.55521459150758157, 
            "params": {
                "reg_alpha": 0.0, 
                "colsample_bytree": 1.0, 
                "colsample_bylevel": 1.0, 
                "learning_rate": 0.1, 
                "max_delta_step": 0.0, 
                "min_child_weight": 0.0, 
                "subsample": 1.0, 
                "reg_lambda": 1.0, 
                "max_depth": 1, 
                "gamma": 0.0
            }
        }, 
        {
            "score": 0.7293339848718069, 
            "params": {
                "reg_alpha": 0.0, 
                "colsample_bytree": 1.0, 
                "colsample_bylevel": 1.0, 
                "learning_rate": 0.1, 
                "max_delta_step": 0.0, 
                "min_child_weight": 0.0, 
                "subsample": 0.75, 
                "reg_lambda": 1.0, 
                "max_depth": 2, 
                "gamma": 0.0
            }
        }, 
        {
            "score": 0.72708661968493915, 
            "params": {
                "reg_alpha": 0.0, 
                "colsample_bytree": 1.0, 
                "colsample_bylevel": 1.0, 
                "learning_rate": 0.1, 
                "max_delta_step": 0.0, 
                "min_child_weight": 0.0, 
                "subsample": 1.0, 
                "reg_lambda": 1.0, 
                "max_depth": 2, 
                "gamma": 0.0
            }
        }, 
        {
            "score": 0.80032580225798544, 
            "params": {
                "reg_alpha": 0.0, 
                "colsample_bytree": 1.0, 
                "colsample_bylevel": 1.0, 
                "learning_rate": 0.1, 
                "max_delta_step": 0.0, 
                "min_child_weight": 0.0, 
                "subsample": 0.75, 
                "reg_lambda": 1.0, 
                "max_depth": 3, 
                "gamma": 0.0
            }
        }, 
        {
            "score": 0.79338873748165417, 
            "params": {
                "reg_alpha": 0.0, 
                "colsample_bytree": 1.0, 
                "colsample_bylevel": 1.0, 
                "learning_rate": 0.1, 
                "max_delta_step": 0.0, 
                "min_child_weight": 0.0, 
                "subsample": 1.0, 
                "reg_lambda": 1.0, 
                "max_depth": 3, 
                "gamma": 0.0
            }
        }, 
        {
            "score": 0.82876468797193192, 
            "params": {
                "reg_alpha": 0.0, 
                "colsample_bytree": 1.0, 
                "colsample_bylevel": 1.0, 
                "learning_rate": 0.1, 
                "max_delta_step": 0.0, 
                "min_child_weight": 0.0, 
                "subsample": 0.75, 
                "reg_lambda": 1.0, 
                "max_depth": 5, 
                "gamma": 0.0
            }
        }, 
        {
            "score": 0.82292949363029755, 
            "params": {
                "reg_alpha": 0.0, 
                "colsample_bytree": 1.0, 
                "colsample_bylevel": 1.0, 
                "learning_rate": 0.1, 
                "max_delta_step": 0.0, 
                "min_child_weight": 0.0, 
                "subsample": 1.0, 
                "reg_lambda": 1.0, 
                "max_depth": 5, 
                "gamma": 0.0
            }
        }, 
        {
            "score": 0.82660861994705692, 
            "params": {
                "reg_alpha": 0.0, 
                "colsample_bytree": 1.0, 
                "colsample_bylevel": 1.0, 
                "learning_rate": 0.1, 
                "max_delta_step": 0.0, 
                "min_child_weight": 0.0, 
                "subsample": 0.75, 
                "reg_lambda": 1.0, 
                "max_depth": 10, 
                "gamma": 0.0
            }
        }, 
        {
            "score": 0.82551313920240577, 
            "params": {
                "reg_alpha": 0.0, 
                "colsample_bytree": 1.0, 
                "colsample_bylevel": 1.0, 
                "learning_rate": 0.1, 
                "max_delta_step": 0.0, 
                "min_child_weight": 0.0, 
                "subsample": 1.0, 
                "reg_lambda": 1.0, 
                "max_depth": 10, 
                "gamma": 0.0
            }
        }, 
        {
            "score": 0.55666421992638027, 
            "params": {
                "reg_alpha": 0.0, 
                "colsample_bytree": 1.0, 
                "colsample_bylevel": 1.0, 
                "learning_rate": 0.3, 
                "max_delta_step": 0.0, 
                "min_child_weight": 0.0, 
                "subsample": 0.75, 
                "reg_lambda": 1.0, 
                "max_depth": 1, 
                "gamma": 0.0
            }
        }, 
        {
            "score": 0.55758669817969486, 
            "params": {
                "reg_alpha": 0.0, 
                "colsample_bytree": 1.0, 
                "colsample_bylevel": 1.0, 
                "learning_rate": 0.3, 
                "max_delta_step": 0.0, 
                "min_child_weight": 0.0, 
                "subsample": 1.0, 
                "reg_lambda": 1.0, 
                "max_depth": 1, 
                "gamma": 0.0
            }
        }, 
        {
            "score": 0.7521270185863983, 
            "params": {
                "reg_alpha": 0.0, 
                "colsample_bytree": 1.0, 
                "colsample_bylevel": 1.0, 
                "learning_rate": 0.3, 
                "max_delta_step": 0.0, 
                "min_child_weight": 0.0, 
                "subsample": 0.75, 
                "reg_lambda": 1.0, 
                "max_depth": 2, 
                "gamma": 0.0
            }
        }, 
        {
            "score": 0.757837195742324, 
            "params": {
                "reg_alpha": 0.0, 
                "colsample_bytree": 1.0, 
                "colsample_bylevel": 1.0, 
                "learning_rate": 0.3, 
                "max_delta_step": 0.0, 
                "min_child_weight": 0.0, 
                "subsample": 1.0, 
                "reg_lambda": 1.0, 
                "max_depth": 2, 
                "gamma": 0.0
            }
        }, 
        {
            "score": 0.80287817997652933, 
            "params": {
                "reg_alpha": 0.0, 
                "colsample_bytree": 1.0, 
                "colsample_bylevel": 1.0, 
                "learning_rate": 0.3, 
                "max_delta_step": 0.0, 
                "min_child_weight": 0.0, 
                "subsample": 0.75, 
                "reg_lambda": 1.0, 
                "max_depth": 3, 
                "gamma": 0.0
            }
        }, 
        {
            "score": 0.79566944223955505, 
            "params": {
                "reg_alpha": 0.0, 
                "colsample_bytree": 1.0, 
                "colsample_bylevel": 1.0, 
                "learning_rate": 0.3, 
                "max_delta_step": 0.0, 
                "min_child_weight": 0.0, 
                "subsample": 1.0, 
                "reg_lambda": 1.0, 
                "max_depth": 3, 
                "gamma": 0.0
            }
        }, 
        {
            "score": 0.81189858166834461, 
            "params": {
                "reg_alpha": 0.0, 
                "colsample_bytree": 1.0, 
                "colsample_bylevel": 1.0, 
                "learning_rate": 0.3, 
                "max_delta_step": 0.0, 
                "min_child_weight": 0.0, 
                "subsample": 0.75, 
                "reg_lambda": 1.0, 
                "max_depth": 5, 
                "gamma": 0.0
            }
        }, 
        {
            "score": 0.81740508513368149, 
            "params": {
                "reg_alpha": 0.0, 
                "colsample_bytree": 1.0, 
                "colsample_bylevel": 1.0, 
                "learning_rate": 0.3, 
                "max_delta_step": 0.0, 
                "min_child_weight": 0.0, 
                "subsample": 1.0, 
                "reg_lambda": 1.0, 
                "max_depth": 5, 
                "gamma": 0.0
            }
        }, 
        {
            "score": 0.81013781787083294, 
            "params": {
                "reg_alpha": 0.0, 
                "colsample_bytree": 1.0, 
                "colsample_bylevel": 1.0, 
                "learning_rate": 0.3, 
                "max_delta_step": 0.0, 
                "min_child_weight": 0.0, 
                "subsample": 0.75, 
                "reg_lambda": 1.0, 
                "max_depth": 10, 
                "gamma": 0.0
            }
        }, 
        {
            "score": 0.82095140077189876, 
            "params": {
                "reg_alpha": 0.0, 
                "colsample_bytree": 1.0, 
                "colsample_bylevel": 1.0, 
                "learning_rate": 0.3, 
                "max_delta_step": 0.0, 
                "min_child_weight": 0.0, 
                "subsample": 1.0, 
                "reg_lambda": 1.0, 
                "max_depth": 10, 
                "gamma": 0.0
            }
        }, 
        {
            "score": 0.54772769805596355, 
            "params": {
                "reg_alpha": 0.0, 
                "colsample_bytree": 1.0, 
                "colsample_bylevel": 1.0, 
                "learning_rate": 0.5, 
                "max_delta_step": 0.0, 
                "min_child_weight": 0.0, 
                "subsample": 0.75, 
                "reg_lambda": 1.0, 
                "max_depth": 1, 
                "gamma": 0.0
            }
        }, 
        {
            "score": 0.55434422694665841, 
            "params": {
                "reg_alpha": 0.0, 
                "colsample_bytree": 1.0, 
                "colsample_bylevel": 1.0, 
                "learning_rate": 0.5, 
                "max_delta_step": 0.0, 
                "min_child_weight": 0.0, 
                "subsample": 1.0, 
                "reg_lambda": 1.0, 
                "max_depth": 1, 
                "gamma": 0.0
            }
        }, 
        {
            "score": 0.73612698476123928, 
            "params": {
                "reg_alpha": 0.0, 
                "colsample_bytree": 1.0, 
                "colsample_bylevel": 1.0, 
                "learning_rate": 0.5, 
                "max_delta_step": 0.0, 
                "min_child_weight": 0.0, 
                "subsample": 0.75, 
                "reg_lambda": 1.0, 
                "max_depth": 2, 
                "gamma": 0.0
            }
        }, 
        {
            "score": 0.7623363386018942, 
            "params": {
                "reg_alpha": 0.0, 
                "colsample_bytree": 1.0, 
                "colsample_bylevel": 1.0, 
                "learning_rate": 0.5, 
                "max_delta_step": 0.0, 
                "min_child_weight": 0.0, 
                "subsample": 1.0, 
                "reg_lambda": 1.0, 
                "max_depth": 2, 
                "gamma": 0.0
            }
        }, 
        {
            "score": 0.79249617767486835, 
            "params": {
                "reg_alpha": 0.0, 
                "colsample_bytree": 1.0, 
                "colsample_bylevel": 1.0, 
                "learning_rate": 0.5, 
                "max_delta_step": 0.0, 
                "min_child_weight": 0.0, 
                "subsample": 0.75, 
                "reg_lambda": 1.0, 
                "max_depth": 3, 
                "gamma": 0.0
            }
        }, 
        {
            "score": 0.80183464515392266, 
            "params": {
                "reg_alpha": 0.0, 
                "colsample_bytree": 1.0, 
                "colsample_bylevel": 1.0, 
                "learning_rate": 0.5, 
                "max_delta_step": 0.0, 
                "min_child_weight": 0.0, 
                "subsample": 1.0, 
                "reg_lambda": 1.0, 
                "max_depth": 3, 
                "gamma": 0.0
            }
        }, 
        {
            "score": 0.79169882617686538, 
            "params": {
                "reg_alpha": 0.0, 
                "colsample_bytree": 1.0, 
                "colsample_bylevel": 1.0, 
                "learning_rate": 0.5, 
                "max_delta_step": 0.0, 
                "min_child_weight": 0.0, 
                "subsample": 0.75, 
                "reg_lambda": 1.0, 
                "max_depth": 5, 
                "gamma": 0.0
            }
        }, 
        {
            "score": 0.79734882677569086, 
            "params": {
                "reg_alpha": 0.0, 
                "colsample_bytree": 1.0, 
                "colsample_bylevel": 1.0, 
                "learning_rate": 0.5, 
                "max_delta_step": 0.0, 
                "min_child_weight": 0.0, 
                "subsample": 1.0, 
                "reg_lambda": 1.0, 
                "max_depth": 5, 
                "gamma": 0.0
            }
        }, 
        {
            "score": 0.79009464092381376, 
            "params": {
                "reg_alpha": 0.0, 
                "colsample_bytree": 1.0, 
                "colsample_bylevel": 1.0, 
                "learning_rate": 0.5, 
                "max_delta_step": 0.0, 
                "min_child_weight": 0.0, 
                "subsample": 0.75, 
                "reg_lambda": 1.0, 
                "max_depth": 10, 
                "gamma": 0.0
            }
        }, 
        {
            "score": 0.80472759905914315, 
            "params": {
                "reg_alpha": 0.0, 
                "colsample_bytree": 1.0, 
                "colsample_bylevel": 1.0, 
                "learning_rate": 0.5, 
                "max_delta_step": 0.0, 
                "min_child_weight": 0.0, 
                "subsample": 1.0, 
                "reg_lambda": 1.0, 
                "max_depth": 10, 
                "gamma": 0.0
            }
        }
    ], 
    "modelInputIsSparse": false, 
    "nBoostedEstimators": 300
}