{
    "metrics": {
        "pearson": 0.94713502943539929, 
        "r2": 0.8966335554461542, 
        "rmse": 16.46411757898175, 
        "mape": 0.5387794263422606, 
        "mae": 9.2558576447002441, 
        "mse": 271.06716765453581, 
        "evs": 0.89663585930866951, 
        "rmsle": 0
    }, 
    "scatterPlotData": {
        "y": [
            2.6124, 
            0.4692, 
            59.3382, 
            37.938, 
            70.8567, 
            29.1657, 
            140.9456, 
            17.4402, 
            10.3262, 
            10.7884, 
            52.2886, 
            3.0577, 
            3.7786, 
            21.1548, 
            70.8376, 
            0.9182, 
            72.2899, 
            3.0939, 
            191.006, 
            0.6099, 
            0.88, 
            30.0476, 
            0.562, 
            -3.4743, 
            12.9645, 
            105.1174, 
            1.8958, 
            5.6194, 
            36.7769, 
            78.6633, 
            87.6502, 
            45.0185, 
            9.3319, 
            10.9771, 
            32.3103, 
            5.8567, 
            6.1067, 
            3.1233, 
            32.8076, 
            2.4906, 
            23.4461, 
            0.1688, 
            53.7691, 
            61.2805, 
            0.182, 
            170.8253, 
            1.5561, 
            46.7877, 
            133.4131, 
            7.5034, 
            5.5991, 
            31.6314, 
            28.9781, 
            6.4289, 
            78.451, 
            15.9617, 
            3.0888, 
            22.1746, 
            31.3855, 
            6.9685, 
            36.5492, 
            124.5011, 
            0.9979, 
            119.8263, 
            3.1897, 
            24.2889, 
            23.1649, 
            2.1808, 
            2.3616, 
            10.3667, 
            18.5937, 
            126.9492, 
            116.2183, 
            66.4093, 
            7.8711, 
            28.1619, 
            23.9754, 
            8.259, 
            38.1557, 
            77.9987, 
            2.4819, 
            61.9542, 
            8.9415, 
            8.1184, 
            0.6815, 
            166.4351, 
            26.0078, 
            1.1967, 
            72.5436, 
            0.4171, 
            8.1279, 
            9.9937, 
            46.4174, 
            77.503, 
            0.899, 
            3.0252, 
            4.7594, 
            0.6298, 
            28.0945, 
            24.1123, 
            1.4895, 
            32.5518, 
            25.5982, 
            9.4947, 
            2.9349, 
            29.2113, 
            17.7341, 
            23.8053, 
            19.3293, 
            49.1535, 
            5.9348, 
            102.1393, 
            31.4678, 
            0.8583, 
            19.7309, 
            29.762, 
            25.106, 
            5.9604, 
            3.669, 
            -0.2058, 
            50.556, 
            0.2617, 
            49.5652, 
            1.6115, 
            2.9389, 
            102.4198, 
            0.3071, 
            82.1482, 
            9.2031, 
            51.291, 
            5.3225, 
            55.3285, 
            173.7278, 
            10.7742, 
            16.8824, 
            9.4673, 
            58.248, 
            147.7317, 
            23.0228, 
            -1.1853, 
            4.4662, 
            3.0013, 
            37.0948, 
            2.1976, 
            12.5201, 
            24.7595, 
            0.1671, 
            16.0756, 
            47.0628, 
            52.0926, 
            220.1669, 
            5.2383, 
            122.1773, 
            19.8711, 
            -4.5301, 
            13.1316, 
            48.017, 
            37.8758, 
            1.8546, 
            5.9713, 
            15.6077, 
            20.7046, 
            8.7618, 
            119.4089, 
            59.7342, 
            16.7797, 
            0.8352, 
            69.7794, 
            23.2089, 
            37.3039, 
            59.2673, 
            0.2539, 
            15.5789, 
            64.0184, 
            7.8075, 
            38.6009, 
            50.2313, 
            12.7721, 
            4.9369, 
            21.6756, 
            37.6212, 
            9.0933, 
            22.0874, 
            0.5642, 
            21.4359, 
            42.5695, 
            144.7584, 
            19.261, 
            25.7462, 
            1.0129, 
            78.4177, 
            75.1456, 
            12.7483, 
            101.4744, 
            48.0031, 
            60.227, 
            0.5215, 
            6.2421, 
            38.9318, 
            2.3357, 
            65.3173, 
            18.8111, 
            14.4354, 
            56.6107, 
            5.7905, 
            64.2897, 
            7.8649, 
            4.7267, 
            27.8914, 
            3.8728, 
            59.2486, 
            111.357, 
            10.772, 
            27.1679, 
            19.6779, 
            57.6119, 
            1.9081, 
            27.4498, 
            2.5466, 
            162.3983, 
            84.3154, 
            -0.0594, 
            6.2268, 
            45.6568, 
            1.7992, 
            1.697, 
            12.4146, 
            132.9263, 
            34.2496, 
            1.5771, 
            6.4319, 
            10.8182, 
            32.6021, 
            12.7522, 
            242.6214, 
            28.0796, 
            0.9377, 
            1.2922, 
            7.5258, 
            1.5031, 
            44.6291, 
            10.2907, 
            4.8253, 
            1.6305, 
            60.462, 
            55.4928, 
            16.3346, 
            52.2593, 
            2.0071, 
            14.6674, 
            183.1995, 
            179.1765, 
            24.0879, 
            22.501, 
            21.6238, 
            50.9742, 
            0.9909, 
            54.9437, 
            63.6985, 
            126.0146, 
            62.3682, 
            38.3042, 
            78.2372, 
            7.5907, 
            2.4193, 
            84.1868, 
            7.2879, 
            45.164, 
            168.9317, 
            0.18, 
            18.7768, 
            25.4618, 
            15.3628, 
            4.6508, 
            36.1081, 
            0.6302, 
            4.346, 
            14.0559, 
            53.2108, 
            28.4915, 
            11.7915, 
            137.092, 
            8.1008, 
            50.1291, 
            16.9694, 
            5.7143, 
            17.1082, 
            15.2214, 
            21.1447, 
            53.5098, 
            5.742, 
            34.4372, 
            8.7887, 
            5.7717, 
            277.6562, 
            0.1798, 
            1.1281, 
            3.9547, 
            1.2362, 
            111.245, 
            74.3363, 
            21.3095, 
            14.7011, 
            3.4399, 
            31.8969, 
            47.3267, 
            19.5242, 
            4.67, 
            31.7408, 
            58.8569, 
            54.663, 
            19.6169, 
            17.671, 
            1.1137, 
            34.087, 
            65.1145, 
            168.9638, 
            7.7691, 
            7.1587, 
            39.0395, 
            0.8898, 
            31.0986, 
            12.9921, 
            64.3601, 
            6.6576, 
            91.8299, 
            43.5456, 
            72.7288, 
            33.9728, 
            76.604, 
            61.4336, 
            82.7088, 
            27.054, 
            1.7816, 
            3.2281, 
            209.6896, 
            4.6865, 
            30.2109, 
            13.0012, 
            2.4633, 
            54.2182, 
            111.8646, 
            2.028, 
            62.2092, 
            23.9325, 
            24.9836, 
            53.6364, 
            25.857, 
            4.5877, 
            3.6322, 
            11.8225, 
            0.5687, 
            33.2709, 
            7.5328, 
            38.9606, 
            51.4526, 
            78.0478, 
            25.2236, 
            8.8788, 
            24.0649, 
            90.6841, 
            60.8589, 
            10.2083, 
            1.1529, 
            29.776, 
            18.0063, 
            35.5317, 
            56.6558, 
            3.5571, 
            45.8164, 
            1.7206, 
            13.5935, 
            62.6475, 
            1.3848, 
            61.1395, 
            -0.1404, 
            5.5616, 
            8.1646, 
            20.6159, 
            33.9192, 
            32.0738, 
            1.6559, 
            29.4231, 
            1.6794, 
            6.0822, 
            77.8967, 
            37.456, 
            147.8469, 
            57.7193, 
            7.9675, 
            166.08, 
            13.0301, 
            159.8755, 
            3.2965, 
            5.3066, 
            34.6513, 
            44.6035, 
            52.5384, 
            10.124, 
            2.5166, 
            8.3764, 
            64.4766, 
            9.1726, 
            14.9298, 
            14.5881, 
            42.0073, 
            1.159, 
            26.2483, 
            11.4798, 
            26.6039, 
            190.3925, 
            76.9029, 
            1.8537, 
            1.6984, 
            28.9829, 
            5.3474, 
            16.3502, 
            7.23, 
            87.11, 
            3.2722, 
            18.0736, 
            2.1981, 
            165.0212, 
            0.9521, 
            0.53, 
            8.6357, 
            10.3744, 
            14.2468, 
            31.3467, 
            57.225, 
            3.3577, 
            3.7767, 
            31.9325, 
            57.65, 
            8.2949, 
            10.2738, 
            10.5179, 
            57.6858, 
            73.6294, 
            73.4575, 
            3.2698, 
            57.887, 
            32.0056, 
            68.1988, 
            154.4733, 
            4.8943, 
            6.181, 
            4.3563, 
            7.5791, 
            3.1188, 
            6.1718, 
            64.606, 
            21.9544, 
            11.9126, 
            12.2111, 
            4.553, 
            319.2683, 
            23.8818, 
            83.7287, 
            68.7556, 
            -0.0207, 
            85.6557, 
            36.9921, 
            167.0304, 
            1.0651, 
            24.659, 
            39.4002, 
            8.7428, 
            1.0393, 
            14.9653, 
            69.4084, 
            40.4995, 
            45.1326, 
            10.062, 
            28.1372, 
            102.5984, 
            7.7687, 
            0.5373, 
            15.6869, 
            6.5725, 
            29.3559, 
            1.4559, 
            54.7078, 
            30.7282, 
            1.622, 
            121.8398, 
            3.7075, 
            11.2696, 
            26.3904, 
            14.4067, 
            15.4978, 
            34.2586, 
            24.1694, 
            5.5975, 
            55.4087, 
            5.3895, 
            125.5034, 
            13.2679, 
            11.7337, 
            9.4795, 
            1.286, 
            5.0856, 
            19.1023, 
            26.683, 
            2.978, 
            1.7578, 
            11.1072, 
            1.6938, 
            1.6005, 
            -2.5862, 
            1.0241, 
            46.0217, 
            32.6555, 
            2.481, 
            24.3516, 
            1.8636, 
            22.3, 
            14.9679, 
            2.0151, 
            42.815, 
            77.0614, 
            13.5309, 
            42.6269, 
            152.185, 
            67.4675, 
            99.2695, 
            100.4067, 
            58.4972, 
            15.2961, 
            18.9875, 
            1.8209, 
            15.0627, 
            4.0641, 
            3.277, 
            18.3814, 
            0.2252, 
            3.3647, 
            0.7384, 
            19.5908, 
            9.847, 
            95.6939, 
            10.1599, 
            16.7008, 
            0.1132, 
            110.4808, 
            -0.1526, 
            7.8805, 
            17.3553, 
            1.9151, 
            1.2623, 
            0.7182, 
            28.4091, 
            0.2113, 
            1.9986, 
            83.8779, 
            14.4376, 
            2.5643, 
            56.5209, 
            96.185, 
            13.5878, 
            0.5855, 
            2.3805, 
            205.7754, 
            3.8538, 
            16.3767, 
            3.8375, 
            18.4613, 
            200.612, 
            2.5538, 
            60.4147, 
            -0.0043, 
            30.7323, 
            7.5279, 
            0.431, 
            -0.146, 
            14.8952, 
            18.3607, 
            1.8889, 
            46.8247, 
            13.3789, 
            10.8418, 
            84.1534, 
            3.518, 
            2.8196, 
            40.9881, 
            164.3167, 
            7.5526, 
            1.7781, 
            89.3908, 
            11.4833, 
            0.3877, 
            2.8482, 
            3.4861, 
            0.221, 
            162.8848, 
            9.244, 
            3.7098, 
            24.7051, 
            0.1675, 
            60.1596, 
            2.7998, 
            -0.2518, 
            50.269, 
            -0.0614, 
            49.2105, 
            12.1367, 
            195.7234, 
            60.0004, 
            29.8684, 
            2.1959, 
            2.7546, 
            20.319, 
            14.5817, 
            6.1621, 
            1.3937, 
            56.9928, 
            100.0185, 
            23.2051, 
            3.6835, 
            84.3497, 
            33.5616, 
            0.6689, 
            166.9873, 
            -0.307, 
            9.2722, 
            16.5566, 
            14.6985, 
            4.7801, 
            19.2458, 
            1.9286, 
            139.396, 
            5.3432, 
            21.6445, 
            3.4374, 
            1.2288, 
            66.0708, 
            0.624, 
            1.1884, 
            123.62, 
            7.2295, 
            14.9669, 
            6.9541, 
            33.7866, 
            2.5413, 
            205.5762, 
            201.6455, 
            22.0503, 
            7.6992, 
            69.5901, 
            53.8541, 
            15.3953, 
            14.6449, 
            16.4499, 
            3.7431, 
            87.5922, 
            5.1381, 
            2.17, 
            92.6145, 
            2.2894, 
            42.5769, 
            1.2532, 
            41.0668, 
            29.0277, 
            4.9534, 
            43.5717, 
            61.4362, 
            4.8446, 
            1.5954, 
            179.5246, 
            34.4295, 
            90.1771, 
            33.8594, 
            5.1238, 
            11.7778, 
            16.0515, 
            36.8164, 
            36.8424, 
            59.8839, 
            3.5402, 
            3.8243, 
            14.6332, 
            11.0398, 
            85.1958, 
            -0.2762, 
            47.7336, 
            63.7827, 
            27.1574, 
            9.1746, 
            91.2194, 
            20.1679, 
            15.8616, 
            4.3656, 
            8.1042, 
            6.6371, 
            11.8699, 
            22.7337, 
            30.5061, 
            10.7644, 
            6.7097, 
            40.2921, 
            70.9535, 
            63.1815, 
            115.6502, 
            0.4408, 
            11.8776, 
            110.9367, 
            2.817, 
            36.7405, 
            68.3231, 
            2.7602, 
            11.6573, 
            15.8263, 
            119.2664, 
            5.2858, 
            103.0792, 
            2.0011, 
            6.7824, 
            9.4513, 
            2.2719, 
            48.6999, 
            12.5241, 
            2.171, 
            16.5101, 
            7.1952, 
            44.5216, 
            30.68, 
            90.5623, 
            63.2891, 
            0.0308, 
            20.6144, 
            9.4996, 
            94.8198, 
            14.3035, 
            8.9338, 
            55.0502, 
            12.394, 
            75.6553, 
            3.107, 
            118.7472, 
            74.7181, 
            0.109, 
            36.9948, 
            40.7719, 
            7.7143, 
            27.7478, 
            247.7984, 
            -0.3354, 
            5.7093, 
            104.6086, 
            45.7485, 
            2.3393, 
            102.6749, 
            9.0705, 
            4.7124, 
            0.3827, 
            7.5869, 
            11.8244, 
            35.7854, 
            53.4776, 
            0.645, 
            95.6689, 
            6.4005, 
            56.8397, 
            141.0411, 
            18.4849, 
            142.231, 
            78.8092, 
            32.8484, 
            92.7322, 
            6.7828, 
            11.8432, 
            181.7481, 
            5.4099, 
            19.224, 
            62.2817, 
            3.1911, 
            33.0811, 
            26.4613, 
            3.1994, 
            2.3022, 
            42.0634, 
            152.0372, 
            2.8207, 
            24.2436, 
            12.6123, 
            4.882, 
            4.7511, 
            150.3615, 
            5.6006, 
            122.1603, 
            5.4069, 
            58.959, 
            59.2787, 
            7.8207, 
            1.7912, 
            1.6627, 
            66.4966, 
            55.1033, 
            4.1883, 
            8.7941, 
            129.1709, 
            43.0445, 
            17.199, 
            17.7012, 
            22.3728, 
            2.7604, 
            8.2053, 
            6.4591, 
            52.2984, 
            3.8316, 
            70.0113, 
            41.274, 
            24.4319, 
            28.563, 
            61.4365, 
            23.6208, 
            27.7369, 
            5.1569, 
            15.2873, 
            15.9171, 
            234.2624, 
            63.9991, 
            13.5945, 
            28.3126, 
            16.4164, 
            17.4283, 
            0.0809, 
            22.808, 
            2.3688, 
            7.7703, 
            11.8866, 
            28.0949, 
            8.8992, 
            40.6929, 
            5.7142, 
            96.9404, 
            82.5313, 
            1.6897, 
            169.3152, 
            2.3665, 
            211.7231, 
            53.1534, 
            3.1171, 
            8.7142, 
            34.1814, 
            6.9719, 
            43.6832, 
            1.9244, 
            102.6339, 
            253.4161, 
            2.2385, 
            5.0414, 
            0.9075, 
            20.6682, 
            7.8533, 
            4.1143, 
            56.4887, 
            45.3853, 
            4.7277, 
            59.1231, 
            7.399, 
            4.2124, 
            32.6106, 
            1.3254, 
            3.9659, 
            12.2032, 
            3.6946, 
            98.4804, 
            47.2094, 
            67.8499, 
            33.9704, 
            0.906, 
            28.076, 
            1.4069, 
            8.5079, 
            25.4383, 
            116.402, 
            288.4779, 
            35.6215, 
            45.6587, 
            56.5266, 
            0.3883, 
            11.2471, 
            223.5505, 
            240.0115, 
            0.8571, 
            0.8118, 
            5.9331, 
            26.7422, 
            84.6324, 
            17.7803, 
            1.7017, 
            0.5588, 
            4.9154, 
            3.7837, 
            12.8209, 
            34.1668, 
            36.9131, 
            14.6172, 
            12.7403, 
            2.4707, 
            96.1418, 
            136.7934, 
            16.7073, 
            22.6854, 
            19.1972, 
            0.9499, 
            23.8567, 
            11.8944, 
            11.0861, 
            21.1822, 
            80.2997, 
            14.0324, 
            17.908, 
            56.0816, 
            14.4585, 
            15.0982, 
            5.5315, 
            52.086, 
            188.2675, 
            1.4572, 
            8.7661, 
            10.3956, 
            66.3824, 
            43.9401, 
            40.9561, 
            134.9896, 
            11.5163, 
            269.9249, 
            56.207, 
            33.6247, 
            4.0579, 
            3.1566, 
            101.03, 
            48.3456, 
            4.0739, 
            36.5319, 
            10.6966, 
            5.3303, 
            34.6667, 
            42.3543, 
            2.0147, 
            12.5647, 
            11.2463, 
            39.935, 
            2.7741, 
            -0.3223, 
            0.5119, 
            6.1749, 
            5.2043, 
            30.8808, 
            11.2712, 
            29.7069, 
            212.798, 
            47.9244, 
            4.3637, 
            1.8267, 
            60.5329, 
            220.6317, 
            80.1898, 
            154.3756, 
            66.5667, 
            1.1358, 
            20.33, 
            11.362, 
            1.994, 
            2.8086, 
            2.6849, 
            17.5318, 
            0.9008, 
            5.1651, 
            0.6128, 
            78.8018, 
            10.8138, 
            40.4819, 
            24.1575, 
            12.9998, 
            10.4297, 
            19.1075, 
            48.9626, 
            42.5079, 
            11.4948, 
            16.3962, 
            86.8552, 
            2.1137, 
            2.7156, 
            12.6425, 
            16.764, 
            36.2415, 
            -0.2421, 
            30.5916, 
            4.3873, 
            81.8719, 
            7.071, 
            6.5115, 
            3.6159, 
            28.3032, 
            76.6103, 
            1.9725, 
            15.5935
        ], 
        "x": [
            5.0, 
            0.0, 
            51.0, 
            25.0, 
            91.0, 
            25.0, 
            156.0, 
            15.0, 
            18.0, 
            9.0, 
            59.0, 
            10.0, 
            2.0, 
            27.0, 
            48.0, 
            0.0, 
            69.0, 
            4.0, 
            246.0, 
            3.0, 
            4.0, 
            41.0, 
            1.0, 
            1.0, 
            11.0, 
            111.0, 
            1.0, 
            1.0, 
            175.0, 
            96.0, 
            63.0, 
            47.0, 
            9.0, 
            19.0, 
            30.0, 
            10.0, 
            6.0, 
            2.0, 
            33.0, 
            8.0, 
            30.0, 
            0.0, 
            40.0, 
            52.0, 
            0.0, 
            148.0, 
            4.0, 
            42.0, 
            240.0, 
            7.0, 
            4.0, 
            40.0, 
            20.0, 
            8.0, 
            75.0, 
            16.0, 
            0.0, 
            2.0, 
            20.0, 
            11.0, 
            24.0, 
            218.0, 
            1.0, 
            112.0, 
            2.0, 
            35.0, 
            31.0, 
            1.0, 
            5.0, 
            9.0, 
            32.0, 
            149.0, 
            97.0, 
            71.0, 
            18.0, 
            5.0, 
            24.0, 
            12.0, 
            69.0, 
            50.0, 
            0.0, 
            66.0, 
            10.0, 
            21.0, 
            0.0, 
            79.0, 
            18.0, 
            0.0, 
            83.0, 
            1.0, 
            11.0, 
            8.0, 
            69.0, 
            53.0, 
            0.0, 
            0.0, 
            7.0, 
            1.0, 
            39.0, 
            8.0, 
            4.0, 
            43.0, 
            27.0, 
            14.0, 
            0.0, 
            21.0, 
            17.0, 
            21.0, 
            9.0, 
            51.0, 
            8.0, 
            99.0, 
            28.0, 
            1.0, 
            40.0, 
            36.0, 
            22.0, 
            12.0, 
            2.0, 
            1.0, 
            64.0, 
            2.0, 
            59.0, 
            8.0, 
            3.0, 
            79.0, 
            0.0, 
            82.0, 
            1.0, 
            59.0, 
            2.0, 
            48.0, 
            191.0, 
            19.0, 
            8.0, 
            19.0, 
            30.0, 
            128.0, 
            22.0, 
            1.0, 
            4.0, 
            2.0, 
            38.0, 
            2.0, 
            7.0, 
            55.0, 
            0.0, 
            10.0, 
            43.0, 
            22.0, 
            268.0, 
            1.0, 
            105.0, 
            24.0, 
            1.0, 
            18.0, 
            27.0, 
            12.0, 
            4.0, 
            5.0, 
            15.0, 
            15.0, 
            1.0, 
            172.0, 
            33.0, 
            11.0, 
            2.0, 
            73.0, 
            31.0, 
            6.0, 
            56.0, 
            0.0, 
            20.0, 
            86.0, 
            3.0, 
            29.0, 
            18.0, 
            13.0, 
            3.0, 
            17.0, 
            53.0, 
            11.0, 
            17.0, 
            0.0, 
            15.0, 
            22.0, 
            122.0, 
            18.0, 
            35.0, 
            2.0, 
            37.0, 
            82.0, 
            9.0, 
            73.0, 
            54.0, 
            82.0, 
            2.0, 
            5.0, 
            22.0, 
            0.0, 
            57.0, 
            24.0, 
            10.0, 
            31.0, 
            11.0, 
            36.0, 
            8.0, 
            3.0, 
            35.0, 
            1.0, 
            39.0, 
            129.0, 
            10.0, 
            14.0, 
            26.0, 
            73.0, 
            1.0, 
            18.0, 
            2.0, 
            145.0, 
            100.0, 
            0.0, 
            10.0, 
            87.0, 
            2.0, 
            2.0, 
            8.0, 
            226.0, 
            39.0, 
            0.0, 
            3.0, 
            16.0, 
            31.0, 
            13.0, 
            142.0, 
            50.0, 
            1.0, 
            3.0, 
            12.0, 
            0.0, 
            34.0, 
            11.0, 
            7.0, 
            0.0, 
            66.0, 
            50.0, 
            20.0, 
            55.0, 
            4.0, 
            12.0, 
            201.0, 
            229.0, 
            13.0, 
            30.0, 
            10.0, 
            78.0, 
            2.0, 
            50.0, 
            53.0, 
            158.0, 
            46.0, 
            53.0, 
            69.0, 
            7.0, 
            1.0, 
            86.0, 
            7.0, 
            36.0, 
            145.0, 
            0.0, 
            25.0, 
            31.0, 
            9.0, 
            4.0, 
            72.0, 
            0.0, 
            10.0, 
            20.0, 
            33.0, 
            25.0, 
            14.0, 
            114.0, 
            6.0, 
            24.0, 
            26.0, 
            7.0, 
            6.0, 
            22.0, 
            13.0, 
            32.0, 
            11.0, 
            46.0, 
            3.0, 
            10.0, 
            298.0, 
            0.0, 
            3.0, 
            2.0, 
            0.0, 
            92.0, 
            88.0, 
            6.0, 
            18.0, 
            3.0, 
            29.0, 
            55.0, 
            40.0, 
            5.0, 
            33.0, 
            71.0, 
            60.0, 
            29.0, 
            18.0, 
            1.0, 
            37.0, 
            65.0, 
            134.0, 
            8.0, 
            12.0, 
            31.0, 
            3.0, 
            29.0, 
            9.0, 
            66.0, 
            3.0, 
            89.0, 
            31.0, 
            88.0, 
            27.0, 
            86.0, 
            68.0, 
            49.0, 
            26.0, 
            2.0, 
            6.0, 
            254.0, 
            5.0, 
            45.0, 
            14.0, 
            1.0, 
            90.0, 
            57.0, 
            4.0, 
            45.0, 
            17.0, 
            31.0, 
            81.0, 
            20.0, 
            8.0, 
            1.0, 
            14.0, 
            1.0, 
            34.0, 
            10.0, 
            41.0, 
            35.0, 
            85.0, 
            29.0, 
            11.0, 
            12.0, 
            222.0, 
            48.0, 
            14.0, 
            4.0, 
            18.0, 
            30.0, 
            33.0, 
            89.0, 
            1.0, 
            45.0, 
            0.0, 
            19.0, 
            120.0, 
            4.0, 
            50.0, 
            0.0, 
            1.0, 
            9.0, 
            24.0, 
            40.0, 
            28.0, 
            2.0, 
            34.0, 
            1.0, 
            6.0, 
            62.0, 
            81.0, 
            113.0, 
            42.0, 
            3.0, 
            159.0, 
            12.0, 
            141.0, 
            2.0, 
            5.0, 
            33.0, 
            40.0, 
            48.0, 
            7.0, 
            1.0, 
            8.0, 
            39.0, 
            5.0, 
            21.0, 
            8.0, 
            21.0, 
            2.0, 
            24.0, 
            7.0, 
            29.0, 
            207.0, 
            69.0, 
            0.0, 
            1.0, 
            28.0, 
            2.0, 
            18.0, 
            10.0, 
            113.0, 
            1.0, 
            22.0, 
            1.0, 
            143.0, 
            3.0, 
            0.0, 
            6.0, 
            15.0, 
            9.0, 
            19.0, 
            61.0, 
            5.0, 
            0.0, 
            25.0, 
            79.0, 
            9.0, 
            5.0, 
            13.0, 
            42.0, 
            84.0, 
            53.0, 
            4.0, 
            53.0, 
            30.0, 
            53.0, 
            218.0, 
            9.0, 
            2.0, 
            1.0, 
            0.0, 
            1.0, 
            15.0, 
            117.0, 
            11.0, 
            3.0, 
            17.0, 
            6.0, 
            357.0, 
            16.0, 
            75.0, 
            64.0, 
            0.0, 
            40.0, 
            28.0, 
            142.0, 
            0.0, 
            18.0, 
            25.0, 
            13.0, 
            1.0, 
            9.0, 
            54.0, 
            27.0, 
            34.0, 
            19.0, 
            17.0, 
            111.0, 
            10.0, 
            0.0, 
            3.0, 
            15.0, 
            29.0, 
            1.0, 
            55.0, 
            27.0, 
            2.0, 
            31.0, 
            2.0, 
            9.0, 
            21.0, 
            8.0, 
            17.0, 
            22.0, 
            7.0, 
            2.0, 
            71.0, 
            0.0, 
            148.0, 
            6.0, 
            4.0, 
            6.0, 
            0.0, 
            2.0, 
            29.0, 
            48.0, 
            7.0, 
            1.0, 
            3.0, 
            2.0, 
            0.0, 
            0.0, 
            1.0, 
            44.0, 
            16.0, 
            1.0, 
            15.0, 
            1.0, 
            5.0, 
            17.0, 
            0.0, 
            33.0, 
            84.0, 
            21.0, 
            55.0, 
            181.0, 
            89.0, 
            151.0, 
            75.0, 
            47.0, 
            8.0, 
            10.0, 
            0.0, 
            17.0, 
            4.0, 
            16.0, 
            12.0, 
            0.0, 
            2.0, 
            0.0, 
            82.0, 
            11.0, 
            139.0, 
            8.0, 
            18.0, 
            0.0, 
            74.0, 
            0.0, 
            11.0, 
            14.0, 
            1.0, 
            6.0, 
            0.0, 
            14.0, 
            2.0, 
            1.0, 
            42.0, 
            11.0, 
            6.0, 
            48.0, 
            109.0, 
            11.0, 
            0.0, 
            6.0, 
            189.0, 
            3.0, 
            6.0, 
            0.0, 
            30.0, 
            175.0, 
            2.0, 
            66.0, 
            0.0, 
            30.0, 
            8.0, 
            2.0, 
            0.0, 
            20.0, 
            8.0, 
            0.0, 
            37.0, 
            9.0, 
            11.0, 
            80.0, 
            0.0, 
            2.0, 
            37.0, 
            139.0, 
            5.0, 
            0.0, 
            85.0, 
            10.0, 
            0.0, 
            5.0, 
            2.0, 
            1.0, 
            163.0, 
            4.0, 
            2.0, 
            25.0, 
            0.0, 
            83.0, 
            2.0, 
            0.0, 
            25.0, 
            0.0, 
            28.0, 
            9.0, 
            248.0, 
            69.0, 
            19.0, 
            1.0, 
            6.0, 
            18.0, 
            9.0, 
            0.0, 
            2.0, 
            34.0, 
            51.0, 
            46.0, 
            4.0, 
            73.0, 
            31.0, 
            0.0, 
            156.0, 
            0.0, 
            10.0, 
            23.0, 
            13.0, 
            12.0, 
            16.0, 
            2.0, 
            179.0, 
            5.0, 
            43.0, 
            2.0, 
            2.0, 
            124.0, 
            0.0, 
            0.0, 
            108.0, 
            9.0, 
            13.0, 
            7.0, 
            28.0, 
            3.0, 
            236.0, 
            179.0, 
            27.0, 
            4.0, 
            70.0, 
            50.0, 
            18.0, 
            6.0, 
            8.0, 
            2.0, 
            106.0, 
            4.0, 
            3.0, 
            88.0, 
            1.0, 
            63.0, 
            2.0, 
            24.0, 
            19.0, 
            4.0, 
            61.0, 
            53.0, 
            7.0, 
            1.0, 
            173.0, 
            25.0, 
            71.0, 
            38.0, 
            0.0, 
            4.0, 
            5.0, 
            22.0, 
            30.0, 
            52.0, 
            8.0, 
            1.0, 
            28.0, 
            11.0, 
            78.0, 
            0.0, 
            35.0, 
            65.0, 
            21.0, 
            7.0, 
            41.0, 
            10.0, 
            11.0, 
            3.0, 
            5.0, 
            3.0, 
            10.0, 
            22.0, 
            24.0, 
            13.0, 
            12.0, 
            20.0, 
            91.0, 
            73.0, 
            142.0, 
            0.0, 
            0.0, 
            180.0, 
            4.0, 
            18.0, 
            78.0, 
            3.0, 
            9.0, 
            12.0, 
            108.0, 
            1.0, 
            92.0, 
            2.0, 
            2.0, 
            7.0, 
            2.0, 
            42.0, 
            9.0, 
            1.0, 
            16.0, 
            4.0, 
            42.0, 
            46.0, 
            76.0, 
            72.0, 
            0.0, 
            29.0, 
            9.0, 
            61.0, 
            23.0, 
            9.0, 
            39.0, 
            13.0, 
            78.0, 
            1.0, 
            131.0, 
            65.0, 
            0.0, 
            24.0, 
            55.0, 
            7.0, 
            25.0, 
            355.0, 
            1.0, 
            17.0, 
            57.0, 
            43.0, 
            2.0, 
            104.0, 
            10.0, 
            0.0, 
            0.0, 
            3.0, 
            16.0, 
            40.0, 
            27.0, 
            0.0, 
            133.0, 
            3.0, 
            42.0, 
            146.0, 
            36.0, 
            148.0, 
            63.0, 
            31.0, 
            38.0, 
            8.0, 
            12.0, 
            196.0, 
            2.0, 
            27.0, 
            43.0, 
            2.0, 
            40.0, 
            47.0, 
            19.0, 
            2.0, 
            30.0, 
            121.0, 
            0.0, 
            30.0, 
            10.0, 
            3.0, 
            3.0, 
            167.0, 
            0.0, 
            99.0, 
            9.0, 
            55.0, 
            69.0, 
            17.0, 
            1.0, 
            2.0, 
            54.0, 
            56.0, 
            14.0, 
            8.0, 
            106.0, 
            39.0, 
            8.0, 
            24.0, 
            19.0, 
            1.0, 
            7.0, 
            3.0, 
            65.0, 
            2.0, 
            80.0, 
            43.0, 
            31.0, 
            17.0, 
            44.0, 
            12.0, 
            54.0, 
            2.0, 
            11.0, 
            12.0, 
            228.0, 
            49.0, 
            5.0, 
            15.0, 
            29.0, 
            14.0, 
            0.0, 
            5.0, 
            1.0, 
            11.0, 
            7.0, 
            30.0, 
            3.0, 
            29.0, 
            11.0, 
            142.0, 
            81.0, 
            0.0, 
            171.0, 
            2.0, 
            191.0, 
            57.0, 
            3.0, 
            15.0, 
            38.0, 
            3.0, 
            53.0, 
            8.0, 
            105.0, 
            233.0, 
            4.0, 
            4.0, 
            0.0, 
            9.0, 
            3.0, 
            2.0, 
            47.0, 
            45.0, 
            4.0, 
            31.0, 
            18.0, 
            0.0, 
            26.0, 
            0.0, 
            0.0, 
            12.0, 
            3.0, 
            94.0, 
            44.0, 
            59.0, 
            31.0, 
            0.0, 
            42.0, 
            4.0, 
            15.0, 
            14.0, 
            175.0, 
            325.0, 
            40.0, 
            32.0, 
            64.0, 
            4.0, 
            11.0, 
            240.0, 
            362.0, 
            1.0, 
            0.0, 
            10.0, 
            21.0, 
            75.0, 
            12.0, 
            5.0, 
            1.0, 
            6.0, 
            1.0, 
            4.0, 
            22.0, 
            33.0, 
            19.0, 
            4.0, 
            4.0, 
            86.0, 
            170.0, 
            17.0, 
            26.0, 
            30.0, 
            0.0, 
            24.0, 
            4.0, 
            12.0, 
            17.0, 
            128.0, 
            17.0, 
            17.0, 
            38.0, 
            11.0, 
            11.0, 
            2.0, 
            35.0, 
            128.0, 
            1.0, 
            4.0, 
            1.0, 
            74.0, 
            46.0, 
            31.0, 
            215.0, 
            16.0, 
            297.0, 
            71.0, 
            32.0, 
            6.0, 
            5.0, 
            81.0, 
            70.0, 
            5.0, 
            26.0, 
            6.0, 
            6.0, 
            33.0, 
            80.0, 
            1.0, 
            7.0, 
            14.0, 
            65.0, 
            5.0, 
            0.0, 
            0.0, 
            4.0, 
            6.0, 
            28.0, 
            11.0, 
            37.0, 
            233.0, 
            33.0, 
            1.0, 
            2.0, 
            64.0, 
            237.0, 
            71.0, 
            146.0, 
            71.0, 
            0.0, 
            19.0, 
            9.0, 
            3.0, 
            3.0, 
            7.0, 
            4.0, 
            0.0, 
            3.0, 
            1.0, 
            80.0, 
            3.0, 
            48.0, 
            29.0, 
            6.0, 
            21.0, 
            42.0, 
            25.0, 
            15.0, 
            6.0, 
            15.0, 
            84.0, 
            5.0, 
            1.0, 
            15.0, 
            29.0, 
            54.0, 
            1.0, 
            39.0, 
            3.0, 
            83.0, 
            8.0, 
            1.0, 
            0.0, 
            40.0, 
            62.0, 
            5.0, 
            14.0
        ]
    }, 
    "regression_performance": {
        "max_error": 46.066589813232241, 
        "median_error": -0.7116122245788574, 
        "error_distribution": [
            {
                "count": 82, 
                "bin_max": -25.201603591918964, 
                "bin_id": 0, 
                "bin_min": -33.199478629608151
            }, 
            {
                "count": 83, 
                "bin_max": -17.282915435791054, 
                "bin_id": 1, 
                "bin_min": -25.201603591918964
            }, 
            {
                "count": 183, 
                "bin_max": -9.3642272796631403, 
                "bin_id": 2, 
                "bin_min": -17.282915435791054
            }, 
            {
                "count": 594, 
                "bin_max": -1.4455391235352302, 
                "bin_id": 3, 
                "bin_min": -9.3642272796631403
            }, 
            {
                "count": 856, 
                "bin_max": 6.4731490325926799, 
                "bin_id": 4, 
                "bin_min": -1.4455391235352302
            }, 
            {
                "count": 183, 
                "bin_max": 14.391837188720594, 
                "bin_id": 5, 
                "bin_min": 6.4731490325926799
            }, 
            {
                "count": 91, 
                "bin_max": 22.3105253448485, 
                "bin_id": 6, 
                "bin_min": 14.391837188720594
            }, 
            {
                "count": 37, 
                "bin_max": 30.229213500976414, 
                "bin_id": 7, 
                "bin_min": 22.3105253448485
            }, 
            {
                "count": 30, 
                "bin_max": 38.14790165710432, 
                "bin_id": 8, 
                "bin_min": 30.229213500976414
            }, 
            {
                "count": 56, 
                "bin_max": 46.066589813232241, 
                "bin_id": 9, 
                "bin_min": 38.14790165710432
            }
        ], 
        "min_error": -33.120291748046874, 
        "average_error": -0.08061762837016881, 
        "std_error": 13.307406806261948, 
        "p75_error": 3.7386627197265625, 
        "p90_error": 13.907246780395514, 
        "p25_error": -4.9883162975311279
    }
}