{
  "state": "DONE",
  "preSearchDescription": {
    "gridLength": 100,
    "importantParams": [
      {
        "name": "trees",
        "val": "300"
      },
      {
        "name": "max_depth",
        "vals": [
          "1",
          "2",
          "3",
          "5",
          "10"
        ]
      }
    ]
  },
  "postSearchDescription": {
    "importantParams": [
      {
        "name": "trees",
        "val": "300"
      },
      {
        "name": "max_depth",
        "val": "10"
      }
    ]
  },
  "modelId": "m1",
  "progress": {
    "top_level_todo": [],
    "stack": [],
    "top_level_done": [
      {
        "name": "Loading train set",
        "time": 45
      },
      {
        "name": "Loading test set",
        "time": 11
      },
      {
        "name": "Collecting statistics",
        "time": 18
      },
      {
        "name": "Preprocessing train set",
        "time": 38
      },
      {
        "name": "Preprocessing test set",
        "time": 31
      },
      {
        "name": "Fitting model",
        "time": 267735
      },
      {
        "name": "Saving model",
        "time": 385
      },
      {
        "name": "Scoring model",
        "time": 2245
      }
    ]
  },
  "startTime": 1493915393591,
  "endTime": 1493915664110,
  "preprocessingTime": 147,
  "trainingTime": 270372
}