{
  "pages": [
    {
      "id": "U5Bq88g",
      "grid": {
        "tiles": [
          {
            "tileType": "INSIGHT",
            "box": {
              "top": 0,
              "left": 0,
              "width": 4,
              "height": 4
            },
            "clickAction": "OPEN_INSIGHT",
            "tileParams": {
              "showXAxis": true,
              "showYAxis": true,
              "showLegend": false,
              "showTooltips": true,
              "autoPlayAnimation": true
            },
            "autoLoad": true,
            "showTitle": "YES",
            "insightId": "rs8qcZd",
            "insightType": "chart",
            "displayMode": "INSIGHT",
            "resizeImage": false
          },
          {
            "tileType": "INSIGHT",
            "box": {
              "top": 0,
              "left": 4,
              "width": 4,
              "height": 4
            },
            "clickAction": "OPEN_INSIGHT",
            "tileParams": {
              "showXAxis": true,
              "showYAxis": true,
              "showLegend": false,
              "showTooltips": true,
              "autoPlayAnimation": true
            },
            "autoLoad": true,
            "showTitle": "YES",
            "insightId": "Q4gv6zU",
            "insightType": "chart",
            "displayMode": "INSIGHT",
            "resizeImage": false
          },
          {
            "tileType": "INSIGHT",
            "box": {
              "top": 4,
              "left": 0,
              "width": 4,
              "height": 4
            },
            "clickAction": "OPEN_INSIGHT",
            "tileParams": {
              "showXAxis": true,
              "showYAxis": true,
              "showLegend": false,
              "showTooltips": true,
              "autoPlayAnimation": true
            },
            "autoLoad": true,
            "showTitle": "YES",
            "insightId": "eJPScLK",
            "insightType": "chart",
            "displayMode": "INSIGHT",
            "resizeImage": false
          },
          {
            "tileType": "INSIGHT",
            "box": {
              "top": 4,
              "left": 4,
              "width": 4,
              "height": 4
            },
            "clickAction": "OPEN_INSIGHT",
            "tileParams": {
              "showXAxis": true,
              "showYAxis": true,
              "showLegend": false,
              "showTooltips": true,
              "autoPlayAnimation": true
            },
            "autoLoad": true,
            "showTitle": "YES",
            "insightId": "U04IksH",
            "insightType": "chart",
            "displayMode": "INSIGHT",
            "resizeImage": false
          }
        ]
      },
      "showTitle": false
    },
    {
      "id": "2uJLPz7",
      "grid": {
        "tiles": []
      },
      "showTitle": false
    }
  ],
  "owner": "admin",
  "listed": true,
  "name": "Default dashboard",
  "showGrid": true,
  "versionTag": {
    "versionNumber": 12,
    "lastModifiedBy": {
      "login": "admin"
    },
    "lastModifiedOn": 1525703205669
  },
  "creationTag": {
    "versionNumber": 0,
    "lastModifiedBy": {
      "login": "admin"
    },
    "lastModifiedOn": 1525693719850
  },
  "tags": [],
  "checklists": {
    "checklists": []
  }
}