{
    "usedGridSearch": true, 
    "gridSize": 12, 
    "rawImportance": {
        "variables": [
            "atemp", 
            "day_of_week", 
            "holiday", 
            "hour", 
            "humidity", 
            "month", 
            "season", 
            "temp", 
            "weather", 
            "windspeed", 
            "workingday"
        ], 
        "importances": [
            0.033618202317424274, 
            0.044806774155058619, 
            0.0013332712699670782, 
            0.56593535478856638, 
            0.061058083207456607, 
            0.060227204740098406, 
            0.020233686964324534, 
            0.04794809741363415, 
            0.0200743988606167, 
            0.02844473604416943, 
            0.1163201902386837
        ]
    }, 
    "modelInputNRows": 8691, 
    "modelInputNCols": 11, 
    "modelInputMemory": 764808, 
    "gridCells": [
        {
            "score": 0.5315181519389025, 
            "params": {
                "max_features": "auto", 
                "min_samples_split": 3, 
                "n_estimators": 100, 
                "max_depth": 5, 
                "min_samples_leaf": 1
            }
        }, 
        {
            "score": 0.7530203734378049, 
            "params": {
                "max_features": "auto", 
                "min_samples_split": 3, 
                "n_estimators": 100, 
                "max_depth": 10, 
                "min_samples_leaf": 1
            }
        }, 
        {
            "score": 0.7661027333317101, 
            "params": {
                "max_features": "auto", 
                "min_samples_split": 3, 
                "n_estimators": 100, 
                "max_depth": 15, 
                "min_samples_leaf": 1
            }
        }, 
        {
            "score": 0.766976504283306, 
            "params": {
                "max_features": "auto", 
                "min_samples_split": 3, 
                "n_estimators": 100, 
                "max_depth": 20, 
                "min_samples_leaf": 1
            }
        }, 
        {
            "score": 0.5313898302123748, 
            "params": {
                "max_features": "auto", 
                "min_samples_split": 30, 
                "n_estimators": 100, 
                "max_depth": 5, 
                "min_samples_leaf": 10
            }
        }, 
        {
            "score": 0.7393512575626363, 
            "params": {
                "max_features": "auto", 
                "min_samples_split": 30, 
                "n_estimators": 100, 
                "max_depth": 10, 
                "min_samples_leaf": 10
            }
        }, 
        {
            "score": 0.7436367931545386, 
            "params": {
                "max_features": "auto", 
                "min_samples_split": 30, 
                "n_estimators": 100, 
                "max_depth": 15, 
                "min_samples_leaf": 10
            }
        }, 
        {
            "score": 0.743681233192894, 
            "params": {
                "max_features": "auto", 
                "min_samples_split": 30, 
                "n_estimators": 100, 
                "max_depth": 20, 
                "min_samples_leaf": 10
            }
        }, 
        {
            "score": 0.5198382811649206, 
            "params": {
                "max_features": "auto", 
                "min_samples_split": 300, 
                "n_estimators": 100, 
                "max_depth": 5, 
                "min_samples_leaf": 100
            }
        }, 
        {
            "score": 0.5502242318263287, 
            "params": {
                "max_features": "auto", 
                "min_samples_split": 300, 
                "n_estimators": 100, 
                "max_depth": 10, 
                "min_samples_leaf": 100
            }
        }, 
        {
            "score": 0.5502242318263287, 
            "params": {
                "max_features": "auto", 
                "min_samples_split": 300, 
                "n_estimators": 100, 
                "max_depth": 15, 
                "min_samples_leaf": 100
            }
        }, 
        {
            "score": 0.5502242318263287, 
            "params": {
                "max_features": "auto", 
                "min_samples_split": 300, 
                "n_estimators": 100, 
                "max_depth": 20, 
                "min_samples_leaf": 100
            }
        }
    ], 
    "modelInputIsSparse": false
}