{
    "metrics": {
        "pearson": 0.92469641815511872, 
        "r2": 0.8548660246604648, 
        "rmse": 58.36768742668945, 
        "mape": 0.40846987709400456, 
        "mae": 38.207514233017534, 
        "mse": 3406.786935539722, 
        "evs": 0.85487946638209156, 
        "rmsle": 0.4098799008592069
    }, 
    "scatterPlotData": {
        "y": [
            4.5963, 
            2.5807, 
            430.862, 
            119.3634, 
            488.4924, 
            88.9197, 
            258.6301, 
            90.3131, 
            45.4922, 
            90.1307, 
            288.4164, 
            56.5658, 
            54.0806, 
            359.1395, 
            277.2807, 
            1.7442, 
            449.2227, 
            10.4903, 
            257.6602, 
            37.74, 
            23.9068, 
            116.2147, 
            15.2415, 
            90.8621, 
            79.9612, 
            187.541, 
            2.9967, 
            330.7695, 
            153.2703, 
            521.6089, 
            193.8283, 
            291.2806, 
            330.0701, 
            223.4404, 
            158.2443, 
            157.3533, 
            115.0225, 
            4.4287, 
            591.2114, 
            61.3686, 
            89.3602, 
            2.465, 
            269.5197, 
            110.1743, 
            3.8953, 
            246.7295, 
            5.992, 
            231.9935, 
            205.1645, 
            21.4131, 
            20.317, 
            124.6101, 
            93.016, 
            360.8038, 
            187.9851, 
            288.3144, 
            3.3829, 
            9.78, 
            194.5339, 
            57.6922, 
            158.3727, 
            231.7786, 
            3.2927, 
            190.2863, 
            12.0779, 
            167.1625, 
            353.8305, 
            17.7097, 
            29.0241, 
            161.2353, 
            134.9719, 
            294.6842, 
            731.3014, 
            301.4702, 
            307.3243, 
            199.2735, 
            167.1728, 
            209.4178, 
            87.7928, 
            169.4376, 
            3.4381, 
            141.968, 
            48.47, 
            100.8653, 
            23.035, 
            278.199, 
            201.4322, 
            49.0892, 
            124.8117, 
            110.929, 
            89.3412, 
            24.1664, 
            224.4822, 
            365.2996, 
            74.6743, 
            6.0323, 
            34.4702, 
            3.136, 
            112.0272, 
            58.4833, 
            33.3225, 
            126.8832, 
            370.6513, 
            85.7502, 
            8.2293, 
            85.7453, 
            478.4837, 
            429.4995, 
            485.7545, 
            232.1752, 
            135.1224, 
            498.2188, 
            216.3208, 
            9.9215, 
            239.1528, 
            272.436, 
            353.4667, 
            59.0242, 
            11.8105, 
            1.9338, 
            120.7337, 
            54.578, 
            288.1259, 
            38.1492, 
            12.9782, 
            525.0565, 
            2.7348, 
            268.4339, 
            6.2486, 
            127.0175, 
            5.1002, 
            157.0207, 
            236.1663, 
            232.4033, 
            81.9815, 
            141.2034, 
            150.7968, 
            208.6313, 
            151.2962, 
            3.6042, 
            62.3246, 
            33.9405, 
            97.0153, 
            120.6322, 
            67.4326, 
            281.6728, 
            1.96, 
            213.0751, 
            194.0269, 
            165.6798, 
            342.7233, 
            4.289, 
            271.0288, 
            179.7478, 
            17.6607, 
            55.4454, 
            122.5439, 
            193.4914, 
            4.8526, 
            61.5527, 
            79.7463, 
            110.1365, 
            11.8547, 
            245.2011, 
            248.0385, 
            96.4315, 
            5.4175, 
            168.1358, 
            241.9995, 
            125.3503, 
            203.7614, 
            3.0442, 
            149.8238, 
            236.5618, 
            116.9288, 
            226.778, 
            85.0705, 
            68.857, 
            19.7923, 
            300.4235, 
            163.7317, 
            147.6449, 
            142.002, 
            7.4412, 
            352.9056, 
            135.8807, 
            269.0545, 
            56.3945, 
            490.5803, 
            4.0635, 
            217.8796, 
            139.0202, 
            498.4397, 
            208.7179, 
            189.9401, 
            130.8288, 
            3.3265, 
            81.5756, 
            204.1286, 
            5.6052, 
            576.3827, 
            418.3361, 
            27.8029, 
            155.3257, 
            41.9088, 
            144.9946, 
            126.5118, 
            55.7247, 
            93.6598, 
            5.8561, 
            178.5638, 
            267.3045, 
            144.1459, 
            140.8983, 
            134.8395, 
            190.9153, 
            27.3645, 
            117.5149, 
            75.6578, 
            242.1947, 
            235.9565, 
            11.0187, 
            185.1418, 
            302.4376, 
            76.0565, 
            116.307, 
            266.134, 
            182.5248, 
            196.0011, 
            6.086, 
            129.698, 
            57.9845, 
            110.6571, 
            218.087, 
            350.5722, 
            288.829, 
            5.8888, 
            10.2283, 
            311.8657, 
            3.0047, 
            201.0409, 
            246.7395, 
            210.4841, 
            6.6844, 
            567.172, 
            272.4724, 
            193.0371, 
            396.0979, 
            34.2122, 
            58.1472, 
            270.5635, 
            281.558, 
            109.9112, 
            158.3722, 
            116.4333, 
            187.9906, 
            18.0308, 
            275.3786, 
            171.1388, 
            184.5303, 
            158.4845, 
            216.4678, 
            645.3553, 
            23.4135, 
            4.29, 
            255.4975, 
            352.838, 
            560.8032, 
            202.4727, 
            2.6893, 
            369.4925, 
            123.2836, 
            105.3726, 
            26.0617, 
            104.5901, 
            2.6525, 
            74.2895, 
            72.4968, 
            168.9387, 
            143.1399, 
            49.379, 
            266.6228, 
            171.883, 
            139.759, 
            206.1902, 
            20.0897, 
            25.3109, 
            253.5544, 
            599.9758, 
            186.3312, 
            55.9228, 
            110.1979, 
            312.8127, 
            21.3634, 
            351.9698, 
            4.8623, 
            6.526, 
            324.5469, 
            6.5503, 
            240.9842, 
            166.2658, 
            181.7739, 
            306.8467, 
            129.6953, 
            114.8599, 
            119.8083, 
            142.9566, 
            27.3316, 
            587.0264, 
            414.5165, 
            120.592, 
            83.4799, 
            369.8369, 
            45.0047, 
            194.5695, 
            191.7699, 
            267.8289, 
            199.5886, 
            96.7325, 
            177.4635, 
            28.3833, 
            505.5524, 
            232.4245, 
            168.456, 
            159.9987, 
            222.852, 
            207.5472, 
            271.5191, 
            148.4365, 
            500.7977, 
            194.9938, 
            217.3915, 
            117.3843, 
            118.3965, 
            7.1414, 
            344.4803, 
            47.9062, 
            269.7481, 
            153.2612, 
            5.5674, 
            588.7301, 
            193.863, 
            187.6667, 
            128.2112, 
            328.9512, 
            112.8267, 
            189.1393, 
            138.915, 
            161.3383, 
            17.4417, 
            77.2205, 
            2.234, 
            487.8369, 
            215.5975, 
            225.3655, 
            161.5997, 
            155.5959, 
            200.7527, 
            260.1677, 
            663.5477, 
            184.0524, 
            166.1524, 
            91.4434, 
            4.9039, 
            185.6758, 
            171.2307, 
            126.1945, 
            178.7917, 
            69.971, 
            218.1679, 
            113.1302, 
            92.2194, 
            176.4341, 
            69.2183, 
            205.859, 
            1.7142, 
            57.2652, 
            42.0984, 
            415.0385, 
            213.1286, 
            126.2936, 
            3.6734, 
            257.0075, 
            95.089, 
            41.8002, 
            200.7345, 
            171.0183, 
            258.0539, 
            130.2156, 
            62.7645, 
            300.7664, 
            71.6222, 
            232.9092, 
            24.587, 
            27.4335, 
            125.2469, 
            244.4282, 
            230.0864, 
            191.7201, 
            3.8952, 
            23.3102, 
            233.3367, 
            21.8948, 
            118.8888, 
            93.88, 
            101.4158, 
            143.3597, 
            74.8323, 
            94.954, 
            329.6351, 
            302.219, 
            195.0336, 
            27.3921, 
            4.0943, 
            338.4351, 
            14.5678, 
            60.0732, 
            132.7159, 
            324.2049, 
            193.3052, 
            284.9795, 
            6.2028, 
            206.994, 
            2.84, 
            28.9305, 
            11.1925, 
            129.2762, 
            81.887, 
            129.9622, 
            230.5894, 
            23.7047, 
            20.0605, 
            122.1067, 
            146.7382, 
            110.1831, 
            229.3128, 
            254.2483, 
            104.764, 
            253.0038, 
            156.3533, 
            59.4532, 
            136.6124, 
            209.8087, 
            291.6718, 
            295.1521, 
            184.9183, 
            82.4872, 
            24.1123, 
            6.9177, 
            11.7277, 
            107.7365, 
            181.2877, 
            62.2202, 
            17.7122, 
            24.4268, 
            174.925, 
            320.1033, 
            123.7276, 
            241.0151, 
            404.671, 
            6.2225, 
            228.389, 
            591.3708, 
            287.2405, 
            7.4947, 
            229.7965, 
            270.5377, 
            38.3072, 
            20.1081, 
            135.5156, 
            174.8173, 
            87.4322, 
            144.8939, 
            89.6928, 
            61.802, 
            299.9977, 
            114.7105, 
            8.92, 
            139.1275, 
            14.9473, 
            99.3736, 
            124.3252, 
            121.8018, 
            208.0395, 
            6.3041, 
            99.419, 
            16.3027, 
            138.8511, 
            167.8871, 
            582.0717, 
            148.1936, 
            132.2394, 
            192.88, 
            59.585, 
            464.0921, 
            29.799, 
            180.4761, 
            341.1121, 
            64.229, 
            20.782, 
            81.1537, 
            50.9637, 
            502.1804, 
            161.0478, 
            25.22, 
            23.1432, 
            121.501, 
            4.9657, 
            1.7275, 
            7.9391, 
            5.8807, 
            146.2563, 
            347.5491, 
            5.4378, 
            110.693, 
            3.1117, 
            81.5637, 
            111.4622, 
            57.3972, 
            156.1703, 
            666.557, 
            45.3748, 
            148.1148, 
            295.5864, 
            234.9387, 
            133.0305, 
            613.52, 
            135.7973, 
            101.4211, 
            74.2417, 
            31.3293, 
            249.9265, 
            123.2169, 
            4.9521, 
            104.6235, 
            1.9607, 
            10.0577, 
            19.9117, 
            127.8709, 
            67.7187, 
            581.2722, 
            18.9757, 
            90.0192, 
            12.999, 
            315.8179, 
            6.7648, 
            62.514, 
            63.2871, 
            15.0648, 
            49.5466, 
            2.0477, 
            171.1082, 
            3.2941, 
            3.165, 
            152.5829, 
            574.3765, 
            114.4908, 
            280.1972, 
            204.6147, 
            40.7812, 
            27.9114, 
            25.5073, 
            266.751, 
            9.5092, 
            107.5406, 
            6.7444, 
            113.9847, 
            226.7673, 
            6.0703, 
            127.9888, 
            37.9517, 
            510.4749, 
            100.8415, 
            4.9249, 
            11.0117, 
            350.0374, 
            211.4386, 
            11.9715, 
            120.611, 
            110.4268, 
            227.1733, 
            224.607, 
            5.2928, 
            52.6605, 
            201.259, 
            263.6127, 
            136.9276, 
            29.2335, 
            205.4619, 
            27.715, 
            4.1122, 
            29.3606, 
            5.4853, 
            2.5667, 
            237.9763, 
            9.6705, 
            34.9512, 
            474.2132, 
            8.8929, 
            190.8395, 
            53.8953, 
            4.8325, 
            164.9866, 
            1.6442, 
            224.9737, 
            270.2653, 
            265.1698, 
            123.9562, 
            105.7809, 
            2.4672, 
            134.8314, 
            107.2501, 
            54.694, 
            58.6853, 
            4.1433, 
            319.2703, 
            219.0062, 
            356.9592, 
            67.8029, 
            169.9483, 
            281.3982, 
            5.329, 
            181.098, 
            8.464, 
            280.8536, 
            59.7831, 
            350.758, 
            19.4753, 
            68.3043, 
            16.6578, 
            255.3867, 
            12.977, 
            175.5723, 
            5.7877, 
            28.7278, 
            403.4439, 
            2.2327, 
            122.9078, 
            330.8788, 
            119.519, 
            46.9674, 
            129.7708, 
            320.4127, 
            128.6127, 
            244.0137, 
            203.0637, 
            533.4053, 
            73.1568, 
            107.242, 
            180.9529, 
            104.6003, 
            89.7302, 
            47.7256, 
            56.992, 
            214.641, 
            7.5677, 
            76.0311, 
            318.4845, 
            160.7395, 
            128.0282, 
            24.5275, 
            86.2772, 
            455.4377, 
            62.804, 
            208.1947, 
            205.1362, 
            208.2328, 
            5.6118, 
            324.5159, 
            121.9967, 
            534.2107, 
            147.1166, 
            4.5176, 
            12.678, 
            122.8585, 
            140.8222, 
            130.2762, 
            183.828, 
            51.4701, 
            61.0321, 
            155.5988, 
            243.2578, 
            475.2348, 
            3.4338, 
            96.4303, 
            136.1744, 
            158.2784, 
            60.376, 
            560.0015, 
            145.4743, 
            515.2013, 
            105.8449, 
            19.463, 
            54.8078, 
            446.3337, 
            267.7944, 
            174.444, 
            269.5541, 
            159.3813, 
            167.6576, 
            338.7799, 
            572.298, 
            157.1685, 
            2.0683, 
            9.0032, 
            240.7182, 
            21.9557, 
            125.319, 
            152.8243, 
            58.4437, 
            497.2691, 
            153.6789, 
            214.7514, 
            29.8169, 
            211.7297, 
            44.3252, 
            124.4666, 
            14.886, 
            22.9029, 
            366.3414, 
            29.7231, 
            110.2049, 
            293.118, 
            14.8869, 
            194.9454, 
            176.9595, 
            246.4043, 
            159.8358, 
            9.9347, 
            64.2917, 
            25.6002, 
            271.9571, 
            194.8557, 
            246.5912, 
            155.3629, 
            46.8343, 
            476.0211, 
            4.8918, 
            226.4613, 
            172.0815, 
            4.4257, 
            169.4005, 
            169.5901, 
            498.7872, 
            146.0986, 
            262.05, 
            2.5404, 
            121.411, 
            193.9702, 
            157.6838, 
            3.0538, 
            217.2382, 
            51.562, 
            6.0623, 
            5.3332, 
            145.7767, 
            326.693, 
            125.7586, 
            434.3222, 
            4.8678, 
            232.39, 
            4.107, 
            174.5, 
            269.4642, 
            86.7333, 
            285.7177, 
            428.8202, 
            188.505, 
            99.8169, 
            106.7937, 
            117.0278, 
            292.4703, 
            54.6807, 
            87.297, 
            146.9168, 
            53.4955, 
            292.7767, 
            149.5575, 
            40.0543, 
            6.3389, 
            170.5263, 
            296.5413, 
            111.1334, 
            121.9727, 
            91.769, 
            33.2294, 
            82.7337, 
            166.4837, 
            7.7733, 
            226.5318, 
            72.571, 
            297.1039, 
            129.4992, 
            26.9257, 
            6.9585, 
            48.1603, 
            182.6699, 
            167.5585, 
            8.286, 
            99.2188, 
            276.4931, 
            293.4824, 
            132.6395, 
            189.293, 
            464.5414, 
            38.8603, 
            25.4763, 
            32.0468, 
            180.5648, 
            124.8753, 
            513.5981, 
            141.5412, 
            443.1492, 
            116.8855, 
            184.0746, 
            88.001, 
            272.0473, 
            293.2403, 
            485.0019, 
            561.9789, 
            283.4267, 
            212.9052, 
            138.9016, 
            114.3641, 
            21.1172, 
            101.0533, 
            3.5833, 
            98.3563, 
            9.7463, 
            264.7386, 
            170.0915, 
            221.335, 
            29.7943, 
            154.3123, 
            342.0328, 
            276.4678, 
            251.5795, 
            6.4877, 
            299.564, 
            18.9315, 
            311.9775, 
            366.6551, 
            104.1651, 
            86.522, 
            233.2222, 
            12.0554, 
            106.927, 
            12.286, 
            290.448, 
            358.2983, 
            30.3253, 
            51.5183, 
            7.7239, 
            79.5737, 
            146.1657, 
            8.3798, 
            230.9319, 
            144.6116, 
            62.395, 
            253.9659, 
            161.9615, 
            5.7719, 
            123.5281, 
            32.1437, 
            132.586, 
            110.5127, 
            115.9607, 
            233.2483, 
            149.8282, 
            228.5432, 
            108.7973, 
            12.219, 
            312.0754, 
            32.9448, 
            344.3803, 
            202.5342, 
            223.549, 
            388.3511, 
            87.6058, 
            123.5856, 
            229.5749, 
            54.2422, 
            68.4203, 
            391.3144, 
            267.4781, 
            5.1224, 
            2.1407, 
            12.6922, 
            420.3047, 
            597.6958, 
            57.732, 
            4.1938, 
            2.6081, 
            51.7054, 
            3.1938, 
            115.9142, 
            228.3781, 
            202.7655, 
            334.5265, 
            169.4977, 
            81.6936, 
            234.6315, 
            232.2759, 
            51.017, 
            60.9898, 
            170.2939, 
            29.9787, 
            220.372, 
            66.6331, 
            117.8233, 
            42.7383, 
            462.9544, 
            267.0203, 
            167.0968, 
            179.9005, 
            51.1482, 
            119.8954, 
            13.4041, 
            146.0115, 
            250.0846, 
            17.9618, 
            190.0128, 
            84.0272, 
            167.5701, 
            185.7236, 
            397.1041, 
            232.7668, 
            72.2348, 
            361.1844, 
            232.821, 
            428.0721, 
            8.3785, 
            44.9548, 
            208.0153, 
            127.5141, 
            134.497, 
            194.1595, 
            128.2675, 
            42.938, 
            65.9145, 
            189.2747, 
            6.2833, 
            444.4824, 
            60.0937, 
            143.2442, 
            117.3878, 
            4.5555, 
            1.8024, 
            87.5328, 
            61.9954, 
            142.8461, 
            25.1742, 
            159.8539, 
            272.7057, 
            121.4178, 
            35.7229, 
            107.3097, 
            259.9265, 
            225.3559, 
            278.7678, 
            248.9852, 
            133.4338, 
            14.7295, 
            121.2631, 
            21.2512, 
            3.9947, 
            23.8436, 
            4.9745, 
            26.8084, 
            4.119, 
            89.8488, 
            15.9842, 
            139.3531, 
            29.0857, 
            160.2585, 
            183.9064, 
            45.5915, 
            320.988, 
            163.7126, 
            259.2822, 
            119.3029, 
            123.368, 
            137.7409, 
            256.4557, 
            24.2842, 
            8.2971, 
            64.2065, 
            43.9757, 
            137.391, 
            1.2867, 
            186.2884, 
            24.606, 
            171.0589, 
            55.8576, 
            53.0927, 
            49.8613, 
            277.0795, 
            227.7339, 
            180.5001, 
            172.814
        ], 
        "x": [
            9.0, 
            2.0, 
            412.0, 
            93.0, 
            704.0, 
            111.0, 
            338.0, 
            48.0, 
            49.0, 
            59.0, 
            277.0, 
            104.0, 
            81.0, 
            245.0, 
            327.0, 
            1.0, 
            355.0, 
            17.0, 
            316.0, 
            49.0, 
            37.0, 
            133.0, 
            15.0, 
            14.0, 
            118.0, 
            142.0, 
            0.0, 
            43.0, 
            337.0, 
            638.0, 
            217.0, 
            444.0, 
            436.0, 
            289.0, 
            103.0, 
            265.0, 
            151.0, 
            9.0, 
            725.0, 
            47.0, 
            118.0, 
            2.0, 
            214.0, 
            78.0, 
            3.0, 
            232.0, 
            9.0, 
            194.0, 
            250.0, 
            21.0, 
            15.0, 
            105.0, 
            78.0, 
            453.0, 
            149.0, 
            292.0, 
            2.0, 
            6.0, 
            131.0, 
            43.0, 
            183.0, 
            319.0, 
            4.0, 
            221.0, 
            7.0, 
            189.0, 
            283.0, 
            7.0, 
            25.0, 
            112.0, 
            137.0, 
            300.0, 
            787.0, 
            215.0, 
            303.0, 
            50.0, 
            236.0, 
            178.0, 
            93.0, 
            128.0, 
            5.0, 
            88.0, 
            62.0, 
            199.0, 
            17.0, 
            206.0, 
            220.0, 
            78.0, 
            122.0, 
            86.0, 
            48.0, 
            49.0, 
            322.0, 
            237.0, 
            84.0, 
            7.0, 
            56.0, 
            1.0, 
            154.0, 
            61.0, 
            19.0, 
            162.0, 
            478.0, 
            135.0, 
            1.0, 
            79.0, 
            282.0, 
            387.0, 
            298.0, 
            255.0, 
            115.0, 
            362.0, 
            216.0, 
            6.0, 
            319.0, 
            91.0, 
            255.0, 
            57.0, 
            21.0, 
            2.0, 
            134.0, 
            71.0, 
            399.0, 
            54.0, 
            10.0, 
            453.0, 
            3.0, 
            323.0, 
            4.0, 
            167.0, 
            6.0, 
            126.0, 
            352.0, 
            307.0, 
            48.0, 
            88.0, 
            90.0, 
            232.0, 
            142.0, 
            3.0, 
            28.0, 
            40.0, 
            114.0, 
            126.0, 
            63.0, 
            398.0, 
            2.0, 
            294.0, 
            164.0, 
            169.0, 
            383.0, 
            29.0, 
            209.0, 
            135.0, 
            7.0, 
            41.0, 
            76.0, 
            112.0, 
            4.0, 
            69.0, 
            32.0, 
            169.0, 
            5.0, 
            323.0, 
            308.0, 
            50.0, 
            1.0, 
            210.0, 
            273.0, 
            62.0, 
            195.0, 
            3.0, 
            130.0, 
            362.0, 
            130.0, 
            161.0, 
            44.0, 
            117.0, 
            7.0, 
            216.0, 
            166.0, 
            222.0, 
            189.0, 
            4.0, 
            300.0, 
            105.0, 
            260.0, 
            50.0, 
            415.0, 
            4.0, 
            119.0, 
            99.0, 
            575.0, 
            253.0, 
            147.0, 
            167.0, 
            2.0, 
            73.0, 
            217.0, 
            10.0, 
            787.0, 
            572.0, 
            43.0, 
            91.0, 
            51.0, 
            98.0, 
            58.0, 
            53.0, 
            113.0, 
            9.0, 
            114.0, 
            287.0, 
            129.0, 
            127.0, 
            130.0, 
            237.0, 
            51.0, 
            144.0, 
            59.0, 
            221.0, 
            292.0, 
            29.0, 
            214.0, 
            334.0, 
            69.0, 
            204.0, 
            256.0, 
            340.0, 
            119.0, 
            2.0, 
            142.0, 
            48.0, 
            193.0, 
            265.0, 
            202.0, 
            260.0, 
            6.0, 
            6.0, 
            429.0, 
            3.0, 
            156.0, 
            297.0, 
            154.0, 
            8.0, 
            458.0, 
            383.0, 
            235.0, 
            341.0, 
            19.0, 
            43.0, 
            232.0, 
            342.0, 
            71.0, 
            111.0, 
            176.0, 
            312.0, 
            10.0, 
            238.0, 
            174.0, 
            230.0, 
            151.0, 
            266.0, 
            462.0, 
            16.0, 
            14.0, 
            304.0, 
            522.0, 
            749.0, 
            254.0, 
            1.0, 
            478.0, 
            98.0, 
            129.0, 
            21.0, 
            64.0, 
            1.0, 
            52.0, 
            85.0, 
            131.0, 
            169.0, 
            50.0, 
            175.0, 
            256.0, 
            107.0, 
            212.0, 
            12.0, 
            27.0, 
            310.0, 
            359.0, 
            127.0, 
            17.0, 
            111.0, 
            510.0, 
            18.0, 
            383.0, 
            1.0, 
            4.0, 
            177.0, 
            8.0, 
            261.0, 
            175.0, 
            76.0, 
            384.0, 
            219.0, 
            66.0, 
            104.0, 
            111.0, 
            41.0, 
            617.0, 
            510.0, 
            146.0, 
            86.0, 
            281.0, 
            8.0, 
            258.0, 
            208.0, 
            270.0, 
            155.0, 
            51.0, 
            328.0, 
            37.0, 
            690.0, 
            248.0, 
            214.0, 
            127.0, 
            187.0, 
            211.0, 
            363.0, 
            144.0, 
            725.0, 
            202.0, 
            163.0, 
            147.0, 
            112.0, 
            6.0, 
            349.0, 
            119.0, 
            372.0, 
            137.0, 
            4.0, 
            794.0, 
            159.0, 
            184.0, 
            96.0, 
            257.0, 
            117.0, 
            219.0, 
            114.0, 
            245.0, 
            12.0, 
            81.0, 
            5.0, 
            604.0, 
            104.0, 
            296.0, 
            110.0, 
            163.0, 
            206.0, 
            200.0, 
            668.0, 
            281.0, 
            107.0, 
            130.0, 
            6.0, 
            117.0, 
            107.0, 
            156.0, 
            268.0, 
            7.0, 
            283.0, 
            71.0, 
            72.0, 
            225.0, 
            83.0, 
            133.0, 
            1.0, 
            70.0, 
            37.0, 
            288.0, 
            225.0, 
            115.0, 
            3.0, 
            272.0, 
            74.0, 
            5.0, 
            156.0, 
            240.0, 
            298.0, 
            152.0, 
            50.0, 
            271.0, 
            81.0, 
            255.0, 
            12.0, 
            27.0, 
            97.0, 
            221.0, 
            232.0, 
            284.0, 
            4.0, 
            17.0, 
            253.0, 
            18.0, 
            157.0, 
            43.0, 
            71.0, 
            103.0, 
            55.0, 
            113.0, 
            301.0, 
            351.0, 
            194.0, 
            20.0, 
            3.0, 
            248.0, 
            19.0, 
            39.0, 
            137.0, 
            371.0, 
            151.0, 
            351.0, 
            13.0, 
            163.0, 
            4.0, 
            27.0, 
            8.0, 
            213.0, 
            67.0, 
            88.0, 
            290.0, 
            15.0, 
            8.0, 
            66.0, 
            158.0, 
            73.0, 
            156.0, 
            138.0, 
            89.0, 
            224.0, 
            167.0, 
            73.0, 
            140.0, 
            207.0, 
            358.0, 
            351.0, 
            280.0, 
            46.0, 
            16.0, 
            9.0, 
            5.0, 
            120.0, 
            262.0, 
            42.0, 
            12.0, 
            21.0, 
            128.0, 
            322.0, 
            89.0, 
            253.0, 
            343.0, 
            7.0, 
            149.0, 
            410.0, 
            232.0, 
            5.0, 
            192.0, 
            214.0, 
            63.0, 
            22.0, 
            81.0, 
            138.0, 
            81.0, 
            106.0, 
            77.0, 
            43.0, 
            412.0, 
            62.0, 
            9.0, 
            48.0, 
            8.0, 
            104.0, 
            63.0, 
            110.0, 
            206.0, 
            3.0, 
            152.0, 
            14.0, 
            278.0, 
            132.0, 
            449.0, 
            133.0, 
            107.0, 
            137.0, 
            55.0, 
            323.0, 
            31.0, 
            133.0, 
            128.0, 
            39.0, 
            17.0, 
            68.0, 
            43.0, 
            576.0, 
            115.0, 
            31.0, 
            23.0, 
            75.0, 
            4.0, 
            3.0, 
            7.0, 
            11.0, 
            96.0, 
            345.0, 
            3.0, 
            124.0, 
            4.0, 
            34.0, 
            67.0, 
            20.0, 
            155.0, 
            833.0, 
            50.0, 
            201.0, 
            317.0, 
            241.0, 
            279.0, 
            782.0, 
            133.0, 
            90.0, 
            45.0, 
            12.0, 
            313.0, 
            52.0, 
            19.0, 
            129.0, 
            1.0, 
            11.0, 
            9.0, 
            144.0, 
            34.0, 
            661.0, 
            19.0, 
            61.0, 
            3.0, 
            320.0, 
            4.0, 
            78.0, 
            39.0, 
            22.0, 
            19.0, 
            12.0, 
            150.0, 
            6.0, 
            3.0, 
            169.0, 
            418.0, 
            143.0, 
            286.0, 
            203.0, 
            26.0, 
            28.0, 
            22.0, 
            234.0, 
            2.0, 
            102.0, 
            15.0, 
            190.0, 
            276.0, 
            3.0, 
            166.0, 
            86.0, 
            368.0, 
            169.0, 
            5.0, 
            22.0, 
            348.0, 
            189.0, 
            6.0, 
            92.0, 
            120.0, 
            271.0, 
            240.0, 
            5.0, 
            28.0, 
            260.0, 
            243.0, 
            151.0, 
            21.0, 
            162.0, 
            38.0, 
            10.0, 
            26.0, 
            5.0, 
            2.0, 
            349.0, 
            6.0, 
            42.0, 
            428.0, 
            4.0, 
            233.0, 
            70.0, 
            5.0, 
            110.0, 
            2.0, 
            262.0, 
            259.0, 
            290.0, 
            145.0, 
            71.0, 
            4.0, 
            158.0, 
            98.0, 
            48.0, 
            26.0, 
            4.0, 
            258.0, 
            150.0, 
            414.0, 
            51.0, 
            153.0, 
            378.0, 
            3.0, 
            141.0, 
            7.0, 
            199.0, 
            143.0, 
            343.0, 
            13.0, 
            60.0, 
            18.0, 
            357.0, 
            17.0, 
            288.0, 
            1.0, 
            34.0, 
            525.0, 
            1.0, 
            95.0, 
            365.0, 
            178.0, 
            57.0, 
            107.0, 
            391.0, 
            115.0, 
            275.0, 
            176.0, 
            577.0, 
            48.0, 
            85.0, 
            164.0, 
            63.0, 
            76.0, 
            79.0, 
            56.0, 
            226.0, 
            6.0, 
            17.0, 
            269.0, 
            132.0, 
            176.0, 
            19.0, 
            74.0, 
            675.0, 
            44.0, 
            244.0, 
            142.0, 
            256.0, 
            7.0, 
            405.0, 
            95.0, 
            513.0, 
            150.0, 
            3.0, 
            8.0, 
            105.0, 
            106.0, 
            189.0, 
            204.0, 
            31.0, 
            33.0, 
            144.0, 
            112.0, 
            308.0, 
            9.0, 
            71.0, 
            161.0, 
            130.0, 
            49.0, 
            321.0, 
            144.0, 
            343.0, 
            73.0, 
            47.0, 
            67.0, 
            508.0, 
            302.0, 
            163.0, 
            283.0, 
            105.0, 
            153.0, 
            554.0, 
            733.0, 
            222.0, 
            1.0, 
            10.0, 
            324.0, 
            38.0, 
            88.0, 
            153.0, 
            50.0, 
            458.0, 
            125.0, 
            243.0, 
            24.0, 
            192.0, 
            14.0, 
            76.0, 
            9.0, 
            23.0, 
            323.0, 
            24.0, 
            107.0, 
            266.0, 
            8.0, 
            270.0, 
            232.0, 
            267.0, 
            187.0, 
            8.0, 
            96.0, 
            39.0, 
            171.0, 
            262.0, 
            148.0, 
            151.0, 
            56.0, 
            377.0, 
            9.0, 
            236.0, 
            216.0, 
            7.0, 
            187.0, 
            141.0, 
            378.0, 
            107.0, 
            288.0, 
            1.0, 
            112.0, 
            114.0, 
            142.0, 
            3.0, 
            218.0, 
            60.0, 
            7.0, 
            6.0, 
            113.0, 
            283.0, 
            108.0, 
            246.0, 
            1.0, 
            268.0, 
            13.0, 
            167.0, 
            244.0, 
            100.0, 
            317.0, 
            335.0, 
            161.0, 
            81.0, 
            150.0, 
            100.0, 
            350.0, 
            17.0, 
            81.0, 
            133.0, 
            56.0, 
            421.0, 
            176.0, 
            33.0, 
            5.0, 
            209.0, 
            256.0, 
            71.0, 
            68.0, 
            76.0, 
            45.0, 
            108.0, 
            187.0, 
            5.0, 
            227.0, 
            40.0, 
            253.0, 
            127.0, 
            31.0, 
            4.0, 
            72.0, 
            175.0, 
            262.0, 
            11.0, 
            122.0, 
            245.0, 
            359.0, 
            106.0, 
            208.0, 
            523.0, 
            17.0, 
            27.0, 
            46.0, 
            161.0, 
            146.0, 
            450.0, 
            137.0, 
            308.0, 
            97.0, 
            143.0, 
            69.0, 
            360.0, 
            156.0, 
            379.0, 
            392.0, 
            324.0, 
            194.0, 
            84.0, 
            129.0, 
            55.0, 
            94.0, 
            1.0, 
            81.0, 
            5.0, 
            473.0, 
            144.0, 
            293.0, 
            44.0, 
            207.0, 
            233.0, 
            331.0, 
            300.0, 
            8.0, 
            309.0, 
            24.0, 
            287.0, 
            455.0, 
            96.0, 
            104.0, 
            260.0, 
            11.0, 
            106.0, 
            22.0, 
            314.0, 
            343.0, 
            58.0, 
            31.0, 
            2.0, 
            64.0, 
            72.0, 
            13.0, 
            239.0, 
            156.0, 
            57.0, 
            312.0, 
            252.0, 
            4.0, 
            85.0, 
            26.0, 
            117.0, 
            95.0, 
            150.0, 
            273.0, 
            203.0, 
            238.0, 
            129.0, 
            3.0, 
            229.0, 
            34.0, 
            449.0, 
            218.0, 
            374.0, 
            390.0, 
            128.0, 
            95.0, 
            267.0, 
            27.0, 
            66.0, 
            454.0, 
            381.0, 
            4.0, 
            2.0, 
            12.0, 
            481.0, 
            515.0, 
            63.0, 
            7.0, 
            8.0, 
            31.0, 
            1.0, 
            101.0, 
            177.0, 
            132.0, 
            334.0, 
            65.0, 
            105.0, 
            127.0, 
            281.0, 
            40.0, 
            61.0, 
            252.0, 
            23.0, 
            175.0, 
            73.0, 
            169.0, 
            47.0, 
            601.0, 
            248.0, 
            134.0, 
            151.0, 
            31.0, 
            118.0, 
            14.0, 
            112.0, 
            225.0, 
            16.0, 
            241.0, 
            23.0, 
            198.0, 
            180.0, 
            483.0, 
            175.0, 
            90.0, 
            405.0, 
            390.0, 
            625.0, 
            8.0, 
            54.0, 
            194.0, 
            163.0, 
            211.0, 
            121.0, 
            220.0, 
            63.0, 
            85.0, 
            296.0, 
            5.0, 
            352.0, 
            66.0, 
            157.0, 
            126.0, 
            2.0, 
            1.0, 
            83.0, 
            40.0, 
            100.0, 
            19.0, 
            174.0, 
            308.0, 
            106.0, 
            24.0, 
            92.0, 
            218.0, 
            210.0, 
            335.0, 
            219.0, 
            93.0, 
            4.0, 
            97.0, 
            19.0, 
            10.0, 
            13.0, 
            9.0, 
            20.0, 
            5.0, 
            43.0, 
            15.0, 
            159.0, 
            40.0, 
            169.0, 
            203.0, 
            23.0, 
            364.0, 
            183.0, 
            177.0, 
            74.0, 
            112.0, 
            108.0, 
            185.0, 
            22.0, 
            3.0, 
            84.0, 
            64.0, 
            146.0, 
            0.0, 
            183.0, 
            23.0, 
            155.0, 
            76.0, 
            60.0, 
            38.0, 
            176.0, 
            181.0, 
            121.0, 
            119.0
        ]
    }, 
    "regression_performance": {
        "max_error": 157.21454571428566, 
        "median_error": -1.1413723776223783, 
        "error_distribution": [
            {
                "count": 83, 
                "bin_max": -104.2674205714286, 
                "bin_id": 0, 
                "bin_min": -133.61150789904764
            }, 
            {
                "count": 67, 
                "bin_max": -75.213868761904791, 
                "bin_id": 1, 
                "bin_min": -104.2674205714286
            }, 
            {
                "count": 157, 
                "bin_max": -46.160316952380981, 
                "bin_id": 2, 
                "bin_min": -75.213868761904791
            }, 
            {
                "count": 344, 
                "bin_max": -17.106765142857171, 
                "bin_id": 3, 
                "bin_min": -46.160316952380981
            }, 
            {
                "count": 855, 
                "bin_max": 11.94678666666664, 
                "bin_id": 4, 
                "bin_min": -17.106765142857171
            }, 
            {
                "count": 319, 
                "bin_max": 41.00033847619045, 
                "bin_id": 5, 
                "bin_min": 11.94678666666664
            }, 
            {
                "count": 170, 
                "bin_max": 70.05389028571426, 
                "bin_id": 6, 
                "bin_min": 41.00033847619045
            }, 
            {
                "count": 87, 
                "bin_max": 99.107442095238071, 
                "bin_id": 7, 
                "bin_min": 70.05389028571426
            }, 
            {
                "count": 43, 
                "bin_max": 128.16099390476188, 
                "bin_id": 8, 
                "bin_min": 99.107442095238071
            }, 
            {
                "count": 70, 
                "bin_max": 157.21454571428566, 
                "bin_id": 9, 
                "bin_min": 128.16099390476188
            }
        ], 
        "min_error": -133.32097238095241, 
        "average_error": 0.7725292366227863, 
        "std_error": 53.39285601503908, 
        "p75_error": 21.191166666666646, 
        "p90_error": 65.386394805194783, 
        "p25_error": -24.275119047619057
    }
}