{
  "trainedWithDSSVersion": "4.1.4",
  "isValid": true,
  "type": "REGRESSION",
  "algorithm_name": "FOREST_REGRESSOR",
  "columns": [
    "item_category_id",
    "item_category_name_len",
    "item_category_name_tfidf_0",
    "item_category_name_tfidf_1",
    "item_category_name_tfidf_10",
    "item_category_name_tfidf_11",
    "item_category_name_tfidf_12",
    "item_category_name_tfidf_13",
    "item_category_name_tfidf_14",
    "item_category_name_tfidf_15",
    "item_category_name_tfidf_16",
    "item_category_name_tfidf_17",
    "item_category_name_tfidf_18",
    "item_category_name_tfidf_2",
    "item_category_name_tfidf_20",
    "item_category_name_tfidf_21",
    "item_category_name_tfidf_22",
    "item_category_name_tfidf_23",
    "item_category_name_tfidf_24",
    "item_category_name_tfidf_3",
    "item_category_name_tfidf_5",
    "item_category_name_tfidf_6",
    "item_category_name_tfidf_7",
    "item_category_name_tfidf_8",
    "item_category_name_tfidf_9",
    "item_category_name_wc",
    "item_cnt_month_avg",
    "item_cnt_prev_month",
    "item_id",
    "item_name_len",
    "item_name_tfidf_0",
    "item_name_tfidf_1",
    "item_name_tfidf_10",
    "item_name_tfidf_11",
    "item_name_tfidf_12",
    "item_name_tfidf_13",
    "item_name_tfidf_14",
    "item_name_tfidf_15",
    "item_name_tfidf_16",
    "item_name_tfidf_17",
    "item_name_tfidf_18",
    "item_name_tfidf_19",
    "item_name_tfidf_2",
    "item_name_tfidf_20",
    "item_name_tfidf_21",
    "item_name_tfidf_22",
    "item_name_tfidf_23",
    "item_name_tfidf_24",
    "item_name_tfidf_3",
    "item_name_tfidf_4",
    "item_name_tfidf_5",
    "item_name_tfidf_6",
    "item_name_tfidf_7",
    "item_name_tfidf_8",
    "item_name_tfidf_9",
    "item_name_wc",
    "shop_id",
    "shop_name_len",
    "shop_name_tfidf_0",
    "shop_name_tfidf_1",
    "shop_name_tfidf_10",
    "shop_name_tfidf_11",
    "shop_name_tfidf_12",
    "shop_name_tfidf_13",
    "shop_name_tfidf_14",
    "shop_name_tfidf_15",
    "shop_name_tfidf_16",
    "shop_name_tfidf_17",
    "shop_name_tfidf_18",
    "shop_name_tfidf_19",
    "shop_name_tfidf_2",
    "shop_name_tfidf_20",
    "shop_name_tfidf_21",
    "shop_name_tfidf_22",
    "shop_name_tfidf_23",
    "shop_name_tfidf_24",
    "shop_name_tfidf_3",
    "shop_name_tfidf_4",
    "shop_name_tfidf_5",
    "shop_name_tfidf_6",
    "shop_name_tfidf_7",
    "shop_name_tfidf_8",
    "shop_name_tfidf_9",
    "shop_name_wc",
    "dummy:shop_name:Москва ТЦ \"Семеновский\"",
    "dummy:shop_name:Москва ТРК \"Атриум\"",
    "dummy:shop_name:Химки ТЦ \"Мега\"",
    "dummy:shop_name:Москва ТЦ \"МЕГА Теплый Стан\" II",
    "dummy:shop_name:Якутск Орджоникидзе, 56",
    "dummy:shop_name:СПб ТК \"Невский Центр\"",
    "dummy:shop_name:Москва ТЦ \"МЕГА Белая Дача II\"",
    "dummy:shop_name:Воронеж (Плехановская, 13)",
    "dummy:shop_name:Чехов ТРЦ \"Карнавал\"",
    "dummy:shop_name:Москва МТРЦ \"Афи Молл\"",
    "dummy:shop_name:Сергиев Посад ТЦ \"7Я\"",
    "dummy:shop_name:Тюмень ТЦ \"Гудвин\"",
    "dummy:shop_name:Курск ТЦ \"Пушкинский\"",
    "dummy:shop_name:Якутск ТЦ \"Центральный\"",
    "dummy:shop_name:Н.Новгород ТРЦ \"Фантастика\"",
    "dummy:shop_name:Воронеж ТРЦ \"Максимир\"",
    "dummy:shop_name:Москва ТЦ \"Ареал\" (Беляево)",
    "dummy:shop_name:Коломна ТЦ \"Рио\"",
    "dummy:shop_name:Москва ТЦ \"Перловский\"",
    "dummy:shop_name:Сургут ТРЦ \"Сити Молл\"",
    "dummy:shop_name:Уфа ТЦ \"Семья\" 2",
    "dummy:shop_name:Красноярск ТЦ \"Июнь\"",
    "dummy:shop_name:Калуга ТРЦ \"XXI век\"",
    "dummy:shop_name:Тюмень ТЦ \"Зеленый Берег\"",
    "dummy:shop_name:Москва ТК \"Буденовский\" (пав.К7)",
    "dummy:shop_name:Уфа ТК \"Центральный\"",
    "dummy:shop_name:Москва ТЦ \"Новый век\" (Новокосино)",
    "dummy:shop_name:Самара ТЦ \"Мелодия\"",
    "dummy:shop_name:Омск ТЦ \"Мега\"",
    "dummy:shop_name:Ярославль ТЦ \"Альтаир\"",
    "dummy:shop_name:Новосибирск ТЦ \"Мега\"",
    "dummy:shop_name:Москва Магазин С21",
    "dummy:shop_name:РостовНаДону ТЦ \"Мега\"",
    "dummy:shop_name:Волжский ТЦ \"Волга Молл\"",
    "dummy:shop_name:Вологда ТРЦ \"Мармелад\"",
    "dummy:shop_name:Самара ТЦ \"ПаркХаус\"",
    "dummy:shop_name:Казань ТЦ \"ПаркХаус\" II",
    "dummy:shop_name:СПб ТК \"Сенная\"",
    "dummy:shop_name:Интернет-магазин ЧС",
    "dummy:shop_name:Балашиха ТРК \"Октябрь-Киномир\"",
    "dummy:shop_name:Жуковский ул. Чкалова 39м?",
    "dummy:shop_name:Красноярск ТЦ \"Взлетка Плаза\"",
    "dummy:shop_name:Адыгея ТЦ \"Мега\"",
    "dummy:shop_name:Томск ТРЦ \"Изумрудный Город\"",
    "dummy:shop_name:Цифровой склад 1С-Онлайн",
    "dummy:shop_name:Казань ТЦ \"Бехетле\"",
    "dummy:shop_name:Тюмень ТРЦ \"Кристалл\"",
    "dummy:shop_name:РостовНаДону ТРК \"Мегацентр Горизонт\"",
    "dummy:shop_name:Москва ТЦ \"Серебряный Дом\"",
    "dummy:shop_name:Москва ТК \"Буденовский\" (пав.А2)",
    "dummy:shop_name:!Якутск Орджоникидзе, 56 фран",
    "dummy:shop_name:Н.Новгород ТРЦ \"РИО\"",
    "dummy:shop_name:!Якутск ТЦ \"Центральный\" фран",
    "dummy:shop_name:Мытищи ТРК \"XL-3\"",
    "dummy:shop_name:Воронеж ТРЦ Сити-Парк \"Град\"",
    "dummy:shop_name:РостовНаДону ТРК \"Мегацентр Горизонт\" Островной",
    "dummy:shop_name:Выездная Торговля",
    "dummy:shop_name:Москва \"Распродажа\"",
    "dummy:shop_name:Новосибирск ТРЦ \"Галерея Новосибирск\"",
    "dummy:shop_name:Жуковский ул. Чкалова 39м²",
    "dummy:shop_name:N/A",
    "dummy:shop_name:__Others__"
  ]
}