[
    {
        "parameters": {
            "max_features": "auto", 
            "min_samples_split": 3, 
            "n_estimators": 100, 
            "max_depth": 5, 
            "min_samples_leaf": 1
        }, 
        "score_time": 964, 
        "test_score": 0.537736734668685, 
        "fit_time": 171016, 
        "num_samples": 26670, 
        "best_iteration": null, 
        "train_score": 0.8359391873486804, 
        "parameter_id": 0, 
        "time": 171980, 
        "done_at": 1523122731266, 
        "grid_point_id": "{\"max_features\": \"auto\", \"min_samples_split\": 3, \"n_estimators\": 100, \"max_depth\": 5, \"min_samples_leaf\": 1}@0"
    }, 
    {
        "parameters": {
            "max_features": "auto", 
            "min_samples_split": 3, 
            "n_estimators": 100, 
            "max_depth": 5, 
            "min_samples_leaf": 1
        }, 
        "score_time": 995, 
        "test_score": 0.7217673718538298, 
        "fit_time": 172451, 
        "num_samples": 26670, 
        "best_iteration": null, 
        "train_score": 0.795487039556691, 
        "parameter_id": 0, 
        "time": 173446, 
        "done_at": 1523122733114, 
        "grid_point_id": "{\"max_features\": \"auto\", \"min_samples_split\": 3, \"n_estimators\": 100, \"max_depth\": 5, \"min_samples_leaf\": 1}@2"
    }, 
    {
        "parameters": {
            "max_features": "auto", 
            "min_samples_split": 3, 
            "n_estimators": 100, 
            "max_depth": 5, 
            "min_samples_leaf": 1
        }, 
        "score_time": 1304, 
        "test_score": 0.7527101840252461, 
        "fit_time": 174238, 
        "num_samples": 26670, 
        "best_iteration": null, 
        "train_score": 0.758578307655963, 
        "parameter_id": 0, 
        "time": 175542, 
        "done_at": 1523122735605, 
        "grid_point_id": "{\"max_features\": \"auto\", \"min_samples_split\": 3, \"n_estimators\": 100, \"max_depth\": 5, \"min_samples_leaf\": 1}@1"
    }, 
    {
        "parameters": {
            "max_features": "auto", 
            "min_samples_split": 3, 
            "n_estimators": 100, 
            "max_depth": 10, 
            "min_samples_leaf": 1
        }, 
        "score_time": 1500, 
        "test_score": 0.5436609983477436, 
        "fit_time": 314037, 
        "num_samples": 26670, 
        "best_iteration": null, 
        "train_score": 0.8677667356244665, 
        "parameter_id": 1, 
        "time": 315537, 
        "done_at": 1523122876364, 
        "grid_point_id": "{\"max_features\": \"auto\", \"min_samples_split\": 3, \"n_estimators\": 100, \"max_depth\": 10, \"min_samples_leaf\": 1}@0"
    }, 
    {
        "parameters": {
            "max_features": "auto", 
            "min_samples_split": 3, 
            "n_estimators": 100, 
            "max_depth": 10, 
            "min_samples_leaf": 1
        }, 
        "score_time": 1167, 
        "test_score": 0.6807570351673526, 
        "fit_time": 316091, 
        "num_samples": 26670, 
        "best_iteration": null, 
        "train_score": 0.845752452482106, 
        "parameter_id": 1, 
        "time": 317258, 
        "done_at": 1523123052528, 
        "grid_point_id": "{\"max_features\": \"auto\", \"min_samples_split\": 3, \"n_estimators\": 100, \"max_depth\": 10, \"min_samples_leaf\": 1}@2"
    }, 
    {
        "parameters": {
            "max_features": "auto", 
            "min_samples_split": 3, 
            "n_estimators": 100, 
            "max_depth": 10, 
            "min_samples_leaf": 1
        }, 
        "score_time": 1380, 
        "test_score": 0.7298562267666221, 
        "fit_time": 319836, 
        "num_samples": 26670, 
        "best_iteration": null, 
        "train_score": 0.8164778184718077, 
        "parameter_id": 1, 
        "time": 321216, 
        "done_at": 1523123055096, 
        "grid_point_id": "{\"max_features\": \"auto\", \"min_samples_split\": 3, \"n_estimators\": 100, \"max_depth\": 10, \"min_samples_leaf\": 1}@1"
    }, 
    {
        "parameters": {
            "max_features": "auto", 
            "min_samples_split": 3, 
            "n_estimators": 100, 
            "max_depth": 15, 
            "min_samples_leaf": 1
        }, 
        "score_time": 1465, 
        "test_score": 0.5272807138941511, 
        "fit_time": 394377, 
        "num_samples": 26670, 
        "best_iteration": null, 
        "train_score": 0.8846194603171462, 
        "parameter_id": 2, 
        "time": 395842, 
        "done_at": 1523123133311, 
        "grid_point_id": "{\"max_features\": \"auto\", \"min_samples_split\": 3, \"n_estimators\": 100, \"max_depth\": 15, \"min_samples_leaf\": 1}@0"
    }, 
    {
        "parameters": {
            "max_features": "auto", 
            "min_samples_split": 3, 
            "n_estimators": 100, 
            "max_depth": 15, 
            "min_samples_leaf": 1
        }, 
        "score_time": 1124, 
        "test_score": 0.7179901091622771, 
        "fit_time": 340034, 
        "num_samples": 26670, 
        "best_iteration": null, 
        "train_score": 0.8436905945367961, 
        "parameter_id": 2, 
        "time": 341158, 
        "done_at": 1523123219475, 
        "grid_point_id": "{\"max_features\": \"auto\", \"min_samples_split\": 3, \"n_estimators\": 100, \"max_depth\": 15, \"min_samples_leaf\": 1}@1"
    }, 
    {
        "parameters": {
            "max_features": "auto", 
            "min_samples_split": 3, 
            "n_estimators": 100, 
            "max_depth": 15, 
            "min_samples_leaf": 1
        }, 
        "score_time": 1628, 
        "test_score": 0.6653208250228843, 
        "fit_time": 275243, 
        "num_samples": 26670, 
        "best_iteration": null, 
        "train_score": 0.8718676096248152, 
        "parameter_id": 2, 
        "time": 276871, 
        "done_at": 1523123332156, 
        "grid_point_id": "{\"max_features\": \"auto\", \"min_samples_split\": 3, \"n_estimators\": 100, \"max_depth\": 15, \"min_samples_leaf\": 1}@2"
    }, 
    {
        "parameters": {
            "max_features": "auto", 
            "min_samples_split": 3, 
            "n_estimators": 100, 
            "max_depth": 20, 
            "min_samples_leaf": 1
        }, 
        "score_time": 1117, 
        "test_score": 0.5163045232258727, 
        "fit_time": 334403, 
        "num_samples": 26670, 
        "best_iteration": null, 
        "train_score": 0.8931324315683783, 
        "parameter_id": 3, 
        "time": 335520, 
        "done_at": 1523123393086, 
        "grid_point_id": "{\"max_features\": \"auto\", \"min_samples_split\": 3, \"n_estimators\": 100, \"max_depth\": 20, \"min_samples_leaf\": 1}@0"
    }, 
    {
        "parameters": {
            "max_features": "auto", 
            "min_samples_split": 30, 
            "n_estimators": 100, 
            "max_depth": 5, 
            "min_samples_leaf": 10
        }, 
        "score_time": 788, 
        "test_score": 0.5098668487468152, 
        "fit_time": 111629, 
        "num_samples": 26670, 
        "best_iteration": null, 
        "train_score": 0.5256595691626709, 
        "parameter_id": 4, 
        "time": 112417, 
        "done_at": 1523123445713, 
        "grid_point_id": "{\"max_features\": \"auto\", \"min_samples_split\": 30, \"n_estimators\": 100, \"max_depth\": 5, \"min_samples_leaf\": 10}@0"
    }, 
    {
        "parameters": {
            "max_features": "auto", 
            "min_samples_split": 3, 
            "n_estimators": 100, 
            "max_depth": 20, 
            "min_samples_leaf": 1
        }, 
        "score_time": 1521, 
        "test_score": 0.7134648188295587, 
        "fit_time": 320306, 
        "num_samples": 26670, 
        "best_iteration": null, 
        "train_score": 0.8570745955747852, 
        "parameter_id": 3, 
        "time": 321827, 
        "done_at": 1523123457357, 
        "grid_point_id": "{\"max_features\": \"auto\", \"min_samples_split\": 3, \"n_estimators\": 100, \"max_depth\": 20, \"min_samples_leaf\": 1}@1"
    }, 
    {
        "parameters": {
            "max_features": "auto", 
            "min_samples_split": 30, 
            "n_estimators": 100, 
            "max_depth": 5, 
            "min_samples_leaf": 10
        }, 
        "score_time": 1073, 
        "test_score": 0.4535428269759866, 
        "fit_time": 132099, 
        "num_samples": 26670, 
        "best_iteration": null, 
        "train_score": 0.4643571204387308, 
        "parameter_id": 4, 
        "time": 133172, 
        "done_at": 1523123528007, 
        "grid_point_id": "{\"max_features\": \"auto\", \"min_samples_split\": 30, \"n_estimators\": 100, \"max_depth\": 5, \"min_samples_leaf\": 10}@1"
    }, 
    {
        "parameters": {
            "max_features": "auto", 
            "min_samples_split": 30, 
            "n_estimators": 100, 
            "max_depth": 5, 
            "min_samples_leaf": 10
        }, 
        "score_time": 867, 
        "test_score": 0.40630140644512724, 
        "fit_time": 148943, 
        "num_samples": 26670, 
        "best_iteration": null, 
        "train_score": 0.5339601178997396, 
        "parameter_id": 4, 
        "time": 149810, 
        "done_at": 1523123597257, 
        "grid_point_id": "{\"max_features\": \"auto\", \"min_samples_split\": 30, \"n_estimators\": 100, \"max_depth\": 5, \"min_samples_leaf\": 10}@2"
    }, 
    {
        "parameters": {
            "max_features": "auto", 
            "min_samples_split": 3, 
            "n_estimators": 100, 
            "max_depth": 20, 
            "min_samples_leaf": 1
        }, 
        "score_time": 1925, 
        "test_score": 0.6600762651807979, 
        "fit_time": 377041, 
        "num_samples": 26670, 
        "best_iteration": null, 
        "train_score": 0.8845319880528819, 
        "parameter_id": 3, 
        "time": 378966, 
        "done_at": 1523123602572, 
        "grid_point_id": "{\"max_features\": \"auto\", \"min_samples_split\": 3, \"n_estimators\": 100, \"max_depth\": 20, \"min_samples_leaf\": 1}@2"
    }, 
    {
        "parameters": {
            "max_features": "auto", 
            "min_samples_split": 30, 
            "n_estimators": 100, 
            "max_depth": 10, 
            "min_samples_leaf": 10
        }, 
        "score_time": 1275, 
        "test_score": 0.4964089880031146, 
        "fit_time": 244425, 
        "num_samples": 26670, 
        "best_iteration": null, 
        "train_score": 0.5357366383561608, 
        "parameter_id": 5, 
        "time": 245700, 
        "done_at": 1523123704873, 
        "grid_point_id": "{\"max_features\": \"auto\", \"min_samples_split\": 30, \"n_estimators\": 100, \"max_depth\": 10, \"min_samples_leaf\": 10}@0"
    }, 
    {
        "parameters": {
            "max_features": "auto", 
            "min_samples_split": 30, 
            "n_estimators": 100, 
            "max_depth": 10, 
            "min_samples_leaf": 10
        }, 
        "score_time": 1502, 
        "test_score": 0.44984612892521714, 
        "fit_time": 236659, 
        "num_samples": 26670, 
        "best_iteration": null, 
        "train_score": 0.47876295821712045, 
        "parameter_id": 5, 
        "time": 238161, 
        "done_at": 1523123768878, 
        "grid_point_id": "{\"max_features\": \"auto\", \"min_samples_split\": 30, \"n_estimators\": 100, \"max_depth\": 10, \"min_samples_leaf\": 10}@1"
    }, 
    {
        "parameters": {
            "max_features": "auto", 
            "min_samples_split": 30, 
            "n_estimators": 100, 
            "max_depth": 10, 
            "min_samples_leaf": 10
        }, 
        "score_time": 849, 
        "test_score": 0.3972093250485559, 
        "fit_time": 207512, 
        "num_samples": 26670, 
        "best_iteration": null, 
        "train_score": 0.5485819477989897, 
        "parameter_id": 5, 
        "time": 208361, 
        "done_at": 1523123807810, 
        "grid_point_id": "{\"max_features\": \"auto\", \"min_samples_split\": 30, \"n_estimators\": 100, \"max_depth\": 10, \"min_samples_leaf\": 10}@2"
    }, 
    {
        "parameters": {
            "max_features": "auto", 
            "min_samples_split": 30, 
            "n_estimators": 100, 
            "max_depth": 15, 
            "min_samples_leaf": 10
        }, 
        "score_time": 931, 
        "test_score": 0.49160128765673394, 
        "fit_time": 261608, 
        "num_samples": 26670, 
        "best_iteration": null, 
        "train_score": 0.5404954047366516, 
        "parameter_id": 6, 
        "time": 262539, 
        "done_at": 1523123866922, 
        "grid_point_id": "{\"max_features\": \"auto\", \"min_samples_split\": 30, \"n_estimators\": 100, \"max_depth\": 15, \"min_samples_leaf\": 10}@0"
    }, 
    {
        "parameters": {
            "max_features": "auto", 
            "min_samples_split": 30, 
            "n_estimators": 100, 
            "max_depth": 15, 
            "min_samples_leaf": 10
        }, 
        "score_time": 1350, 
        "test_score": 0.4482293389823746, 
        "fit_time": 228759, 
        "num_samples": 26670, 
        "best_iteration": null, 
        "train_score": 0.4846985641552848, 
        "parameter_id": 6, 
        "time": 230109, 
        "done_at": 1523123936803, 
        "grid_point_id": "{\"max_features\": \"auto\", \"min_samples_split\": 30, \"n_estimators\": 100, \"max_depth\": 15, \"min_samples_leaf\": 10}@1"
    }, 
    {
        "parameters": {
            "max_features": "auto", 
            "min_samples_split": 30, 
            "n_estimators": 100, 
            "max_depth": 15, 
            "min_samples_leaf": 10
        }, 
        "score_time": 946, 
        "test_score": 0.39534316112911905, 
        "fit_time": 244637, 
        "num_samples": 26670, 
        "best_iteration": null, 
        "train_score": 0.5539846888128984, 
        "parameter_id": 6, 
        "time": 245583, 
        "done_at": 1523124016340, 
        "grid_point_id": "{\"max_features\": \"auto\", \"min_samples_split\": 30, \"n_estimators\": 100, \"max_depth\": 15, \"min_samples_leaf\": 10}@2"
    }, 
    {
        "parameters": {
            "max_features": "auto", 
            "min_samples_split": 30, 
            "n_estimators": 100, 
            "max_depth": 20, 
            "min_samples_leaf": 10
        }, 
        "score_time": 1357, 
        "test_score": 0.4905187053016141, 
        "fit_time": 281301, 
        "num_samples": 26670, 
        "best_iteration": null, 
        "train_score": 0.5421280637031514, 
        "parameter_id": 7, 
        "time": 282658, 
        "done_at": 1523124093376, 
        "grid_point_id": "{\"max_features\": \"auto\", \"min_samples_split\": 30, \"n_estimators\": 100, \"max_depth\": 20, \"min_samples_leaf\": 10}@0"
    }, 
    {
        "parameters": {
            "max_features": "auto", 
            "min_samples_split": 300, 
            "n_estimators": 100, 
            "max_depth": 5, 
            "min_samples_leaf": 100
        }, 
        "score_time": 736, 
        "test_score": 0.37876986310400307, 
        "fit_time": 93893, 
        "num_samples": 26670, 
        "best_iteration": null, 
        "train_score": 0.22335434866387127, 
        "parameter_id": 8, 
        "time": 94629, 
        "done_at": 1523124112227, 
        "grid_point_id": "{\"max_features\": \"auto\", \"min_samples_split\": 300, \"n_estimators\": 100, \"max_depth\": 5, \"min_samples_leaf\": 100}@0"
    }, 
    {
        "parameters": {
            "max_features": "auto", 
            "min_samples_split": 30, 
            "n_estimators": 100, 
            "max_depth": 20, 
            "min_samples_leaf": 10
        }, 
        "score_time": 1034, 
        "test_score": 0.44785788874326504, 
        "fit_time": 290263, 
        "num_samples": 26670, 
        "best_iteration": null, 
        "train_score": 0.486530070094056, 
        "parameter_id": 7, 
        "time": 291297, 
        "done_at": 1523124160800, 
        "grid_point_id": "{\"max_features\": \"auto\", \"min_samples_split\": 30, \"n_estimators\": 100, \"max_depth\": 20, \"min_samples_leaf\": 10}@1"
    }, 
    {
        "parameters": {
            "max_features": "auto", 
            "min_samples_split": 300, 
            "n_estimators": 100, 
            "max_depth": 5, 
            "min_samples_leaf": 100
        }, 
        "score_time": 609, 
        "test_score": 0.21231816981260299, 
        "fit_time": 106696, 
        "num_samples": 26670, 
        "best_iteration": null, 
        "train_score": 0.26828865150603576, 
        "parameter_id": 8, 
        "time": 107305, 
        "done_at": 1523124201810, 
        "grid_point_id": "{\"max_features\": \"auto\", \"min_samples_split\": 300, \"n_estimators\": 100, \"max_depth\": 5, \"min_samples_leaf\": 100}@1"
    }, 
    {
        "parameters": {
            "max_features": "auto", 
            "min_samples_split": 300, 
            "n_estimators": 100, 
            "max_depth": 5, 
            "min_samples_leaf": 100
        }, 
        "score_time": 490, 
        "test_score": 0.1330537159820706, 
        "fit_time": 102156, 
        "num_samples": 26670, 
        "best_iteration": null, 
        "train_score": 0.252273901480338, 
        "parameter_id": 8, 
        "time": 102646, 
        "done_at": 1523124215893, 
        "grid_point_id": "{\"max_features\": \"auto\", \"min_samples_split\": 300, \"n_estimators\": 100, \"max_depth\": 5, \"min_samples_leaf\": 100}@2"
    }, 
    {
        "parameters": {
            "max_features": "auto", 
            "min_samples_split": 30, 
            "n_estimators": 100, 
            "max_depth": 20, 
            "min_samples_leaf": 10
        }, 
        "score_time": 1275, 
        "test_score": 0.3948535943325049, 
        "fit_time": 278857, 
        "num_samples": 26670, 
        "best_iteration": null, 
        "train_score": 0.5558486924107194, 
        "parameter_id": 7, 
        "time": 280132, 
        "done_at": 1523124219266, 
        "grid_point_id": "{\"max_features\": \"auto\", \"min_samples_split\": 30, \"n_estimators\": 100, \"max_depth\": 20, \"min_samples_leaf\": 10}@2"
    }, 
    {
        "parameters": {
            "max_features": "auto", 
            "min_samples_split": 300, 
            "n_estimators": 100, 
            "max_depth": 10, 
            "min_samples_leaf": 100
        }, 
        "score_time": 1440, 
        "test_score": 0.37750354102774275, 
        "fit_time": 212510, 
        "num_samples": 26670, 
        "best_iteration": null, 
        "train_score": 0.2243151932531997, 
        "parameter_id": 9, 
        "time": 213950, 
        "done_at": 1523124377316, 
        "grid_point_id": "{\"max_features\": \"auto\", \"min_samples_split\": 300, \"n_estimators\": 100, \"max_depth\": 10, \"min_samples_leaf\": 100}@0"
    }, 
    {
        "parameters": {
            "max_features": "auto", 
            "min_samples_split": 300, 
            "n_estimators": 100, 
            "max_depth": 10, 
            "min_samples_leaf": 100
        }, 
        "score_time": 953, 
        "test_score": 0.21198752016695, 
        "fit_time": 220234, 
        "num_samples": 26670, 
        "best_iteration": null, 
        "train_score": 0.26929516136590104, 
        "parameter_id": 9, 
        "time": 221187, 
        "done_at": 1523124424655, 
        "grid_point_id": "{\"max_features\": \"auto\", \"min_samples_split\": 300, \"n_estimators\": 100, \"max_depth\": 10, \"min_samples_leaf\": 100}@1"
    }, 
    {
        "parameters": {
            "max_features": "auto", 
            "min_samples_split": 300, 
            "n_estimators": 100, 
            "max_depth": 10, 
            "min_samples_leaf": 100
        }, 
        "score_time": 1137, 
        "test_score": 0.13253538706572188, 
        "fit_time": 217308, 
        "num_samples": 26670, 
        "best_iteration": null, 
        "train_score": 0.25327729677677335, 
        "parameter_id": 9, 
        "time": 218445, 
        "done_at": 1523124436402, 
        "grid_point_id": "{\"max_features\": \"auto\", \"min_samples_split\": 300, \"n_estimators\": 100, \"max_depth\": 10, \"min_samples_leaf\": 100}@2"
    }, 
    {
        "parameters": {
            "max_features": "auto", 
            "min_samples_split": 300, 
            "n_estimators": 100, 
            "max_depth": 15, 
            "min_samples_leaf": 100
        }, 
        "score_time": 913, 
        "test_score": 0.37744487241884506, 
        "fit_time": 241216, 
        "num_samples": 26670, 
        "best_iteration": null, 
        "train_score": 0.22439435925175477, 
        "parameter_id": 10, 
        "time": 242129, 
        "done_at": 1523124463400, 
        "grid_point_id": "{\"max_features\": \"auto\", \"min_samples_split\": 300, \"n_estimators\": 100, \"max_depth\": 15, \"min_samples_leaf\": 100}@0"
    }, 
    {
        "parameters": {
            "max_features": "auto", 
            "min_samples_split": 300, 
            "n_estimators": 100, 
            "max_depth": 15, 
            "min_samples_leaf": 100
        }, 
        "score_time": 1158, 
        "test_score": 0.21196827301918708, 
        "fit_time": 218182, 
        "num_samples": 26670, 
        "best_iteration": null, 
        "train_score": 0.26937367520589917, 
        "parameter_id": 10, 
        "time": 219340, 
        "done_at": 1523124598593, 
        "grid_point_id": "{\"max_features\": \"auto\", \"min_samples_split\": 300, \"n_estimators\": 100, \"max_depth\": 15, \"min_samples_leaf\": 100}@1"
    }, 
    {
        "parameters": {
            "max_features": "auto", 
            "min_samples_split": 300, 
            "n_estimators": 100, 
            "max_depth": 15, 
            "min_samples_leaf": 100
        }, 
        "score_time": 806, 
        "test_score": 0.13252283011520327, 
        "fit_time": 208175, 
        "num_samples": 26670, 
        "best_iteration": null, 
        "train_score": 0.25333728290533253, 
        "parameter_id": 10, 
        "time": 208981, 
        "done_at": 1523124635157, 
        "grid_point_id": "{\"max_features\": \"auto\", \"min_samples_split\": 300, \"n_estimators\": 100, \"max_depth\": 15, \"min_samples_leaf\": 100}@2"
    }, 
    {
        "parameters": {
            "max_features": "auto", 
            "min_samples_split": 300, 
            "n_estimators": 100, 
            "max_depth": 20, 
            "min_samples_leaf": 100
        }, 
        "score_time": 726, 
        "test_score": 0.377443386317018, 
        "fit_time": 210342, 
        "num_samples": 26670, 
        "best_iteration": null, 
        "train_score": 0.2243982204334387, 
        "parameter_id": 11, 
        "time": 211068, 
        "done_at": 1523124648883, 
        "grid_point_id": "{\"max_features\": \"auto\", \"min_samples_split\": 300, \"n_estimators\": 100, \"max_depth\": 20, \"min_samples_leaf\": 100}@0"
    }, 
    {
        "parameters": {
            "max_features": "auto", 
            "min_samples_split": 300, 
            "n_estimators": 100, 
            "max_depth": 20, 
            "min_samples_leaf": 100
        }, 
        "score_time": 480, 
        "test_score": 0.21196781025381195, 
        "fit_time": 200366, 
        "num_samples": 26670, 
        "best_iteration": null, 
        "train_score": 0.26937577736279994, 
        "parameter_id": 11, 
        "time": 200846, 
        "done_at": 1523124665090, 
        "grid_point_id": "{\"max_features\": \"auto\", \"min_samples_split\": 300, \"n_estimators\": 100, \"max_depth\": 20, \"min_samples_leaf\": 100}@1"
    }, 
    {
        "parameters": {
            "max_features": "auto", 
            "min_samples_split": 300, 
            "n_estimators": 100, 
            "max_depth": 20, 
            "min_samples_leaf": 100
        }, 
        "score_time": 238, 
        "test_score": 0.1325227008219072, 
        "fit_time": 93322, 
        "num_samples": 26670, 
        "best_iteration": null, 
        "train_score": 0.25333864520773197, 
        "parameter_id": 11, 
        "time": 93560, 
        "done_at": 1523124692518, 
        "grid_point_id": "{\"max_features\": \"auto\", \"min_samples_split\": 300, \"n_estimators\": 100, \"max_depth\": 20, \"min_samples_leaf\": 100}@2"
    }
]