{
    "metrics": {
        "rmse": 5.242682618200268, 
        "pearson": 0.83391310440085809, 
        "mae": 1.1179156026889803, 
        "r2": 0.68963295354021548, 
        "mape": 0.48844579867334403, 
        "mse": 27.485721035179221, 
        "evs": 0.68963418488118189, 
        "rmsle": 0
    }, 
    "scatterPlotData": {
        "y": [
            1.1931, 
            1.2475, 
            1.2062, 
            1.9233, 
            2.0423, 
            5.2668, 
            1.1468, 
            1.1468, 
            1.1468, 
            1.2974, 
            1.9233, 
            1.1468, 
            1.1468, 
            1.1468, 
            1.1468, 
            1.1468, 
            1.1468, 
            5.6721, 
            5.471, 
            1.1468, 
            5.5876, 
            1.2475, 
            1.1642, 
            3.6328, 
            1.1468, 
            4.6813, 
            3.4633, 
            1.1468, 
            1.9233, 
            5.2322, 
            2.0774, 
            1.1468, 
            3.0487, 
            15.2526, 
            2.8732, 
            1.1689, 
            3.7062, 
            1.1468, 
            1.2475, 
            1.1642, 
            1.1468, 
            1.1468, 
            1.2475, 
            2.0336, 
            1.1468, 
            1.1468, 
            1.1642, 
            1.1689, 
            1.9233, 
            1.2475, 
            5.2668, 
            1.1468, 
            1.2475, 
            3.5034, 
            2.069, 
            1.1468, 
            1.1689, 
            1.1468, 
            8.3276, 
            2.6296, 
            8.3276, 
            1.9233, 
            1.1468, 
            1.1468, 
            2.6296, 
            1.2406, 
            1.1468, 
            1.2475, 
            1.1468, 
            1.1642, 
            1.1468, 
            2.1331, 
            16.4146, 
            1.1468, 
            1.1468, 
            2.1048, 
            1.1468, 
            1.1468, 
            1.1468, 
            1.6362, 
            1.1468, 
            1.1642, 
            1.1689, 
            2.1331, 
            1.6227, 
            1.9233, 
            7.2541, 
            1.1468, 
            1.7499, 
            1.1689, 
            1.1642, 
            1.1468, 
            1.1468, 
            2.0336, 
            1.1642, 
            1.1468, 
            1.1468, 
            1.2062, 
            3.4633, 
            1.1468, 
            1.1468, 
            2.6296, 
            7.5851, 
            1.549, 
            1.1468, 
            2.0774, 
            2.0774, 
            1.1468, 
            1.1604, 
            3.6258, 
            2.0423, 
            1.1468, 
            2.4086, 
            1.1468, 
            7.8818, 
            1.1468, 
            2.1331, 
            1.1604, 
            2.3757, 
            1.1468, 
            2.0423, 
            2.0423, 
            1.2475, 
            1.1468, 
            1.1468, 
            1.1931, 
            1.1468, 
            1.1689, 
            1.9233, 
            1.2062, 
            1.2475, 
            2.0336, 
            1.1468, 
            1.1468, 
            1.1468, 
            3.0949, 
            1.1468, 
            9.4675, 
            1.2974, 
            1.1468, 
            1.1931, 
            3.1733, 
            1.9233, 
            1.1689, 
            1.1642, 
            7.1437, 
            1.6878, 
            3.6089, 
            1.1642, 
            1.1468, 
            1.9233, 
            1.1689, 
            6.1322, 
            2.8732, 
            3.0487, 
            4.5332, 
            1.1468, 
            1.1468, 
            3.6328, 
            1.1468, 
            1.1468, 
            1.1468, 
            1.9233, 
            1.1468, 
            1.1468, 
            1.1931, 
            1.1468, 
            1.1604, 
            3.6089, 
            4.5332, 
            2.289, 
            1.1468, 
            1.1468, 
            4.7408, 
            1.1468, 
            1.9233, 
            2.6296, 
            3.7632, 
            2.0423, 
            2.0423, 
            1.1642, 
            1.1468, 
            2.0423, 
            5.5246, 
            1.1642, 
            1.1468, 
            2.0423, 
            1.2974, 
            1.1468, 
            1.2475, 
            1.1468, 
            1.2406, 
            1.1468, 
            1.1468, 
            4.8786, 
            1.1642, 
            1.1468, 
            1.1642, 
            15.1569, 
            1.1468, 
            1.9233, 
            1.1604, 
            2.3628, 
            1.1537, 
            1.9981, 
            3.0487, 
            2.0336, 
            8.16, 
            1.6409, 
            1.2475, 
            1.1468, 
            1.1468, 
            3.6089, 
            3.6328, 
            1.1689, 
            2.1048, 
            1.1468, 
            1.1468, 
            2.4214, 
            1.1642, 
            1.1642, 
            5.3669, 
            2.6296, 
            1.1468, 
            1.1468, 
            1.1468, 
            1.1468, 
            1.1468, 
            2.0423, 
            1.1468, 
            1.1468, 
            1.1468, 
            1.1931, 
            1.1931, 
            1.1642, 
            2.0336, 
            1.1468, 
            1.6227, 
            2.0423, 
            1.1604, 
            1.1468, 
            2.0774, 
            1.1468, 
            1.1468, 
            2.0336, 
            2.0423, 
            1.1468, 
            1.9019, 
            1.7499, 
            1.1537, 
            1.6362, 
            1.1468, 
            1.1604, 
            1.2475, 
            1.1468, 
            1.1468, 
            26.8222, 
            1.1642, 
            1.1468, 
            1.1468, 
            1.1642, 
            1.2475, 
            1.8401, 
            3.1421, 
            1.6878, 
            2.289, 
            4.9932, 
            1.1604, 
            1.1468, 
            16.4755, 
            1.1468, 
            1.1468, 
            2.289, 
            1.9233, 
            1.1468, 
            2.6296, 
            1.2062, 
            1.1468, 
            1.1468, 
            2.0501, 
            2.0423, 
            1.1468, 
            1.1468, 
            3.6089, 
            1.2475, 
            1.1468, 
            1.1468, 
            15.8096, 
            2.0423, 
            1.1642, 
            1.1931, 
            2.289, 
            1.1468, 
            1.1642, 
            1.7499, 
            1.1642, 
            1.1468, 
            1.7499, 
            1.1468, 
            1.1468, 
            2.0423, 
            7.0483, 
            2.0941, 
            3.6258, 
            1.1642, 
            3.6328, 
            1.2062, 
            1.1468, 
            1.1604, 
            1.1468, 
            1.1468, 
            4.8786, 
            1.2196, 
            1.1468, 
            4.1319, 
            1.1642, 
            2.0774, 
            2.0423, 
            1.7499, 
            1.7499, 
            2.2527, 
            2.6296, 
            2.0941, 
            1.1642, 
            1.1689, 
            3.5034, 
            2.1647, 
            7.0153, 
            1.1468, 
            1.1468, 
            1.1468, 
            1.1468, 
            1.1468, 
            1.1468, 
            1.1468, 
            1.9233, 
            1.1931, 
            1.1642, 
            1.1642, 
            1.1689, 
            2.0423, 
            1.1468, 
            1.8307, 
            5.3203, 
            3.4633, 
            1.1931, 
            2.0423, 
            1.1468, 
            1.1468, 
            1.1468, 
            1.1642, 
            2.0423, 
            1.1931, 
            1.2721, 
            1.1468, 
            1.1468, 
            1.1468, 
            1.1468, 
            1.7398, 
            1.1468, 
            1.1468, 
            2.0423, 
            1.6362, 
            2.4348, 
            1.1642, 
            1.9233, 
            1.614, 
            1.1468, 
            1.1468, 
            1.1642, 
            1.1468, 
            1.7499, 
            1.1642, 
            1.1468, 
            1.1468, 
            1.8401, 
            3.0487, 
            2.0774, 
            1.1468, 
            2.0336, 
            5.471, 
            1.1689, 
            4.8376, 
            3.6258, 
            3.5034, 
            2.182, 
            2.4086, 
            3.6328, 
            2.0336, 
            1.1468, 
            1.1468, 
            1.9233, 
            2.0336, 
            1.1468, 
            2.0423, 
            1.1468, 
            1.1468, 
            1.1689, 
            1.1689, 
            1.1468, 
            1.1468, 
            2.0423, 
            1.1468, 
            1.1604, 
            1.1689, 
            1.1468, 
            7.0153, 
            2.2644, 
            1.1468, 
            2.0336, 
            1.1872, 
            3.5034, 
            1.1642, 
            3.1268, 
            1.1468, 
            1.1468, 
            1.1468, 
            1.1468, 
            2.0774, 
            1.1604, 
            3.5937, 
            1.1468, 
            1.8601, 
            1.1468, 
            1.1468, 
            3.6328, 
            1.1689, 
            1.6878, 
            2.0423, 
            7.1437, 
            2.069, 
            3.8028, 
            6.6502, 
            3.4713, 
            2.8732, 
            1.1468, 
            7.8818, 
            1.1468, 
            1.1689, 
            3.6089, 
            2.0423, 
            1.1468, 
            2.6296, 
            1.1468, 
            1.1468, 
            2.0423, 
            3.5034, 
            1.1468, 
            1.2475, 
            1.2475, 
            1.1468, 
            2.7703, 
            1.1604, 
            3.385, 
            1.1468, 
            1.1642, 
            1.1468, 
            1.1468, 
            1.1468, 
            1.1468, 
            1.1468, 
            2.0423, 
            1.2475, 
            1.2406, 
            3.385, 
            4.6813, 
            1.1468, 
            1.9233, 
            1.2475, 
            2.0774, 
            2.0423, 
            3.6328, 
            1.6227, 
            3.6328, 
            1.1468, 
            1.9019, 
            3.6089, 
            1.1642, 
            1.1642, 
            1.1931, 
            6.9287, 
            1.1604, 
            3.5937, 
            1.1604, 
            1.2475, 
            1.1468, 
            3.7632, 
            1.1468, 
            1.1689, 
            1.6362, 
            1.1468, 
            1.1604, 
            1.6227, 
            2.0423, 
            2.0336, 
            1.1468, 
            1.1689, 
            1.2475, 
            7.0153, 
            3.4633, 
            1.1642, 
            2.2644, 
            1.2475, 
            1.6497, 
            1.1689, 
            3.5034, 
            3.4713, 
            3.5034, 
            1.1931, 
            1.1468, 
            1.1689, 
            1.1468, 
            1.1642, 
            1.1468, 
            5.2668, 
            2.0941, 
            1.1468, 
            1.1468, 
            1.1468, 
            19.4424, 
            1.1468, 
            10.0495, 
            1.1468, 
            1.1468, 
            1.1468, 
            1.1468, 
            1.1468, 
            1.1642, 
            1.1468, 
            1.255, 
            1.6497, 
            1.1604, 
            1.1468, 
            2.3757, 
            1.1468, 
            1.1468, 
            1.2475, 
            1.1468, 
            1.1468, 
            1.1812, 
            1.1468, 
            1.1468, 
            5.2668, 
            2.3628, 
            1.1468, 
            1.1468, 
            1.1468, 
            2.0423, 
            2.0423, 
            2.1647, 
            1.1468, 
            1.1468, 
            1.1468, 
            3.6258, 
            1.1604, 
            1.2062, 
            3.5937, 
            1.8401, 
            1.1604, 
            2.1647, 
            1.1689, 
            1.2475, 
            1.1468, 
            1.9233, 
            1.1468, 
            1.1468, 
            3.6089, 
            1.1468, 
            2.0336, 
            1.1689, 
            1.1468, 
            2.289, 
            1.1468, 
            1.1468, 
            1.1468, 
            2.0423, 
            1.1468, 
            1.2475, 
            1.1468, 
            1.9233, 
            1.2475, 
            2.0941, 
            1.2475, 
            3.7062, 
            1.1468, 
            1.1604, 
            1.1468, 
            1.6362, 
            1.1468, 
            2.0423, 
            2.289, 
            5.4236, 
            1.1689, 
            3.032, 
            3.0487, 
            1.1468, 
            2.069, 
            3.6258, 
            1.7499, 
            1.1872, 
            1.1468, 
            2.4348, 
            5.3472, 
            2.0774, 
            1.1468, 
            1.1642, 
            1.1468, 
            1.1468, 
            2.0501, 
            2.0336, 
            1.1468, 
            1.1689, 
            1.1468, 
            8.5284, 
            1.1468, 
            1.8401, 
            2.6296, 
            1.1689, 
            2.069, 
            1.1468, 
            1.1604, 
            1.1468, 
            1.1468, 
            2.069, 
            1.1468, 
            1.1604, 
            1.1468, 
            1.1468, 
            1.2475, 
            2.069, 
            1.2475, 
            2.0423, 
            1.1468, 
            20.4366, 
            2.4214, 
            2.0423, 
            1.1468, 
            1.1468, 
            14.7528, 
            1.2475, 
            1.1468, 
            1.1468, 
            4.5332, 
            4.6813, 
            8.1922, 
            1.1689, 
            3.6258, 
            1.1468, 
            1.1468, 
            1.1604, 
            1.2475, 
            1.1468, 
            1.1468, 
            1.2721, 
            2.1331, 
            1.1468, 
            1.1468, 
            1.1468, 
            1.2475, 
            1.1642, 
            2.0336, 
            1.7499, 
            1.1689, 
            2.0423, 
            1.1604, 
            1.1931, 
            1.1468, 
            1.1468, 
            1.9233, 
            1.2475, 
            4.5332, 
            4.5108, 
            1.1468, 
            1.1468, 
            1.2062, 
            1.1468, 
            1.1468, 
            2.0423, 
            1.1468, 
            1.1604, 
            1.1468, 
            1.1468, 
            1.2062, 
            2.0423, 
            1.1642, 
            1.1468, 
            1.1468, 
            1.7499, 
            1.9233, 
            5.2668, 
            1.1468, 
            1.1642, 
            2.6296, 
            1.1468, 
            1.2196, 
            1.1468, 
            1.9233, 
            1.1468, 
            7.0153, 
            26.5185, 
            2.7703, 
            2.0423, 
            1.1604, 
            1.1468, 
            1.1468, 
            2.2527, 
            3.385, 
            2.0774, 
            1.1468, 
            1.2475, 
            1.1642, 
            3.0487, 
            6.1475, 
            1.1468, 
            1.1468, 
            1.1468, 
            1.1468, 
            1.1468, 
            1.1468, 
            1.1468, 
            1.1468, 
            1.8401, 
            1.1689, 
            1.6497, 
            1.1468, 
            1.1468, 
            1.1468, 
            1.2062, 
            2.0423, 
            1.1468, 
            1.7499, 
            1.1642, 
            1.1689, 
            1.1468, 
            4.5332, 
            3.4633, 
            1.1468, 
            2.2644, 
            1.1468, 
            1.7499, 
            1.1604, 
            1.1537, 
            1.8401, 
            3.0487, 
            3.7632, 
            1.1468, 
            1.1468, 
            1.1872, 
            3.6089, 
            1.1468, 
            3.6258, 
            1.1468, 
            2.0774, 
            1.1604, 
            1.1468, 
            1.1642, 
            2.7703, 
            1.1689, 
            1.1468, 
            2.2644, 
            1.1468, 
            3.4633, 
            1.1468, 
            1.1468, 
            2.069, 
            1.1931, 
            5.6721, 
            1.1468, 
            3.6089, 
            1.1468, 
            1.1468, 
            4.8786, 
            4.5332, 
            2.289, 
            1.1468, 
            1.1468, 
            1.2475, 
            1.1468, 
            1.1468, 
            1.2062, 
            1.1468, 
            1.1689, 
            4.5332, 
            1.1689, 
            2.289, 
            1.1468, 
            1.1468, 
            1.1468, 
            1.1537, 
            2.3375, 
            2.289, 
            1.1468, 
            1.1689, 
            2.1331, 
            1.1468, 
            1.1468, 
            1.6227, 
            1.1468, 
            1.1468, 
            1.1468, 
            2.8732, 
            2.0423, 
            1.1468, 
            1.1468, 
            1.7499, 
            1.1468, 
            2.0423, 
            2.0941, 
            1.2475, 
            1.1468, 
            1.2406, 
            1.1468, 
            7.9662, 
            1.1468, 
            1.2475, 
            1.1468, 
            2.2527, 
            4.8599, 
            1.1931, 
            1.1689, 
            3.4633, 
            1.1468, 
            1.2062, 
            3.7062, 
            1.1468, 
            1.1468, 
            1.1604, 
            1.1468, 
            1.1468, 
            1.1642, 
            1.1468, 
            2.2527, 
            1.1468, 
            2.0336, 
            3.4633, 
            1.2475, 
            1.1468, 
            2.0423, 
            2.4086, 
            5.6721, 
            1.7398, 
            1.1468, 
            1.1468, 
            1.2475, 
            1.1604, 
            12.0298, 
            1.1468, 
            1.1468, 
            2.6296, 
            1.1468, 
            1.1468, 
            1.1642, 
            1.1468, 
            5.2322, 
            1.1468, 
            4.8599, 
            2.0423, 
            1.6227, 
            1.1642, 
            2.1331, 
            6.1475, 
            1.7499, 
            1.1468, 
            1.1604, 
            1.2475, 
            1.1468, 
            1.1468, 
            1.1689, 
            1.1468, 
            1.1642, 
            1.1604, 
            1.1689, 
            1.1468, 
            4.5332, 
            1.1468, 
            1.1468, 
            2.1647, 
            2.1331, 
            1.1468, 
            2.289, 
            2.7703, 
            2.0423, 
            1.2475, 
            58.1911, 
            1.1468, 
            3.4633, 
            2.0423, 
            2.0423, 
            2.8732, 
            1.1468, 
            1.1604, 
            1.6878, 
            1.1468, 
            1.255, 
            2.289, 
            2.0423, 
            1.1689, 
            5.3472, 
            1.1468, 
            3.6089, 
            2.0423, 
            1.2475, 
            1.1468, 
            1.1604, 
            1.2475, 
            1.1642, 
            1.9233, 
            1.1468, 
            2.4214, 
            1.1642, 
            1.1689, 
            2.0423, 
            1.1468, 
            1.9233, 
            1.2475, 
            1.1468, 
            1.1468, 
            1.1468, 
            1.1689, 
            1.1468, 
            1.1604, 
            1.1642, 
            1.1642, 
            1.1689, 
            1.1468, 
            5.3203, 
            1.1468, 
            1.1468, 
            1.1689, 
            1.1931, 
            1.1604, 
            1.1468, 
            1.1468, 
            1.9346, 
            2.0941, 
            2.4214, 
            1.1468, 
            1.1468, 
            3.0487, 
            1.1468, 
            3.385, 
            1.1468, 
            1.1468, 
            2.0774, 
            1.1468, 
            1.1468, 
            1.7499, 
            1.1468, 
            2.0774, 
            5.6721, 
            2.0501, 
            1.2475, 
            1.1468, 
            3.0487, 
            1.8401, 
            3.6328, 
            1.2475, 
            3.0487, 
            1.6362, 
            1.1642, 
            1.9233, 
            2.0423, 
            3.0487, 
            1.1468, 
            1.1468, 
            1.1689, 
            1.9233, 
            1.1642, 
            1.1689, 
            1.1689, 
            1.9233, 
            2.289, 
            1.9233, 
            1.1931, 
            5.5876, 
            1.1537, 
            1.1468, 
            1.1689, 
            1.1604, 
            3.5034, 
            1.1468, 
            1.1689, 
            1.1642, 
            1.1642, 
            2.4214, 
            1.1468, 
            1.1468, 
            2.0423, 
            1.1468, 
            2.0836, 
            1.1468, 
            3.0487, 
            1.2475, 
            1.1468, 
            1.1468, 
            2.0774, 
            2.0774, 
            1.9981, 
            1.1468, 
            1.1468
        ], 
        "x": [
            3.0, 
            2.0, 
            2.0, 
            3.0, 
            1.0, 
            12.0, 
            1.0, 
            1.0, 
            1.0, 
            2.0, 
            3.0, 
            1.0, 
            1.0, 
            1.0, 
            1.0, 
            1.0, 
            1.0, 
            7.0, 
            15.0, 
            1.0, 
            2.0, 
            2.0, 
            1.0, 
            5.0, 
            1.0, 
            13.0, 
            5.0, 
            2.0, 
            2.0, 
            5.0, 
            2.0, 
            1.0, 
            3.0, 
            2.0, 
            1.0, 
            1.0, 
            2.0, 
            0.0, 
            3.0, 
            1.0, 
            1.0, 
            1.0, 
            2.0, 
            3.0, 
            1.0, 
            0.0, 
            2.0, 
            1.0, 
            1.0, 
            1.0, 
            5.0, 
            1.0, 
            1.0, 
            2.0, 
            1.0, 
            1.0, 
            1.0, 
            1.0, 
            1.0, 
            4.0, 
            4.0, 
            1.0, 
            1.0, 
            1.0, 
            4.0, 
            2.0, 
            1.0, 
            2.0, 
            1.0, 
            4.0, 
            1.0, 
            3.0, 
            1.0, 
            1.0, 
            1.0, 
            6.0, 
            1.0, 
            1.0, 
            1.0, 
            2.0, 
            1.0, 
            1.0, 
            2.0, 
            1.0, 
            1.0, 
            1.0, 
            17.0, 
            1.0, 
            1.0, 
            1.0, 
            1.0, 
            2.0, 
            1.0, 
            2.0, 
            2.0, 
            1.0, 
            1.0, 
            1.0, 
            7.0, 
            1.0, 
            1.0, 
            1.0, 
            2.0, 
            1.0, 
            1.0, 
            1.0, 
            3.0, 
            1.0, 
            1.0, 
            3.0, 
            2.0, 
            1.0, 
            1.0, 
            1.0, 
            1.0, 
            1.0, 
            1.0, 
            1.0, 
            5.0, 
            1.0, 
            2.0, 
            2.0, 
            2.0, 
            1.0, 
            1.0, 
            2.0, 
            1.0, 
            1.0, 
            2.0, 
            3.0, 
            2.0, 
            2.0, 
            1.0, 
            1.0, 
            1.0, 
            4.0, 
            1.0, 
            24.0, 
            2.0, 
            1.0, 
            1.0, 
            1.0, 
            1.0, 
            1.0, 
            2.0, 
            3.0, 
            3.0, 
            1.0, 
            1.0, 
            1.0, 
            2.0, 
            2.0, 
            1.0, 
            1.0, 
            1.0, 
            2.0, 
            1.0, 
            1.0, 
            5.0, 
            1.0, 
            1.0, 
            2.0, 
            2.0, 
            1.0, 
            1.0, 
            1.0, 
            1.0, 
            1.0, 
            5.0, 
            5.0, 
            3.0, 
            1.0, 
            1.0, 
            1.0, 
            1.0, 
            3.0, 
            1.0, 
            8.0, 
            1.0, 
            4.0, 
            1.0, 
            1.0, 
            3.0, 
            17.0, 
            1.0, 
            1.0, 
            2.0, 
            1.0, 
            1.0, 
            2.0, 
            1.0, 
            1.0, 
            1.0, 
            2.0, 
            3.0, 
            1.0, 
            1.0, 
            1.0, 
            2.0, 
            1.0, 
            1.0, 
            1.0, 
            1.0, 
            2.0, 
            2.0, 
            1.0, 
            1.0, 
            2.0, 
            1.0, 
            1.0, 
            1.0, 
            1.0, 
            4.0, 
            1.0, 
            2.0, 
            2.0, 
            1.0, 
            1.0, 
            3.0, 
            1.0, 
            1.0, 
            8.0, 
            2.0, 
            1.0, 
            1.0, 
            1.0, 
            1.0, 
            1.0, 
            2.0, 
            1.0, 
            1.0, 
            1.0, 
            2.0, 
            1.0, 
            2.0, 
            1.0, 
            1.0, 
            1.0, 
            2.0, 
            1.0, 
            1.0, 
            1.0, 
            1.0, 
            1.0, 
            2.0, 
            3.0, 
            1.0, 
            1.0, 
            2.0, 
            1.0, 
            1.0, 
            1.0, 
            1.0, 
            2.0, 
            1.0, 
            1.0, 
            2.0, 
            1.0, 
            1.0, 
            1.0, 
            1.0, 
            2.0, 
            3.0, 
            4.0, 
            1.0, 
            1.0, 
            1.0, 
            2.0, 
            1.0, 
            5.0, 
            1.0, 
            1.0, 
            1.0, 
            4.0, 
            1.0, 
            2.0, 
            1.0, 
            1.0, 
            1.0, 
            3.0, 
            1.0, 
            1.0, 
            1.0, 
            2.0, 
            1.0, 
            1.0, 
            1.0, 
            7.0, 
            4.0, 
            1.0, 
            1.0, 
            2.0, 
            1.0, 
            2.0, 
            1.0, 
            1.0, 
            1.0, 
            2.0, 
            1.0, 
            1.0, 
            1.0, 
            9.0, 
            3.0, 
            3.0, 
            1.0, 
            4.0, 
            1.0, 
            1.0, 
            2.0, 
            1.0, 
            1.0, 
            2.0, 
            2.0, 
            1.0, 
            2.0, 
            1.0, 
            1.0, 
            1.0, 
            2.0, 
            2.0, 
            1.0, 
            3.0, 
            1.0, 
            1.0, 
            1.0, 
            1.0, 
            9.0, 
            8.0, 
            1.0, 
            1.0, 
            1.0, 
            1.0, 
            1.0, 
            1.0, 
            1.0, 
            1.0, 
            2.0, 
            1.0, 
            2.0, 
            1.0, 
            2.0, 
            1.0, 
            1.0, 
            3.0, 
            1.0, 
            2.0, 
            3.0, 
            1.0, 
            1.0, 
            1.0, 
            3.0, 
            1.0, 
            1.0, 
            1.0, 
            1.0, 
            1.0, 
            1.0, 
            1.0, 
            1.0, 
            1.0, 
            1.0, 
            2.0, 
            1.0, 
            2.0, 
            1.0, 
            3.0, 
            1.0, 
            1.0, 
            1.0, 
            1.0, 
            1.0, 
            2.0, 
            3.0, 
            1.0, 
            1.0, 
            2.0, 
            7.0, 
            1.0, 
            1.0, 
            1.0, 
            2.0, 
            1.0, 
            1.0, 
            3.0, 
            1.0, 
            2.0, 
            1.0, 
            5.0, 
            1.0, 
            1.0, 
            1.0, 
            2.0, 
            1.0, 
            1.0, 
            2.0, 
            1.0, 
            1.0, 
            1.0, 
            1.0, 
            1.0, 
            2.0, 
            2.0, 
            1.0, 
            1.0, 
            1.0, 
            1.0, 
            1.0, 
            7.0, 
            1.0, 
            1.0, 
            2.0, 
            2.0, 
            2.0, 
            4.0, 
            1.0, 
            1.0, 
            1.0, 
            1.0, 
            1.0, 
            1.0, 
            12.0, 
            1.0, 
            5.0, 
            1.0, 
            1.0, 
            2.0, 
            1.0, 
            1.0, 
            2.0, 
            13.0, 
            1.0, 
            3.0, 
            2.0, 
            1.0, 
            1.0, 
            1.0, 
            2.0, 
            1.0, 
            1.0, 
            1.0, 
            2.0, 
            1.0, 
            1.0, 
            1.0, 
            1.0, 
            3.0, 
            4.0, 
            1.0, 
            1.0, 
            2.0, 
            1.0, 
            3.0, 
            1.0, 
            1.0, 
            2.0, 
            1.0, 
            1.0, 
            1.0, 
            1.0, 
            1.0, 
            1.0, 
            1.0, 
            2.0, 
            1.0, 
            1.0, 
            4.0, 
            1.0, 
            4.0, 
            1.0, 
            1.0, 
            3.0, 
            3.0, 
            3.0, 
            9.0, 
            1.0, 
            2.0, 
            1.0, 
            2.0, 
            1.0, 
            2.0, 
            6.0, 
            1.0, 
            2.0, 
            1.0, 
            2.0, 
            1.0, 
            1.0, 
            1.0, 
            1.0, 
            3.0, 
            1.0, 
            1.0, 
            1.0, 
            2.0, 
            3.0, 
            1.0, 
            1.0, 
            1.0, 
            1.0, 
            2.0, 
            2.0, 
            3.0, 
            1.0, 
            2.0, 
            1.0, 
            3.0, 
            3.0, 
            1.0, 
            1.0, 
            2.0, 
            1.0, 
            1.0, 
            1.0, 
            1.0, 
            5.0, 
            2.0, 
            1.0, 
            1.0, 
            1.0, 
            25.0, 
            1.0, 
            19.0, 
            1.0, 
            1.0, 
            1.0, 
            1.0, 
            1.0, 
            1.0, 
            1.0, 
            2.0, 
            2.0, 
            1.0, 
            1.0, 
            3.0, 
            1.0, 
            1.0, 
            2.0, 
            1.0, 
            1.0, 
            1.0, 
            1.0, 
            1.0, 
            12.0, 
            2.0, 
            1.0, 
            1.0, 
            1.0, 
            2.0, 
            1.0, 
            1.0, 
            1.0, 
            1.0, 
            1.0, 
            25.0, 
            1.0, 
            1.0, 
            5.0, 
            1.0, 
            1.0, 
            1.0, 
            1.0, 
            1.0, 
            1.0, 
            1.0, 
            1.0, 
            1.0, 
            5.0, 
            1.0, 
            5.0, 
            2.0, 
            1.0, 
            4.0, 
            1.0, 
            1.0, 
            1.0, 
            1.0, 
            1.0, 
            3.0, 
            1.0, 
            2.0, 
            1.0, 
            1.0, 
            2.0, 
            12.0, 
            1.0, 
            1.0, 
            1.0, 
            4.0, 
            1.0, 
            3.0, 
            4.0, 
            7.0, 
            1.0, 
            17.0, 
            5.0, 
            1.0, 
            8.0, 
            6.0, 
            4.0, 
            1.0, 
            1.0, 
            4.0, 
            3.0, 
            1.0, 
            1.0, 
            1.0, 
            1.0, 
            1.0, 
            6.0, 
            2.0, 
            1.0, 
            1.0, 
            1.0, 
            5.0, 
            1.0, 
            1.0, 
            5.0, 
            2.0, 
            2.0, 
            1.0, 
            2.0, 
            1.0, 
            1.0, 
            2.0, 
            1.0, 
            1.0, 
            1.0, 
            1.0, 
            1.0, 
            1.0, 
            1.0, 
            2.0, 
            1.0, 
            74.0, 
            2.0, 
            3.0, 
            1.0, 
            1.0, 
            8.0, 
            2.0, 
            1.0, 
            1.0, 
            5.0, 
            4.0, 
            11.0, 
            1.0, 
            5.0, 
            1.0, 
            2.0, 
            2.0, 
            1.0, 
            1.0, 
            1.0, 
            1.0, 
            1.0, 
            1.0, 
            1.0, 
            1.0, 
            2.0, 
            1.0, 
            1.0, 
            1.0, 
            1.0, 
            1.0, 
            2.0, 
            2.0, 
            1.0, 
            1.0, 
            1.0, 
            1.0, 
            4.0, 
            1.0, 
            1.0, 
            1.0, 
            1.0, 
            1.0, 
            1.0, 
            4.0, 
            1.0, 
            1.0, 
            1.0, 
            1.0, 
            1.0, 
            3.0, 
            3.0, 
            1.0, 
            1.0, 
            2.0, 
            1.0, 
            1.0, 
            1.0, 
            1.0, 
            4.0, 
            1.0, 
            1.0, 
            1.0, 
            2.0, 
            1.0, 
            9.0, 
            2.0, 
            2.0, 
            2.0, 
            1.0, 
            1.0, 
            1.0, 
            2.0, 
            3.0, 
            2.0, 
            1.0, 
            2.0, 
            1.0, 
            1.0, 
            4.0, 
            1.0, 
            1.0, 
            2.0, 
            1.0, 
            1.0, 
            1.0, 
            1.0, 
            1.0, 
            1.0, 
            1.0, 
            1.0, 
            1.0, 
            1.0, 
            1.0, 
            2.0, 
            2.0, 
            1.0, 
            1.0, 
            1.0, 
            1.0, 
            1.0, 
            2.0, 
            4.0, 
            1.0, 
            5.0, 
            1.0, 
            1.0, 
            1.0, 
            2.0, 
            3.0, 
            1.0, 
            15.0, 
            1.0, 
            1.0, 
            1.0, 
            1.0, 
            1.0, 
            2.0, 
            1.0, 
            2.0, 
            1.0, 
            1.0, 
            1.0, 
            3.0, 
            2.0, 
            1.0, 
            1.0, 
            1.0, 
            17.0, 
            1.0, 
            1.0, 
            2.0, 
            1.0, 
            1.0, 
            1.0, 
            2.0, 
            1.0, 
            1.0, 
            7.0, 
            3.0, 
            1.0, 
            1.0, 
            1.0, 
            1.0, 
            1.0, 
            1.0, 
            2.0, 
            1.0, 
            2.0, 
            2.0, 
            1.0, 
            4.0, 
            1.0, 
            1.0, 
            1.0, 
            1.0, 
            1.0, 
            5.0, 
            1.0, 
            1.0, 
            3.0, 
            1.0, 
            1.0, 
            3.0, 
            1.0, 
            1.0, 
            1.0, 
            2.0, 
            1.0, 
            1.0, 
            1.0, 
            2.0, 
            1.0, 
            1.0, 
            2.0, 
            2.0, 
            1.0, 
            1.0, 
            1.0, 
            4.0, 
            1.0, 
            2.0, 
            1.0, 
            1.0, 
            13.0, 
            1.0, 
            1.0, 
            9.0, 
            1.0, 
            1.0, 
            2.0, 
            1.0, 
            1.0, 
            1.0, 
            1.0, 
            1.0, 
            2.0, 
            1.0, 
            3.0, 
            1.0, 
            1.0, 
            1.0, 
            2.0, 
            1.0, 
            3.0, 
            6.0, 
            3.0, 
            1.0, 
            1.0, 
            1.0, 
            1.0, 
            1.0, 
            3.0, 
            1.0, 
            1.0, 
            1.0, 
            1.0, 
            2.0, 
            1.0, 
            1.0, 
            8.0, 
            1.0, 
            4.0, 
            1.0, 
            1.0, 
            1.0, 
            2.0, 
            9.0, 
            2.0, 
            1.0, 
            1.0, 
            1.0, 
            1.0, 
            1.0, 
            2.0, 
            1.0, 
            1.0, 
            1.0, 
            1.0, 
            1.0, 
            3.0, 
            1.0, 
            1.0, 
            5.0, 
            4.0, 
            1.0, 
            2.0, 
            2.0, 
            2.0, 
            2.0, 
            32.0, 
            1.0, 
            1.0, 
            1.0, 
            1.0, 
            4.0, 
            1.0, 
            1.0, 
            2.0, 
            1.0, 
            3.0, 
            1.0, 
            1.0, 
            1.0, 
            3.0, 
            1.0, 
            1.0, 
            4.0, 
            2.0, 
            1.0, 
            1.0, 
            1.0, 
            1.0, 
            1.0, 
            1.0, 
            2.0, 
            1.0, 
            1.0, 
            3.0, 
            1.0, 
            4.0, 
            1.0, 
            1.0, 
            1.0, 
            1.0, 
            1.0, 
            1.0, 
            2.0, 
            1.0, 
            2.0, 
            1.0, 
            1.0, 
            5.0, 
            1.0, 
            2.0, 
            1.0, 
            1.0, 
            1.0, 
            1.0, 
            1.0, 
            2.0, 
            1.0, 
            4.0, 
            1.0, 
            1.0, 
            5.0, 
            1.0, 
            1.0, 
            1.0, 
            1.0, 
            1.0, 
            1.0, 
            1.0, 
            2.0, 
            1.0, 
            2.0, 
            2.0, 
            1.0, 
            1.0, 
            1.0, 
            3.0, 
            3.0, 
            2.0, 
            2.0, 
            1.0, 
            1.0, 
            1.0, 
            1.0, 
            2.0, 
            3.0, 
            1.0, 
            1.0, 
            2.0, 
            5.0, 
            1.0, 
            1.0, 
            1.0, 
            2.0, 
            1.0, 
            2.0, 
            1.0, 
            1.0, 
            1.0, 
            1.0, 
            1.0, 
            1.0, 
            2.0, 
            1.0, 
            1.0, 
            1.0, 
            2.0, 
            3.0, 
            1.0, 
            1.0, 
            1.0, 
            1.0, 
            3.0, 
            1.0, 
            4.0, 
            2.0, 
            1.0, 
            1.0, 
            1.0, 
            1.0, 
            2.0, 
            1.0, 
            1.0
        ]
    }, 
    "processed_feature_names": [
        "item_category_id", 
        "item_category_name_len", 
        "item_category_name_tfidf_0", 
        "item_category_name_tfidf_1", 
        "item_category_name_tfidf_10", 
        "item_category_name_tfidf_11", 
        "item_category_name_tfidf_12", 
        "item_category_name_tfidf_13", 
        "item_category_name_tfidf_14", 
        "item_category_name_tfidf_15", 
        "item_category_name_tfidf_16", 
        "item_category_name_tfidf_17", 
        "item_category_name_tfidf_18", 
        "item_category_name_tfidf_2", 
        "item_category_name_tfidf_20", 
        "item_category_name_tfidf_21", 
        "item_category_name_tfidf_22", 
        "item_category_name_tfidf_23", 
        "item_category_name_tfidf_24", 
        "item_category_name_tfidf_3", 
        "item_category_name_tfidf_5", 
        "item_category_name_tfidf_6", 
        "item_category_name_tfidf_7", 
        "item_category_name_tfidf_8", 
        "item_category_name_tfidf_9", 
        "item_category_name_wc", 
        "item_cnt_month_avg", 
        "item_cnt_prev_month", 
        "item_id", 
        "item_name_len", 
        "item_name_tfidf_0", 
        "item_name_tfidf_1", 
        "item_name_tfidf_10", 
        "item_name_tfidf_11", 
        "item_name_tfidf_12", 
        "item_name_tfidf_13", 
        "item_name_tfidf_14", 
        "item_name_tfidf_15", 
        "item_name_tfidf_16", 
        "item_name_tfidf_17", 
        "item_name_tfidf_18", 
        "item_name_tfidf_19", 
        "item_name_tfidf_2", 
        "item_name_tfidf_20", 
        "item_name_tfidf_21", 
        "item_name_tfidf_22", 
        "item_name_tfidf_23", 
        "item_name_tfidf_24", 
        "item_name_tfidf_3", 
        "item_name_tfidf_4", 
        "item_name_tfidf_5", 
        "item_name_tfidf_6", 
        "item_name_tfidf_7", 
        "item_name_tfidf_8", 
        "item_name_tfidf_9", 
        "item_name_wc", 
        "shop_id", 
        "shop_name_len", 
        "shop_name_tfidf_0", 
        "shop_name_tfidf_1", 
        "shop_name_tfidf_10", 
        "shop_name_tfidf_11", 
        "shop_name_tfidf_12", 
        "shop_name_tfidf_13", 
        "shop_name_tfidf_14", 
        "shop_name_tfidf_15", 
        "shop_name_tfidf_16", 
        "shop_name_tfidf_17", 
        "shop_name_tfidf_18", 
        "shop_name_tfidf_19", 
        "shop_name_tfidf_2", 
        "shop_name_tfidf_20", 
        "shop_name_tfidf_21", 
        "shop_name_tfidf_22", 
        "shop_name_tfidf_23", 
        "shop_name_tfidf_24", 
        "shop_name_tfidf_3", 
        "shop_name_tfidf_4", 
        "shop_name_tfidf_5", 
        "shop_name_tfidf_6", 
        "shop_name_tfidf_7", 
        "shop_name_tfidf_8", 
        "shop_name_tfidf_9", 
        "shop_name_wc", 
        "dummy:shop_name:\u041c\u043e\u0441\u043a\u0432\u0430 \u0422\u0426 \"\u0421\u0435\u043c\u0435\u043d\u043e\u0432\u0441\u043a\u0438\u0439\"", 
        "dummy:shop_name:\u041c\u043e\u0441\u043a\u0432\u0430 \u0422\u0420\u041a \"\u0410\u0442\u0440\u0438\u0443\u043c\"", 
        "dummy:shop_name:\u0425\u0438\u043c\u043a\u0438 \u0422\u0426 \"\u041c\u0435\u0433\u0430\"", 
        "dummy:shop_name:\u041c\u043e\u0441\u043a\u0432\u0430 \u0422\u0426 \"\u041c\u0415\u0413\u0410 \u0422\u0435\u043f\u043b\u044b\u0439 \u0421\u0442\u0430\u043d\" II", 
        "dummy:shop_name:\u042f\u043a\u0443\u0442\u0441\u043a \u041e\u0440\u0434\u0436\u043e\u043d\u0438\u043a\u0438\u0434\u0437\u0435, 56", 
        "dummy:shop_name:\u0421\u041f\u0431 \u0422\u041a \"\u041d\u0435\u0432\u0441\u043a\u0438\u0439 \u0426\u0435\u043d\u0442\u0440\"", 
        "dummy:shop_name:\u041c\u043e\u0441\u043a\u0432\u0430 \u0422\u0426 \"\u041c\u0415\u0413\u0410 \u0411\u0435\u043b\u0430\u044f \u0414\u0430\u0447\u0430 II\"", 
        "dummy:shop_name:\u0412\u043e\u0440\u043e\u043d\u0435\u0436 (\u041f\u043b\u0435\u0445\u0430\u043d\u043e\u0432\u0441\u043a\u0430\u044f, 13)", 
        "dummy:shop_name:\u0427\u0435\u0445\u043e\u0432 \u0422\u0420\u0426 \"\u041a\u0430\u0440\u043d\u0430\u0432\u0430\u043b\"", 
        "dummy:shop_name:\u041c\u043e\u0441\u043a\u0432\u0430 \u041c\u0422\u0420\u0426 \"\u0410\u0444\u0438 \u041c\u043e\u043b\u043b\"", 
        "dummy:shop_name:\u0421\u0435\u0440\u0433\u0438\u0435\u0432 \u041f\u043e\u0441\u0430\u0434 \u0422\u0426 \"7\u042f\"", 
        "dummy:shop_name:\u0422\u044e\u043c\u0435\u043d\u044c \u0422\u0426 \"\u0413\u0443\u0434\u0432\u0438\u043d\"", 
        "dummy:shop_name:\u041a\u0443\u0440\u0441\u043a \u0422\u0426 \"\u041f\u0443\u0448\u043a\u0438\u043d\u0441\u043a\u0438\u0439\"", 
        "dummy:shop_name:\u042f\u043a\u0443\u0442\u0441\u043a \u0422\u0426 \"\u0426\u0435\u043d\u0442\u0440\u0430\u043b\u044c\u043d\u044b\u0439\"", 
        "dummy:shop_name:\u041d.\u041d\u043e\u0432\u0433\u043e\u0440\u043e\u0434 \u0422\u0420\u0426 \"\u0424\u0430\u043d\u0442\u0430\u0441\u0442\u0438\u043a\u0430\"", 
        "dummy:shop_name:\u0412\u043e\u0440\u043e\u043d\u0435\u0436 \u0422\u0420\u0426 \"\u041c\u0430\u043a\u0441\u0438\u043c\u0438\u0440\"", 
        "dummy:shop_name:\u041c\u043e\u0441\u043a\u0432\u0430 \u0422\u0426 \"\u0410\u0440\u0435\u0430\u043b\" (\u0411\u0435\u043b\u044f\u0435\u0432\u043e)", 
        "dummy:shop_name:\u041a\u043e\u043b\u043e\u043c\u043d\u0430 \u0422\u0426 \"\u0420\u0438\u043e\"", 
        "dummy:shop_name:\u041c\u043e\u0441\u043a\u0432\u0430 \u0422\u0426 \"\u041f\u0435\u0440\u043b\u043e\u0432\u0441\u043a\u0438\u0439\"", 
        "dummy:shop_name:\u0421\u0443\u0440\u0433\u0443\u0442 \u0422\u0420\u0426 \"\u0421\u0438\u0442\u0438 \u041c\u043e\u043b\u043b\"", 
        "dummy:shop_name:\u0423\u0444\u0430 \u0422\u0426 \"\u0421\u0435\u043c\u044c\u044f\" 2", 
        "dummy:shop_name:\u041a\u0440\u0430\u0441\u043d\u043e\u044f\u0440\u0441\u043a \u0422\u0426 \"\u0418\u044e\u043d\u044c\"", 
        "dummy:shop_name:\u041a\u0430\u043b\u0443\u0433\u0430 \u0422\u0420\u0426 \"XXI \u0432\u0435\u043a\"", 
        "dummy:shop_name:\u0422\u044e\u043c\u0435\u043d\u044c \u0422\u0426 \"\u0417\u0435\u043b\u0435\u043d\u044b\u0439 \u0411\u0435\u0440\u0435\u0433\"", 
        "dummy:shop_name:\u041c\u043e\u0441\u043a\u0432\u0430 \u0422\u041a \"\u0411\u0443\u0434\u0435\u043d\u043e\u0432\u0441\u043a\u0438\u0439\" (\u043f\u0430\u0432.\u041a7)", 
        "dummy:shop_name:\u0423\u0444\u0430 \u0422\u041a \"\u0426\u0435\u043d\u0442\u0440\u0430\u043b\u044c\u043d\u044b\u0439\"", 
        "dummy:shop_name:\u041c\u043e\u0441\u043a\u0432\u0430 \u0422\u0426 \"\u041d\u043e\u0432\u044b\u0439 \u0432\u0435\u043a\" (\u041d\u043e\u0432\u043e\u043a\u043e\u0441\u0438\u043d\u043e)", 
        "dummy:shop_name:\u0421\u0430\u043c\u0430\u0440\u0430 \u0422\u0426 \"\u041c\u0435\u043b\u043e\u0434\u0438\u044f\"", 
        "dummy:shop_name:\u041e\u043c\u0441\u043a \u0422\u0426 \"\u041c\u0435\u0433\u0430\"", 
        "dummy:shop_name:\u042f\u0440\u043e\u0441\u043b\u0430\u0432\u043b\u044c \u0422\u0426 \"\u0410\u043b\u044c\u0442\u0430\u0438\u0440\"", 
        "dummy:shop_name:\u041d\u043e\u0432\u043e\u0441\u0438\u0431\u0438\u0440\u0441\u043a \u0422\u0426 \"\u041c\u0435\u0433\u0430\"", 
        "dummy:shop_name:\u041c\u043e\u0441\u043a\u0432\u0430 \u041c\u0430\u0433\u0430\u0437\u0438\u043d \u042121", 
        "dummy:shop_name:\u0420\u043e\u0441\u0442\u043e\u0432\u041d\u0430\u0414\u043e\u043d\u0443 \u0422\u0426 \"\u041c\u0435\u0433\u0430\"", 
        "dummy:shop_name:\u0412\u043e\u043b\u0436\u0441\u043a\u0438\u0439 \u0422\u0426 \"\u0412\u043e\u043b\u0433\u0430 \u041c\u043e\u043b\u043b\"", 
        "dummy:shop_name:\u0412\u043e\u043b\u043e\u0433\u0434\u0430 \u0422\u0420\u0426 \"\u041c\u0430\u0440\u043c\u0435\u043b\u0430\u0434\"", 
        "dummy:shop_name:\u0421\u0430\u043c\u0430\u0440\u0430 \u0422\u0426 \"\u041f\u0430\u0440\u043a\u0425\u0430\u0443\u0441\"", 
        "dummy:shop_name:\u041a\u0430\u0437\u0430\u043d\u044c \u0422\u0426 \"\u041f\u0430\u0440\u043a\u0425\u0430\u0443\u0441\" II", 
        "dummy:shop_name:\u0421\u041f\u0431 \u0422\u041a \"\u0421\u0435\u043d\u043d\u0430\u044f\"", 
        "dummy:shop_name:\u0418\u043d\u0442\u0435\u0440\u043d\u0435\u0442-\u043c\u0430\u0433\u0430\u0437\u0438\u043d \u0427\u0421", 
        "dummy:shop_name:\u0411\u0430\u043b\u0430\u0448\u0438\u0445\u0430 \u0422\u0420\u041a \"\u041e\u043a\u0442\u044f\u0431\u0440\u044c-\u041a\u0438\u043d\u043e\u043c\u0438\u0440\"", 
        "dummy:shop_name:\u0416\u0443\u043a\u043e\u0432\u0441\u043a\u0438\u0439 \u0443\u043b. \u0427\u043a\u0430\u043b\u043e\u0432\u0430 39\u043c?", 
        "dummy:shop_name:\u041a\u0440\u0430\u0441\u043d\u043e\u044f\u0440\u0441\u043a \u0422\u0426 \"\u0412\u0437\u043b\u0435\u0442\u043a\u0430 \u041f\u043b\u0430\u0437\u0430\"", 
        "dummy:shop_name:\u0410\u0434\u044b\u0433\u0435\u044f \u0422\u0426 \"\u041c\u0435\u0433\u0430\"", 
        "dummy:shop_name:\u0422\u043e\u043c\u0441\u043a \u0422\u0420\u0426 \"\u0418\u0437\u0443\u043c\u0440\u0443\u0434\u043d\u044b\u0439 \u0413\u043e\u0440\u043e\u0434\"", 
        "dummy:shop_name:\u0426\u0438\u0444\u0440\u043e\u0432\u043e\u0439 \u0441\u043a\u043b\u0430\u0434 1\u0421-\u041e\u043d\u043b\u0430\u0439\u043d", 
        "dummy:shop_name:\u041a\u0430\u0437\u0430\u043d\u044c \u0422\u0426 \"\u0411\u0435\u0445\u0435\u0442\u043b\u0435\"", 
        "dummy:shop_name:\u0422\u044e\u043c\u0435\u043d\u044c \u0422\u0420\u0426 \"\u041a\u0440\u0438\u0441\u0442\u0430\u043b\u043b\"", 
        "dummy:shop_name:\u0420\u043e\u0441\u0442\u043e\u0432\u041d\u0430\u0414\u043e\u043d\u0443 \u0422\u0420\u041a \"\u041c\u0435\u0433\u0430\u0446\u0435\u043d\u0442\u0440 \u0413\u043e\u0440\u0438\u0437\u043e\u043d\u0442\"", 
        "dummy:shop_name:\u041c\u043e\u0441\u043a\u0432\u0430 \u0422\u0426 \"\u0421\u0435\u0440\u0435\u0431\u0440\u044f\u043d\u044b\u0439 \u0414\u043e\u043c\"", 
        "dummy:shop_name:\u041c\u043e\u0441\u043a\u0432\u0430 \u0422\u041a \"\u0411\u0443\u0434\u0435\u043d\u043e\u0432\u0441\u043a\u0438\u0439\" (\u043f\u0430\u0432.\u04102)", 
        "dummy:shop_name:!\u042f\u043a\u0443\u0442\u0441\u043a \u041e\u0440\u0434\u0436\u043e\u043d\u0438\u043a\u0438\u0434\u0437\u0435, 56 \u0444\u0440\u0430\u043d", 
        "dummy:shop_name:\u041d.\u041d\u043e\u0432\u0433\u043e\u0440\u043e\u0434 \u0422\u0420\u0426 \"\u0420\u0418\u041e\"", 
        "dummy:shop_name:!\u042f\u043a\u0443\u0442\u0441\u043a \u0422\u0426 \"\u0426\u0435\u043d\u0442\u0440\u0430\u043b\u044c\u043d\u044b\u0439\" \u0444\u0440\u0430\u043d", 
        "dummy:shop_name:\u041c\u044b\u0442\u0438\u0449\u0438 \u0422\u0420\u041a \"XL-3\"", 
        "dummy:shop_name:\u0412\u043e\u0440\u043e\u043d\u0435\u0436 \u0422\u0420\u0426 \u0421\u0438\u0442\u0438-\u041f\u0430\u0440\u043a \"\u0413\u0440\u0430\u0434\"", 
        "dummy:shop_name:\u0420\u043e\u0441\u0442\u043e\u0432\u041d\u0430\u0414\u043e\u043d\u0443 \u0422\u0420\u041a \"\u041c\u0435\u0433\u0430\u0446\u0435\u043d\u0442\u0440 \u0413\u043e\u0440\u0438\u0437\u043e\u043d\u0442\" \u041e\u0441\u0442\u0440\u043e\u0432\u043d\u043e\u0439", 
        "dummy:shop_name:\u0412\u044b\u0435\u0437\u0434\u043d\u0430\u044f \u0422\u043e\u0440\u0433\u043e\u0432\u043b\u044f", 
        "dummy:shop_name:\u041c\u043e\u0441\u043a\u0432\u0430 \"\u0420\u0430\u0441\u043f\u0440\u043e\u0434\u0430\u0436\u0430\"", 
        "dummy:shop_name:\u041d\u043e\u0432\u043e\u0441\u0438\u0431\u0438\u0440\u0441\u043a \u0422\u0420\u0426 \"\u0413\u0430\u043b\u0435\u0440\u0435\u044f \u041d\u043e\u0432\u043e\u0441\u0438\u0431\u0438\u0440\u0441\u043a\"", 
        "dummy:shop_name:\u0416\u0443\u043a\u043e\u0432\u0441\u043a\u0438\u0439 \u0443\u043b. \u0427\u043a\u0430\u043b\u043e\u0432\u0430 39\u043c\u00b2", 
        "dummy:shop_name:N/A", 
        "dummy:shop_name:__Others__"
    ], 
    "regression_performance": {
        "max_error": 5.3556806741688634, 
        "median_error": -0.14683169316579203, 
        "error_distribution": [
            {
                "count": 604, 
                "bin_max": -3.3709051538224717, 
                "bin_id": 0, 
                "bin_min": -4.3502220078526106
            }, 
            {
                "count": 433, 
                "bin_max": -2.4012845062678791, 
                "bin_id": 1, 
                "bin_min": -3.3709051538224717
            }, 
            {
                "count": 659, 
                "bin_max": -1.4316638587132866, 
                "bin_id": 2, 
                "bin_min": -2.4012845062678791
            }, 
            {
                "count": 2659, 
                "bin_max": -0.46204321115869362, 
                "bin_id": 3, 
                "bin_min": -1.4316638587132866
            }, 
            {
                "count": 11896, 
                "bin_max": 0.50757743639589936, 
                "bin_id": 4, 
                "bin_min": -0.46204321115869362
            }, 
            {
                "count": 2288, 
                "bin_max": 1.4771980839504915, 
                "bin_id": 5, 
                "bin_min": 0.50757743639589936
            }, 
            {
                "count": 665, 
                "bin_max": 2.4468187315050844, 
                "bin_id": 6, 
                "bin_min": 1.4771980839504915
            }, 
            {
                "count": 290, 
                "bin_max": 3.4164393790596774, 
                "bin_id": 7, 
                "bin_min": 2.4468187315050844
            }, 
            {
                "count": 134, 
                "bin_max": 4.3860600266142695, 
                "bin_id": 8, 
                "bin_min": 3.4164393790596774
            }, 
            {
                "count": 490, 
                "bin_max": 5.3556806741688634, 
                "bin_id": 9, 
                "bin_min": 4.3860600266142695
            }
        ], 
        "min_error": -4.3405258013770647, 
        "average_error": -0.08467647370461662, 
        "std_error": 1.4251985735779071, 
        "p75_error": -0.042262284701164, 
        "p90_error": 0.957737715298836, 
        "p25_error": -0.24746688103677061
    }
}