{
  "state": "DONE",
  "preSearchDescription": {
    "gridLength": 12,
    "importantParams": [
      {
        "name": "trees",
        "vals": [
          "100"
        ]
      },
      {
        "name": "depth",
        "vals": [
          "5",
          "10",
          "15",
          "20"
        ]
      },
      {
        "name": "min_samples",
        "vals": [
          "1",
          "10",
          "100"
        ]
      }
    ]
  },
  "postSearchDescription": {
    "importantParams": [
      {
        "name": "trees",
        "val": "100"
      },
      {
        "name": "depth",
        "val": "5"
      },
      {
        "name": "min_samples",
        "val": "1"
      }
    ]
  },
  "modelId": "m1",
  "progress": {
    "top_level_todo": [],
    "stack": [],
    "top_level_done": [
      {
        "name": "Loading train set",
        "time": 2028
      },
      {
        "name": "Loading test set",
        "time": 482
      },
      {
        "name": "Collecting statistics",
        "time": 550
      },
      {
        "name": "Preprocessing train set",
        "time": 809
      },
      {
        "name": "Preprocessing test set",
        "time": 374
      },
      {
        "name": "Grid searching",
        "time": 2135143
      },
      {
        "name": "Fitting model",
        "time": 36741
      },
      {
        "name": "Saving model",
        "time": 73
      },
      {
        "name": "Scoring model",
        "time": 4201
      }
    ]
  },
  "startTime": 1523122553265,
  "endTime": 1523124733678,
  "preprocessingTime": 4248,
  "trainingTime": 2176165
}