{
  "state": "DONE",
  "preSearchDescription": {
    "gridLength": 1,
    "importantParams": []
  },
  "postSearchDescription": {
    "importantParams": [
      {
        "name": "layer_sizes",
        "val": "[10]"
      },
      {
        "name": "activation",
        "val": "relu"
      },
      {
        "name": "alpha",
        "val": "0.001"
      },
      {
        "name": "solver",
        "val": "adam"
      }
    ]
  },
  "modelId": "m1",
  "progress": {
    "top_level_todo": [],
    "stack": [],
    "top_level_done": [
      {
        "name": "Loading train set",
        "time": 271
      },
      {
        "name": "Loading test set",
        "time": 76
      },
      {
        "name": "Collecting statistics",
        "time": 323
      },
      {
        "name": "Preprocessing train set",
        "time": 469
      },
      {
        "name": "Preprocessing test set",
        "time": 112
      },
      {
        "name": "Fitting model",
        "time": 3882
      },
      {
        "name": "Saving model",
        "time": 2
      },
      {
        "name": "Scoring model",
        "time": 11208
      }
    ]
  },
  "startTime": 1493821581890,
  "endTime": 1493821598235,
  "preprocessingTime": 1252,
  "trainingTime": 15093
}