{
  "inputDatasetSmartName": "test",
  "script": {
    "steps": [
      {
        "type": "StringTransformer",
        "params": {
          "mode": "TO_LOWER",
          "truncate_limit": 0,
          "appliesTo": "SINGLE_COLUMN",
          "columns": [
            "Phrase"
          ]
        },
        "metaType": "PROCESSOR",
        "preview": false,
        "disabled": false,
        "alwaysShowComment": false
      },
      {
        "type": "RemoveRowsOnEmpty",
        "params": {
          "keep": false,
          "appliesTo": "SINGLE_COLUMN",
          "columns": [
            "Phrase"
          ]
        },
        "metaType": "PROCESSOR",
        "preview": false,
        "disabled": false,
        "alwaysShowComment": false
      },
      {
        "type": "Tokenizer",
        "params": {
          "inCol": "Phrase",
          "outCol": "Phrase_delimited",
          "sortAlphabetically": false,
          "clearStopWords": true,
          "normalize": true,
          "stem": true,
          "language": "english",
          "operation": "TO_JSON"
        },
        "metaType": "PROCESSOR",
        "preview": false,
        "disabled": false,
        "alwaysShowComment": false
      },
      {
        "type": "FilterOnValue",
        "params": {
          "values": [
            "[]"
          ],
          "matchingMode": "FULL_STRING",
          "normalizationMode": "EXACT",
          "action": "REMOVE_ROW",
          "booleanMode": "AND",
          "appliesTo": "SINGLE_COLUMN",
          "columns": [
            "Phrase_delimited"
          ]
        },
        "metaType": "PROCESSOR",
        "preview": false,
        "disabled": false,
        "alwaysShowComment": false
      }
    ],
    "maxProcessedMemTableBytes": -1,
    "columnsSelection": {
      "mode": "ALL"
    },
    "coloring": {
      "scheme": "MEANING_AND_STATUS",
      "individualColumns": [],
      "valueColoringMode": "HASH"
    },
    "sorting": [],
    "analysisColumnData": {},
    "explorationSampling": {
      "selection": {
        "maxStoredBytes": 104857600,
        "filter": {
          "distinct": false,
          "enabled": false
        },
        "partitionSelectionMethod": "ALL",
        "latestPartitionsN": 1,
        "samplingMethod": "HEAD_SEQUENTIAL",
        "maxRecords": 10000,
        "targetRatio": 0.02,
        "withinFirstN": -1,
        "maxReadUncompressedBytes": -1
      },
      "autoRefreshSample": false,
      "_refreshTrigger": 0
    },
    "vizSampling": {
      "autoRefreshSample": false,
      "_refreshTrigger": 0
    },
    "exploreUIParams": {
      "autoRefresh": true
    },
    "globalSearchQuery": "",
    "explorationFilters": [],
    "previewMode": "ALL_ROWS"
  },
  "charts": [],
  "name": "Analyze test",
  "versionTag": {
    "versionNumber": 1,
    "lastModifiedBy": {
      "login": "admin"
    },
    "lastModifiedOn": 1493841632938
  },
  "creationTag": {
    "versionNumber": 0,
    "lastModifiedBy": {
      "login": "admin"
    },
    "lastModifiedOn": 1493841406994
  },
  "tags": [],
  "checklists": {
    "checklists": []
  }
}