{
    "densityData": {
        "1": {
            "incorrect": [
                0.0, 
                0.0, 
                0.0, 
                0.0, 
                1.1984413003564591e-307, 
                1.9335993002526382e-209, 
                3.6000371109413104e-130, 
                7.7346081137073392e-70, 
                1.9176679474324141e-28, 
                5.5305411027092326e-06, 
                0.42542915444189344, 
                0.060298031808468315, 
                0.33285036521411504, 
                0.031150603627244835, 
                0.039686989002325035, 
                6.296159265061827, 
                15.040229500193641, 
                70.80957974647707, 
                4.1685041325060768, 
                1.7029485225993812, 
                0.013117737197949484, 
                3.4275074175794095e-20, 
                2.8140186022511427e-56, 
                4.0979900286511952e-111, 
                7.384301878530022e-185, 
                1.548454342283896e-277, 
                0.0, 
                0.0, 
                0.0, 
                0.0, 
                0.0, 
                0.0, 
                0.0, 
                0.0, 
                0.0, 
                0.0, 
                0.0, 
                0.0, 
                0.0, 
                0.0, 
                0.0, 
                0.0, 
                0.0, 
                0.0, 
                0.0, 
                0.0, 
                0.0, 
                0.0, 
                0.0, 
                0.0, 
                0.0, 
                0.0, 
                0.0, 
                0.0, 
                0.0, 
                0.0, 
                0.0, 
                0.0, 
                0.0, 
                0.0, 
                0.0, 
                0.0, 
                0.0, 
                0.0, 
                0.0, 
                0.0, 
                0.0, 
                0.0, 
                0.0, 
                0.0, 
                0.0, 
                0.0, 
                0.0, 
                0.0, 
                0.0, 
                0.0, 
                0.0, 
                0.0, 
                0.0, 
                0.0, 
                0.0, 
                0.0, 
                0.0, 
                0.0, 
                0.0, 
                0.0, 
                0.0, 
                0.0, 
                0.0, 
                0.0, 
                0.0, 
                0.0, 
                0.0, 
                0.0, 
                0.0, 
                0.0, 
                0.0, 
                0.0, 
                0.0, 
                0.0
            ], 
            "incorrectMedian": 0.17320649087265644, 
            "correct": [
                0.0, 
                0.0, 
                0.0, 
                7.4120796863028508e-291, 
                3.0831200585188481e-212, 
                4.4858932690171042e-146, 
                2.3021982262206433e-92, 
                4.2680857346341919e-51, 
                3.0423591122457257e-22, 
                9.6212797445794077e-06, 
                0.19061178148189695, 
                0.003658152282713704, 
                0.037636167114857018, 
                0.040200239425823542, 
                0.025347684193708885, 
                6.0178860258383429, 
                13.950541832744287, 
                70.253755660444227, 
                5.1183867660836917, 
                2.5911047690372082, 
                0.081641443123032481, 
                2.0829525662724726e-13, 
                3.2163941717599303e-37, 
                2.4165656938420948e-73, 
                7.1535667477677332e-122, 
                7.6304525628837327e-183, 
                2.8590955925563449e-256, 
                0.0, 
                0.0, 
                0.0, 
                0.0, 
                0.0, 
                0.0, 
                0.0, 
                0.0, 
                0.0, 
                0.0, 
                0.0, 
                0.0, 
                0.0, 
                0.0, 
                0.0, 
                0.0, 
                0.0, 
                0.0, 
                0.0, 
                0.0, 
                0.0, 
                0.0, 
                0.0, 
                0.0, 
                0.0, 
                0.0, 
                0.0, 
                0.0, 
                0.0, 
                0.0, 
                0.0, 
                0.0, 
                0.0, 
                0.0, 
                0.0, 
                0.0, 
                0.0, 
                0.0, 
                0.0, 
                0.0, 
                0.0, 
                0.0, 
                0.0, 
                0.0, 
                0.0, 
                0.0, 
                0.0, 
                0.0, 
                0.0, 
                0.0, 
                0.0, 
                0.0, 
                0.0, 
                0.0, 
                0.0, 
                0.0, 
                0.0, 
                0.0, 
                0.0, 
                0.0, 
                0.0, 
                0.0, 
                0.0, 
                0.0, 
                0.0, 
                0.0, 
                0.0, 
                0.0, 
                0.0, 
                0.0, 
                0.0, 
                0.0, 
                0.0
            ], 
            "correctMedian": 0.17321319935106749
        }, 
        "0": {
            "incorrect": [
                2.1356173461995707e-06, 
                0.18330027621476697, 
                0.90554699603670574, 
                1.9368248381302142, 
                14.229779944349497, 
                18.543793336081738, 
                3.892863401853158, 
                2.0764876034857276e-08, 
                1.3384332823345338e-56, 
                3.5887658184853036e-151, 
                1.7007052571197582e-292, 
                0.0, 
                0.0, 
                0.0, 
                0.0, 
                0.0, 
                0.0, 
                0.0, 
                0.0, 
                0.0, 
                0.0, 
                0.0, 
                0.0, 
                0.0, 
                0.0, 
                0.0, 
                0.0, 
                0.0, 
                0.0, 
                0.0, 
                0.0, 
                0.0, 
                0.0, 
                0.0, 
                0.0, 
                0.0, 
                0.0, 
                0.0, 
                0.0, 
                0.0, 
                0.0, 
                0.0, 
                0.0, 
                0.0, 
                0.0, 
                0.0, 
                0.0, 
                0.0, 
                0.0, 
                0.0, 
                0.0, 
                0.0, 
                0.0, 
                0.0, 
                0.0, 
                0.0, 
                0.0, 
                0.0, 
                0.0, 
                0.0, 
                0.0, 
                0.0, 
                0.0, 
                0.0, 
                0.0, 
                0.0, 
                0.0, 
                0.0, 
                0.0, 
                0.0, 
                0.0, 
                0.0, 
                0.0, 
                0.0, 
                0.0, 
                0.0, 
                0.0, 
                0.0, 
                0.0, 
                0.0, 
                0.0, 
                0.0, 
                0.0, 
                0.0, 
                0.0, 
                0.0, 
                0.0, 
                0.0, 
                0.0, 
                0.0, 
                0.0, 
                0.0, 
                0.0, 
                0.0, 
                0.0, 
                0.0, 
                0.0, 
                0.0, 
                0.0, 
                0.0
            ], 
            "incorrectMedian": 0.047188109926721421, 
            "correct": [
                2.0628999356957705e-47, 
                3.1026232997721342e-16, 
                0.036896700279366229, 
                1.8858630184389014, 
                18.640098288190067, 
                51.257882566000767, 
                5.2335716157768779, 
                0.0048735050454562293, 
                1.2897699069354062e-20, 
                3.199445633404854e-55, 
                6.3376797618861002e-107, 
                9.8805528741962001e-176, 
                1.2108191192417232e-261, 
                0.0, 
                0.0, 
                0.0, 
                0.0, 
                0.0, 
                0.0, 
                0.0, 
                0.0, 
                0.0, 
                0.0, 
                0.0, 
                0.0, 
                0.0, 
                0.0, 
                0.0, 
                0.0, 
                0.0, 
                0.0, 
                0.0, 
                0.0, 
                0.0, 
                0.0, 
                0.0, 
                0.0, 
                0.0, 
                0.0, 
                0.0, 
                0.0, 
                0.0, 
                0.0, 
                0.0, 
                0.0, 
                0.0, 
                0.0, 
                0.0, 
                0.0, 
                0.0, 
                0.0, 
                0.0, 
                0.0, 
                0.0, 
                0.0, 
                0.0, 
                0.0, 
                0.0, 
                0.0, 
                0.0, 
                0.0, 
                0.0, 
                0.0, 
                0.0, 
                0.0, 
                0.0, 
                0.0, 
                0.0, 
                0.0, 
                0.0, 
                0.0, 
                0.0, 
                0.0, 
                0.0, 
                0.0, 
                0.0, 
                0.0, 
                0.0, 
                0.0, 
                0.0, 
                0.0, 
                0.0, 
                0.0, 
                0.0, 
                0.0, 
                0.0, 
                0.0, 
                0.0, 
                0.0, 
                0.0, 
                0.0, 
                0.0, 
                0.0, 
                0.0, 
                0.0, 
                0.0, 
                0.0, 
                0.0, 
                0.0, 
                0.0
            ], 
            "correctMedian": 0.047311404153242212
        }, 
        "3": {
            "incorrect": [
                0.0, 
                0.0, 
                0.0, 
                3.2566513859457552e-283, 
                2.1173973259430362e-217, 
                2.3943122432325638e-160, 
                4.7087604029304247e-112, 
                1.6105737799093294e-72, 
                9.5812004195166402e-42, 
                9.9225353049095248e-20, 
                1.8474585632781493e-06, 
                0.179044274893013, 
                0.034309075428380333, 
                0.063071148669162636, 
                0.61683112557606001, 
                0.2207068855216717, 
                0.98751172035034984, 
                1.473549444732789, 
                1.1265945073134416, 
                3.5652594926657959, 
                19.7709321884732, 
                30.894809346858391, 
                11.892899452572966, 
                1.3845932055198973, 
                0.24533651768023931, 
                0.0001792930737985229, 
                0.017375319952388227, 
                0.03134669009433004, 
                0.042594252235830923, 
                6.9973853550906921e-09, 
                0.000764662964597872, 
                0.15878674180017266, 
                0.054700016780721783, 
                0.050813648044027868, 
                0.0078589245856803772, 
                1.5317349723666636e-11, 
                6.22331401641269e-29, 
                4.475469775779078e-55, 
                5.60693440760899e-90, 
                1.2218770698110073e-133, 
                4.6310903605697372e-186, 
                3.0527196829914912e-247, 
                3.4997579741589498e-317, 
                0.0, 
                0.0, 
                0.0, 
                0.0, 
                0.0, 
                0.0, 
                0.0, 
                0.0, 
                0.0, 
                0.0, 
                0.0, 
                0.0, 
                0.0, 
                0.0, 
                0.0, 
                0.0, 
                0.0, 
                0.0, 
                0.0, 
                0.0, 
                0.0, 
                0.0, 
                0.0, 
                0.0, 
                0.0, 
                0.0, 
                0.0, 
                0.0, 
                0.0, 
                0.0, 
                0.0, 
                0.0, 
                0.0, 
                0.0, 
                0.0, 
                0.0, 
                0.0, 
                0.0, 
                0.0, 
                0.0, 
                0.0, 
                0.0, 
                0.0, 
                0.0, 
                0.0, 
                0.0, 
                0.0, 
                0.0, 
                0.0, 
                0.0, 
                0.0, 
                0.0, 
                0.0, 
                0.0, 
                0.0, 
                0.0, 
                0.0
            ], 
            "incorrectMedian": 0.21595779685939076, 
            "correct": [
                2.7867661557696174e-278, 
                5.6102533954445857e-231, 
                4.1238724222390702e-188, 
                1.1068641554148731e-149, 
                1.0849597351844658e-115, 
                3.8852806220820754e-86, 
                5.0876498515032126e-61, 
                2.4416328265449437e-40, 
                4.318306046563538e-24, 
                2.8517028578948328e-12, 
                7.2365879454954407e-05, 
                0.0744128842927472, 
                0.071785611065491847, 
                0.049938396672414877, 
                0.44008038042781306, 
                0.27738645509547366, 
                0.58974331235621569, 
                0.66837455930188105, 
                0.84036421585116439, 
                4.0630838074411528, 
                15.972387463596499, 
                37.428721112318954, 
                23.639774422259681, 
                2.790952640041676, 
                0.61667039247818922, 
                0.0001444840337260257, 
                2.9332896707217515e-08, 
                0.0081025069946099176, 
                0.081723150577291556, 
                3.0184539488836075e-05, 
                0.026021425382859453, 
                0.45210288655844383, 
                0.17828754836324556, 
                0.10478947490417651, 
                0.048163797297395158, 
                1.6744956529249652e-06, 
                2.4770753009384258e-15, 
                1.3907550319138938e-28, 
                2.8838355953023302e-46, 
                2.1909000415269987e-68, 
                6.0835126299700065e-95, 
                6.1694671476299774e-126, 
                2.2845788598718077e-161, 
                3.0888790668789617e-201, 
                1.5248360978312351e-245, 
                2.7483389536458252e-294, 
                0.0, 
                0.0, 
                0.0, 
                0.0, 
                0.0, 
                0.0, 
                0.0, 
                0.0, 
                0.0, 
                0.0, 
                0.0, 
                0.0, 
                0.0, 
                0.0, 
                0.0, 
                0.0, 
                0.0, 
                0.0, 
                0.0, 
                0.0, 
                0.0, 
                0.0, 
                0.0, 
                0.0, 
                0.0, 
                0.0, 
                0.0, 
                0.0, 
                0.0, 
                0.0, 
                0.0, 
                0.0, 
                0.0, 
                0.0, 
                0.0, 
                0.0, 
                0.0, 
                0.0, 
                0.0, 
                0.0, 
                0.0, 
                0.0, 
                0.0, 
                0.0, 
                0.0, 
                0.0, 
                0.0, 
                0.0, 
                0.0, 
                0.0, 
                0.0, 
                0.0, 
                0.0, 
                0.0
            ], 
            "correctMedian": 0.21617726850838026
        }, 
        "2": {
            "incorrect": [
                0.0, 
                0.0, 
                0.0, 
                0.0, 
                0.0, 
                0.0, 
                0.0, 
                0.0, 
                0.0, 
                0.0, 
                0.0, 
                0.0, 
                0.0, 
                0.0, 
                0.0, 
                0.0, 
                0.0, 
                0.0, 
                0.0, 
                0.0, 
                0.0, 
                0.0, 
                0.0, 
                0.0, 
                0.0, 
                0.0, 
                1.6794275527177817e-298, 
                8.5639591198922912e-264, 
                3.0234447748399901e-231, 
                7.3920670456604554e-201, 
                1.2520353042020379e-172, 
                1.4697495089332837e-146, 
                1.1964416735212251e-122, 
                6.7591466027386112e-101, 
                2.6528383707514589e-81, 
                7.245022659271005e-64, 
                1.3802355799737913e-48, 
                1.8415519826021082e-35, 
                1.732118265167907e-24, 
                1.1607898730407364e-15, 
                5.6338309394623179e-09, 
                0.00020245829253215855, 
                0.055157229517132977, 
                0.11888207532488966, 
                0.083926629264199318, 
                0.055892901363241015, 
                0.20329090531347091, 
                0.71008026959146564, 
                2.356349676635503, 
                31.386907697150132, 
                32.463006711149745, 
                1.3635867016877929, 
                1.1143590121398177, 
                3.9990603342307529, 
                15.620994755098435, 
                4.9708572325596618, 
                0.90597744014908366, 
                0.5925397010232778, 
                0.1366734177315557, 
                0.41404320324537786, 
                0.36376678808088891, 
                0.23073948024809871, 
                0.048492239963104297, 
                0.050560299509788964, 
                0.040877822476257958, 
                0.1189963065313835, 
                0.028855404973166039, 
                0.0011003778712693364, 
                4.5612590675260998e-05, 
                0.017323138707057296, 
                0.05371715214655616, 
                0.0019272087610085877, 
                0.030995769993266337, 
                0.019531984278798892, 
                0.0028855754331721752, 
                0.044004447768848307, 
                0.0064280338114822214, 
                7.6597063668054277e-06, 
                7.0163739717048713e-11, 
                4.8029807544076905e-18, 
                2.4120506846919119e-27, 
                8.7460566118918043e-39, 
                2.2589329368592758e-52, 
                4.1129725649835752e-68, 
                5.2411211024625488e-86, 
                4.6520718385951406e-106, 
                2.8676367371188554e-128, 
                1.2253490172391865e-152, 
                3.6255224304086628e-179, 
                7.4227810228172516e-208, 
                1.0511743593440278e-238, 
                1.0294177919396279e-271, 
                6.9703708861803176e-307, 
                0.0, 
                0.0, 
                0.0, 
                0.0, 
                0.0, 
                0.0, 
                0.0
            ], 
            "incorrectMedian": 0.50108898262199086, 
            "correct": [
                0.0, 
                0.0, 
                0.0, 
                0.0, 
                0.0, 
                0.0, 
                0.0, 
                0.0, 
                0.0, 
                0.0, 
                0.0, 
                0.0, 
                0.0, 
                0.0, 
                0.0, 
                0.0, 
                0.0, 
                0.0, 
                0.0, 
                0.0, 
                0.0, 
                0.0, 
                0.0, 
                0.0, 
                9.6120778472960299e-312, 
                2.8713318597043791e-279, 
                1.3676797510710784e-248, 
                1.0388797486271739e-219, 
                1.2585719441601849e-192, 
                2.4321110410349364e-167, 
                7.4981236020717207e-144, 
                3.688672834535645e-122, 
                2.8962601582133124e-102, 
                3.6306053914544521e-84, 
                7.268583786384659e-68, 
                2.3251416030166044e-53, 
                1.1891679172920109e-40, 
                9.7318932407357614e-30, 
                1.2759607166996512e-20, 
                2.6850007626679955e-13, 
                9.0931175488424987e-08, 
                0.00049772830401883952, 
                0.044327488311668398, 
                0.068670523653240792, 
                0.073477371835922276, 
                0.087072660978399982, 
                0.18890274190344575, 
                0.54747083298394161, 
                2.2720100418853324, 
                29.484054811993921, 
                32.277970130497984, 
                1.8264298891275523, 
                0.98554864505610174, 
                3.9768187717165451, 
                16.438387844955958, 
                6.0535302740846522, 
                1.2328533707320273, 
                0.6552730089920632, 
                0.19758452641684698, 
                0.51584113857686631, 
                0.43808100317171317, 
                0.22736889935798066, 
                0.054041316426034221, 
                0.036198858100736753, 
                0.052338482977162128, 
                0.14674395181579233, 
                0.059870429924075326, 
                0.041741817834804726, 
                0.0040335809468460531, 
                0.051663412222700177, 
                0.12084725005797252, 
                0.0054056066668205721, 
                0.017227604889676791, 
                0.01918461718679456, 
                0.01439794611479942, 
                0.15862029206964171, 
                0.035839936272705583, 
                0.00014681468083132282, 
                1.0287338083286965e-08, 
                1.1983263333660221e-14, 
                2.2869910232503727e-22, 
                7.0891518405813457e-32, 
                3.5482911763680765e-43, 
                2.8559275347436742e-56, 
                3.6856597079231196e-71, 
                7.6110585879509196e-88, 
                2.5115065333768421e-106, 
                1.3230448498020021e-126, 
                1.1119652271640702e-148, 
                1.4903923803447156e-172, 
                3.1847879007313767e-198, 
                1.0847998716899216e-225, 
                5.8891693216362681e-255, 
                5.0951623498061549e-286, 
                7.024872385393764e-319, 
                0.0, 
                0.0, 
                0.0, 
                0.0, 
                0.0
            ], 
            "correctMedian": 0.50120337682786975
        }, 
        "4": {
            "incorrect": [
                6.8814202190716534e-113, 
                2.3657392356402808e-26, 
                0.23905933542660443, 
                0.00010934161019142001, 
                2.1379298093632673, 
                40.252042221451219, 
                185.3847283685335, 
                1.1602097942483434, 
                0.00011419660460970231, 
                1.3920012308525101e-56, 
                4.6840626594691333e-170, 
                0.0, 
                0.0, 
                0.0, 
                0.0, 
                0.0, 
                0.0, 
                0.0, 
                0.0, 
                0.0, 
                0.0, 
                0.0, 
                0.0, 
                0.0, 
                0.0, 
                0.0, 
                0.0, 
                0.0, 
                0.0, 
                0.0, 
                0.0, 
                0.0, 
                0.0, 
                0.0, 
                0.0, 
                0.0, 
                0.0, 
                0.0, 
                0.0, 
                0.0, 
                0.0, 
                0.0, 
                0.0, 
                0.0, 
                0.0, 
                0.0, 
                0.0, 
                0.0, 
                0.0, 
                0.0, 
                0.0, 
                0.0, 
                0.0, 
                0.0, 
                0.0, 
                0.0, 
                0.0, 
                0.0, 
                0.0, 
                0.0, 
                0.0, 
                0.0, 
                0.0, 
                0.0, 
                0.0, 
                0.0, 
                0.0, 
                0.0, 
                0.0, 
                0.0, 
                0.0, 
                0.0, 
                0.0, 
                0.0, 
                0.0, 
                0.0, 
                0.0, 
                0.0, 
                0.0, 
                0.0, 
                0.0, 
                0.0, 
                0.0, 
                0.0, 
                0.0, 
                0.0, 
                0.0, 
                0.0, 
                0.0, 
                0.0, 
                0.0, 
                0.0, 
                0.0, 
                0.0, 
                0.0, 
                0.0, 
                0.0, 
                0.0, 
                0.0, 
                0.0
            ], 
            "incorrectMedian": 0.06115749432582275, 
            "correct": [
                1.2857889565948627e-95, 
                1.5822519614856064e-38, 
                1.6817027832073798e-07, 
                0.0155013653029203, 
                0.10117172391101589, 
                33.162543674337073, 
                158.57804789735553, 
                0.84155044939388168, 
                0.025659518610551192, 
                7.2841505980455698e-25, 
                2.0490830752929538e-73, 
                5.257566936275929e-148, 
                1.1975568312654777e-248, 
                0.0, 
                0.0, 
                0.0, 
                0.0, 
                0.0, 
                0.0, 
                0.0, 
                0.0, 
                0.0, 
                0.0, 
                0.0, 
                0.0, 
                0.0, 
                0.0, 
                0.0, 
                0.0, 
                0.0, 
                0.0, 
                0.0, 
                0.0, 
                0.0, 
                0.0, 
                0.0, 
                0.0, 
                0.0, 
                0.0, 
                0.0, 
                0.0, 
                0.0, 
                0.0, 
                0.0, 
                0.0, 
                0.0, 
                0.0, 
                0.0, 
                0.0, 
                0.0, 
                0.0, 
                0.0, 
                0.0, 
                0.0, 
                0.0, 
                0.0, 
                0.0, 
                0.0, 
                0.0, 
                0.0, 
                0.0, 
                0.0, 
                0.0, 
                0.0, 
                0.0, 
                0.0, 
                0.0, 
                0.0, 
                0.0, 
                0.0, 
                0.0, 
                0.0, 
                0.0, 
                0.0, 
                0.0, 
                0.0, 
                0.0, 
                0.0, 
                0.0, 
                0.0, 
                0.0, 
                0.0, 
                0.0, 
                0.0, 
                0.0, 
                0.0, 
                0.0, 
                0.0, 
                0.0, 
                0.0, 
                0.0, 
                0.0, 
                0.0, 
                0.0, 
                0.0, 
                0.0, 
                0.0, 
                0.0, 
                0.0, 
                0.0
            ], 
            "correctMedian": 0.061293531765996737
        }
    }, 
    "confusion": {
        "totalRows": 20075, 
        "perActual": {
            "1": {
                "perPredicted": {
                    "1": 0, 
                    "0": 0, 
                    "3": 0, 
                    "2": 3342, 
                    "4": 0
                }, 
                "actualClassCount": 3342.0
            }, 
            "0": {
                "perPredicted": {
                    "1": 0, 
                    "0": 0, 
                    "3": 0, 
                    "2": 869, 
                    "4": 0
                }, 
                "actualClassCount": 869.0
            }, 
            "3": {
                "perPredicted": {
                    "1": 0, 
                    "0": 0, 
                    "3": 0, 
                    "2": 4213, 
                    "4": 0
                }, 
                "actualClassCount": 4213.0
            }, 
            "2": {
                "perPredicted": {
                    "1": 0, 
                    "0": 0, 
                    "3": 0, 
                    "2": 10534, 
                    "4": 0
                }, 
                "actualClassCount": 10534.0
            }, 
            "4": {
                "perPredicted": {
                    "1": 0, 
                    "0": 0, 
                    "3": 0, 
                    "2": 1117, 
                    "4": 0
                }, 
                "actualClassCount": 1117.0
            }
        }
    }, 
    "metrics": {
        "f1": 0.13765885850566825, 
        "recall": 0.20000000000000001, 
        "precision": 0.10494645080946449, 
        "logLoss": 1.2579438042063946, 
        "mrocAUC": 0.5372724157579063, 
        "hammingLoss": 0.47526774595267746, 
        "accuracy": 0.52473225404732249
    }, 
    "oneVsAllRocAUC": {
        "1": 0.5414874294026113, 
        "0": 0.55580594480028589, 
        "3": 0.53529623365879153, 
        "2": 0.52964462606169205, 
        "4": 0.55207905275790814
    }, 
    "classes": [
        "0", 
        "2", 
        "3", 
        "4", 
        "1"
    ], 
    "oneVsAllRocCurves": {
        "1": [
            {
                "y": 0.0, 
                "x": 0.0, 
                "p": 1.1980423802792557
            }, 
            {
                "y": 0.040095751047277077, 
                "x": 0.027968684635152095, 
                "p": 0.18327010152216172
            }, 
            {
                "y": 0.078396169958108913, 
                "x": 0.058925476603119586, 
                "p": 0.17796382094496976
            }, 
            {
                "y": 0.11938958707360861, 
                "x": 0.092033705850714159, 
                "p": 0.17650369536985255
            }, 
            {
                "y": 0.15978456014362658, 
                "x": 0.12137691985896133, 
                "p": 0.17597940723128944
            }, 
            {
                "y": 0.19539198084979054, 
                "x": 0.15502300842646269, 
                "p": 0.17550553463360316
            }, 
            {
                "y": 0.2390783961699581, 
                "x": 0.19040219924699694, 
                "p": 0.17524718687059881
            }, 
            {
                "y": 0.2755834829443447, 
                "x": 0.2254825793342497, 
                "p": 0.17469771474388915
            }, 
            {
                "y": 0.31448234590065827, 
                "x": 0.25590151198231043, 
                "p": 0.17449062246785643
            }, 
            {
                "y": 0.36325553560742069, 
                "x": 0.30323313213410624, 
                "p": 0.17414595754523007
            }, 
            {
                "y": 0.40933572710951527, 
                "x": 0.34793521783302456, 
                "p": 0.17402013703727584
            }, 
            {
                "y": 0.44554159186116099, 
                "x": 0.38271678718699575, 
                "p": 0.1736256963916554
            }, 
            {
                "y": 0.47995212447636149, 
                "x": 0.42132313392697068, 
                "p": 0.17347035683954717
            }, 
            {
                "y": 0.57929383602633155, 
                "x": 0.52507022052232111, 
                "p": 0.17320649087265644
            }, 
            {
                "y": 0.6325553560742071, 
                "x": 0.57969282256618659, 
                "p": 0.17310643386345326
            }, 
            {
                "y": 0.69539198084979059, 
                "x": 0.64196497938205943, 
                "p": 0.17307239655883802
            }, 
            {
                "y": 0.72381807301017353, 
                "x": 0.68063108826869057, 
                "p": 0.17158475383263255
            }, 
            {
                "y": 0.75703171753441056, 
                "x": 0.71553218191597445, 
                "p": 0.1688171586518192
            }, 
            {
                "y": 0.79443447037701975, 
                "x": 0.76125022410804999, 
                "p": 0.16699762068253285
            }, 
            {
                "y": 0.8291442250149611, 
                "x": 0.79495607482220765, 
                "p": 0.16483687667534713
            }, 
            {
                "y": 0.86564931178934768, 
                "x": 0.8330843243889321, 
                "p": 0.16289601387916319
            }, 
            {
                "y": 0.89946140035906641, 
                "x": 0.86852327735612267, 
                "p": 0.160395247148306
            }, 
            {
                "y": 0.9302812687013764, 
                "x": 0.90306579812346854, 
                "p": 0.15535293423252988
            }, 
            {
                "y": 0.95900658288450025, 
                "x": 0.93892308611725328, 
                "p": 0.14900022998502105
            }, 
            {
                "y": 0.99281867145421898, 
                "x": 0.98374469610948423, 
                "p": 0.14866086618585073
            }, 
            {
                "y": 1.0, 
                "x": 1.0, 
                "p": 0.097836394935816418
            }
        ], 
        "0": [
            {
                "y": 0.0, 
                "x": 0.0, 
                "p": 1.0654270447951093
            }, 
            {
                "y": 0.037974683544303799, 
                "x": 0.024159116942622096, 
                "p": 0.056846811440936555
            }, 
            {
                "y": 0.071346375143843496, 
                "x": 0.05451421430802874, 
                "p": 0.051820773851895457
            }, 
            {
                "y": 0.11047180667433831, 
                "x": 0.07664271581797355, 
                "p": 0.049311207647073987
            }, 
            {
                "y": 0.15304948216340622, 
                "x": 0.10449859418931584, 
                "p": 0.048793750768646345
            }, 
            {
                "y": 0.19907940161104717, 
                "x": 0.13615536811413101, 
                "p": 0.048542341876961999
            }, 
            {
                "y": 0.23475258918296893, 
                "x": 0.17249817765281683, 
                "p": 0.048319781591279858
            }, 
            {
                "y": 0.27272727272727271, 
                "x": 0.20545662813704052, 
                "p": 0.048169927897542666
            }, 
            {
                "y": 0.34292289988492519, 
                "x": 0.27319587628865977, 
                "p": 0.04810735625754458
            }, 
            {
                "y": 0.37859608745684697, 
                "x": 0.30276996771842135, 
                "p": 0.047963550235931587
            }, 
            {
                "y": 0.4050632911392405, 
                "x": 0.33932104550661252, 
                "p": 0.047830012281392283
            }, 
            {
                "y": 0.45109321058688145, 
                "x": 0.3839425179631365, 
                "p": 0.047608120305012491
            }, 
            {
                "y": 0.48561565017261221, 
                "x": 0.41346454233052171, 
                "p": 0.047431726249151235
            }, 
            {
                "y": 0.51553509781357887, 
                "x": 0.44991148599396025, 
                "p": 0.047238096527659749
            }, 
            {
                "y": 0.6064441887226697, 
                "x": 0.54618348432781427, 
                "p": 0.047188109926721421
            }, 
            {
                "y": 0.64556962025316456, 
                "x": 0.58127668436946789, 
                "p": 0.047028378746798521
            }, 
            {
                "y": 0.72842347525891826, 
                "x": 0.6565135895032802, 
                "p": 0.0470078223860022
            }, 
            {
                "y": 0.75719217491369395, 
                "x": 0.69165885660731019, 
                "p": 0.044525022126258432
            }, 
            {
                "y": 0.79056386651323363, 
                "x": 0.71967093616578148, 
                "p": 0.040322603323717038
            }, 
            {
                "y": 0.83084004602991945, 
                "x": 0.7604394460064563, 
                "p": 0.038890260958822587
            }, 
            {
                "y": 0.86536248561565021, 
                "x": 0.80167655940851812, 
                "p": 0.037905530205889132
            }, 
            {
                "y": 0.89758342922899881, 
                "x": 0.83588461938977399, 
                "p": 0.037293974101431107
            }, 
            {
                "y": 0.92059838895281931, 
                "x": 0.87785067166510466, 
                "p": 0.036492090846866956
            }, 
            {
                "y": 0.96547756041426924, 
                "x": 0.9376757263355201, 
                "p": 0.035208264633479487
            }, 
            {
                "y": 0.98849252013808975, 
                "x": 0.97709049255441005, 
                "p": 0.029861369145851979
            }, 
            {
                "y": 1.0, 
                "x": 1.0, 
                "p": 0.0048258816191505179
            }
        ], 
        "3": [
            {
                "y": 0.0, 
                "x": 0.0, 
                "p": 1.3385413239783868
            }, 
            {
                "y": 0.042487538571089487, 
                "x": 0.023389232127096204, 
                "p": 0.22874774154609334
            }, 
            {
                "y": 0.086873961547590792, 
                "x": 0.048984995586937335, 
                "p": 0.21990051541951849
            }, 
            {
                "y": 0.13719439829100402, 
                "x": 0.091854747194553013, 
                "p": 0.21815204371307551
            }, 
            {
                "y": 0.21125089010206505, 
                "x": 0.16580506871769007, 
                "p": 0.2180721161348059
            }, 
            {
                "y": 0.24566816995015428, 
                "x": 0.20558567645946288, 
                "p": 0.21769318941219251
            }, 
            {
                "y": 0.28601946356515545, 
                "x": 0.24460975917286598, 
                "p": 0.21734473500659013
            }, 
            {
                "y": 0.37455494896748159, 
                "x": 0.33268188122557052, 
                "p": 0.21713068525250925
            }, 
            {
                "y": 0.41419416093045336, 
                "x": 0.36987769512041357, 
                "p": 0.21696473498133642
            }, 
            {
                "y": 0.454782815096131, 
                "x": 0.40360610263522884, 
                "p": 0.2165187748199742
            }, 
            {
                "y": 0.50415380963683831, 
                "x": 0.45593241709746563, 
                "p": 0.21617726850838026
            }, 
            {
                "y": 0.53975789223830994, 
                "x": 0.49111083091665614, 
                "p": 0.21600776754792694
            }, 
            {
                "y": 0.57536197483978158, 
                "x": 0.53120665742024964, 
                "p": 0.21595779685939076
            }, 
            {
                "y": 0.61049133633990027, 
                "x": 0.56789812129617956, 
                "p": 0.21554399960802878
            }, 
            {
                "y": 0.64348445288393064, 
                "x": 0.60818307905686542, 
                "p": 0.21455615064485709
            }, 
            {
                "y": 0.67600284832660806, 
                "x": 0.6443701929138822, 
                "p": 0.21223419522034206
            }, 
            {
                "y": 0.7248991217659625, 
                "x": 0.69726390114739634, 
                "p": 0.21049599604857161
            }, 
            {
                "y": 0.7661998575836696, 
                "x": 0.73401840877569036, 
                "p": 0.2081777975697936
            }, 
            {
                "y": 0.80085449798243535, 
                "x": 0.76635985373849447, 
                "p": 0.20522144476153575
            }, 
            {
                "y": 0.8324234512224068, 
                "x": 0.80406001765225066, 
                "p": 0.20149513866315466
            }, 
            {
                "y": 0.86802753382387843, 
                "x": 0.83930147522380527, 
                "p": 0.20058358116707914
            }, 
            {
                "y": 0.90125801091858537, 
                "x": 0.87630815786155591, 
                "p": 0.20005663898899365
            }, 
            {
                "y": 0.93425112746261574, 
                "x": 0.91879964695498673, 
                "p": 0.19692616208557123
            }, 
            {
                "y": 0.96748160455732257, 
                "x": 0.95196066069852481, 
                "p": 0.18765230439429659
            }, 
            {
                "y": 0.99287918347970572, 
                "x": 0.99155213718320512, 
                "p": 0.15032098735606511
            }, 
            {
                "y": 1.0, 
                "x": 1.0, 
                "p": 0.1112444544572255
            }
        ], 
        "2": [
            {
                "y": 0.0, 
                "x": 0.0, 
                "p": 1.7598035392562916
            }, 
            {
                "y": 0.03920637934307955, 
                "x": 0.029347028613352897, 
                "p": 0.56368359743908658
            }, 
            {
                "y": 0.07509018416555914, 
                "x": 0.062886489885756208, 
                "p": 0.55028629442381649
            }, 
            {
                "y": 0.1161951775204101, 
                "x": 0.097998113405303428, 
                "p": 0.54972211703804308
            }, 
            {
                "y": 0.15777482437820392, 
                "x": 0.13541557488732836, 
                "p": 0.54758423646681686
            }, 
            {
                "y": 0.20030377824188342, 
                "x": 0.17042238759039932, 
                "p": 0.54502761764461405
            }, 
            {
                "y": 0.24397190051262579, 
                "x": 0.20983125458547322, 
                "p": 0.54371591801620067
            }, 
            {
                "y": 0.2798557053351054, 
                "x": 0.24410439157321034, 
                "p": 0.54196382049466996
            }, 
            {
                "y": 0.31051832162521359, 
                "x": 0.28256996121999789, 
                "p": 0.52929088609870723
            }, 
            {
                "y": 0.34507309663945318, 
                "x": 0.31673828739125875, 
                "p": 0.50520529087396771
            }, 
            {
                "y": 0.39196886273020692, 
                "x": 0.35730007336757152, 
                "p": 0.50291607741762279
            }, 
            {
                "y": 0.43202961837858361, 
                "x": 0.39534639974845404, 
                "p": 0.50143234314054308
            }, 
            {
                "y": 0.47693183975697739, 
                "x": 0.43244942878105019, 
                "p": 0.50126077476541142
            }, 
            {
                "y": 0.56569204480729063, 
                "x": 0.52489256891311187, 
                "p": 0.50108898262199086
            }, 
            {
                "y": 0.62796658439339281, 
                "x": 0.58432030185515149, 
                "p": 0.50073352313974739
            }, 
            {
                "y": 0.72811847351433456, 
                "x": 0.68776857771722044, 
                "p": 0.5002817726772476
            }, 
            {
                "y": 0.76143914942092272, 
                "x": 0.72833036369353321, 
                "p": 0.50006142168040402
            }, 
            {
                "y": 0.80301879627871653, 
                "x": 0.77140760926527618, 
                "p": 0.49966555824037345
            }, 
            {
                "y": 0.83814315549648755, 
                "x": 0.80840582748139611, 
                "p": 0.49866283350406237
            }, 
            {
                "y": 0.87459654452249858, 
                "x": 0.84529923488103975, 
                "p": 0.4981682705039075
            }, 
            {
                "y": 0.91760015188912092, 
                "x": 0.8962372916885023, 
                "p": 0.49732012040923124
            }, 
            {
                "y": 0.95224985760394909, 
                "x": 0.94277329420396183, 
                "p": 0.49530370508069965
            }, 
            {
                "y": 0.98462122650465156, 
                "x": 0.98218216119903579, 
                "p": 0.4882924102553175
            }, 
            {
                "y": 1.0, 
                "x": 1.0, 
                "p": 0.4299396066279445
            }
        ], 
        "4": [
            {
                "y": 0.0, 
                "x": 0.0, 
                "p": 1.0773940312783852
            }, 
            {
                "y": 0.038495971351835273, 
                "x": 0.028853254562717586, 
                "p": 0.063143122499484339
            }, 
            {
                "y": 0.085049239033124446, 
                "x": 0.054488870133980377, 
                "p": 0.062220727626040431
            }, 
            {
                "y": 0.12712623097582812, 
                "x": 0.092731300770123426, 
                "p": 0.061769390703493812
            }, 
            {
                "y": 0.16651745747538049, 
                "x": 0.12464394978373246, 
                "p": 0.061585183370172138
            }, 
            {
                "y": 0.27305282005371528, 
                "x": 0.21869395505855049, 
                "p": 0.061519825639940601
            }, 
            {
                "y": 0.32139659803043868, 
                "x": 0.24812743960333369, 
                "p": 0.061511148381081619
            }, 
            {
                "y": 0.36168307967770813, 
                "x": 0.28499841755459437, 
                "p": 0.06146784586163969
            }, 
            {
                "y": 0.44225604297224708, 
                "x": 0.36485916235889859, 
                "p": 0.06143179792928808
            }, 
            {
                "y": 0.47896150402864818, 
                "x": 0.39977845764321129, 
                "p": 0.061347805579329791
            }, 
            {
                "y": 0.52461951656222028, 
                "x": 0.43907585188311005, 
                "p": 0.061261574997356794
            }, 
            {
                "y": 0.56669650850492392, 
                "x": 0.49187678025108134, 
                "p": 0.06118118670604155
            }, 
            {
                "y": 0.60877350044762757, 
                "x": 0.52880050638252984, 
                "p": 0.060991843020087783
            }, 
            {
                "y": 0.64279319606087737, 
                "x": 0.57084080599219322, 
                "p": 0.060777318756977505
            }, 
            {
                "y": 0.66338406445837061, 
                "x": 0.61419981010655134, 
                "p": 0.06033319214988328
            }, 
            {
                "y": 0.69740376007162042, 
                "x": 0.64769490452579381, 
                "p": 0.058684587562433561
            }, 
            {
                "y": 0.72784243509400182, 
                "x": 0.67987129444034178, 
                "p": 0.056012885139306808
            }, 
            {
                "y": 0.76454789615040286, 
                "x": 0.71473784154446673, 
                "p": 0.055584181384740639
            }, 
            {
                "y": 0.79767233661593551, 
                "x": 0.74839118050427256, 
                "p": 0.054986892484751332
            }, 
            {
                "y": 0.82721575649059986, 
                "x": 0.78035657769806943, 
                "p": 0.053616121428513262
            }, 
            {
                "y": 0.85317815577439571, 
                "x": 0.81538136934275762, 
                "p": 0.051290627613786909
            }, 
            {
                "y": 0.89435989256938231, 
                "x": 0.85831838801561344, 
                "p": 0.051035041363048886
            }, 
            {
                "y": 0.92390331244404655, 
                "x": 0.89371241692161618, 
                "p": 0.049451617909975099
            }, 
            {
                "y": 0.96329453894359895, 
                "x": 0.93469775292752399, 
                "p": 0.049171475380276712
            }, 
            {
                "y": 0.98836168307967776, 
                "x": 0.96924781095052226, 
                "p": 0.047366028319219391
            }, 
            {
                "y": 1.0, 
                "x": 1.0, 
                "p": 0.0192097433943033
            }
        ]
    }
}