{
  "state": "DONE",
  "preSearchDescription": {
    "gridLength": 12,
    "importantParams": [
      {
        "name": "trees",
        "vals": [
          "100"
        ]
      },
      {
        "name": "depth",
        "vals": [
          "5",
          "10",
          "15",
          "20"
        ]
      },
      {
        "name": "min_samples",
        "vals": [
          "1",
          "10",
          "100"
        ]
      }
    ]
  },
  "postSearchDescription": {
    "importantParams": [
      {
        "name": "trees",
        "val": "100"
      },
      {
        "name": "depth",
        "val": "5"
      },
      {
        "name": "min_samples",
        "val": "100"
      }
    ]
  },
  "modelId": "m1",
  "progress": {
    "top_level_todo": [],
    "stack": [],
    "top_level_done": [
      {
        "name": "Loading train set",
        "time": 192
      },
      {
        "name": "Loading test set",
        "time": 46
      },
      {
        "name": "Collecting statistics",
        "time": 6
      },
      {
        "name": "Preprocessing train set",
        "time": 157
      },
      {
        "name": "Preprocessing test set",
        "time": 58
      },
      {
        "name": "Fitting model",
        "time": 261509
      },
      {
        "name": "Saving model",
        "time": 11
      },
      {
        "name": "Scoring model",
        "time": 2334
      }
    ]
  },
  "startTime": 1493737491484,
  "endTime": 1493737755798,
  "preprocessingTime": 459,
  "trainingTime": 263855
}