{
  "inputDatasetSmartName": "animal_shelter_test_prepared",
  "script": {
    "steps": [
      {
        "type": "ColumnCopier",
        "params": {
          "inputColumn": "AgeuponOutcome",
          "outputColumn": "AgeuponOutcome_copy"
        },
        "metaType": "PROCESSOR",
        "preview": false,
        "disabled": false,
        "alwaysShowComment": false
      },
      {
        "type": "ColumnCopier",
        "params": {
          "inputColumn": "AgeuponOutcome_copy",
          "outputColumn": "AgeuponOutcome_copy_copy"
        },
        "metaType": "PROCESSOR",
        "preview": false,
        "disabled": false,
        "alwaysShowComment": false
      },
      {
        "type": "ColumnCopier",
        "params": {
          "inputColumn": "AgeuponOutcome_copy_copy",
          "outputColumn": "AgeuponOutcome_copy_copy_copy"
        },
        "metaType": "PROCESSOR",
        "preview": false,
        "disabled": false,
        "alwaysShowComment": false
      },
      {
        "type": "ColumnCopier",
        "params": {
          "inputColumn": "AgeuponOutcome_copy_copy_copy",
          "outputColumn": "AgeuponOutcome_copy_copy_copy_copy"
        },
        "metaType": "PROCESSOR",
        "preview": false,
        "disabled": false,
        "alwaysShowComment": false
      },
      {
        "type": "ColumnCopier",
        "params": {
          "inputColumn": "AgeuponOutcome_copy_copy_copy_copy",
          "outputColumn": "AgeuponOutcome_copy_copy_copy_copy_copy"
        },
        "metaType": "PROCESSOR",
        "preview": false,
        "disabled": false,
        "alwaysShowComment": false
      },
      {
        "type": "ColumnCopier",
        "params": {
          "inputColumn": "AgeuponOutcome_copy_copy_copy_copy_copy",
          "outputColumn": "AgeuponOutcome_copy_copy_copy_copy_copy_copy"
        },
        "metaType": "PROCESSOR",
        "preview": false,
        "disabled": false,
        "alwaysShowComment": false
      },
      {
        "type": "ColumnRenamer",
        "params": {
          "renamings": [
            {
              "from": "AgeuponOutcome_copy",
              "to": "proba_Adoption_NN"
            },
            {
              "from": "AgeuponOutcome_copy_copy",
              "to": "proba_Transfer_NN"
            },
            {
              "from": "AgeuponOutcome_copy_copy_copy",
              "to": "proba_Return_to_owner_NN"
            },
            {
              "from": "AgeuponOutcome_copy_copy_copy_copy",
              "to": "proba_Euthanasia_NN"
            },
            {
              "from": "AgeuponOutcome_copy_copy_copy_copy_copy",
              "to": "proba_Died_NN"
            },
            {
              "from": "AgeuponOutcome_copy_copy_copy_copy_copy_copy",
              "to": "prediction_correct_NN"
            }
          ]
        },
        "metaType": "PROCESSOR",
        "preview": false,
        "disabled": false,
        "alwaysShowComment": false
      },
      {
        "type": "FilterOnValue",
        "params": {
          "values": [
            "0",
            "1",
            "2",
            "3",
            "4",
            "5",
            "6",
            "7",
            "8",
            "10",
            "9",
            "12",
            "13",
            "14",
            "11",
            "15",
            "17",
            "16",
            "20",
            "18",
            "19",
            "22"
          ],
          "matchingMode": "FULL_STRING",
          "normalizationMode": "EXACT",
          "action": "CLEAR_CELL",
          "booleanMode": "AND",
          "appliesTo": "SINGLE_COLUMN",
          "columns": [
            "prediction_correct_NN"
          ]
        },
        "metaType": "PROCESSOR",
        "preview": false,
        "disabled": false,
        "alwaysShowComment": false
      },
      {
        "type": "FilterOnValue",
        "params": {
          "values": [
            "0",
            "1",
            "2",
            "3",
            "4",
            "5",
            "6",
            "7",
            "8",
            "10",
            "9",
            "12",
            "13",
            "14",
            "11",
            "15",
            "17",
            "16",
            "20",
            "18",
            "19",
            "22"
          ],
          "matchingMode": "FULL_STRING",
          "normalizationMode": "EXACT",
          "action": "CLEAR_CELL",
          "booleanMode": "AND",
          "appliesTo": "SINGLE_COLUMN",
          "columns": [
            "proba_Died_NN"
          ]
        },
        "metaType": "PROCESSOR",
        "preview": false,
        "disabled": false,
        "alwaysShowComment": false
      },
      {
        "type": "FilterOnValue",
        "params": {
          "values": [
            "0",
            "1",
            "2",
            "3",
            "4",
            "5",
            "6",
            "7",
            "8",
            "10",
            "9",
            "12",
            "13",
            "14",
            "11",
            "15",
            "17",
            "16",
            "20",
            "18",
            "19",
            "22"
          ],
          "matchingMode": "FULL_STRING",
          "normalizationMode": "EXACT",
          "action": "CLEAR_CELL",
          "booleanMode": "AND",
          "appliesTo": "SINGLE_COLUMN",
          "columns": [
            "proba_Euthanasia_NN"
          ]
        },
        "metaType": "PROCESSOR",
        "preview": false,
        "disabled": false,
        "alwaysShowComment": false
      },
      {
        "type": "FilterOnValue",
        "params": {
          "values": [
            "0",
            "1",
            "2",
            "3",
            "4",
            "5",
            "6",
            "7",
            "8",
            "10",
            "9",
            "12",
            "13",
            "14",
            "11",
            "15",
            "17",
            "16",
            "20",
            "18",
            "19",
            "22"
          ],
          "matchingMode": "FULL_STRING",
          "normalizationMode": "EXACT",
          "action": "CLEAR_CELL",
          "booleanMode": "AND",
          "appliesTo": "SINGLE_COLUMN",
          "columns": [
            "proba_Return_to_owner_NN"
          ]
        },
        "metaType": "PROCESSOR",
        "preview": false,
        "disabled": false,
        "alwaysShowComment": false
      },
      {
        "type": "FilterOnValue",
        "params": {
          "values": [
            "0",
            "1",
            "2",
            "3",
            "4",
            "5",
            "6",
            "7",
            "8",
            "10",
            "9",
            "12",
            "13",
            "14",
            "11",
            "15",
            "17",
            "16",
            "20",
            "18",
            "19",
            "22"
          ],
          "matchingMode": "FULL_STRING",
          "normalizationMode": "EXACT",
          "action": "CLEAR_CELL",
          "booleanMode": "AND",
          "appliesTo": "SINGLE_COLUMN",
          "columns": [
            "proba_Transfer_NN"
          ]
        },
        "metaType": "PROCESSOR",
        "preview": false,
        "disabled": false,
        "alwaysShowComment": false
      },
      {
        "type": "FilterOnValue",
        "params": {
          "values": [
            "0",
            "1",
            "2",
            "3",
            "4",
            "5",
            "6",
            "7",
            "8",
            "10",
            "9",
            "12",
            "13",
            "14",
            "11",
            "15",
            "17",
            "16",
            "20",
            "18",
            "19",
            "22"
          ],
          "matchingMode": "FULL_STRING",
          "normalizationMode": "EXACT",
          "action": "CLEAR_CELL",
          "booleanMode": "AND",
          "appliesTo": "SINGLE_COLUMN",
          "columns": [
            "proba_Adoption_NN"
          ]
        },
        "metaType": "PROCESSOR",
        "preview": false,
        "disabled": false,
        "alwaysShowComment": false
      },
      {
        "type": "ColumnCopier",
        "params": {
          "inputColumn": "prediction_correct_NN",
          "outputColumn": "prediction_correct_NN_copy"
        },
        "metaType": "PROCESSOR",
        "preview": false,
        "disabled": false,
        "alwaysShowComment": false
      },
      {
        "type": "ColumnCopier",
        "params": {
          "inputColumn": "prediction_correct_NN_copy",
          "outputColumn": "prediction_correct_NN_copy_copy"
        },
        "metaType": "PROCESSOR",
        "preview": false,
        "disabled": false,
        "alwaysShowComment": false
      },
      {
        "type": "ColumnCopier",
        "params": {
          "inputColumn": "prediction_correct_NN_copy_copy",
          "outputColumn": "prediction_correct_NN_copy_copy_copy"
        },
        "metaType": "PROCESSOR",
        "preview": false,
        "disabled": false,
        "alwaysShowComment": false
      },
      {
        "type": "ColumnCopier",
        "params": {
          "inputColumn": "prediction_correct_NN_copy_copy_copy",
          "outputColumn": "prediction_correct_NN_copy_copy_copy_copy"
        },
        "metaType": "PROCESSOR",
        "preview": false,
        "disabled": false,
        "alwaysShowComment": false
      },
      {
        "type": "ColumnCopier",
        "params": {
          "inputColumn": "prediction_correct_NN_copy_copy_copy_copy",
          "outputColumn": "prediction_correct_NN_copy_copy_copy_copy_copy"
        },
        "metaType": "PROCESSOR",
        "preview": false,
        "disabled": false,
        "alwaysShowComment": false
      },
      {
        "type": "ColumnCopier",
        "params": {
          "inputColumn": "prediction_correct_NN_copy_copy_copy_copy_copy",
          "outputColumn": "prediction_correct_NN_copy_copy_copy_copy_copy_copy"
        },
        "metaType": "PROCESSOR",
        "preview": false,
        "disabled": false,
        "alwaysShowComment": false
      },
      {
        "type": "ColumnRenamer",
        "params": {
          "renamings": [
            {
              "from": "prediction_correct_NN_copy",
              "to": "proba_Adoption_RF"
            },
            {
              "from": "prediction_correct_NN_copy_copy",
              "to": "proba_Transfer_RF"
            },
            {
              "from": "prediction_correct_NN_copy_copy_copy",
              "to": "proba_Return_to_owner_RF"
            },
            {
              "from": "prediction_correct_NN_copy_copy_copy_copy",
              "to": "proba_Euthanasia_RF"
            },
            {
              "from": "prediction_correct_NN_copy_copy_copy_copy_copy",
              "to": "proba_Died_RF"
            },
            {
              "from": "prediction_correct_NN_copy_copy_copy_copy_copy_copy",
              "to": "prediction_correct_RF"
            }
          ]
        },
        "metaType": "PROCESSOR",
        "preview": false,
        "disabled": false,
        "alwaysShowComment": false
      }
    ],
    "maxProcessedMemTableBytes": -1,
    "columnsSelection": {
      "mode": "ALL"
    },
    "coloring": {
      "scheme": "MEANING_AND_STATUS",
      "individualColumns": [],
      "valueColoringMode": "HASH"
    },
    "sorting": [],
    "analysisColumnData": {
      "Month": {
        "meaning": "LongMeaning"
      }
    },
    "explorationSampling": {
      "selection": {
        "maxStoredBytes": 104857600,
        "filter": {
          "distinct": false,
          "enabled": false
        },
        "partitionSelectionMethod": "ALL",
        "latestPartitionsN": 1,
        "ordering": {
          "enabled": false,
          "rules": []
        },
        "samplingMethod": "HEAD_SEQUENTIAL",
        "maxRecords": 10000,
        "targetRatio": 0.02,
        "withinFirstN": -1,
        "maxReadUncompressedBytes": -1
      },
      "autoRefreshSample": false,
      "_refreshTrigger": 0
    },
    "vizSampling": {
      "autoRefreshSample": false,
      "_refreshTrigger": 0
    },
    "exploreUIParams": {
      "autoRefresh": true
    },
    "globalSearchQuery": "",
    "explorationFilters": [],
    "previewMode": "ALL_ROWS"
  },
  "charts": [],
  "name": "Analyze animal_shelter_test_prepared",
  "versionTag": {
    "versionNumber": 1,
    "lastModifiedBy": {
      "login": "admin"
    },
    "lastModifiedOn": 1523393985917
  },
  "creationTag": {
    "versionNumber": 0,
    "lastModifiedBy": {
      "login": "admin"
    },
    "lastModifiedOn": 1523393595336
  },
  "tags": [],
  "checklists": {
    "checklists": []
  }
}