{
  "params": {
    "ttPolicy": "SPLIT_SINGLE_DATASET",
    "ssdSplitMode": "RANDOM",
    "splitBeforePrepare": true,
    "ssdSelection": {
      "useMemTable": false,
      "filter": {
        "distinct": false,
        "enabled": false
      },
      "partitionSelectionMethod": "ALL",
      "latestPartitionsN": 1,
      "samplingMethod": "HEAD_SEQUENTIAL",
      "maxRecords": 100000,
      "targetRatio": 0.02,
      "withinFirstN": -1,
      "maxReadUncompressedBytes": -1
    },
    "ssdTrainingRatio": 0.8,
    "ssdSeed": 1337,
    "kfold": false,
    "nFolds": 5,
    "instanceIdRefresher": 0,
    "subSamplingSeed": 1337
  },
  "generationDate": 1493890124739,
  "format": "csv1",
  "schema": {
    "userModified": false,
    "columns": [
      {
        "name": "RowId",
        "type": "bigint",
        "timestampNoTzAsDate": false,
        "maxLength": -1
      },
      {
        "name": "ImageId",
        "type": "bigint",
        "timestampNoTzAsDate": false,
        "maxLength": -1
      },
      {
        "name": "FeatureName",
        "type": "string",
        "timestampNoTzAsDate": false,
        "maxLength": -1
      },
      {
        "name": "FeatureName_0",
        "type": "string",
        "timestampNoTzAsDate": false,
        "maxLength": -1
      },
      {
        "name": "Location",
        "type": "string",
        "timestampNoTzAsDate": false,
        "maxLength": -1
      }
    ]
  },
  "trainPath": "/Users/thebeast/Library/DataScienceStudio/dss_home/saved_models/FACIALKEYPOINTSDETECTIONFINALPROJECT/KcvaaTmH/versions/1493890124733/split/train.csv",
  "testPath": "/Users/thebeast/Library/DataScienceStudio/dss_home/saved_models/FACIALKEYPOINTSDETECTIONFINALPROJECT/KcvaaTmH/versions/1493890124733/split/test.csv",
  "trainRows": 0,
  "testRows": 0,
  "fullRows": 0
}