{
  "state": "DONE",
  "postSearchDescription": {
    "importantParams": [
      {
        "name": "trees",
        "val": "100"
      },
      {
        "name": "depth",
        "val": "10"
      },
      {
        "name": "min_samples",
        "val": "1"
      }
    ]
  },
  "progress": {
    "top_level_todo": [],
    "stack": [],
    "top_level_done": [
      {
        "name": "Loading train set",
        "time": 43
      },
      {
        "name": "Loading test set",
        "time": 14
      },
      {
        "name": "Collecting preprocessing data",
        "time": 15
      },
      {
        "name": "Preprocessing train set",
        "time": 104
      },
      {
        "name": "Preprocessing test set",
        "time": 33
      },
      {
        "name": "Fitting model",
        "time": 878
      },
      {
        "name": "Saving model",
        "time": 12
      },
      {
        "name": "Scoring model",
        "time": 4345
      }
    ]
  },
  "startTime": 1493890126955,
  "endTime": 1493890132401,
  "preprocessingTime": 0,
  "trainingTime": 5446
}