{
    "per_feature": {
        "Soil_Type39": {
            "stats": {
                "std": 0.09138349049022912, 
                "p99": 0.0, 
                "min": 0.0, 
                "max": 1.0, 
                "average": 0.008421763940334368, 
                "median": 0.0
            }, 
            "missing_impute_with_value": 0.008421763940334368
        }, 
        "Soil_Type7": {
            "stats": {}
        }, 
        "Hillshade_9am": {
            "stats": {
                "std": 20.86878554123743, 
                "p99": 252.0, 
                "min": 0.0, 
                "max": 254.0, 
                "average": 218.22120582640906, 
                "median": 222.0
            }, 
            "missing_impute_with_value": 218.22120582640906
        }, 
        "Soil_Type18": {
            "stats": {
                "std": 0.13437662020750463, 
                "p99": 1.0, 
                "min": 0.0, 
                "max": 1.0, 
                "average": 0.01839523475823406, 
                "median": 0.0
            }, 
            "missing_impute_with_value": 0.01839523475823406
        }, 
        "Soil_Type19": {
            "stats": {
                "std": 0.08078766653016099, 
                "p99": 0.0, 
                "min": 0.0, 
                "max": 1.0, 
                "average": 0.006569726699369306, 
                "median": 0.0
            }, 
            "missing_impute_with_value": 0.006569726699369306
        }, 
        "Soil_Type30": {
            "stats": {
                "std": 0.3137271693411034, 
                "p99": 1.0, 
                "min": 0.0, 
                "max": 1.0, 
                "average": 0.11067173891280409, 
                "median": 0.0
            }, 
            "missing_impute_with_value": 0.11067173891280409
        }, 
        "Soil_Type31": {
            "stats": {
                "std": 0.057274163539375235, 
                "p99": 0.0, 
                "min": 0.0, 
                "max": 1.0, 
                "average": 0.003291120232255481, 
                "median": 0.0
            }, 
            "missing_impute_with_value": 0.003291120232255481
        }, 
        "Elevation": {
            "stats": {}
        }, 
        "Soil_Type37": {
            "stats": {
                "std": 0.017684744012159356, 
                "p99": 0.0, 
                "min": 0.0, 
                "max": 1.0, 
                "average": 0.0003128441285413955, 
                "median": 0.0
            }, 
            "missing_impute_with_value": 0.0003128441285413955
        }, 
        "Soil_Type34": {
            "stats": {
                "std": 0.015417781350272247, 
                "p99": 0.0, 
                "min": 0.0, 
                "max": 1.0, 
                "average": 0.0002377615376914606, 
                "median": 0.0
            }, 
            "missing_impute_with_value": 0.0002377615376914606
        }, 
        "Soil_Type35": {
            "stats": {
                "std": 0.03316643531296674, 
                "p99": 0.0, 
                "min": 0.0, 
                "max": 1.0, 
                "average": 0.0011012113324657122, 
                "median": 0.0
            }, 
            "missing_impute_with_value": 0.0011012113324657122
        }, 
        "Soil_Type10": {
            "stats": {
                "std": 0.14454406608740283, 
                "p99": 1.0, 
                "min": 0.0, 
                "max": 1.0, 
                "average": 0.021348483331664832, 
                "median": 0.0
            }, 
            "missing_impute_with_value": 0.021348483331664832
        }, 
        "Soil_Type11": {
            "stats": {
                "std": 0.06246211590439194, 
                "p99": 0.0, 
                "min": 0.0, 
                "max": 1.0, 
                "average": 0.003916808489338272, 
                "median": 0.0
            }, 
            "missing_impute_with_value": 0.003916808489338272
        }, 
        "Soil_Type12": {
            "stats": {
                "std": 0.41747611160128756, 
                "p99": 1.0, 
                "min": 0.0, 
                "max": 1.0, 
                "average": 0.22483481830013013, 
                "median": 0.0
            }, 
            "missing_impute_with_value": 0.22483481830013013
        }, 
        "Soil_Type13": {
            "stats": {
                "std": 0.06724521585912391, 
                "p99": 0.0, 
                "min": 0.0, 
                "max": 1.0, 
                "average": 0.004542496746421063, 
                "median": 0.0
            }, 
            "missing_impute_with_value": 0.004542496746421063
        }, 
        "Soil_Type14": {
            "stats": {
                "std": 0.04136989391532377, 
                "p99": 0.0, 
                "min": 0.0, 
                "max": 1.0, 
                "average": 0.0017143858244068476, 
                "median": 0.0
            }, 
            "missing_impute_with_value": 0.0017143858244068476
        }, 
        "Soil_Type15": {
            "stats": {}
        }, 
        "Soil_Type16": {
            "stats": {
                "std": 0.14362924393455873, 
                "p99": 1.0, 
                "min": 0.0, 
                "max": 1.0, 
                "average": 0.021073180498548404, 
                "median": 0.0
            }, 
            "missing_impute_with_value": 0.021073180498548404
        }, 
        "Soil_Type17": {
            "stats": {
                "std": 0.07710949907020072, 
                "p99": 0.0, 
                "min": 0.0, 
                "max": 1.0, 
                "average": 0.005981579737711483, 
                "median": 0.0
            }, 
            "missing_impute_with_value": 0.005981579737711483
        }, 
        "Horizontal_Distance_To_Roadways": {
            "stats": {
                "std": 1777.09625784938, 
                "p99": 6567.0, 
                "min": 0.0, 
                "max": 7117.0, 
                "average": 3341.766317949745, 
                "median": 3434.0
            }, 
            "missing_impute_with_value": 3341.766317949745
        }, 
        "Horizontal_Distance_To_Fire_Points": {
            "stats": {
                "std": 1784.170229974413, 
                "p99": 6657.889999999999, 
                "min": 0.0, 
                "max": 7173.0, 
                "average": 3591.705213234558, 
                "median": 3628.0
            }, 
            "missing_impute_with_value": 3591.705213234558
        }, 
        "Horizontal_Distance_To_Hydrology": {
            "stats": {
                "std": 202.69559706374292, 
                "p99": 870.0, 
                "min": 0.0, 
                "max": 1343.0, 
                "average": 259.9496696366003, 
                "median": 216.0
            }, 
            "missing_impute_with_value": 259.9496696366003
        }, 
        "Wilderness_Area1": {
            "stats": {
                "std": 0.3189048986908583, 
                "p99": 1.0, 
                "min": 0.0, 
                "max": 1.0, 
                "average": 0.8850986084693162, 
                "median": 1.0
            }, 
            "missing_impute_with_value": 0.8850986084693162
        }, 
        "Wilderness_Area2": {
            "stats": {
                "std": 0.06933283184665177, 
                "p99": 0.0, 
                "min": 0.0, 
                "max": 1.0, 
                "average": 0.004830313344679147, 
                "median": 0.0
            }, 
            "missing_impute_with_value": 0.004830313344679147
        }, 
        "Wilderness_Area3": {
            "stats": {
                "std": 0.24304423067571823, 
                "p99": 1.0, 
                "min": 0.0, 
                "max": 1.0, 
                "average": 0.06304434878366202, 
                "median": 0.0
            }, 
            "missing_impute_with_value": 0.06304434878366202
        }, 
        "Wilderness_Area4": {
            "stats": {
                "std": 0.21169737111784928, 
                "p99": 1.0, 
                "min": 0.0, 
                "max": 1.0, 
                "average": 0.04702672940234258, 
                "median": 0.0
            }, 
            "missing_impute_with_value": 0.04702672940234258
        }, 
        "Soil_Type32": {
            "stats": {
                "std": 0.08207644749315632, 
                "p99": 0.0, 
                "min": 0.0, 
                "max": 1.0, 
                "average": 0.006782460706777455, 
                "median": 0.0
            }, 
            "missing_impute_with_value": 0.006782460706777455
        }, 
        "Hillshade_3pm": {
            "stats": {
                "std": 31.160555465788388, 
                "p99": 211.0, 
                "min": 0.0, 
                "max": 248.0, 
                "average": 139.3515992591851, 
                "median": 140.0
            }, 
            "missing_impute_with_value": 139.3515992591851
        }, 
        "Soil_Type33": {
            "stats": {
                "std": 0.07877470607674619, 
                "p99": 0.0, 
                "min": 0.0, 
                "max": 1.0, 
                "average": 0.006244368805686255, 
                "median": 0.0
            }, 
            "missing_impute_with_value": 0.006244368805686255
        }, 
        "Cover_Type": {
            "stats": {
                "std": 1.994884926862319, 
                "p99": NaN, 
                "min": 1.0, 
                "max": 7.0, 
                "average": 3.998505107549207, 
                "median": 4.0
            }, 
            "missing_impute_with_value": 3.998505107549207
        }, 
        "Hillshade_Noon": {
            "stats": {
                "std": 16.65555476315715, 
                "p99": 252.0, 
                "min": 99.0, 
                "max": 254.0, 
                "average": 225.47526028631495, 
                "median": 227.0
            }, 
            "missing_impute_with_value": 225.47526028631495
        }, 
        "Vertical_Distance_To_Hydrology": {
            "stats": {
                "std": 42.485662111260794, 
                "p99": 184.0, 
                "min": -146.0, 
                "max": 554.0, 
                "average": 35.10903243567925, 
                "median": 23.0
            }, 
            "missing_impute_with_value": 35.10903243567925
        }, 
        "Soil_Type36": {
            "stats": {
                "std": 0.010005066303721619, 
                "p99": 0.0, 
                "min": 0.0, 
                "max": 1.0, 
                "average": 0.00010011012113324657, 
                "median": 0.0
            }, 
            "missing_impute_with_value": 0.00010011012113324657
        }, 
        "Soil_Type38": {
            "stats": {
                "std": 0.08871798897888983, 
                "p99": 0.0, 
                "min": 0.0, 
                "max": 1.0, 
                "average": 0.00793372709980979, 
                "median": 0.0
            }, 
            "missing_impute_with_value": 0.00793372709980979
        }, 
        "Slope": {
            "stats": {
                "std": 6.496524288862274, 
                "p99": 32.0, 
                "min": 0.0, 
                "max": 61.0, 
                "average": 11.78590199219141, 
                "median": 11.0
            }, 
            "missing_impute_with_value": 11.78590199219141
        }, 
        "Soil_Type29": {
            "stats": {
                "std": 0.4837455499467938, 
                "p99": 1.0, 
                "min": 0.0, 
                "max": 1.0, 
                "average": 0.37353588947842625, 
                "median": 0.0
            }, 
            "missing_impute_with_value": 0.37353588947842625
        }, 
        "Soil_Type28": {
            "stats": {
                "std": 0.010005066303722106, 
                "p99": 0.0, 
                "min": 0.0, 
                "max": 1.0, 
                "average": 0.00010011012113324657, 
                "median": 0.0
            }, 
            "missing_impute_with_value": 0.00010011012113324657
        }, 
        "Soil_Type40": {
            "stats": {
                "std": 0.08582359038253162, 
                "p99": 0.0, 
                "min": 0.0, 
                "max": 1.0, 
                "average": 0.007420662729001902, 
                "median": 0.0
            }, 
            "missing_impute_with_value": 0.007420662729001902
        }, 
        "Soil_Type25": {
            "stats": {}
        }, 
        "Soil_Type24": {
            "stats": {
                "std": 0.13110457733510422, 
                "p99": 1.0, 
                "min": 0.0, 
                "max": 1.0, 
                "average": 0.01749424366803484, 
                "median": 0.0
            }, 
            "missing_impute_with_value": 0.01749424366803484
        }, 
        "Soil_Type27": {
            "stats": {
                "std": 0.012253346930173357, 
                "p99": 0.0, 
                "min": 0.0, 
                "max": 1.0, 
                "average": 0.00015016518169986987, 
                "median": 0.0
            }, 
            "missing_impute_with_value": 0.00015016518169986987
        }, 
        "Soil_Type26": {
            "stats": {
                "std": 0.02345867400508657, 
                "p99": 0.0, 
                "min": 0.0, 
                "max": 1.0, 
                "average": 0.0005506056662328561, 
                "median": 0.0
            }, 
            "missing_impute_with_value": 0.0005506056662328561
        }, 
        "Soil_Type21": {
            "stats": {
                "std": 0.012753608031534337, 
                "p99": 0.0, 
                "min": 0.0, 
                "max": 1.0, 
                "average": 0.00016267894684152568, 
                "median": 0.0
            }, 
            "missing_impute_with_value": 0.00016267894684152568
        }, 
        "Soil_Type20": {
            "stats": {
                "std": 0.21522272295000588, 
                "p99": 1.0, 
                "min": 0.0, 
                "max": 1.0, 
                "average": 0.0486910601661828, 
                "median": 0.0
            }, 
            "missing_impute_with_value": 0.0486910601661828
        }, 
        "Soil_Type23": {
            "stats": {
                "std": 0.22788004773847065, 
                "p99": 1.0, 
                "min": 0.0, 
                "max": 1.0, 
                "average": 0.05494794273701071, 
                "median": 0.0
            }, 
            "missing_impute_with_value": 0.05494794273701071
        }, 
        "Soil_Type22": {
            "stats": {
                "std": 0.06678258737754497, 
                "p99": 0.0, 
                "min": 0.0, 
                "max": 1.0, 
                "average": 0.004479927920712784, 
                "median": 0.0
            }, 
            "missing_impute_with_value": 0.004479927920712784
        }, 
        "Soil_Type8": {
            "stats": {
                "std": 0.03774323718098174, 
                "p99": 0.0, 
                "min": 0.0, 
                "max": 1.0, 
                "average": 0.0014265692261487637, 
                "median": 0.0
            }, 
            "missing_impute_with_value": 0.0014265692261487637
        }, 
        "Soil_Type9": {
            "stats": {
                "std": 0.011185864193300244, 
                "p99": 0.0, 
                "min": 0.0, 
                "max": 1.0, 
                "average": 0.00012513765141655822, 
                "median": 0.0
            }, 
            "missing_impute_with_value": 0.00012513765141655822
        }, 
        "Aspect": {
            "stats": {
                "std": 103.81434763647269, 
                "p99": 355.0, 
                "min": 0.0, 
                "max": 360.0, 
                "average": 138.29414856341975, 
                "median": 110.0
            }, 
            "missing_impute_with_value": 138.29414856341975
        }, 
        "Soil_Type2": {
            "stats": {
                "std": 0.07924389258462483, 
                "p99": 0.0, 
                "min": 0.0, 
                "max": 1.0, 
                "average": 0.0063194513965361895, 
                "median": 0.0
            }, 
            "missing_impute_with_value": 0.0063194513965361895
        }, 
        "Soil_Type3": {
            "stats": {
                "std": 0.09818882772929226, 
                "p99": 0.0, 
                "min": 0.0, 
                "max": 1.0, 
                "average": 0.009735709280208229, 
                "median": 0.0
            }, 
            "missing_impute_with_value": 0.009735709280208229
        }, 
        "Soil_Type1": {
            "stats": {
                "std": 0.05971744023241424, 
                "p99": 0.0, 
                "min": 0.0, 
                "max": 1.0, 
                "average": 0.003578936830513565, 
                "median": 0.0
            }, 
            "missing_impute_with_value": 0.003578936830513565
        }, 
        "Soil_Type6": {
            "stats": {
                "std": 0.08154830691218028, 
                "p99": 0.0, 
                "min": 0.0, 
                "max": 1.0, 
                "average": 0.006694864350785865, 
                "median": 0.0
            }, 
            "missing_impute_with_value": 0.006694864350785865
        }, 
        "Id": {
            "stats": {}
        }, 
        "Soil_Type4": {
            "stats": {
                "std": 0.0905719717492158, 
                "p99": 0.0, 
                "min": 0.0, 
                "max": 1.0, 
                "average": 0.008271598758634499, 
                "median": 0.0
            }, 
            "missing_impute_with_value": 0.008271598758634499
        }, 
        "Soil_Type5": {
            "stats": {
                "std": 0.04181960970968893, 
                "p99": 0.0, 
                "min": 0.0, 
                "max": 1.0, 
                "average": 0.001751927119831815, 
                "median": 0.0
            }, 
            "missing_impute_with_value": 0.001751927119831815
        }
    }, 
    "feature_order": [
        "Soil_Type39", 
        "Hillshade_9am", 
        "Soil_Type18", 
        "Soil_Type19", 
        "Soil_Type30", 
        "Soil_Type31", 
        "Elevation", 
        "Soil_Type37", 
        "Soil_Type34", 
        "Soil_Type35", 
        "Soil_Type10", 
        "Soil_Type11", 
        "Soil_Type12", 
        "Soil_Type13", 
        "Soil_Type14", 
        "Soil_Type15", 
        "Soil_Type16", 
        "Soil_Type17", 
        "Horizontal_Distance_To_Roadways", 
        "Horizontal_Distance_To_Fire_Points", 
        "Vertical_Distance_To_Hydrology", 
        "Wilderness_Area1", 
        "Wilderness_Area2", 
        "Wilderness_Area3", 
        "Wilderness_Area4", 
        "Soil_Type32", 
        "Hillshade_3pm", 
        "Soil_Type7", 
        "Cover_Type", 
        "Hillshade_Noon", 
        "Soil_Type33", 
        "Horizontal_Distance_To_Hydrology", 
        "Soil_Type36", 
        "Soil_Type38", 
        "Slope", 
        "Soil_Type29", 
        "Soil_Type28", 
        "Soil_Type40", 
        "Soil_Type25", 
        "Soil_Type24", 
        "Soil_Type27", 
        "Soil_Type26", 
        "Soil_Type21", 
        "Soil_Type20", 
        "Soil_Type23", 
        "Soil_Type22", 
        "Soil_Type8", 
        "Soil_Type9", 
        "Aspect", 
        "Soil_Type2", 
        "Soil_Type3", 
        "Soil_Type1", 
        "Soil_Type6", 
        "Id", 
        "Soil_Type4", 
        "Soil_Type5"
    ]
}