{
  "state": "DONE",
  "preSearchDescription": {
    "gridLength": 1,
    "importantParams": [
      {
        "name": "max_depth",
        "vals": [
          "5"
        ]
      },
      {
        "name": "min_samples",
        "vals": [
          "1"
        ]
      },
      {
        "name": "criterion",
        "vals": [
          "gini"
        ]
      }
    ]
  },
  "postSearchDescription": {
    "importantParams": [
      {
        "name": "criterion",
        "val": "mse"
      },
      {
        "name": "max_depth",
        "val": "5"
      },
      {
        "name": "min_samples",
        "val": "1"
      }
    ]
  },
  "modelId": "m1",
  "progress": {
    "top_level_todo": [],
    "stack": [],
    "top_level_done": [
      {
        "name": "Loading train set",
        "time": 535
      },
      {
        "name": "Loading test set",
        "time": 178
      },
      {
        "name": "Collecting statistics",
        "time": 296
      },
      {
        "name": "Preprocessing train set",
        "time": 648
      },
      {
        "name": "Preprocessing test set",
        "time": 203
      },
      {
        "name": "Fitting model",
        "time": 3473
      },
      {
        "name": "Saving model",
        "time": 8
      },
      {
        "name": "Scoring model",
        "time": 12948
      }
    ]
  },
  "startTime": 1525700332746,
  "endTime": 1525700351044,
  "preprocessingTime": 1868,
  "trainingTime": 16430
}