{
    "per_feature": {
        "FeatureName_0": {
            "stats": {
                "mostFrequentValue": "nose_tip_x", 
                "leastFrequentValue": "right_eyebrow_outer_end_y"
            }, 
            "category_possible_values": [
                "nose_tip_x", 
                "nose_tip_y", 
                "left_eye_center_y", 
                "left_eye_center_x", 
                "right_eye_center_x", 
                "right_eye_center_y", 
                "mouth_center_bottom_lip_x", 
                "mouth_center_bottom_lip_y", 
                "mouth_left_corner_y", 
                "mouth_left_corner_x", 
                "mouth_center_top_lip_x", 
                "mouth_center_top_lip_y", 
                "left_eye_outer_corner_y", 
                "left_eye_outer_corner_x", 
                "right_eye_inner_corner_x", 
                "right_eye_inner_corner_y", 
                "left_eye_inner_corner_x", 
                "left_eye_inner_corner_y", 
                "right_eye_outer_corner_y", 
                "right_eye_outer_corner_x", 
                "mouth_right_corner_y", 
                "mouth_right_corner_x", 
                "left_eyebrow_inner_end_x", 
                "right_eyebrow_inner_end_x", 
                "left_eyebrow_inner_end_y", 
                "right_eyebrow_inner_end_y"
            ]
        }, 
        "FeatureName": {
            "stats": {
                "mostFrequentValue": "nose_tip_x", 
                "leastFrequentValue": "right_eyebrow_outer_end_y"
            }, 
            "category_possible_values": [
                "nose_tip_x", 
                "nose_tip_y", 
                "left_eye_center_y", 
                "left_eye_center_x", 
                "right_eye_center_x", 
                "right_eye_center_y", 
                "mouth_center_bottom_lip_x", 
                "mouth_center_bottom_lip_y", 
                "mouth_left_corner_y", 
                "mouth_left_corner_x", 
                "mouth_center_top_lip_x", 
                "mouth_center_top_lip_y", 
                "left_eye_outer_corner_y", 
                "left_eye_outer_corner_x", 
                "right_eye_inner_corner_x", 
                "right_eye_inner_corner_y", 
                "left_eye_inner_corner_x", 
                "left_eye_inner_corner_y", 
                "right_eye_outer_corner_y", 
                "right_eye_outer_corner_x", 
                "mouth_right_corner_y", 
                "mouth_right_corner_x", 
                "left_eyebrow_inner_end_x", 
                "right_eyebrow_inner_end_x", 
                "left_eyebrow_inner_end_y", 
                "right_eyebrow_inner_end_y"
            ]
        }, 
        "Location": {
            "stats": {}
        }, 
        "RowId": {
            "stats": {
                "std": 24887.71715322175, 
                "p99": 96829.0, 
                "min": 1.0, 
                "max": 99987.0, 
                "average": 22305.92531, 
                "median": 13033.0
            }, 
            "missing_impute_with_value": 22305.92531
        }, 
        "ImageId": {
            "stats": {
                "std": 471.58230556525814, 
                "p99": 1718.0, 
                "min": 0.0, 
                "max": 1783.0, 
                "average": 329.24353, 
                "median": 71.0
            }, 
            "missing_impute_with_value": 329.24353
        }
    }, 
    "feature_order": [
        "FeatureName_0", 
        "FeatureName", 
        "Location", 
        "RowId", 
        "ImageId"
    ]
}