{
    "details": {
        "FeatureName_0": {
            "levels": [
                "nose_tip_x", 
                "nose_tip_y", 
                "left_eye_center_y", 
                "left_eye_center_x", 
                "right_eye_center_x", 
                "right_eye_center_y", 
                "mouth_center_bottom_lip_x", 
                "mouth_center_bottom_lip_y", 
                "mouth_left_corner_y", 
                "mouth_left_corner_x", 
                "mouth_center_top_lip_x", 
                "mouth_center_top_lip_y", 
                "left_eye_outer_corner_y", 
                "left_eye_outer_corner_x", 
                "right_eye_inner_corner_x", 
                "right_eye_inner_corner_y", 
                "left_eye_inner_corner_x", 
                "left_eye_inner_corner_y", 
                "right_eye_outer_corner_y", 
                "right_eye_outer_corner_x", 
                "mouth_right_corner_y", 
                "mouth_right_corner_x", 
                "left_eyebrow_inner_end_x", 
                "right_eyebrow_inner_end_x", 
                "left_eyebrow_inner_end_y", 
                "right_eyebrow_inner_end_y"
            ], 
            "with_others": true
        }, 
        "FeatureName": {
            "levels": [
                "nose_tip_x", 
                "nose_tip_y", 
                "left_eye_center_y", 
                "left_eye_center_x", 
                "right_eye_center_x", 
                "right_eye_center_y", 
                "mouth_center_bottom_lip_x", 
                "mouth_center_bottom_lip_y", 
                "mouth_left_corner_y", 
                "mouth_left_corner_x", 
                "mouth_center_top_lip_x", 
                "mouth_center_top_lip_y", 
                "left_eye_outer_corner_y", 
                "left_eye_outer_corner_x", 
                "right_eye_inner_corner_x", 
                "right_eye_inner_corner_y", 
                "left_eye_inner_corner_x", 
                "left_eye_inner_corner_y", 
                "right_eye_outer_corner_y", 
                "right_eye_outer_corner_x", 
                "mouth_right_corner_y", 
                "mouth_right_corner_x", 
                "left_eyebrow_inner_end_x", 
                "right_eyebrow_inner_end_x", 
                "left_eyebrow_inner_end_y", 
                "right_eyebrow_inner_end_y"
            ], 
            "with_others": true
        }
    }
}