{
    "per_feature": {
        "item_category_name": {
            "stats": {}
        }, 
        "item_cnt_month_avg": {
            "stats": {
                "std": 6.719139375971166, 
                "p99": 12.6, 
                "min": -3.0, 
                "max": 666.666666667, 
                "average": 2.2698387195830922, 
                "median": 1.4
            }, 
            "missing_impute_with_value": 2.2698387195830922
        }, 
        "item_category_id": {
            "stats": {
                "std": 16.31785257320457, 
                "p99": 75.0, 
                "min": 0.0, 
                "max": 83.0, 
                "average": 41.546190439269374, 
                "median": 40.0
            }, 
            "missing_impute_with_value": 41.546190439269374
        }, 
        "item_name": {
            "stats": {}
        }, 
        "item_cnt_prev_month": {
            "stats": {
                "std": 10.334946729543791, 
                "p99": 5.0, 
                "min": -1.0, 
                "max": 2253.0, 
                "average": 0.3853430142838206, 
                "median": 0.0
            }, 
            "missing_impute_with_value": 0.3853430142838206
        }, 
        "date_block_num": {
            "stats": {}
        }, 
        "month": {
            "stats": {}
        }, 
        "item_cnt_month": {
            "stats": {}
        }, 
        "shop_id": {
            "stats": {
                "std": 16.540731957734383, 
                "p99": 59.0, 
                "min": 0.0, 
                "max": 59.0, 
                "average": 32.80632554905546, 
                "median": 31.0
            }, 
            "missing_impute_with_value": 32.80632554905546
        }, 
        "year": {
            "stats": {}
        }, 
        "item_id": {
            "stats": {
                "std": 6236.639587320492, 
                "p99": 21929.0, 
                "min": 0.0, 
                "max": 22169.0, 
                "average": 10680.754476355787, 
                "median": 10498.0
            }, 
            "missing_impute_with_value": 10680.754476355787
        }, 
        "shop_name": {
            "stats": {
                "mostFrequentValue": "\u041c\u043e\u0441\u043a\u0432\u0430 \u0422\u0426 \"\u0421\u0435\u043c\u0435\u043d\u043e\u0432\u0441\u043a\u0438\u0439\"", 
                "leastFrequentValue": "\u041d\u043e\u0432\u043e\u0441\u0438\u0431\u0438\u0440\u0441\u043a \u0422\u0420\u0426 \"\u0413\u0430\u043b\u0435\u0440\u0435\u044f \u041d\u043e\u0432\u043e\u0441\u0438\u0431\u0438\u0440\u0441\u043a\""
            }, 
            "category_possible_counts": [
                49378, 
                43404, 
                34949, 
                32120, 
                29879, 
                28229, 
                24300, 
                23599, 
                21860, 
                19037, 
                18348, 
                18258, 
                18134, 
                17885, 
                17039, 
                16196, 
                16061, 
                15849, 
                15834, 
                15576, 
                15559, 
                15131, 
                15104, 
                14816, 
                14385, 
                13884, 
                13778, 
                13401, 
                13046, 
                12780, 
                12553, 
                12270, 
                12145, 
                11936, 
                11887, 
                11550, 
                11314, 
                10711, 
                10298, 
                8394, 
                7765, 
                7432, 
                7417, 
                6728, 
                6336, 
                6080, 
                5531, 
                4911, 
                2740, 
                2416, 
                2208, 
                2062, 
                1761, 
                1592, 
                1223, 
                1075, 
                797, 
                376, 
                195, 
                124
            ], 
            "category_possible_values": [
                "\u041c\u043e\u0441\u043a\u0432\u0430 \u0422\u0426 \"\u0421\u0435\u043c\u0435\u043d\u043e\u0432\u0441\u043a\u0438\u0439\"", 
                "\u041c\u043e\u0441\u043a\u0432\u0430 \u0422\u0420\u041a \"\u0410\u0442\u0440\u0438\u0443\u043c\"", 
                "\u0425\u0438\u043c\u043a\u0438 \u0422\u0426 \"\u041c\u0435\u0433\u0430\"", 
                "\u041c\u043e\u0441\u043a\u0432\u0430 \u0422\u0426 \"\u041c\u0415\u0413\u0410 \u0422\u0435\u043f\u043b\u044b\u0439 \u0421\u0442\u0430\u043d\" II", 
                "\u042f\u043a\u0443\u0442\u0441\u043a \u041e\u0440\u0434\u0436\u043e\u043d\u0438\u043a\u0438\u0434\u0437\u0435, 56", 
                "\u0421\u041f\u0431 \u0422\u041a \"\u041d\u0435\u0432\u0441\u043a\u0438\u0439 \u0426\u0435\u043d\u0442\u0440\"", 
                "\u041c\u043e\u0441\u043a\u0432\u0430 \u0422\u0426 \"\u041c\u0415\u0413\u0410 \u0411\u0435\u043b\u0430\u044f \u0414\u0430\u0447\u0430 II\"", 
                "\u0412\u043e\u0440\u043e\u043d\u0435\u0436 (\u041f\u043b\u0435\u0445\u0430\u043d\u043e\u0432\u0441\u043a\u0430\u044f, 13)", 
                "\u0427\u0435\u0445\u043e\u0432 \u0422\u0420\u0426 \"\u041a\u0430\u0440\u043d\u0430\u0432\u0430\u043b\"", 
                "\u042f\u043a\u0443\u0442\u0441\u043a \u0422\u0426 \"\u0426\u0435\u043d\u0442\u0440\u0430\u043b\u044c\u043d\u044b\u0439\"", 
                "\u041c\u043e\u0441\u043a\u0432\u0430 \u041c\u0422\u0420\u0426 \"\u0410\u0444\u0438 \u041c\u043e\u043b\u043b\"", 
                "\u0421\u0435\u0440\u0433\u0438\u0435\u0432 \u041f\u043e\u0441\u0430\u0434 \u0422\u0426 \"7\u042f\"", 
                "\u041a\u0443\u0440\u0441\u043a \u0422\u0426 \"\u041f\u0443\u0448\u043a\u0438\u043d\u0441\u043a\u0438\u0439\"", 
                "\u0422\u044e\u043c\u0435\u043d\u044c \u0422\u0426 \"\u0413\u0443\u0434\u0432\u0438\u043d\"", 
                "\u041d.\u041d\u043e\u0432\u0433\u043e\u0440\u043e\u0434 \u0422\u0420\u0426 \"\u0424\u0430\u043d\u0442\u0430\u0441\u0442\u0438\u043a\u0430\"", 
                "\u0412\u043e\u0440\u043e\u043d\u0435\u0436 \u0422\u0420\u0426 \"\u041c\u0430\u043a\u0441\u0438\u043c\u0438\u0440\"", 
                "\u041c\u043e\u0441\u043a\u0432\u0430 \u0422\u0426 \"\u0410\u0440\u0435\u0430\u043b\" (\u0411\u0435\u043b\u044f\u0435\u0432\u043e)", 
                "\u0421\u0443\u0440\u0433\u0443\u0442 \u0422\u0420\u0426 \"\u0421\u0438\u0442\u0438 \u041c\u043e\u043b\u043b\"", 
                "\u041a\u0430\u043b\u0443\u0433\u0430 \u0422\u0420\u0426 \"XXI \u0432\u0435\u043a\"", 
                "\u041c\u043e\u0441\u043a\u0432\u0430 \u0422\u0426 \"\u041f\u0435\u0440\u043b\u043e\u0432\u0441\u043a\u0438\u0439\"", 
                "\u041a\u043e\u043b\u043e\u043c\u043d\u0430 \u0422\u0426 \"\u0420\u0438\u043e\"", 
                "\u0423\u0444\u0430 \u0422\u0426 \"\u0421\u0435\u043c\u044c\u044f\" 2", 
                "\u041a\u0440\u0430\u0441\u043d\u043e\u044f\u0440\u0441\u043a \u0422\u0426 \"\u0418\u044e\u043d\u044c\"", 
                "\u0422\u044e\u043c\u0435\u043d\u044c \u0422\u0426 \"\u0417\u0435\u043b\u0435\u043d\u044b\u0439 \u0411\u0435\u0440\u0435\u0433\"", 
                "\u041c\u043e\u0441\u043a\u0432\u0430 \u0422\u041a \"\u0411\u0443\u0434\u0435\u043d\u043e\u0432\u0441\u043a\u0438\u0439\" (\u043f\u0430\u0432.\u041a7)", 
                "\u0423\u0444\u0430 \u0422\u041a \"\u0426\u0435\u043d\u0442\u0440\u0430\u043b\u044c\u043d\u044b\u0439\"", 
                "\u041c\u043e\u0441\u043a\u0432\u0430 \u0422\u0426 \"\u041d\u043e\u0432\u044b\u0439 \u0432\u0435\u043a\" (\u041d\u043e\u0432\u043e\u043a\u043e\u0441\u0438\u043d\u043e)", 
                "\u0421\u0430\u043c\u0430\u0440\u0430 \u0422\u0426 \"\u041c\u0435\u043b\u043e\u0434\u0438\u044f\"", 
                "\u041e\u043c\u0441\u043a \u0422\u0426 \"\u041c\u0435\u0433\u0430\"", 
                "\u041d\u043e\u0432\u043e\u0441\u0438\u0431\u0438\u0440\u0441\u043a \u0422\u0426 \"\u041c\u0435\u0433\u0430\"", 
                "\u0420\u043e\u0441\u0442\u043e\u0432\u041d\u0430\u0414\u043e\u043d\u0443 \u0422\u0426 \"\u041c\u0435\u0433\u0430\"", 
                "\u042f\u0440\u043e\u0441\u043b\u0430\u0432\u043b\u044c \u0422\u0426 \"\u0410\u043b\u044c\u0442\u0430\u0438\u0440\"", 
                "\u041c\u043e\u0441\u043a\u0432\u0430 \u041c\u0430\u0433\u0430\u0437\u0438\u043d \u042121", 
                "\u0412\u043e\u043b\u043e\u0433\u0434\u0430 \u0422\u0420\u0426 \"\u041c\u0430\u0440\u043c\u0435\u043b\u0430\u0434\"", 
                "\u0412\u043e\u043b\u0436\u0441\u043a\u0438\u0439 \u0422\u0426 \"\u0412\u043e\u043b\u0433\u0430 \u041c\u043e\u043b\u043b\"", 
                "\u0421\u0430\u043c\u0430\u0440\u0430 \u0422\u0426 \"\u041f\u0430\u0440\u043a\u0425\u0430\u0443\u0441\"", 
                "\u041a\u0430\u0437\u0430\u043d\u044c \u0422\u0426 \"\u041f\u0430\u0440\u043a\u0425\u0430\u0443\u0441\" II", 
                "\u0421\u041f\u0431 \u0422\u041a \"\u0421\u0435\u043d\u043d\u0430\u044f\"", 
                "\u0418\u043d\u0442\u0435\u0440\u043d\u0435\u0442-\u043c\u0430\u0433\u0430\u0437\u0438\u043d \u0427\u0421", 
                "\u0411\u0430\u043b\u0430\u0448\u0438\u0445\u0430 \u0422\u0420\u041a \"\u041e\u043a\u0442\u044f\u0431\u0440\u044c-\u041a\u0438\u043d\u043e\u043c\u0438\u0440\"", 
                "\u0410\u0434\u044b\u0433\u0435\u044f \u0422\u0426 \"\u041c\u0435\u0433\u0430\"", 
                "\u041a\u0440\u0430\u0441\u043d\u043e\u044f\u0440\u0441\u043a \u0422\u0426 \"\u0412\u0437\u043b\u0435\u0442\u043a\u0430 \u041f\u043b\u0430\u0437\u0430\"", 
                "\u0416\u0443\u043a\u043e\u0432\u0441\u043a\u0438\u0439 \u0443\u043b. \u0427\u043a\u0430\u043b\u043e\u0432\u0430 39\u043c?", 
                "\u0422\u043e\u043c\u0441\u043a \u0422\u0420\u0426 \"\u0418\u0437\u0443\u043c\u0440\u0443\u0434\u043d\u044b\u0439 \u0413\u043e\u0440\u043e\u0434\"", 
                "\u0426\u0438\u0444\u0440\u043e\u0432\u043e\u0439 \u0441\u043a\u043b\u0430\u0434 1\u0421-\u041e\u043d\u043b\u0430\u0439\u043d", 
                "\u041a\u0430\u0437\u0430\u043d\u044c \u0422\u0426 \"\u0411\u0435\u0445\u0435\u0442\u043b\u0435\"", 
                "\u0422\u044e\u043c\u0435\u043d\u044c \u0422\u0420\u0426 \"\u041a\u0440\u0438\u0441\u0442\u0430\u043b\u043b\"", 
                "\u0420\u043e\u0441\u0442\u043e\u0432\u041d\u0430\u0414\u043e\u043d\u0443 \u0422\u0420\u041a \"\u041c\u0435\u0433\u0430\u0446\u0435\u043d\u0442\u0440 \u0413\u043e\u0440\u0438\u0437\u043e\u043d\u0442\"", 
                "\u041c\u043e\u0441\u043a\u0432\u0430 \u0422\u0426 \"\u0421\u0435\u0440\u0435\u0431\u0440\u044f\u043d\u044b\u0439 \u0414\u043e\u043c\"", 
                "!\u042f\u043a\u0443\u0442\u0441\u043a \u041e\u0440\u0434\u0436\u043e\u043d\u0438\u043a\u0438\u0434\u0437\u0435, 56 \u0444\u0440\u0430\u043d", 
                "\u041c\u043e\u0441\u043a\u0432\u0430 \u0422\u041a \"\u0411\u0443\u0434\u0435\u043d\u043e\u0432\u0441\u043a\u0438\u0439\" (\u043f\u0430\u0432.\u04102)", 
                "\u041d.\u041d\u043e\u0432\u0433\u043e\u0440\u043e\u0434 \u0422\u0420\u0426 \"\u0420\u0418\u041e\"", 
                "\u041c\u044b\u0442\u0438\u0449\u0438 \u0422\u0420\u041a \"XL-3\"", 
                "!\u042f\u043a\u0443\u0442\u0441\u043a \u0422\u0426 \"\u0426\u0435\u043d\u0442\u0440\u0430\u043b\u044c\u043d\u044b\u0439\" \u0444\u0440\u0430\u043d", 
                "\u0412\u043e\u0440\u043e\u043d\u0435\u0436 \u0422\u0420\u0426 \u0421\u0438\u0442\u0438-\u041f\u0430\u0440\u043a \"\u0413\u0440\u0430\u0434\"", 
                "\u0420\u043e\u0441\u0442\u043e\u0432\u041d\u0430\u0414\u043e\u043d\u0443 \u0422\u0420\u041a \"\u041c\u0435\u0433\u0430\u0446\u0435\u043d\u0442\u0440 \u0413\u043e\u0440\u0438\u0437\u043e\u043d\u0442\" \u041e\u0441\u0442\u0440\u043e\u0432\u043d\u043e\u0439", 
                "\u0412\u044b\u0435\u0437\u0434\u043d\u0430\u044f \u0422\u043e\u0440\u0433\u043e\u0432\u043b\u044f", 
                "\u041c\u043e\u0441\u043a\u0432\u0430 \"\u0420\u0430\u0441\u043f\u0440\u043e\u0434\u0430\u0436\u0430\"", 
                "\u0416\u0443\u043a\u043e\u0432\u0441\u043a\u0438\u0439 \u0443\u043b. \u0427\u043a\u0430\u043b\u043e\u0432\u0430 39\u043c\u00b2", 
                "\u041d\u043e\u0432\u043e\u0441\u0438\u0431\u0438\u0440\u0441\u043a \u0422\u0420\u0426 \"\u0413\u0430\u043b\u0435\u0440\u0435\u044f \u041d\u043e\u0432\u043e\u0441\u0438\u0431\u0438\u0440\u0441\u043a\""
            ]
        }
    }, 
    "feature_order": [
        "item_category_name", 
        "item_cnt_month_avg", 
        "item_category_id", 
        "item_name", 
        "item_cnt_prev_month", 
        "date_block_num", 
        "month", 
        "item_cnt_month", 
        "shop_id", 
        "year", 
        "item_id", 
        "shop_name"
    ]
}