{
    "rawImportance": {
        "variables": [
            "event_type 11_sum", 
            "event_type 13_sum", 
            "event_type 14_sum", 
            "event_type 15_sum", 
            "event_type 20_sum", 
            "event_type 22_sum", 
            "event_type 35_sum", 
            "event_type 54_sum", 
            "event_type 5_sum", 
            "feature 108_sum", 
            "feature 134_sum", 
            "feature 155_sum", 
            "feature 160_sum", 
            "feature 170_sum", 
            "feature 181_sum", 
            "feature 182_sum", 
            "feature 193_sum", 
            "feature 198_sum", 
            "feature 202_sum", 
            "feature 203_sum", 
            "feature 204_sum", 
            "feature 209_sum", 
            "feature 227_sum", 
            "feature 304_sum", 
            "feature 315_sum", 
            "feature 54_sum", 
            "feature 68_sum", 
            "feature 71_sum", 
            "feature 73_sum", 
            "feature 81_sum", 
            "feature 83_sum", 
            "feature 86_sum", 
            "feature 87_sum", 
            "dummy:location:location 821", 
            "dummy:location:location 763", 
            "dummy:location:location 1100", 
            "dummy:location:location 613", 
            "dummy:location:location 931", 
            "dummy:location:location 1086", 
            "dummy:location:location 95", 
            "dummy:location:location 292", 
            "dummy:location:__Others__", 
            "dummy:severity_type:severity_type 1", 
            "dummy:severity_type:severity_type 4"
        ], 
        "importances": [
            0.0062928032130002975, 
            0.012585606426000595, 
            0.0062928032130002975, 
            0.0062928032130002975, 
            0.00759608531370759, 
            0.0062928032130002975, 
            0.06836476922035217, 
            0.03407058119773865, 
            0.018878409639000893, 
            0.0062928032130002975, 
            0.0062928032130002975, 
            0.03537386283278465, 
            0.0062928032130002975, 
            0.04926275089383125, 
            0.00759608531370759, 
            0.00759608531370759, 
            0.018878409639000893, 
            0.0062928032130002975, 
            0.012585606426000595, 
            0.19228509068489075, 
            0.018878409639000893, 
            0.00759608531370759, 
            0.0062928032130002975, 
            0.0062928032130002975, 
            0.022788256406784058, 
            0.0062928032130002975, 
            0.026474494487047195, 
            0.00759608531370759, 
            0.0416666641831398, 
            0.018878409639000893, 
            0.0062928032130002975, 
            0.0062928032130002975, 
            0.0062928032130002975, 
            0.0062928032130002975, 
            0.012585606426000595, 
            0.029081057757139206, 
            0.012585606426000595, 
            0.022788256406784058, 
            0.0062928032130002975, 
            0.0062928032130002975, 
            0.02517121285200119, 
            0.08593989163637161, 
            0.07704052329063416, 
            0.018878409639000893
        ]
    }, 
    "probaAware": true, 
    "modelInputNRows": 5919, 
    "modelInputNCols": 328, 
    "modelInputMemory": 15531456, 
    "modelInputIsSparse": false, 
    "nBoostedEstimators": 5
}