{
  "state": "DONE",
  "preSearchDescription": {
    "gridLength": 1,
    "importantParams": [
      {
        "name": "trees",
        "val": "300"
      },
      {
        "name": "max_depth",
        "vals": [
          "3"
        ]
      }
    ]
  },
  "postSearchDescription": {
    "importantParams": [
      {
        "name": "trees",
        "val": "300"
      },
      {
        "name": "max_depth",
        "val": "3"
      }
    ]
  },
  "modelId": "m1",
  "progress": {
    "top_level_todo": [],
    "stack": [],
    "top_level_done": [
      {
        "name": "Loading train set",
        "time": 687
      },
      {
        "name": "Loading test set",
        "time": 207
      },
      {
        "name": "Collecting statistics",
        "time": 811
      },
      {
        "name": "Preprocessing train set",
        "time": 1162
      },
      {
        "name": "Preprocessing test set",
        "time": 1079
      },
      {
        "name": "Fitting model",
        "time": 2092
      },
      {
        "name": "Saving model",
        "time": 4
      },
      {
        "name": "Scoring model",
        "time": 413
      }
    ]
  },
  "startTime": 1525435495229,
  "endTime": 1525435501724,
  "preprocessingTime": 3985,
  "trainingTime": 2510
}