{
  "params": {
    "ttPolicy": "SPLIT_SINGLE_DATASET",
    "ssdSplitMode": "RANDOM",
    "splitBeforePrepare": true,
    "ssdSelection": {
      "useMemTable": false,
      "filter": {
        "distinct": false,
        "enabled": false
      },
      "partitionSelectionMethod": "ALL",
      "latestPartitionsN": 1,
      "samplingMethod": "FULL",
      "maxRecords": 100000,
      "targetRatio": 0.02,
      "withinFirstN": -1,
      "maxReadUncompressedBytes": -1
    },
    "ssdTrainingRatio": 0.8,
    "ssdSeed": 1337,
    "kfold": false,
    "nFolds": 5,
    "instanceIdRefresher": 0,
    "subSamplingSeed": 1337
  },
  "generationDate": 1493807808096,
  "policyId": "type\u003dSPLIT_SINGLE_DATASET,split\u003dRANDOM,splitBeforePrepare\u003dtrue,ds\u003dtrain_delimited,sel\u003d(method\u003dfull),r\u003d0.8,s\u003d1337",
  "instanceId": "7ddc9fa3b84840114e205ec1d9e271a5-0",
  "format": "csv1",
  "schema": {
    "userModified": false,
    "columns": [
      {
        "name": "Phrase_delimited",
        "type": "string",
        "timestampNoTzAsDate": false,
        "maxLength": -1
      },
      {
        "name": "Sentiment",
        "type": "bigint",
        "timestampNoTzAsDate": false,
        "maxLength": -1
      }
    ]
  },
  "trainPath": "train-7ddc9fa3b84840114e205ec1d9e271a5-0.csv",
  "testPath": "test-7ddc9fa3b84840114e205ec1d9e271a5-0.csv",
  "trainRows": 123977,
  "testRows": 30982,
  "fullRows": 0
}