{
    "gridSize": 3, 
    "nThreads": 4, 
    "metric": "R2", 
    "gridPoints": [
        {
            "index": 0, 
            "finishedAt": 1523114251344.0, 
            "score": -263369.27591780823, 
            "parameters": {
                "alpha": 0.1
            }, 
            "time": 162146.0
        }, 
        {
            "index": 1, 
            "finishedAt": 1523114328494.0, 
            "score": -94235.740520604872, 
            "parameters": {
                "alpha": 1.0
            }, 
            "time": 204135.0
        }, 
        {
            "index": 2, 
            "finishedAt": 1523114357419.0, 
            "score": -27363.976706295241, 
            "parameters": {
                "alpha": 3.0
            }, 
            "time": 159899.0
        }
    ], 
    "startedAt": 1523114196186, 
    "nSplits": 3
}