[
    {
        "parameters": {
            "alpha": 0.1
        }, 
        "score_time": 212, 
        "test_score": -226826.62191752982, 
        "fit_time": 53229, 
        "num_samples": 266548, 
        "best_iteration": null, 
        "train_score": -227397.90113626586, 
        "parameter_id": 0, 
        "time": 53441, 
        "done_at": 1523114250342, 
        "grid_point_id": "{\"alpha\": 0.1}@2"
    }, 
    {
        "parameters": {
            "alpha": 0.1
        }, 
        "score_time": 183, 
        "test_score": -339992.7843891964, 
        "fit_time": 54069, 
        "num_samples": 266549, 
        "best_iteration": null, 
        "train_score": -295877.49913351185, 
        "parameter_id": 0, 
        "time": 54252, 
        "done_at": 1523114251053, 
        "grid_point_id": "{\"alpha\": 0.1}@0"
    }, 
    {
        "parameters": {
            "alpha": 0.1
        }, 
        "score_time": 213, 
        "test_score": -223288.28435125266, 
        "fit_time": 54240, 
        "num_samples": 266549, 
        "best_iteration": null, 
        "train_score": -241265.17355651697, 
        "parameter_id": 0, 
        "time": 54453, 
        "done_at": 1523114251344, 
        "grid_point_id": "{\"alpha\": 0.1}@1"
    }, 
    {
        "parameters": {
            "alpha": 1.0
        }, 
        "score_time": 220, 
        "test_score": -129837.88843117058, 
        "fit_time": 57771, 
        "num_samples": 266549, 
        "best_iteration": null, 
        "train_score": -106973.71814605336, 
        "parameter_id": 1, 
        "time": 57991, 
        "done_at": 1523114255108, 
        "grid_point_id": "{\"alpha\": 1.0}@0"
    }, 
    {
        "parameters": {
            "alpha": 3.0
        }, 
        "score_time": 193, 
        "test_score": -38885.349388142466, 
        "fit_time": 58002, 
        "num_samples": 266549, 
        "best_iteration": null, 
        "train_score": -31187.335217347532, 
        "parameter_id": 2, 
        "time": 58195, 
        "done_at": 1523114309816, 
        "grid_point_id": "{\"alpha\": 3.0}@0"
    }, 
    {
        "parameters": {
            "alpha": 3.0
        }, 
        "score_time": 103, 
        "test_score": -23056.17135212612, 
        "fit_time": 54486, 
        "num_samples": 266549, 
        "best_iteration": null, 
        "train_score": -26047.512166351655, 
        "parameter_id": 2, 
        "time": 54589, 
        "done_at": 1523114309965, 
        "grid_point_id": "{\"alpha\": 3.0}@1"
    }, 
    {
        "parameters": {
            "alpha": 1.0
        }, 
        "score_time": 166, 
        "test_score": -80080.6982957253, 
        "fit_time": 68893, 
        "num_samples": 266549, 
        "best_iteration": null, 
        "train_score": -89054.13469187968, 
        "parameter_id": 1, 
        "time": 69059, 
        "done_at": 1523114319921, 
        "grid_point_id": "{\"alpha\": 1.0}@1"
    }, 
    {
        "parameters": {
            "alpha": 1.0
        }, 
        "score_time": 147, 
        "test_score": -72788.76840190981, 
        "fit_time": 76938, 
        "num_samples": 266548, 
        "best_iteration": null, 
        "train_score": -73988.69373404639, 
        "parameter_id": 1, 
        "time": 77085, 
        "done_at": 1523114328494, 
        "grid_point_id": "{\"alpha\": 1.0}@2"
    }, 
    {
        "parameters": {
            "alpha": 3.0
        }, 
        "score_time": 274, 
        "test_score": -20150.452602837384, 
        "fit_time": 46841, 
        "num_samples": 266548, 
        "best_iteration": null, 
        "train_score": -20675.11242362694, 
        "parameter_id": 2, 
        "time": 47115, 
        "done_at": 1523114357419, 
        "grid_point_id": "{\"alpha\": 3.0}@2"
    }
]