{
    "metrics": {
        "rmse": 1695.348679499743, 
        "pearson": 0.72285629693910169, 
        "mae": 330.55126609032726, 
        "r2": -28872.564893511437, 
        "mape": 195.73262331617238, 
        "mse": 2874207.1450815224, 
        "evs": -28872.531343380502, 
        "rmsle": 0
    }, 
    "scatterPlotData": {
        "y": [
            -255.3965, 
            -295.5337, 
            -219.9628, 
            181.5744, 
            -67.5253, 
            -19.2238, 
            70.2831, 
            -173.4623, 
            -235.3245, 
            -330.6475, 
            -293.0086, 
            284.2528, 
            -300.7663, 
            -251.7973, 
            -199.1664, 
            716.0413, 
            -203.4693, 
            139.6899, 
            -43.8291, 
            -296.5876, 
            -83.5711, 
            -226.7022, 
            83.4569, 
            -274.167, 
            -251.2941, 
            -182.6637, 
            345.6968, 
            421.552, 
            -278.7519, 
            -64.8497, 
            -253.9605, 
            -118.6118, 
            299.3373, 
            -231.7469, 
            -136.1126, 
            -285.4006, 
            -261.7162, 
            -286.3898, 
            -265.4316, 
            -365.5688, 
            17.0686, 
            -234.2613, 
            -152.867, 
            694.8913, 
            -276.8803, 
            -190.5515, 
            -325.5295, 
            -218.5183, 
            -39.2573, 
            -214.0015, 
            482.2004, 
            -154.1669, 
            -247.0625, 
            -299.601, 
            -235.422, 
            -199.5846, 
            -209.3464, 
            -234.7975, 
            -303.032, 
            -264.6843, 
            513.4181, 
            -294.8439, 
            -165.0906, 
            -78.0632, 
            4556.7465, 
            115219.3511, 
            -273.661, 
            -197.2675, 
            -29.8072, 
            -285.3497, 
            -114.1345, 
            -52.9621, 
            -295.4454, 
            -145.6428, 
            -102.2346, 
            53.6004, 
            -27.4224, 
            -297.4729, 
            -268.1197, 
            -294.6033, 
            -235.8992, 
            -283.6934, 
            743.1668, 
            -267.4427, 
            193.8228, 
            -286.6821, 
            -226.3701, 
            382.7546, 
            -97.5632, 
            -290.9746, 
            -350.7646, 
            -64.6463, 
            -281.001, 
            329.1728, 
            -297.7552, 
            -273.0206, 
            -235.7081, 
            -115.3173, 
            1372.0971, 
            -308.6139, 
            -179.0855, 
            388.6275, 
            -280.7462, 
            -171.6459, 
            1831.5015, 
            -281.8937, 
            -240.3846, 
            -95.3339, 
            -182.1824, 
            -90.4537, 
            426.61, 
            134.3178, 
            -79.4441, 
            -285.1889, 
            1303.7253, 
            118.3895, 
            -260.6303, 
            2.3582, 
            77.1567, 
            -234.9892, 
            117.4021, 
            349.6935, 
            -270.4078, 
            -312.4215, 
            -294.4941, 
            157.4942, 
            -255.6695, 
            -188.2879, 
            -325.7622, 
            -60.445, 
            -144.7099, 
            -84.5448, 
            32.9758, 
            -278.3227, 
            205.7098, 
            -282.048, 
            77.6933, 
            -340.3464, 
            497.0659, 
            -245.937, 
            -245.0619, 
            -172.4472, 
            -296.497, 
            1689.6688, 
            -301.7272, 
            -251.6761, 
            -291.6117, 
            -290.1227, 
            -127.8389, 
            -266.2806, 
            596.3967, 
            47.0966, 
            -65.2719, 
            -128.0577, 
            -248.307, 
            -302.5543, 
            -104.2282, 
            66.6259, 
            -265.7607, 
            -278.7096, 
            -299.9492, 
            711.2874, 
            -318.3583, 
            -142.7382, 
            -287.6146, 
            -256.007, 
            -81.8232, 
            71.4909, 
            -222.6203, 
            -299.7291, 
            -354.173, 
            -328.3638, 
            1167.101, 
            -242.7484, 
            128.5656, 
            -230.8038, 
            348.2394, 
            -122.39, 
            -303.572, 
            2221.0922, 
            862.9496, 
            -315.7641, 
            -17.8158, 
            -221.9743, 
            -77.4695, 
            -68.9699, 
            120.7136, 
            -276.0528, 
            -330.5134, 
            107.0253, 
            -215.2452, 
            -281.3977, 
            -38.6868, 
            175.1615, 
            -288.3139, 
            -308.4376, 
            -261.516, 
            539.1558, 
            120.2297, 
            446.1365, 
            -245.1954, 
            33.7128, 
            173.857, 
            -333.7206, 
            -157.9648, 
            -241.5028, 
            -235.556, 
            116.2011, 
            -246.7422, 
            263.0171, 
            -335.0531, 
            24.4964, 
            -246.1889, 
            -321.4966, 
            -295.3988, 
            369.3095, 
            -23.9246, 
            -19.255, 
            889.9814, 
            -257.3917, 
            -259.5925, 
            -16.5477, 
            93.8085, 
            112.8152, 
            249.5941, 
            105.9673, 
            -132.7632, 
            -306.818, 
            -84.1953, 
            -190.8824, 
            253.0308, 
            -74.5929, 
            109.2219, 
            1325.1604, 
            -201.8899, 
            -199.7128, 
            -129.0878, 
            -274.2569, 
            -251.4317, 
            478.0794, 
            181.9702, 
            -231.0904, 
            -296.4673, 
            -242.9327, 
            -300.4342, 
            -334.5409, 
            -309.4111, 
            -278.7715, 
            -200.6287, 
            1510.0657, 
            -39.1943, 
            -266.9568, 
            34.8447, 
            -202.7368, 
            -174.6223, 
            -214.4302, 
            -310.7797, 
            524.6984, 
            124.3331, 
            2227.271, 
            -204.8118, 
            -301.6212, 
            -303.77, 
            813.3292, 
            -70.0821, 
            801.5214, 
            142.9399, 
            -48.344, 
            -103.6257, 
            -67.795, 
            -308.6993, 
            -289.7919, 
            -262.9515, 
            -344.2151, 
            -210.5941, 
            -325.2345, 
            127.6416, 
            -283.7405, 
            -332.8183, 
            -228.5516, 
            -125.0529, 
            -159.8092, 
            424.1469, 
            -175.4053, 
            -285.7576, 
            293.6473, 
            113.5901, 
            -79.8464, 
            237.5931, 
            -293.1485, 
            -268.1005, 
            -241.7425, 
            -242.757, 
            -38.9802, 
            -248.1214, 
            -127.8207, 
            -296.4537, 
            -202.8476, 
            -202.0155, 
            -264.2524, 
            454.834, 
            -82.7117, 
            -76.5358, 
            102.4549, 
            -120.6062, 
            -115.7379, 
            -272.8128, 
            179.6967, 
            -278.9526, 
            -151.8716, 
            -98.9033, 
            339.7412, 
            -41.4457, 
            -100.3479, 
            -148.1956, 
            -343.6188, 
            -274.7449, 
            -306.7037, 
            -69.8585, 
            -159.9451, 
            -48.3635, 
            -237.2959, 
            -52.5613, 
            -311.4875, 
            -293.0246, 
            1.8716, 
            -223.3582, 
            -225.6406, 
            -120.2863, 
            -337.2555, 
            -271.2394, 
            -270.5142, 
            -193.9057, 
            -43.0019, 
            -260.3501, 
            -307.7841, 
            115.0487, 
            -299.0793, 
            -256.4898, 
            -247.3386, 
            -276.5839, 
            -47.7118, 
            -119.7304, 
            -236.2394, 
            423.64, 
            -350.8706, 
            -199.9469, 
            -277.4762, 
            -151.1172, 
            -156.2988, 
            -282.8261, 
            -283.732, 
            -283.3849, 
            3.2813, 
            -195.7858, 
            -89.9805, 
            1259.5708, 
            -203.8552, 
            -213.6745, 
            335.1807, 
            883.6382, 
            -264.4743, 
            -284.7379, 
            -169.6605, 
            -261.9599, 
            -265.5417, 
            -37.7852, 
            -265.7146, 
            -297.7704, 
            -164.6888, 
            23.7734, 
            -289.8527, 
            -231.4845, 
            -186.4136, 
            -278.9744, 
            -332.2695, 
            -245.6879, 
            -330.0499, 
            -78.0664, 
            18.0795, 
            -305.7269, 
            -184.0626, 
            632.5903, 
            -67.5036, 
            -282.8514, 
            -116.6544, 
            -199.5779, 
            -283.0589, 
            -44.5212, 
            -298.0209, 
            -301.256, 
            -42.7401, 
            -215.7969, 
            -27.7833, 
            -279.1365, 
            162.4232, 
            -302.6537, 
            -20.7413, 
            1144.5058, 
            1207.5575, 
            -244.8363, 
            -168.5652, 
            556.1543, 
            -205.2291, 
            133.2309, 
            62.1703, 
            -258.5118, 
            -294.4961, 
            -171.8776, 
            -284.8472, 
            -335.9474, 
            26.3961, 
            -290.2052, 
            -318.9331, 
            -48.9786, 
            -296.1222, 
            778.4617, 
            -331.972, 
            -92.1422, 
            -305.0991, 
            -12.929, 
            -242.0391, 
            27.4918, 
            -93.3689, 
            -271.3837, 
            239.5305, 
            -18.7843, 
            331.2133, 
            -137.0447, 
            -305.1566, 
            -324.2861, 
            -199.2684, 
            -175.4944, 
            -322.4453, 
            -315.0161, 
            -154.3189, 
            -197.279, 
            -191.5641, 
            -209.7443, 
            -27.4364, 
            772.3477, 
            -323.2293, 
            -233.5988, 
            -230.4367, 
            -241.5535, 
            -114.6278, 
            167.8915, 
            469.1731, 
            -262.2954, 
            -279.9001, 
            765.7541, 
            -258.9168, 
            -126.4627, 
            -280.8875, 
            -284.6198, 
            106.3463, 
            -276.7177, 
            2348.2622, 
            -195.8098, 
            26.0092, 
            -280.3852, 
            -123.4653, 
            56.7289, 
            -253.5403, 
            -221.7557, 
            -192.3981, 
            -31.105, 
            -139.5039, 
            -187.1965, 
            -238.1467, 
            -270.8359, 
            -282.3749, 
            -355.9268, 
            5.1289, 
            -21.248, 
            161.6108, 
            -116.235, 
            1646.414, 
            -287.7461, 
            -16.1731, 
            -232.9287, 
            -285.1983, 
            655.8893, 
            32.5075, 
            -109.1661, 
            -304.1323, 
            -135.6281, 
            25.4338, 
            225.3258, 
            -328.0705, 
            -256.2558, 
            -319.7383, 
            430.3045, 
            -81.7908, 
            -283.263, 
            -57.4501, 
            -277.1567, 
            -336.0116, 
            -105.5834, 
            -287.996, 
            -333.6686, 
            -199.6967, 
            27.5972, 
            563.9649, 
            -181.503, 
            -4.6926, 
            -294.9654, 
            -226.683, 
            -274.8134, 
            -239.8327, 
            -252.2613, 
            743.743, 
            -257.4196, 
            -262.203, 
            -188.1011, 
            -296.3364, 
            -256.2162, 
            -257.1617, 
            -25.9871, 
            -282.665, 
            516.9684, 
            -36.6515, 
            -130.5641, 
            -225.6091, 
            490.4859, 
            -202.3385, 
            -284.3594, 
            10.6836, 
            -173.0642, 
            -210.0181, 
            -250.097, 
            254.7706, 
            -225.288, 
            -229.5733, 
            131.2061, 
            -257.5522, 
            -37.0975, 
            162.8856, 
            -291.6808, 
            94.7678, 
            -285.346, 
            -207.4962, 
            -284.8805, 
            -96.6083, 
            -300.0165, 
            -286.4116, 
            -198.0904, 
            -307.9531, 
            16.8777, 
            13.7357, 
            -318.2735, 
            -271.0914, 
            5883.5453, 
            -148.2948, 
            -304.6799, 
            -228.6193, 
            46.2586, 
            -177.2459, 
            -235.488, 
            -241.7588, 
            -148.1354, 
            55.3693, 
            -247.1227, 
            -22.1359, 
            -289.1131, 
            -188.9953, 
            -298.8287, 
            397.733, 
            -277.1146, 
            -175.7696, 
            780.4108, 
            -288.0828, 
            -50.5981, 
            -84.321, 
            1667.8643, 
            -258.9276, 
            222.6858, 
            -241.7125, 
            153.4137, 
            -213.9095, 
            350.7945, 
            15.4117, 
            -272.4194, 
            -336.531, 
            -192.5846, 
            128.846, 
            -220.8559, 
            1035.3281, 
            -236.023, 
            -261.8368, 
            -241.5157, 
            -294.1177, 
            -35.4887, 
            -14.6386, 
            476.5449, 
            -334.4809, 
            -242.7174, 
            -188.8977, 
            -303.3452, 
            -353.7187, 
            -329.5086, 
            -190.1646, 
            315.5369, 
            -115.5261, 
            -166.8177, 
            926.3292, 
            229.3348, 
            -258.4689, 
            -306.7728, 
            1051.1674, 
            -272.7042, 
            -177.0101, 
            -223.5644, 
            -39.6772, 
            -3.2709, 
            -76.6861, 
            -299.1141, 
            -105.0299, 
            -267.2785, 
            -264.1125, 
            -327.1176, 
            -140.5306, 
            2042.4978, 
            -85.6807, 
            -370.0582, 
            4.5916, 
            -88.7233, 
            1173.0946, 
            -278.7464, 
            -215.164, 
            -307.5251, 
            -239.1415, 
            -302.2948, 
            -318.0349, 
            -210.4513, 
            -252.2497, 
            1558.9503, 
            -286.3609, 
            80.3552, 
            -290.1594, 
            207.4385, 
            -53.8329, 
            47.0121, 
            -249.101, 
            1015.0149, 
            -237.5984, 
            -195.5971, 
            992.7265, 
            -118.395, 
            14.468, 
            -251.5302, 
            -310.654, 
            563.9821, 
            -43.2334, 
            561.5998, 
            25.3922, 
            69.4502, 
            -247.3417, 
            -284.7675, 
            -222.57, 
            -263.1296, 
            203.7198, 
            -273.7071, 
            -334.6227, 
            -248.6796, 
            -297.2082, 
            -183.4705, 
            355.5135, 
            -81.1814, 
            146.8343, 
            692.6944, 
            -196.6586, 
            1065.7814, 
            -300.3164, 
            2520.1711, 
            -261.7982, 
            -369.2407, 
            -171.2996, 
            -54.1391, 
            -253.6527, 
            -304.7783, 
            -226.6076, 
            -275.5089, 
            257.4757, 
            -43.3946, 
            -295.0784, 
            -182.9656, 
            -249.9831, 
            -239.0581, 
            -209.6966, 
            391.4196, 
            -250.532, 
            -268.3953, 
            -131.7632, 
            289.5634, 
            -179.0173, 
            -222.9117, 
            161.835, 
            -102.8239, 
            672.0383, 
            -335.0465, 
            73.9215, 
            -276.9992, 
            -192.4605, 
            105.9163, 
            -238.1871, 
            -308.4536, 
            -311.0704, 
            -315.9013, 
            -190.2442, 
            -323.6794, 
            -268.5649, 
            -211.8371, 
            -308.9603, 
            -268.3922, 
            -42.8304, 
            -63.0118, 
            -302.2237, 
            -340.1998, 
            -341.6594, 
            222.3586, 
            -52.7469, 
            -207.1593, 
            -150.2557, 
            -267.3343, 
            -129.4227, 
            -102.7534, 
            15.4054, 
            -168.1047, 
            -133.0174, 
            -120.4719, 
            -273.5481, 
            633.9427, 
            -334.2765, 
            -285.0671, 
            -230.2353, 
            843.1235, 
            -314.1487, 
            31.6144, 
            -300.217, 
            184.8824, 
            230.3649, 
            225.3683, 
            -286.4602, 
            -97.4902, 
            -313.1389, 
            -273.6019, 
            -283.7368, 
            -299.4755, 
            -141.0794, 
            729.17, 
            -340.8679, 
            3592.015, 
            -294.1995, 
            -229.6653, 
            -299.236, 
            -261.3999, 
            -135.545, 
            -16.2245, 
            -234.6811, 
            -359.4762, 
            -297.8742, 
            -303.8065, 
            852.3228, 
            -99.501, 
            104.7171, 
            -200.3579, 
            -238.1693, 
            -130.5936, 
            -315.8614, 
            -102.8226, 
            -265.3384, 
            -245.3964, 
            -317.1416, 
            -138.8564, 
            -263.1296, 
            -269.0839, 
            -213.5007, 
            -218.6326, 
            -155.7266, 
            -159.4419, 
            -232.1522, 
            -203.9551, 
            -205.2676, 
            891.7798, 
            -164.1681, 
            -107.7031, 
            -333.3318, 
            -192.9309, 
            -258.4705, 
            211.8382, 
            -246.5665, 
            -298.6853, 
            417.1512, 
            -233.9941, 
            -288.9539, 
            389.5703, 
            -334.7278, 
            -239.6817, 
            -307.8527, 
            1927.3091, 
            -220.006, 
            -245.7203, 
            597.939, 
            -148.0802, 
            -219.7255, 
            -305.4058, 
            -40.716, 
            1058.3285, 
            502.2127, 
            -293.4872, 
            -219.8627, 
            560.7894, 
            2880.6601, 
            -245.1475, 
            -280.3509, 
            -181.7969, 
            -281.1477, 
            -309.2178, 
            -289.2407, 
            53.4281, 
            -179.0523, 
            -74.0965, 
            -170.3221, 
            -224.9263, 
            -171.2424, 
            3964.9205, 
            339.6203, 
            -27.9608, 
            -138.3603, 
            -279.1971, 
            -189.5069, 
            -297.7238, 
            -325.7928, 
            -44.6114, 
            -316.4618, 
            -271.2397, 
            -298.011, 
            -174.4569, 
            -129.4801, 
            -247.0368, 
            -69.8859, 
            -361.5176, 
            281.6427, 
            63.4317, 
            -265.432, 
            -47.7927, 
            270.2689, 
            -95.6612, 
            -243.0065, 
            -304.7571, 
            -261.7898, 
            -27.6145, 
            445.886, 
            -299.6321, 
            221.674, 
            212.5562, 
            -36.8105, 
            -9.2884, 
            -150.3343, 
            -165.4146, 
            211.481, 
            -296.6179, 
            -300.5745, 
            -152.084, 
            -212.1821, 
            -215.7112, 
            -98.6141, 
            -78.5227, 
            -291.8295, 
            -288.6881, 
            307.0468, 
            -133.7939, 
            -192.8, 
            -124.1389, 
            -190.4002, 
            -247.2862, 
            -118.8279, 
            -45.6052, 
            -283.5062, 
            -179.751, 
            -255.795, 
            -2.333, 
            -320.3219, 
            -279.7619, 
            -58.6845, 
            -335.215, 
            -23.8479, 
            -209.2331, 
            -221.8607, 
            -429.0135, 
            -166.4165, 
            -302.9651, 
            -189.3097, 
            2407.2437, 
            -155.3207, 
            -321.1515, 
            -46.3722, 
            -120.403, 
            -227.0713, 
            -310.912, 
            -301.4947, 
            -260.4864, 
            -3.9446, 
            -275.7434, 
            -108.2008, 
            -179.5462, 
            -218.3651, 
            -212.4951, 
            485.2306, 
            1764.9258, 
            -128.6011, 
            -284.6363, 
            -232.1613, 
            -307.8641, 
            -63.7921, 
            -124.6091, 
            1588.0255, 
            245.3502, 
            -113.2905, 
            60.9541, 
            -159.7402, 
            -41.6794, 
            231.0543, 
            -112.3734, 
            -51.3216, 
            -215.906, 
            270.6541, 
            15.3182, 
            -97.5695, 
            -270.1254, 
            -142.7819, 
            211.3615, 
            -191.9877, 
            -371.919, 
            -138.8581, 
            -218.4744, 
            -285.1983, 
            -293.1846, 
            -106.2342, 
            142.6081, 
            -6.3861, 
            -247.4017, 
            -323.0194, 
            163.9329, 
            251.5887, 
            -90.158, 
            -296.2907, 
            218.6097, 
            -128.1628, 
            -259.4235, 
            -25.8277, 
            -273.3123, 
            -330.2919, 
            391.5912, 
            326.0435, 
            5738.219, 
            -168.6265, 
            20.4875, 
            -236.5475, 
            -317.0054, 
            40.3578, 
            -230.2542, 
            -154.1447, 
            57.5422, 
            -231.7867, 
            -192.4159, 
            -305.1389, 
            -24.4336, 
            199.0477, 
            -43.4798, 
            -174.0792, 
            -284.7675, 
            192.3263, 
            -85.292, 
            1135.3864, 
            -158.0271, 
            -5.4221, 
            -291.1338, 
            -244.622, 
            -314.3376, 
            -270.8672, 
            -41.7137, 
            -306.9489, 
            82.6028, 
            -275.7931, 
            -309.3909, 
            -332.482, 
            -313.7348, 
            88.8224, 
            -135.5961, 
            -178.0027, 
            -139.7163, 
            -265.2598, 
            -314.0284, 
            89.9562, 
            -157.1377, 
            -335.0361, 
            -308.5771, 
            -212.7565
        ], 
        "x": [
            1.0, 
            1.0, 
            1.0, 
            3.0, 
            3.0, 
            2.0, 
            5.0, 
            1.0, 
            1.0, 
            1.0, 
            1.0, 
            2.0, 
            1.0, 
            1.0, 
            2.0, 
            2.0, 
            2.0, 
            2.0, 
            1.0, 
            1.0, 
            1.0, 
            1.0, 
            3.0, 
            1.0, 
            1.0, 
            1.0, 
            15.0, 
            2.0, 
            1.0, 
            1.0, 
            1.0, 
            2.0, 
            2.0, 
            1.0, 
            1.0, 
            1.0, 
            1.0, 
            1.0, 
            1.0, 
            1.0, 
            3.0, 
            1.0, 
            1.0, 
            18.0, 
            1.0, 
            1.0, 
            1.0, 
            1.0, 
            2.0, 
            1.0, 
            9.0, 
            2.0, 
            1.0, 
            1.0, 
            2.0, 
            1.0, 
            2.0, 
            1.0, 
            1.0, 
            1.0, 
            5.0, 
            1.0, 
            1.0, 
            1.0, 
            35.0, 
            795.0, 
            2.0, 
            1.0, 
            2.0, 
            1.0, 
            1.0, 
            1.0, 
            1.0, 
            1.0, 
            2.0, 
            2.0, 
            2.0, 
            1.0, 
            1.0, 
            1.0, 
            1.0, 
            1.0, 
            7.0, 
            1.0, 
            2.0, 
            1.0, 
            1.0, 
            1.0, 
            3.0, 
            1.0, 
            1.0, 
            1.0, 
            1.0, 
            1.0, 
            1.0, 
            1.0, 
            1.0, 
            1.0, 
            10.0, 
            1.0, 
            2.0, 
            9.0, 
            1.0, 
            1.0, 
            1.0, 
            1.0, 
            1.0, 
            2.0, 
            1.0, 
            1.0, 
            2.0, 
            3.0, 
            1.0, 
            1.0, 
            3.0, 
            1.0, 
            1.0, 
            1.0, 
            6.0, 
            1.0, 
            5.0, 
            2.0, 
            1.0, 
            1.0, 
            1.0, 
            1.0, 
            1.0, 
            2.0, 
            1.0, 
            3.0, 
            1.0, 
            1.0, 
            1.0, 
            1.0, 
            8.0, 
            1.0, 
            1.0, 
            1.0, 
            7.0, 
            1.0, 
            1.0, 
            1.0, 
            1.0, 
            14.0, 
            1.0, 
            1.0, 
            1.0, 
            1.0, 
            1.0, 
            1.0, 
            4.0, 
            1.0, 
            1.0, 
            1.0, 
            1.0, 
            1.0, 
            1.0, 
            2.0, 
            1.0, 
            1.0, 
            1.0, 
            3.0, 
            1.0, 
            2.0, 
            1.0, 
            1.0, 
            2.0, 
            3.0, 
            1.0, 
            1.0, 
            1.0, 
            1.0, 
            1.0, 
            2.0, 
            1.0, 
            1.0, 
            8.0, 
            1.0, 
            2.0, 
            21.0, 
            3.0, 
            1.0, 
            1.0, 
            2.0, 
            6.0, 
            5.0, 
            2.0, 
            1.0, 
            1.0, 
            2.0, 
            1.0, 
            1.0, 
            1.0, 
            1.0, 
            1.0, 
            1.0, 
            1.0, 
            6.0, 
            2.0, 
            1.0, 
            2.0, 
            4.0, 
            2.0, 
            1.0, 
            1.0, 
            1.0, 
            1.0, 
            2.0, 
            1.0, 
            3.0, 
            1.0, 
            2.0, 
            1.0, 
            1.0, 
            1.0, 
            1.0, 
            2.0, 
            2.0, 
            9.0, 
            1.0, 
            1.0, 
            1.0, 
            1.0, 
            5.0, 
            5.0, 
            1.0, 
            2.0, 
            1.0, 
            4.0, 
            1.0, 
            3.0, 
            3.0, 
            1.0, 
            4.0, 
            1.0, 
            2.0, 
            1.0, 
            1.0, 
            1.0, 
            1.0, 
            4.0, 
            1.0, 
            1.0, 
            1.0, 
            1.0, 
            1.0, 
            1.0, 
            1.0, 
            2.0, 
            12.0, 
            3.0, 
            1.0, 
            3.0, 
            1.0, 
            1.0, 
            1.0, 
            1.0, 
            4.0, 
            4.0, 
            1.0, 
            1.0, 
            1.0, 
            1.0, 
            9.0, 
            1.0, 
            5.0, 
            1.0, 
            1.0, 
            1.0, 
            1.0, 
            1.0, 
            1.0, 
            1.0, 
            1.0, 
            1.0, 
            1.0, 
            3.0, 
            1.0, 
            1.0, 
            1.0, 
            1.0, 
            1.0, 
            4.0, 
            2.0, 
            1.0, 
            3.0, 
            1.0, 
            2.0, 
            1.0, 
            1.0, 
            3.0, 
            1.0, 
            1.0, 
            2.0, 
            1.0, 
            1.0, 
            1.0, 
            2.0, 
            1.0, 
            1.0, 
            2.0, 
            1.0, 
            1.0, 
            5.0, 
            4.0, 
            1.0, 
            1.0, 
            1.0, 
            1.0, 
            1.0, 
            2.0, 
            1.0, 
            6.0, 
            1.0, 
            2.0, 
            1.0, 
            1.0, 
            1.0, 
            1.0, 
            1.0, 
            1.0, 
            1.0, 
            1.0, 
            1.0, 
            1.0, 
            5.0, 
            1.0, 
            1.0, 
            1.0, 
            1.0, 
            1.0, 
            1.0, 
            1.0, 
            2.0, 
            2.0, 
            1.0, 
            1.0, 
            1.0, 
            1.0, 
            1.0, 
            1.0, 
            2.0, 
            2.0, 
            1.0, 
            1.0, 
            1.0, 
            2.0, 
            1.0, 
            2.0, 
            1.0, 
            1.0, 
            1.0, 
            1.0, 
            1.0, 
            2.0, 
            2.0, 
            11.0, 
            2.0, 
            1.0, 
            2.0, 
            8.0, 
            1.0, 
            1.0, 
            1.0, 
            1.0, 
            0.0, 
            2.0, 
            1.0, 
            1.0, 
            1.0, 
            2.0, 
            1.0, 
            1.0, 
            1.0, 
            1.0, 
            1.0, 
            1.0, 
            1.0, 
            1.0, 
            1.0, 
            1.0, 
            1.0, 
            11.0, 
            2.0, 
            1.0, 
            1.0, 
            1.0, 
            1.0, 
            1.0, 
            1.0, 
            1.0, 
            9.0, 
            1.0, 
            2.0, 
            1.0, 
            2.0, 
            1.0, 
            2.0, 
            8.0, 
            6.0, 
            1.0, 
            1.0, 
            1.0, 
            1.0, 
            3.0, 
            3.0, 
            1.0, 
            1.0, 
            2.0, 
            1.0, 
            1.0, 
            1.0, 
            1.0, 
            1.0, 
            2.0, 
            1.0, 
            4.0, 
            1.0, 
            2.0, 
            1.0, 
            2.0, 
            1.0, 
            2.0, 
            1.0, 
            1.0, 
            5.0, 
            15.0, 
            1.0, 
            2.0, 
            1.0, 
            1.0, 
            1.0, 
            1.0, 
            1.0, 
            1.0, 
            1.0, 
            1.0, 
            1.0, 
            1.0, 
            1.0, 
            3.0, 
            2.0, 
            1.0, 
            0.0, 
            2.0, 
            2.0, 
            1.0, 
            3.0, 
            1.0, 
            1.0, 
            12.0, 
            1.0, 
            3.0, 
            1.0, 
            1.0, 
            2.0, 
            1.0, 
            15.0, 
            1.0, 
            3.0, 
            1.0, 
            1.0, 
            2.0, 
            1.0, 
            1.0, 
            1.0, 
            2.0, 
            2.0, 
            2.0, 
            1.0, 
            2.0, 
            1.0, 
            1.0, 
            4.0, 
            1.0, 
            3.0, 
            1.0, 
            1.0, 
            1.0, 
            1.0, 
            1.0, 
            1.0, 
            5.0, 
            3.0, 
            2.0, 
            1.0, 
            1.0, 
            1.0, 
            1.0, 
            1.0, 
            1.0, 
            1.0, 
            12.0, 
            2.0, 
            1.0, 
            7.0, 
            1.0, 
            1.0, 
            1.0, 
            1.0, 
            1.0, 
            1.0, 
            12.0, 
            6.0, 
            2.0, 
            3.0, 
            1.0, 
            1.0, 
            2.0, 
            1.0, 
            1.0, 
            6.0, 
            1.0, 
            1.0, 
            2.0, 
            1.0, 
            1.0, 
            1.0, 
            1.0, 
            1.0, 
            3.0, 
            2.0, 
            2.0, 
            2.0, 
            9.0, 
            1.0, 
            1.0, 
            7.0, 
            1.0, 
            1.0, 
            1.0, 
            18.0, 
            1.0, 
            1.0, 
            2.0, 
            1.0, 
            4.0, 
            1.0, 
            1.0, 
            1.0, 
            1.0, 
            1.0, 
            1.0, 
            1.0, 
            1.0, 
            1.0, 
            1.0, 
            1.0, 
            2.0, 
            1.0, 
            1.0, 
            2.0, 
            2.0, 
            2.0, 
            1.0, 
            1.0, 
            2.0, 
            1.0, 
            1.0, 
            1.0, 
            2.0, 
            1.0, 
            1.0, 
            1.0, 
            1.0, 
            1.0, 
            1.0, 
            12.0, 
            1.0, 
            1.0, 
            4.0, 
            1.0, 
            7.0, 
            1.0, 
            2.0, 
            2.0, 
            1.0, 
            1.0, 
            1.0, 
            1.0, 
            2.0, 
            3.0, 
            1.0, 
            1.0, 
            1.0, 
            2.0, 
            1.0, 
            30.0, 
            1.0, 
            1.0, 
            1.0, 
            1.0, 
            5.0, 
            2.0, 
            14.0, 
            1.0, 
            1.0, 
            3.0, 
            1.0, 
            1.0, 
            1.0, 
            1.0, 
            3.0, 
            4.0, 
            3.0, 
            1.0, 
            5.0, 
            1.0, 
            1.0, 
            5.0, 
            1.0, 
            2.0, 
            1.0, 
            4.0, 
            2.0, 
            1.0, 
            1.0, 
            1.0, 
            1.0, 
            1.0, 
            1.0, 
            2.0, 
            10.0, 
            2.0, 
            1.0, 
            7.0, 
            1.0, 
            1.0, 
            1.0, 
            1.0, 
            1.0, 
            1.0, 
            1.0, 
            1.0, 
            1.0, 
            1.0, 
            4.0, 
            1.0, 
            1.0, 
            1.0, 
            2.0, 
            3.0, 
            5.0, 
            2.0, 
            4.0, 
            2.0, 
            1.0, 
            9.0, 
            2.0, 
            4.0, 
            1.0, 
            1.0, 
            4.0, 
            2.0, 
            7.0, 
            2.0, 
            3.0, 
            1.0, 
            1.0, 
            1.0, 
            1.0, 
            1.0, 
            1.0, 
            1.0, 
            1.0, 
            1.0, 
            2.0, 
            6.0, 
            2.0, 
            1.0, 
            4.0, 
            2.0, 
            5.0, 
            1.0, 
            19.0, 
            1.0, 
            1.0, 
            1.0, 
            1.0, 
            1.0, 
            1.0, 
            1.0, 
            1.0, 
            3.0, 
            1.0, 
            1.0, 
            3.0, 
            1.0, 
            1.0, 
            2.0, 
            5.0, 
            1.0, 
            1.0, 
            3.0, 
            1.0, 
            1.0, 
            5.0, 
            4.0, 
            1.0, 
            3.0, 
            1.0, 
            4.0, 
            1.0, 
            1.0, 
            1.0, 
            1.0, 
            1.0, 
            1.0, 
            1.0, 
            1.0, 
            1.0, 
            1.0, 
            1.0, 
            1.0, 
            1.0, 
            2.0, 
            2.0, 
            1.0, 
            1.0, 
            1.0, 
            1.0, 
            1.0, 
            1.0, 
            1.0, 
            1.0, 
            4.0, 
            2.0, 
            2.0, 
            1.0, 
            1.0, 
            3.0, 
            1.0, 
            8.0, 
            1.0, 
            1.0, 
            1.0, 
            9.0, 
            2.0, 
            1.0, 
            1.0, 
            1.0, 
            1.0, 
            3.0, 
            1.0, 
            1.0, 
            1.0, 
            1.0, 
            1.0, 
            1.0, 
            1.0, 
            1.0, 
            1.0, 
            12.0, 
            1.0, 
            1.0, 
            1.0, 
            1.0, 
            1.0, 
            1.0, 
            1.0, 
            1.0, 
            1.0, 
            1.0, 
            1.0, 
            3.0, 
            1.0, 
            1.0, 
            1.0, 
            1.0, 
            1.0, 
            1.0, 
            1.0, 
            1.0, 
            1.0, 
            2.0, 
            1.0, 
            2.0, 
            1.0, 
            1.0, 
            1.0, 
            1.0, 
            1.0, 
            1.0, 
            2.0, 
            1.0, 
            3.0, 
            1.0, 
            1.0, 
            1.0, 
            1.0, 
            2.0, 
            1.0, 
            1.0, 
            4.0, 
            1.0, 
            1.0, 
            2.0, 
            1.0, 
            1.0, 
            1.0, 
            2.0, 
            1.0, 
            1.0, 
            11.0, 
            1.0, 
            1.0, 
            1.0, 
            1.0, 
            6.0, 
            2.0, 
            1.0, 
            1.0, 
            18.0, 
            2.0, 
            2.0, 
            1.0, 
            1.0, 
            1.0, 
            1.0, 
            1.0, 
            5.0, 
            1.0, 
            1.0, 
            2.0, 
            1.0, 
            1.0, 
            7.0, 
            1.0, 
            2.0, 
            2.0, 
            1.0, 
            1.0, 
            1.0, 
            1.0, 
            1.0, 
            1.0, 
            1.0, 
            1.0, 
            4.0, 
            1.0, 
            1.0, 
            4.0, 
            1.0, 
            1.0, 
            3.0, 
            1.0, 
            1.0, 
            6.0, 
            2.0, 
            1.0, 
            1.0, 
            1.0, 
            1.0, 
            3.0, 
            1.0, 
            5.0, 
            13.0, 
            2.0, 
            2.0, 
            1.0, 
            2.0, 
            1.0, 
            1.0, 
            1.0, 
            1.0, 
            1.0, 
            1.0, 
            1.0, 
            1.0, 
            1.0, 
            1.0, 
            3.0, 
            1.0, 
            2.0, 
            1.0, 
            1.0, 
            1.0, 
            2.0, 
            3.0, 
            2.0, 
            1.0, 
            1.0, 
            1.0, 
            1.0, 
            1.0, 
            2.0, 
            1.0, 
            1.0, 
            1.0, 
            1.0, 
            1.0, 
            1.0, 
            1.0, 
            2.0, 
            9.0, 
            1.0, 
            1.0, 
            1.0, 
            1.0, 
            1.0, 
            1.0, 
            1.0, 
            1.0, 
            1.0, 
            1.0, 
            1.0, 
            1.0, 
            1.0, 
            1.0, 
            9.0, 
            1.0, 
            1.0, 
            1.0, 
            1.0, 
            1.0, 
            1.0, 
            3.0, 
            1.0, 
            5.0, 
            2.0, 
            1.0, 
            3.0, 
            3.0, 
            2.0, 
            1.0, 
            1.0, 
            1.0, 
            5.0, 
            8.0, 
            1.0, 
            1.0, 
            2.0, 
            2.0, 
            1.0, 
            1.0, 
            1.0, 
            1.0, 
            1.0, 
            1.0, 
            1.0, 
            2.0, 
            2.0, 
            1.0, 
            1.0, 
            1.0, 
            4.0, 
            1.0, 
            1.0, 
            1.0, 
            3.0, 
            1.0, 
            2.0, 
            1.0, 
            1.0, 
            1.0, 
            1.0, 
            9.0, 
            2.0, 
            3.0, 
            1.0, 
            1.0, 
            2.0, 
            2.0, 
            2.0, 
            1.0, 
            2.0, 
            1.0, 
            1.0, 
            1.0, 
            4.0, 
            2.0, 
            1.0, 
            1.0, 
            8.0, 
            1.0, 
            10.0, 
            2.0, 
            2.0, 
            1.0, 
            1.0, 
            1.0, 
            1.0, 
            1.0, 
            1.0, 
            2.0, 
            1.0, 
            1.0, 
            1.0, 
            1.0, 
            10.0, 
            1.0, 
            1.0, 
            1.0, 
            1.0, 
            1.0, 
            1.0, 
            2.0, 
            1.0, 
            1.0, 
            1.0
        ]
    }, 
    "processed_feature_names": [
        "item_category_id", 
        "item_cnt_month_avg", 
        "item_cnt_prev_month", 
        "item_id", 
        "shop_id", 
        "dummy:shop_name:\u041c\u043e\u0441\u043a\u0432\u0430 \u0422\u0426 \"\u0421\u0435\u043c\u0435\u043d\u043e\u0432\u0441\u043a\u0438\u0439\"", 
        "dummy:shop_name:\u041c\u043e\u0441\u043a\u0432\u0430 \u0422\u0420\u041a \"\u0410\u0442\u0440\u0438\u0443\u043c\"", 
        "dummy:shop_name:\u0425\u0438\u043c\u043a\u0438 \u0422\u0426 \"\u041c\u0435\u0433\u0430\"", 
        "dummy:shop_name:\u041c\u043e\u0441\u043a\u0432\u0430 \u0422\u0426 \"\u041c\u0415\u0413\u0410 \u0422\u0435\u043f\u043b\u044b\u0439 \u0421\u0442\u0430\u043d\" II", 
        "dummy:shop_name:\u042f\u043a\u0443\u0442\u0441\u043a \u041e\u0440\u0434\u0436\u043e\u043d\u0438\u043a\u0438\u0434\u0437\u0435, 56", 
        "dummy:shop_name:\u0421\u041f\u0431 \u0422\u041a \"\u041d\u0435\u0432\u0441\u043a\u0438\u0439 \u0426\u0435\u043d\u0442\u0440\"", 
        "dummy:shop_name:\u041c\u043e\u0441\u043a\u0432\u0430 \u0422\u0426 \"\u041c\u0415\u0413\u0410 \u0411\u0435\u043b\u0430\u044f \u0414\u0430\u0447\u0430 II\"", 
        "dummy:shop_name:\u0412\u043e\u0440\u043e\u043d\u0435\u0436 (\u041f\u043b\u0435\u0445\u0430\u043d\u043e\u0432\u0441\u043a\u0430\u044f, 13)", 
        "dummy:shop_name:\u0427\u0435\u0445\u043e\u0432 \u0422\u0420\u0426 \"\u041a\u0430\u0440\u043d\u0430\u0432\u0430\u043b\"", 
        "dummy:shop_name:\u042f\u043a\u0443\u0442\u0441\u043a \u0422\u0426 \"\u0426\u0435\u043d\u0442\u0440\u0430\u043b\u044c\u043d\u044b\u0439\"", 
        "dummy:shop_name:\u041c\u043e\u0441\u043a\u0432\u0430 \u041c\u0422\u0420\u0426 \"\u0410\u0444\u0438 \u041c\u043e\u043b\u043b\"", 
        "dummy:shop_name:\u0421\u0435\u0440\u0433\u0438\u0435\u0432 \u041f\u043e\u0441\u0430\u0434 \u0422\u0426 \"7\u042f\"", 
        "dummy:shop_name:\u041a\u0443\u0440\u0441\u043a \u0422\u0426 \"\u041f\u0443\u0448\u043a\u0438\u043d\u0441\u043a\u0438\u0439\"", 
        "dummy:shop_name:\u0422\u044e\u043c\u0435\u043d\u044c \u0422\u0426 \"\u0413\u0443\u0434\u0432\u0438\u043d\"", 
        "dummy:shop_name:\u041d.\u041d\u043e\u0432\u0433\u043e\u0440\u043e\u0434 \u0422\u0420\u0426 \"\u0424\u0430\u043d\u0442\u0430\u0441\u0442\u0438\u043a\u0430\"", 
        "dummy:shop_name:\u0412\u043e\u0440\u043e\u043d\u0435\u0436 \u0422\u0420\u0426 \"\u041c\u0430\u043a\u0441\u0438\u043c\u0438\u0440\"", 
        "dummy:shop_name:\u041c\u043e\u0441\u043a\u0432\u0430 \u0422\u0426 \"\u0410\u0440\u0435\u0430\u043b\" (\u0411\u0435\u043b\u044f\u0435\u0432\u043e)", 
        "dummy:shop_name:\u0421\u0443\u0440\u0433\u0443\u0442 \u0422\u0420\u0426 \"\u0421\u0438\u0442\u0438 \u041c\u043e\u043b\u043b\"", 
        "dummy:shop_name:\u041a\u0430\u043b\u0443\u0433\u0430 \u0422\u0420\u0426 \"XXI \u0432\u0435\u043a\"", 
        "dummy:shop_name:\u041c\u043e\u0441\u043a\u0432\u0430 \u0422\u0426 \"\u041f\u0435\u0440\u043b\u043e\u0432\u0441\u043a\u0438\u0439\"", 
        "dummy:shop_name:\u041a\u043e\u043b\u043e\u043c\u043d\u0430 \u0422\u0426 \"\u0420\u0438\u043e\"", 
        "dummy:shop_name:\u0423\u0444\u0430 \u0422\u0426 \"\u0421\u0435\u043c\u044c\u044f\" 2", 
        "dummy:shop_name:\u041a\u0440\u0430\u0441\u043d\u043e\u044f\u0440\u0441\u043a \u0422\u0426 \"\u0418\u044e\u043d\u044c\"", 
        "dummy:shop_name:\u0422\u044e\u043c\u0435\u043d\u044c \u0422\u0426 \"\u0417\u0435\u043b\u0435\u043d\u044b\u0439 \u0411\u0435\u0440\u0435\u0433\"", 
        "dummy:shop_name:\u041c\u043e\u0441\u043a\u0432\u0430 \u0422\u041a \"\u0411\u0443\u0434\u0435\u043d\u043e\u0432\u0441\u043a\u0438\u0439\" (\u043f\u0430\u0432.\u041a7)", 
        "dummy:shop_name:\u0423\u0444\u0430 \u0422\u041a \"\u0426\u0435\u043d\u0442\u0440\u0430\u043b\u044c\u043d\u044b\u0439\"", 
        "dummy:shop_name:\u041c\u043e\u0441\u043a\u0432\u0430 \u0422\u0426 \"\u041d\u043e\u0432\u044b\u0439 \u0432\u0435\u043a\" (\u041d\u043e\u0432\u043e\u043a\u043e\u0441\u0438\u043d\u043e)", 
        "dummy:shop_name:\u0421\u0430\u043c\u0430\u0440\u0430 \u0422\u0426 \"\u041c\u0435\u043b\u043e\u0434\u0438\u044f\"", 
        "dummy:shop_name:\u041e\u043c\u0441\u043a \u0422\u0426 \"\u041c\u0435\u0433\u0430\"", 
        "dummy:shop_name:\u041d\u043e\u0432\u043e\u0441\u0438\u0431\u0438\u0440\u0441\u043a \u0422\u0426 \"\u041c\u0435\u0433\u0430\"", 
        "dummy:shop_name:\u0420\u043e\u0441\u0442\u043e\u0432\u041d\u0430\u0414\u043e\u043d\u0443 \u0422\u0426 \"\u041c\u0435\u0433\u0430\"", 
        "dummy:shop_name:\u042f\u0440\u043e\u0441\u043b\u0430\u0432\u043b\u044c \u0422\u0426 \"\u0410\u043b\u044c\u0442\u0430\u0438\u0440\"", 
        "dummy:shop_name:\u041c\u043e\u0441\u043a\u0432\u0430 \u041c\u0430\u0433\u0430\u0437\u0438\u043d \u042121", 
        "dummy:shop_name:\u0412\u043e\u043b\u043e\u0433\u0434\u0430 \u0422\u0420\u0426 \"\u041c\u0430\u0440\u043c\u0435\u043b\u0430\u0434\"", 
        "dummy:shop_name:\u0412\u043e\u043b\u0436\u0441\u043a\u0438\u0439 \u0422\u0426 \"\u0412\u043e\u043b\u0433\u0430 \u041c\u043e\u043b\u043b\"", 
        "dummy:shop_name:\u0421\u0430\u043c\u0430\u0440\u0430 \u0422\u0426 \"\u041f\u0430\u0440\u043a\u0425\u0430\u0443\u0441\"", 
        "dummy:shop_name:\u041a\u0430\u0437\u0430\u043d\u044c \u0422\u0426 \"\u041f\u0430\u0440\u043a\u0425\u0430\u0443\u0441\" II", 
        "dummy:shop_name:\u0421\u041f\u0431 \u0422\u041a \"\u0421\u0435\u043d\u043d\u0430\u044f\"", 
        "dummy:shop_name:\u0418\u043d\u0442\u0435\u0440\u043d\u0435\u0442-\u043c\u0430\u0433\u0430\u0437\u0438\u043d \u0427\u0421", 
        "dummy:shop_name:\u0411\u0430\u043b\u0430\u0448\u0438\u0445\u0430 \u0422\u0420\u041a \"\u041e\u043a\u0442\u044f\u0431\u0440\u044c-\u041a\u0438\u043d\u043e\u043c\u0438\u0440\"", 
        "dummy:shop_name:\u0410\u0434\u044b\u0433\u0435\u044f \u0422\u0426 \"\u041c\u0435\u0433\u0430\"", 
        "dummy:shop_name:\u041a\u0440\u0430\u0441\u043d\u043e\u044f\u0440\u0441\u043a \u0422\u0426 \"\u0412\u0437\u043b\u0435\u0442\u043a\u0430 \u041f\u043b\u0430\u0437\u0430\"", 
        "dummy:shop_name:\u0416\u0443\u043a\u043e\u0432\u0441\u043a\u0438\u0439 \u0443\u043b. \u0427\u043a\u0430\u043b\u043e\u0432\u0430 39\u043c?", 
        "dummy:shop_name:\u0422\u043e\u043c\u0441\u043a \u0422\u0420\u0426 \"\u0418\u0437\u0443\u043c\u0440\u0443\u0434\u043d\u044b\u0439 \u0413\u043e\u0440\u043e\u0434\"", 
        "dummy:shop_name:\u0426\u0438\u0444\u0440\u043e\u0432\u043e\u0439 \u0441\u043a\u043b\u0430\u0434 1\u0421-\u041e\u043d\u043b\u0430\u0439\u043d", 
        "dummy:shop_name:\u041a\u0430\u0437\u0430\u043d\u044c \u0422\u0426 \"\u0411\u0435\u0445\u0435\u0442\u043b\u0435\"", 
        "dummy:shop_name:\u0422\u044e\u043c\u0435\u043d\u044c \u0422\u0420\u0426 \"\u041a\u0440\u0438\u0441\u0442\u0430\u043b\u043b\"", 
        "dummy:shop_name:\u0420\u043e\u0441\u0442\u043e\u0432\u041d\u0430\u0414\u043e\u043d\u0443 \u0422\u0420\u041a \"\u041c\u0435\u0433\u0430\u0446\u0435\u043d\u0442\u0440 \u0413\u043e\u0440\u0438\u0437\u043e\u043d\u0442\"", 
        "dummy:shop_name:\u041c\u043e\u0441\u043a\u0432\u0430 \u0422\u0426 \"\u0421\u0435\u0440\u0435\u0431\u0440\u044f\u043d\u044b\u0439 \u0414\u043e\u043c\"", 
        "dummy:shop_name:!\u042f\u043a\u0443\u0442\u0441\u043a \u041e\u0440\u0434\u0436\u043e\u043d\u0438\u043a\u0438\u0434\u0437\u0435, 56 \u0444\u0440\u0430\u043d", 
        "dummy:shop_name:\u041c\u043e\u0441\u043a\u0432\u0430 \u0422\u041a \"\u0411\u0443\u0434\u0435\u043d\u043e\u0432\u0441\u043a\u0438\u0439\" (\u043f\u0430\u0432.\u04102)", 
        "dummy:shop_name:\u041d.\u041d\u043e\u0432\u0433\u043e\u0440\u043e\u0434 \u0422\u0420\u0426 \"\u0420\u0418\u041e\"", 
        "dummy:shop_name:\u041c\u044b\u0442\u0438\u0449\u0438 \u0422\u0420\u041a \"XL-3\"", 
        "dummy:shop_name:!\u042f\u043a\u0443\u0442\u0441\u043a \u0422\u0426 \"\u0426\u0435\u043d\u0442\u0440\u0430\u043b\u044c\u043d\u044b\u0439\" \u0444\u0440\u0430\u043d", 
        "dummy:shop_name:\u0412\u043e\u0440\u043e\u043d\u0435\u0436 \u0422\u0420\u0426 \u0421\u0438\u0442\u0438-\u041f\u0430\u0440\u043a \"\u0413\u0440\u0430\u0434\"", 
        "dummy:shop_name:\u0420\u043e\u0441\u0442\u043e\u0432\u041d\u0430\u0414\u043e\u043d\u0443 \u0422\u0420\u041a \"\u041c\u0435\u0433\u0430\u0446\u0435\u043d\u0442\u0440 \u0413\u043e\u0440\u0438\u0437\u043e\u043d\u0442\" \u041e\u0441\u0442\u0440\u043e\u0432\u043d\u043e\u0439", 
        "dummy:shop_name:\u0412\u044b\u0435\u0437\u0434\u043d\u0430\u044f \u0422\u043e\u0440\u0433\u043e\u0432\u043b\u044f", 
        "dummy:shop_name:\u041c\u043e\u0441\u043a\u0432\u0430 \"\u0420\u0430\u0441\u043f\u0440\u043e\u0434\u0430\u0436\u0430\"", 
        "dummy:shop_name:\u0416\u0443\u043a\u043e\u0432\u0441\u043a\u0438\u0439 \u0443\u043b. \u0427\u043a\u0430\u043b\u043e\u0432\u0430 39\u043c\u00b2", 
        "dummy:shop_name:N/A"
    ], 
    "regression_performance": {
        "max_error": 337.63174199947741, 
        "median_error": 192.45514534743435, 
        "error_distribution": [
            {
                "count": 4909, 
                "bin_max": -1295.7459920713425, 
                "bin_id": 0, 
                "bin_min": -1479.047271117068
            }, 
            {
                "count": 1091, 
                "bin_max": -1114.2595771745848, 
                "bin_id": 1, 
                "bin_min": -1295.7459920713425
            }, 
            {
                "count": 1552, 
                "bin_max": -932.77316227782694, 
                "bin_id": 2, 
                "bin_min": -1114.2595771745848
            }, 
            {
                "count": 2374, 
                "bin_max": -751.28674738106918, 
                "bin_id": 3, 
                "bin_min": -932.77316227782694
            }, 
            {
                "count": 3218, 
                "bin_max": -569.80033248431141, 
                "bin_id": 4, 
                "bin_min": -751.28674738106918
            }, 
            {
                "count": 5338, 
                "bin_max": -388.31391758755353, 
                "bin_id": 5, 
                "bin_min": -569.80033248431141
            }, 
            {
                "count": 8972, 
                "bin_max": -206.82750269079588, 
                "bin_id": 6, 
                "bin_min": -388.31391758755353
            }, 
            {
                "count": 17605, 
                "bin_max": -25.341087794038003, 
                "bin_id": 7, 
                "bin_min": -206.82750269079588
            }, 
            {
                "count": 40472, 
                "bin_max": 156.14532710271988, 
                "bin_id": 8, 
                "bin_min": -25.341087794038003
            }, 
            {
                "count": 114313, 
                "bin_max": 337.63174199947741, 
                "bin_id": 9, 
                "bin_min": 156.14532710271988
            }
        ], 
        "min_error": -1477.2324069681003, 
        "average_error": 58.08161516352886, 
        "std_error": 364.24911397049226, 
        "p75_error": 276.540972838242, 
        "p90_error": 305.30524551025735, 
        "p25_error": 7.933318088703986
    }
}