{
  "state": "DONE",
  "preSearchDescription": {
    "gridLength": 3,
    "importantParams": [
      {
        "name": "alpha",
        "vals": [
          "0.1",
          "1.0",
          "3.0"
        ]
      }
    ]
  },
  "postSearchDescription": {
    "importantParams": [
      {
        "name": "alpha",
        "val": "3.0"
      }
    ]
  },
  "modelId": "m1",
  "progress": {
    "top_level_todo": [],
    "stack": [],
    "top_level_done": [
      {
        "name": "Loading train set",
        "time": 17381
      },
      {
        "name": "Loading test set",
        "time": 3650
      },
      {
        "name": "Collecting statistics",
        "time": 3004
      },
      {
        "name": "Preprocessing train set",
        "time": 6307
      },
      {
        "name": "Preprocessing test set",
        "time": 1525
      },
      {
        "name": "Grid searching",
        "time": 172321
      },
      {
        "name": "Fitting model",
        "time": 57284
      },
      {
        "name": "Saving model",
        "time": 35
      },
      {
        "name": "Scoring model",
        "time": 9562
      }
    ]
  },
  "startTime": 1523114153946,
  "endTime": 1523114425040,
  "preprocessingTime": 31892,
  "trainingTime": 239202
}