{
    "per_feature": {
        "month": {
            "stats": {}
        }, 
        "shop_id": {
            "stats": {
                "std": 16.47247737564464, 
                "p99": 59.0, 
                "min": 0.0, 
                "max": 59.0, 
                "average": 32.71629676601141, 
                "median": 31.0
            }, 
            "missing_impute_with_value": 32.71629676601141
        }, 
        "item_category_id": {
            "stats": {
                "std": 16.53036704958435, 
                "p99": 75.0, 
                "min": 2.0, 
                "max": 83.0, 
                "average": 41.38947368421053, 
                "median": 40.0
            }, 
            "missing_impute_with_value": 41.38947368421053
        }, 
        "item_name": {
            "stats": {}
        }, 
        "item_category_name_wc": {
            "stats": {
                "std": 0.9490820597271222, 
                "p99": 6.0, 
                "min": 1.0, 
                "max": 7.0, 
                "average": 3.8433734939759034, 
                "median": 3.0
            }, 
            "missing_impute_with_value": 3.8433734939759034
        }, 
        "item_category_name_len": {
            "stats": {
                "std": 19.60306549003112, 
                "p99": 69.0, 
                "min": 14.0, 
                "max": 71.0, 
                "average": 33.78452758402029, 
                "median": 26.0
            }, 
            "missing_impute_with_value": 33.78452758402029
        }, 
        "item_category_name": {
            "stats": {}
        }, 
        "year": {
            "stats": {}
        }, 
        "item_category_name_tfidf_9": {
            "stats": {
                "std": 0.19172466248101291, 
                "p99": 0.8077245566750001, 
                "min": 0.0, 
                "max": 0.8077245566750001, 
                "average": 0.05050559678036711, 
                "median": 0.0
            }, 
            "missing_impute_with_value": 0.05050559678036711
        }, 
        "item_category_name_tfidf_20": {
            "stats": {
                "std": 0.38838301621667976, 
                "p99": 1.0, 
                "min": 0.0, 
                "max": 1.0, 
                "average": 0.18604903642723145, 
                "median": 0.0
            }, 
            "missing_impute_with_value": 0.18604903642723145
        }, 
        "item_category_name_tfidf_21": {
            "stats": {
                "std": 0.059777787109708845, 
                "p99": 0.0, 
                "min": 0.0, 
                "max": 0.707106781187, 
                "average": 0.005394276486798862, 
                "median": 0.0
            }, 
            "missing_impute_with_value": 0.005394276486798862
        }, 
        "item_category_name_tfidf_22": {
            "stats": {
                "std": 0.30879563908302504, 
                "p99": 1.0, 
                "min": 0.0, 
                "max": 1.0, 
                "average": 0.11483949786969554, 
                "median": 0.0
            }, 
            "missing_impute_with_value": 0.11483949786969554
        }, 
        "item_category_name_tfidf_23": {
            "stats": {
                "std": 0.1308526030457056, 
                "p99": 1.0, 
                "min": 0.0, 
                "max": 1.0, 
                "average": 0.018674198831808753, 
                "median": 0.0
            }, 
            "missing_impute_with_value": 0.018674198831808753
        }, 
        "item_category_name_tfidf_24": {
            "stats": {
                "std": 0.052373621513534405, 
                "p99": 0.0, 
                "min": 0.0, 
                "max": 0.725766431109, 
                "average": 0.004643029059906149, 
                "median": 0.0
            }, 
            "missing_impute_with_value": 0.004643029059906149
        }, 
        "item_category_name_tfidf_8": {
            "stats": {
                "std": 0.17830285928247025, 
                "p99": 0.603779245652, 
                "min": 0.0, 
                "max": 0.603779245652, 
                "average": 0.058272163087022, 
                "median": 0.0
            }, 
            "missing_impute_with_value": 0.058272163087022
        }, 
        "item_category_name_tfidf_1": {
            "stats": {
                "std": 0.17830285928247025, 
                "p99": 0.603779245652, 
                "min": 0.0, 
                "max": 0.603779245652, 
                "average": 0.058272163087022, 
                "median": 0.0
            }, 
            "missing_impute_with_value": 0.058272163087022
        }, 
        "item_category_name_tfidf_0": {
            "stats": {
                "std": 0.0857900052237047, 
                "p99": 0.7574208843269999, 
                "min": 0.0, 
                "max": 0.822633579293, 
                "average": 0.009491679261843869, 
                "median": 0.0
            }, 
            "missing_impute_with_value": 0.009491679261843869
        }, 
        "item_category_name_tfidf_3": {
            "stats": {
                "std": 0.20179956328383722, 
                "p99": 0.621239061829, 
                "min": 0.0, 
                "max": 0.682780785034, 
                "average": 0.07404164202330067, 
                "median": 0.0
            }, 
            "missing_impute_with_value": 0.07404164202330067
        }, 
        "item_category_name_tfidf_2": {
            "stats": {
                "std": 0.05638274154515829, 
                "p99": 0.0, 
                "min": 0.0, 
                "max": 0.683743879002, 
                "average": 0.004805392561562337, 
                "median": 0.0
            }, 
            "missing_impute_with_value": 0.004805392561562337
        }, 
        "item_category_name_tfidf_5": {
            "stats": {
                "std": 0.21306227374965964, 
                "p99": 0.846394901599, 
                "min": 0.0, 
                "max": 0.846394901599, 
                "average": 0.05833961739167599, 
                "median": 0.0
            }, 
            "missing_impute_with_value": 0.05833961739167599
        }, 
        "item_category_name_tfidf_4": {
            "stats": {}
        }, 
        "shop_name_tfidf_8": {
            "stats": {
                "std": 0.26198854118604425, 
                "p99": 0.8668439626710001, 
                "min": 0.0, 
                "max": 0.8668439626710001, 
                "average": 0.11573238260936071, 
                "median": 0.0
            }, 
            "missing_impute_with_value": 0.11573238260936071
        }, 
        "shop_name_tfidf_9": {
            "stats": {
                "std": 0.18789243354419058, 
                "p99": 0.9056754893160001, 
                "min": 0.0, 
                "max": 0.9056754893160001, 
                "average": 0.04674450507780474, 
                "median": 0.0
            }, 
            "missing_impute_with_value": 0.04674450507780474
        }, 
        "shop_name_tfidf_6": {
            "stats": {
                "std": 0.16101867872421552, 
                "p99": 0.917143889079, 
                "min": 0.0, 
                "max": 0.917143889079, 
                "average": 0.029195068631430437, 
                "median": 0.0
            }, 
            "missing_impute_with_value": 0.029195068631430437
        }, 
        "shop_name_tfidf_7": {
            "stats": {
                "std": 0.14310799216433973, 
                "p99": 1.0, 
                "min": 0.0, 
                "max": 1.0, 
                "average": 0.022592256228408398, 
                "median": 0.0
            }, 
            "missing_impute_with_value": 0.022592256228408398
        }, 
        "shop_name_tfidf_4": {
            "stats": {
                "std": 0.09642619331113175, 
                "p99": 0.0, 
                "min": 0.0, 
                "max": 1.0, 
                "average": 0.009384908053265695, 
                "median": 0.0
            }, 
            "missing_impute_with_value": 0.009384908053265695
        }, 
        "shop_name_tfidf_5": {
            "stats": {
                "std": 0.10155628156798478, 
                "p99": 0.572543520812, 
                "min": 0.0, 
                "max": 0.917143889079, 
                "average": 0.014529839978476764, 
                "median": 0.0
            }, 
            "missing_impute_with_value": 0.014529839978476764
        }, 
        "shop_name_tfidf_2": {
            "stats": {
                "std": 0.20159780549949216, 
                "p99": 1.0, 
                "min": 0.0, 
                "max": 1.0, 
                "average": 0.04635444597198648, 
                "median": 0.0
            }, 
            "missing_impute_with_value": 0.04635444597198648
        }, 
        "shop_name_tfidf_3": {
            "stats": {
                "std": 0.050242070970730905, 
                "p99": 0.0, 
                "min": 0.0, 
                "max": 0.626707392591, 
                "average": 0.004053529108705266, 
                "median": 0.0
            }, 
            "missing_impute_with_value": 0.004053529108705266
        }, 
        "shop_name_tfidf_0": {
            "stats": {
                "std": 0.1798668962028727, 
                "p99": 0.656248460524, 
                "min": 0.0, 
                "max": 0.656248460524, 
                "average": 0.055405192012007776, 
                "median": 0.0
            }, 
            "missing_impute_with_value": 0.055405192012007776
        }, 
        "shop_name_tfidf_1": {
            "stats": {
                "std": 0.1566417693465334, 
                "p99": 0.836724485076, 
                "min": 0.0, 
                "max": 0.836724485076, 
                "average": 0.03114154026315136, 
                "median": 0.0
            }, 
            "missing_impute_with_value": 0.03114154026315136
        }, 
        "item_name_tfidf_15": {
            "stats": {
                "std": 0.15202458687001805, 
                "p99": 0.685720938834, 
                "min": 0.0, 
                "max": 1.0, 
                "average": 0.03845293663534658, 
                "median": 0.0
            }, 
            "missing_impute_with_value": 0.03845293663534658
        }, 
        "item_name_tfidf_14": {
            "stats": {
                "std": 0.16086526946225435, 
                "p99": 1.0, 
                "min": 0.0, 
                "max": 1.0, 
                "average": 0.033714701376251356, 
                "median": 0.0
            }, 
            "missing_impute_with_value": 0.033714701376251356
        }, 
        "item_name_tfidf_17": {
            "stats": {
                "std": 0.14764973034989196, 
                "p99": 1.0, 
                "min": 0.0, 
                "max": 1.0, 
                "average": 0.026727501752954234, 
                "median": 0.0
            }, 
            "missing_impute_with_value": 0.026727501752954234
        }, 
        "item_name_tfidf_16": {
            "stats": {
                "std": 0.19146808029518714, 
                "p99": 0.6425085349063183, 
                "min": 0.0, 
                "max": 1.0, 
                "average": 0.08721890533040039, 
                "median": 0.0
            }, 
            "missing_impute_with_value": 0.08721890533040039
        }, 
        "item_name_tfidf_11": {
            "stats": {
                "std": 0.13934981766190355, 
                "p99": 0.724478107679, 
                "min": 0.0, 
                "max": 1.0, 
                "average": 0.0301621548676434, 
                "median": 0.0
            }, 
            "missing_impute_with_value": 0.0301621548676434
        }, 
        "item_name_tfidf_10": {
            "stats": {
                "std": 0.107157921765008, 
                "p99": 0.604479139733, 
                "min": 0.0, 
                "max": 1.0, 
                "average": 0.019242444707788086, 
                "median": 0.0
            }, 
            "missing_impute_with_value": 0.019242444707788086
        }, 
        "item_name_tfidf_13": {
            "stats": {
                "std": 0.19087267103295227, 
                "p99": 1.0, 
                "min": 0.0, 
                "max": 1.0, 
                "average": 0.0507262875688405, 
                "median": 0.0
            }, 
            "missing_impute_with_value": 0.0507262875688405
        }, 
        "item_name_tfidf_12": {
            "stats": {
                "std": 0.16927440281150405, 
                "p99": 0.6355217922349999, 
                "min": 0.0, 
                "max": 1.0, 
                "average": 0.05615511496598366, 
                "median": 0.0
            }, 
            "missing_impute_with_value": 0.05615511496598366
        }, 
        "item_name_tfidf_19": {
            "stats": {
                "std": 0.10553762037040318, 
                "p99": 0.741422997022, 
                "min": 0.0, 
                "max": 1.0, 
                "average": 0.013399665995561826, 
                "median": 0.0
            }, 
            "missing_impute_with_value": 0.013399665995561826
        }, 
        "item_name_tfidf_18": {
            "stats": {
                "std": 0.10792093165666167, 
                "p99": 0.8447160479445731, 
                "min": 0.0, 
                "max": 1.0, 
                "average": 0.01270123935174927, 
                "median": 0.0
            }, 
            "missing_impute_with_value": 0.01270123935174927
        }, 
        "item_category_name_tfidf_15": {
            "stats": {
                "std": 0.059777787109708845, 
                "p99": 0.0, 
                "min": 0.0, 
                "max": 0.707106781187, 
                "average": 0.005394276486798862, 
                "median": 0.0
            }, 
            "missing_impute_with_value": 0.005394276486798862
        }, 
        "item_category_name_tfidf_14": {
            "stats": {
                "std": 0.20791228100923165, 
                "p99": 0.652263063496, 
                "min": 0.0, 
                "max": 0.7516869886769999, 
                "average": 0.07476102295025792, 
                "median": 0.0
            }, 
            "missing_impute_with_value": 0.07476102295025792
        }, 
        "item_category_name_tfidf_17": {
            "stats": {
                "std": 0.10147679020699832, 
                "p99": 0.568571890107, 
                "min": 0.0, 
                "max": 1.0, 
                "average": 0.016790010364207696, 
                "median": 0.0
            }, 
            "missing_impute_with_value": 0.016790010364207696
        }, 
        "item_category_name_tfidf_16": {
            "stats": {
                "std": 0.41666773463376133, 
                "p99": 1.0, 
                "min": 0.0, 
                "max": 1.0, 
                "average": 0.2722957051211587, 
                "median": 0.0
            }, 
            "missing_impute_with_value": 0.2722957051211587
        }, 
        "item_category_name_tfidf_11": {
            "stats": {
                "std": 0.10659340928354515, 
                "p99": 0.822633579293, 
                "min": 0.0, 
                "max": 0.822633579293, 
                "average": 0.014297184342123874, 
                "median": 0.0
            }, 
            "missing_impute_with_value": 0.014297184342123874
        }, 
        "item_category_name_tfidf_10": {
            "stats": {
                "std": 0.12938884775841877, 
                "p99": 0.7860474753520001, 
                "min": 0.0, 
                "max": 1.0, 
                "average": 0.0239487662948345, 
                "median": 0.0
            }, 
            "missing_impute_with_value": 0.0239487662948345
        }, 
        "item_category_name_tfidf_13": {
            "stats": {
                "std": 0.25607926275654236, 
                "p99": 0.663538857872, 
                "min": 0.0, 
                "max": 1.0, 
                "average": 0.16806382101843267, 
                "median": 0.0
            }, 
            "missing_impute_with_value": 0.16806382101843267
        }, 
        "item_category_name_tfidf_12": {
            "stats": {
                "std": 0.04669134276596387, 
                "p99": 0.0, 
                "min": 0.0, 
                "max": 0.707106781187, 
                "average": 0.0038058522483946735, 
                "median": 0.0
            }, 
            "missing_impute_with_value": 0.0038058522483946735
        }, 
        "item_category_name_tfidf_19": {
            "stats": {}
        }, 
        "item_category_name_tfidf_18": {
            "stats": {
                "std": 0.04669134276596387, 
                "p99": 0.0, 
                "min": 0.0, 
                "max": 0.707106781187, 
                "average": 0.0038058522483946735, 
                "median": 0.0
            }, 
            "missing_impute_with_value": 0.0038058522483946735
        }, 
        "item_category_name_tfidf_7": {
            "stats": {
                "std": 0.09312176058559628, 
                "p99": 0.846394901599, 
                "min": 0.0, 
                "max": 0.846394901599, 
                "average": 0.010490314115360291, 
                "median": 0.0
            }, 
            "missing_impute_with_value": 0.010490314115360291
        }, 
        "item_category_name_tfidf_6": {
            "stats": {
                "std": 0.12588956547260652, 
                "p99": 0.846394901599, 
                "min": 0.0, 
                "max": 0.846394901599, 
                "average": 0.019750918420690454, 
                "median": 0.0
            }, 
            "missing_impute_with_value": 0.019750918420690454
        }, 
        "shop_name_len": {
            "stats": {
                "std": 8.487211565184477, 
                "p99": 60.0, 
                "min": 24.0, 
                "max": 88.0, 
                "average": 39.90462904248573, 
                "median": 39.0
            }, 
            "missing_impute_with_value": 39.90462904248573
        }, 
        "item_id": {
            "stats": {
                "std": 6244.79905862402, 
                "p99": 21963.0, 
                "min": 31.0, 
                "max": 22167.0, 
                "average": 10560.614457831325, 
                "median": 10325.0
            }, 
            "missing_impute_with_value": 10560.614457831325
        }, 
        "item_cnt_prev_month": {
            "stats": {
                "std": 2.032582861330386, 
                "p99": 5.0, 
                "min": 0.0, 
                "max": 111.0, 
                "average": 0.3250475586556753, 
                "median": 0.0
            }, 
            "missing_impute_with_value": 0.3250475586556753
        }, 
        "item_name_len": {
            "stats": {
                "std": 29.38870081124373, 
                "p99": 148.0, 
                "min": 3.0, 
                "max": 183.0, 
                "average": 60.42523779327838, 
                "median": 57.0
            }, 
            "missing_impute_with_value": 60.42523779327838
        }, 
        "item_name_wc": {
            "stats": {
                "std": 3.027101872849991, 
                "p99": 15.0, 
                "min": 1.0, 
                "max": 23.0, 
                "average": 6.388839568801522, 
                "median": 6.0
            }, 
            "missing_impute_with_value": 6.388839568801522
        }, 
        "item_name_tfidf_20": {
            "stats": {
                "std": 0.28805068599819844, 
                "p99": 1.0, 
                "min": 0.0, 
                "max": 1.0, 
                "average": 0.09189389732934561, 
                "median": 0.0
            }, 
            "missing_impute_with_value": 0.09189389732934561
        }, 
        "item_name_tfidf_21": {
            "stats": {
                "std": 0.22786343905978532, 
                "p99": 0.7953224918690001, 
                "min": 0.0, 
                "max": 1.0, 
                "average": 0.10269200166574172, 
                "median": 0.0
            }, 
            "missing_impute_with_value": 0.10269200166574172
        }, 
        "item_name_tfidf_22": {
            "stats": {
                "std": 0.13977653925004, 
                "p99": 1.0, 
                "min": 0.0, 
                "max": 1.0, 
                "average": 0.02046679909122194, 
                "median": 0.0
            }, 
            "missing_impute_with_value": 0.02046679909122194
        }, 
        "item_name_tfidf_23": {
            "stats": {
                "std": 0.14232017593482044, 
                "p99": 1.0, 
                "min": 0.0, 
                "max": 1.0, 
                "average": 0.022104544786974257, 
                "median": 0.0
            }, 
            "missing_impute_with_value": 0.022104544786974257
        }, 
        "item_name_tfidf_24": {
            "stats": {
                "std": 0.052789620429385634, 
                "p99": 0.0, 
                "min": 0.0, 
                "max": 0.76778205433, 
                "average": 0.004714896252481799, 
                "median": 0.0
            }, 
            "missing_impute_with_value": 0.004714896252481799
        }, 
        "shop_name": {
            "stats": {
                "mostFrequentValue": "\u041c\u043e\u0441\u043a\u0432\u0430 \u0422\u0426 \"\u0421\u0435\u043c\u0435\u043d\u043e\u0432\u0441\u043a\u0438\u0439\"", 
                "leastFrequentValue": "\u041d\u043e\u0432\u043e\u0441\u0438\u0431\u0438\u0440\u0441\u043a \u0422\u0420\u0426 \"\u0413\u0430\u043b\u0435\u0440\u0435\u044f \u041d\u043e\u0432\u043e\u0441\u0438\u0431\u0438\u0440\u0441\u043a\""
            }, 
            "category_possible_counts": [
                499, 
                419, 
                327, 
                323, 
                290, 
                288, 
                252, 
                219, 
                210, 
                203, 
                188, 
                171, 
                171, 
                169, 
                164, 
                163, 
                160, 
                160, 
                159, 
                157, 
                157, 
                157, 
                157, 
                155, 
                145, 
                143, 
                142, 
                129, 
                128, 
                125, 
                124, 
                122, 
                122, 
                120, 
                112, 
                104, 
                104, 
                100, 
                93, 
                89, 
                88, 
                81, 
                71, 
                68, 
                62, 
                55, 
                49, 
                43, 
                32, 
                24, 
                18, 
                14, 
                13, 
                11, 
                11, 
                9, 
                8, 
                4, 
                3, 
                1
            ], 
            "category_possible_values": [
                "\u041c\u043e\u0441\u043a\u0432\u0430 \u0422\u0426 \"\u0421\u0435\u043c\u0435\u043d\u043e\u0432\u0441\u043a\u0438\u0439\"", 
                "\u041c\u043e\u0441\u043a\u0432\u0430 \u0422\u0420\u041a \"\u0410\u0442\u0440\u0438\u0443\u043c\"", 
                "\u0425\u0438\u043c\u043a\u0438 \u0422\u0426 \"\u041c\u0435\u0433\u0430\"", 
                "\u041c\u043e\u0441\u043a\u0432\u0430 \u0422\u0426 \"\u041c\u0415\u0413\u0410 \u0422\u0435\u043f\u043b\u044b\u0439 \u0421\u0442\u0430\u043d\" II", 
                "\u042f\u043a\u0443\u0442\u0441\u043a \u041e\u0440\u0434\u0436\u043e\u043d\u0438\u043a\u0438\u0434\u0437\u0435, 56", 
                "\u0421\u041f\u0431 \u0422\u041a \"\u041d\u0435\u0432\u0441\u043a\u0438\u0439 \u0426\u0435\u043d\u0442\u0440\"", 
                "\u041c\u043e\u0441\u043a\u0432\u0430 \u0422\u0426 \"\u041c\u0415\u0413\u0410 \u0411\u0435\u043b\u0430\u044f \u0414\u0430\u0447\u0430 II\"", 
                "\u0412\u043e\u0440\u043e\u043d\u0435\u0436 (\u041f\u043b\u0435\u0445\u0430\u043d\u043e\u0432\u0441\u043a\u0430\u044f, 13)", 
                "\u0427\u0435\u0445\u043e\u0432 \u0422\u0420\u0426 \"\u041a\u0430\u0440\u043d\u0430\u0432\u0430\u043b\"", 
                "\u041c\u043e\u0441\u043a\u0432\u0430 \u041c\u0422\u0420\u0426 \"\u0410\u0444\u0438 \u041c\u043e\u043b\u043b\"", 
                "\u041a\u0443\u0440\u0441\u043a \u0422\u0426 \"\u041f\u0443\u0448\u043a\u0438\u043d\u0441\u043a\u0438\u0439\"", 
                "\u042f\u043a\u0443\u0442\u0441\u043a \u0422\u0426 \"\u0426\u0435\u043d\u0442\u0440\u0430\u043b\u044c\u043d\u044b\u0439\"", 
                "\u0412\u043e\u0440\u043e\u043d\u0435\u0436 \u0422\u0420\u0426 \"\u041c\u0430\u043a\u0441\u0438\u043c\u0438\u0440\"", 
                "\u0421\u0435\u0440\u0433\u0438\u0435\u0432 \u041f\u043e\u0441\u0430\u0434 \u0422\u0426 \"7\u042f\"", 
                "\u0422\u044e\u043c\u0435\u043d\u044c \u0422\u0426 \"\u0417\u0435\u043b\u0435\u043d\u044b\u0439 \u0411\u0435\u0440\u0435\u0433\"", 
                "\u041a\u0440\u0430\u0441\u043d\u043e\u044f\u0440\u0441\u043a \u0422\u0426 \"\u0418\u044e\u043d\u044c\"", 
                "\u0423\u0444\u0430 \u0422\u041a \"\u0426\u0435\u043d\u0442\u0440\u0430\u043b\u044c\u043d\u044b\u0439\"", 
                "\u041d.\u041d\u043e\u0432\u0433\u043e\u0440\u043e\u0434 \u0422\u0420\u0426 \"\u0424\u0430\u043d\u0442\u0430\u0441\u0442\u0438\u043a\u0430\"", 
                "\u041a\u043e\u043b\u043e\u043c\u043d\u0430 \u0422\u0426 \"\u0420\u0438\u043e\"", 
                "\u041c\u043e\u0441\u043a\u0432\u0430 \u0422\u0426 \"\u041f\u0435\u0440\u043b\u043e\u0432\u0441\u043a\u0438\u0439\"", 
                "\u0422\u044e\u043c\u0435\u043d\u044c \u0422\u0426 \"\u0413\u0443\u0434\u0432\u0438\u043d\"", 
                "\u0423\u0444\u0430 \u0422\u0426 \"\u0421\u0435\u043c\u044c\u044f\" 2", 
                "\u041a\u0430\u043b\u0443\u0433\u0430 \u0422\u0420\u0426 \"XXI \u0432\u0435\u043a\"", 
                "\u041c\u043e\u0441\u043a\u0432\u0430 \u0422\u0426 \"\u0410\u0440\u0435\u0430\u043b\" (\u0411\u0435\u043b\u044f\u0435\u0432\u043e)", 
                "\u0421\u0443\u0440\u0433\u0443\u0442 \u0422\u0420\u0426 \"\u0421\u0438\u0442\u0438 \u041c\u043e\u043b\u043b\"", 
                "\u041c\u043e\u0441\u043a\u0432\u0430 \u0422\u0426 \"\u041d\u043e\u0432\u044b\u0439 \u0432\u0435\u043a\" (\u041d\u043e\u0432\u043e\u043a\u043e\u0441\u0438\u043d\u043e)", 
                "\u0421\u0430\u043c\u0430\u0440\u0430 \u0422\u0426 \"\u041c\u0435\u043b\u043e\u0434\u0438\u044f\"", 
                "\u0420\u043e\u0441\u0442\u043e\u0432\u041d\u0430\u0414\u043e\u043d\u0443 \u0422\u0426 \"\u041c\u0435\u0433\u0430\"", 
                "\u041c\u043e\u0441\u043a\u0432\u0430 \u0422\u041a \"\u0411\u0443\u0434\u0435\u043d\u043e\u0432\u0441\u043a\u0438\u0439\" (\u043f\u0430\u0432.\u041a7)", 
                "\u041d\u043e\u0432\u043e\u0441\u0438\u0431\u0438\u0440\u0441\u043a \u0422\u0426 \"\u041c\u0435\u0433\u0430\"", 
                "\u0421\u0430\u043c\u0430\u0440\u0430 \u0422\u0426 \"\u041f\u0430\u0440\u043a\u0425\u0430\u0443\u0441\"", 
                "\u0412\u043e\u043b\u0436\u0441\u043a\u0438\u0439 \u0422\u0426 \"\u0412\u043e\u043b\u0433\u0430 \u041c\u043e\u043b\u043b\"", 
                "\u042f\u0440\u043e\u0441\u043b\u0430\u0432\u043b\u044c \u0422\u0426 \"\u0410\u043b\u044c\u0442\u0430\u0438\u0440\"", 
                "\u041e\u043c\u0441\u043a \u0422\u0426 \"\u041c\u0435\u0433\u0430\"", 
                "\u041a\u0430\u0437\u0430\u043d\u044c \u0422\u0426 \"\u041f\u0430\u0440\u043a\u0425\u0430\u0443\u0441\" II", 
                "\u0412\u043e\u043b\u043e\u0433\u0434\u0430 \u0422\u0420\u0426 \"\u041c\u0430\u0440\u043c\u0435\u043b\u0430\u0434\"", 
                "\u0421\u041f\u0431 \u0422\u041a \"\u0421\u0435\u043d\u043d\u0430\u044f\"", 
                "\u041c\u043e\u0441\u043a\u0432\u0430 \u041c\u0430\u0433\u0430\u0437\u0438\u043d \u042121", 
                "\u0418\u043d\u0442\u0435\u0440\u043d\u0435\u0442-\u043c\u0430\u0433\u0430\u0437\u0438\u043d \u0427\u0421", 
                "\u0411\u0430\u043b\u0430\u0448\u0438\u0445\u0430 \u0422\u0420\u041a \"\u041e\u043a\u0442\u044f\u0431\u0440\u044c-\u041a\u0438\u043d\u043e\u043c\u0438\u0440\"", 
                "\u041a\u0440\u0430\u0441\u043d\u043e\u044f\u0440\u0441\u043a \u0422\u0426 \"\u0412\u0437\u043b\u0435\u0442\u043a\u0430 \u041f\u043b\u0430\u0437\u0430\"", 
                "\u0410\u0434\u044b\u0433\u0435\u044f \u0422\u0426 \"\u041c\u0435\u0433\u0430\"", 
                "\u0416\u0443\u043a\u043e\u0432\u0441\u043a\u0438\u0439 \u0443\u043b. \u0427\u043a\u0430\u043b\u043e\u0432\u0430 39\u043c?", 
                "\u0422\u043e\u043c\u0441\u043a \u0422\u0420\u0426 \"\u0418\u0437\u0443\u043c\u0440\u0443\u0434\u043d\u044b\u0439 \u0413\u043e\u0440\u043e\u0434\"", 
                "\u0426\u0438\u0444\u0440\u043e\u0432\u043e\u0439 \u0441\u043a\u043b\u0430\u0434 1\u0421-\u041e\u043d\u043b\u0430\u0439\u043d", 
                "\u041a\u0430\u0437\u0430\u043d\u044c \u0422\u0426 \"\u0411\u0435\u0445\u0435\u0442\u043b\u0435\"", 
                "\u0422\u044e\u043c\u0435\u043d\u044c \u0422\u0420\u0426 \"\u041a\u0440\u0438\u0441\u0442\u0430\u043b\u043b\"", 
                "\u0420\u043e\u0441\u0442\u043e\u0432\u041d\u0430\u0414\u043e\u043d\u0443 \u0422\u0420\u041a \"\u041c\u0435\u0433\u0430\u0446\u0435\u043d\u0442\u0440 \u0413\u043e\u0440\u0438\u0437\u043e\u043d\u0442\"", 
                "\u041c\u043e\u0441\u043a\u0432\u0430 \u0422\u0426 \"\u0421\u0435\u0440\u0435\u0431\u0440\u044f\u043d\u044b\u0439 \u0414\u043e\u043c\"", 
                "\u041c\u043e\u0441\u043a\u0432\u0430 \u0422\u041a \"\u0411\u0443\u0434\u0435\u043d\u043e\u0432\u0441\u043a\u0438\u0439\" (\u043f\u0430\u0432.\u04102)", 
                "!\u042f\u043a\u0443\u0442\u0441\u043a \u041e\u0440\u0434\u0436\u043e\u043d\u0438\u043a\u0438\u0434\u0437\u0435, 56 \u0444\u0440\u0430\u043d", 
                "\u041d.\u041d\u043e\u0432\u0433\u043e\u0440\u043e\u0434 \u0422\u0420\u0426 \"\u0420\u0418\u041e\"", 
                "!\u042f\u043a\u0443\u0442\u0441\u043a \u0422\u0426 \"\u0426\u0435\u043d\u0442\u0440\u0430\u043b\u044c\u043d\u044b\u0439\" \u0444\u0440\u0430\u043d", 
                "\u0412\u043e\u0440\u043e\u043d\u0435\u0436 \u0422\u0420\u0426 \u0421\u0438\u0442\u0438-\u041f\u0430\u0440\u043a \"\u0413\u0440\u0430\u0434\"", 
                "\u041c\u044b\u0442\u0438\u0449\u0438 \u0422\u0420\u041a \"XL-3\"", 
                "\u0412\u044b\u0435\u0437\u0434\u043d\u0430\u044f \u0422\u043e\u0440\u0433\u043e\u0432\u043b\u044f", 
                "\u0420\u043e\u0441\u0442\u043e\u0432\u041d\u0430\u0414\u043e\u043d\u0443 \u0422\u0420\u041a \"\u041c\u0435\u0433\u0430\u0446\u0435\u043d\u0442\u0440 \u0413\u043e\u0440\u0438\u0437\u043e\u043d\u0442\" \u041e\u0441\u0442\u0440\u043e\u0432\u043d\u043e\u0439", 
                "\u041c\u043e\u0441\u043a\u0432\u0430 \"\u0420\u0430\u0441\u043f\u0440\u043e\u0434\u0430\u0436\u0430\"", 
                "\u0416\u0443\u043a\u043e\u0432\u0441\u043a\u0438\u0439 \u0443\u043b. \u0427\u043a\u0430\u043b\u043e\u0432\u0430 39\u043c\u00b2", 
                "\u041d\u043e\u0432\u043e\u0441\u0438\u0431\u0438\u0440\u0441\u043a \u0422\u0420\u0426 \"\u0413\u0430\u043b\u0435\u0440\u0435\u044f \u041d\u043e\u0432\u043e\u0441\u0438\u0431\u0438\u0440\u0441\u043a\""
            ]
        }, 
        "item_cnt_month": {
            "stats": {}
        }, 
        "item_name_tfidf_9": {
            "stats": {
                "std": 0.06897461707480752, 
                "p99": 0.0, 
                "min": 0.0, 
                "max": 1.0, 
                "average": 0.005326334194931388, 
                "median": 0.0
            }, 
            "missing_impute_with_value": 0.005326334194931388
        }, 
        "item_name_tfidf_8": {
            "stats": {
                "std": 0.17451180358298934, 
                "p99": 0.772082930516, 
                "min": 0.0, 
                "max": 1.0, 
                "average": 0.05406453669595074, 
                "median": 0.0
            }, 
            "missing_impute_with_value": 0.05406453669595074
        }, 
        "item_name_tfidf_5": {
            "stats": {
                "std": 0.09577966925709205, 
                "p99": 0.621307028605, 
                "min": 0.0, 
                "max": 1.0, 
                "average": 0.012114241682664178, 
                "median": 0.0
            }, 
            "missing_impute_with_value": 0.012114241682664178
        }, 
        "item_name_tfidf_4": {
            "stats": {
                "std": 0.10983844006518555, 
                "p99": 0.5866996154909999, 
                "min": 0.0, 
                "max": 1.0, 
                "average": 0.021100693115749775, 
                "median": 0.0
            }, 
            "missing_impute_with_value": 0.021100693115749775
        }, 
        "item_name_tfidf_7": {
            "stats": {
                "std": 0.14013631925342615, 
                "p99": 0.7159484028730001, 
                "min": 0.0, 
                "max": 1.0, 
                "average": 0.028687909922995358, 
                "median": 0.0
            }, 
            "missing_impute_with_value": 0.028687909922995358
        }, 
        "item_name_tfidf_6": {
            "stats": {
                "std": 0.1240765152553366, 
                "p99": 0.789751223566, 
                "min": 0.0, 
                "max": 1.0, 
                "average": 0.019521051706935452, 
                "median": 0.0
            }, 
            "missing_impute_with_value": 0.019521051706935452
        }, 
        "item_name_tfidf_1": {
            "stats": {
                "std": 0.13795993785550642, 
                "p99": 0.7278645437479999, 
                "min": 0.0, 
                "max": 0.7278645437479999, 
                "average": 0.03239689829897591, 
                "median": 0.0
            }, 
            "missing_impute_with_value": 0.03239689829897591
        }, 
        "item_name_tfidf_0": {
            "stats": {
                "std": 0.10500777191240895, 
                "p99": 0.6991949949699999, 
                "min": 0.0, 
                "max": 1.0, 
                "average": 0.013287354857742168, 
                "median": 0.0
            }, 
            "missing_impute_with_value": 0.013287354857742168
        }, 
        "item_name_tfidf_3": {
            "stats": {
                "std": 0.27877894175300255, 
                "p99": 1.0, 
                "min": 0.0, 
                "max": 1.0, 
                "average": 0.09162928667311174, 
                "median": 0.0
            }, 
            "missing_impute_with_value": 0.09162928667311174
        }, 
        "item_name_tfidf_2": {
            "stats": {
                "std": 0.13925580192596554, 
                "p99": 0.8195137007879999, 
                "min": 0.0, 
                "max": 1.0, 
                "average": 0.024821036442837202, 
                "median": 0.0
            }, 
            "missing_impute_with_value": 0.024821036442837202
        }, 
        "shop_name_tfidf_24": {
            "stats": {
                "std": 0.21433103142714113, 
                "p99": 1.0, 
                "min": 0.0, 
                "max": 1.0, 
                "average": 0.05418927054992199, 
                "median": 0.0
            }, 
            "missing_impute_with_value": 0.05418927054992199
        }, 
        "shop_name_tfidf_21": {
            "stats": {
                "std": 0.3018149342285984, 
                "p99": 1.0, 
                "min": 0.0, 
                "max": 1.0, 
                "average": 0.2853307030847831, 
                "median": 0.307207941138
            }, 
            "missing_impute_with_value": 0.2853307030847831
        }, 
        "shop_name_tfidf_20": {
            "stats": {
                "std": 0.2777463380779035, 
                "p99": 1.0, 
                "min": 0.0, 
                "max": 1.0, 
                "average": 0.10528746549270102, 
                "median": 0.0
            }, 
            "missing_impute_with_value": 0.10528746549270102
        }, 
        "shop_name_tfidf_23": {
            "stats": {
                "std": 0.14640189362694864, 
                "p99": 0.746574948635, 
                "min": 0.0, 
                "max": 0.746574948635, 
                "average": 0.031241110514731052, 
                "median": 0.0
            }, 
            "missing_impute_with_value": 0.031241110514731052
        }, 
        "shop_name_tfidf_22": {
            "stats": {
                "std": 0.1891778325024458, 
                "p99": 0.9056754893160001, 
                "min": 0.0, 
                "max": 0.9056754893160001, 
                "average": 0.041949168855917984, 
                "median": 0.0
            }, 
            "missing_impute_with_value": 0.041949168855917984
        }, 
        "shop_name_tfidf_18": {
            "stats": {
                "std": 0.19469646597666748, 
                "p99": 0.8020274136949999, 
                "min": 0.0, 
                "max": 0.802027413695, 
                "average": 0.06064950548975494, 
                "median": 0.0
            }, 
            "missing_impute_with_value": 0.06064950548975494
        }, 
        "shop_name_tfidf_19": {
            "stats": {
                "std": 0.2125267687517785, 
                "p99": 1.0, 
                "min": 0.0, 
                "max": 1.0, 
                "average": 0.05865439233868256, 
                "median": 0.0
            }, 
            "missing_impute_with_value": 0.05865439233868256
        }, 
        "shop_name_tfidf_10": {
            "stats": {
                "std": 0.3003240601696725, 
                "p99": 0.817159959162, 
                "min": 0.0, 
                "max": 1.0, 
                "average": 0.19269352422320257, 
                "median": 0.0
            }, 
            "missing_impute_with_value": 0.19269352422320257
        }, 
        "shop_name_tfidf_11": {
            "stats": {
                "std": 0.09475704921226051, 
                "p99": 0.75384512533, 
                "min": 0.0, 
                "max": 0.950405544124, 
                "average": 0.012071153609432362, 
                "median": 0.0
            }, 
            "missing_impute_with_value": 0.012071153609432362
        }, 
        "shop_name_tfidf_12": {
            "stats": {
                "std": 0.10719283460692568, 
                "p99": 0.675915719816, 
                "min": 0.0, 
                "max": 0.675915719816, 
                "average": 0.018762006796211563, 
                "median": 0.0
            }, 
            "missing_impute_with_value": 0.018762006796211563
        }, 
        "shop_name_tfidf_13": {
            "stats": {
                "std": 0.1334461182105283, 
                "p99": 0.917143889079, 
                "min": 0.0, 
                "max": 0.917143889079, 
                "average": 0.019979710989806585, 
                "median": 0.0
            }, 
            "missing_impute_with_value": 0.019979710989806585
        }, 
        "shop_name_tfidf_14": {
            "stats": {
                "std": 0.10314678722201397, 
                "p99": 0.729019595356, 
                "min": 0.0, 
                "max": 0.729019595356, 
                "average": 0.015689778143254233, 
                "median": 0.0
            }, 
            "missing_impute_with_value": 0.015689778143254233
        }, 
        "shop_name_tfidf_15": {
            "stats": {
                "std": 0.1469649030217035, 
                "p99": 0.917143889079, 
                "min": 0.0, 
                "max": 0.917143889079, 
                "average": 0.02714622466790137, 
                "median": 0.0
            }, 
            "missing_impute_with_value": 0.02714622466790137
        }, 
        "shop_name_tfidf_16": {
            "stats": {
                "std": 0.09202873202258063, 
                "p99": 0.66080548951, 
                "min": 0.0, 
                "max": 0.6608054895100001, 
                "average": 0.013073640629493935, 
                "median": 0.0
            }, 
            "missing_impute_with_value": 0.013073640629493935
        }, 
        "shop_name_tfidf_17": {
            "stats": {
                "std": 0.16748775946633965, 
                "p99": 0.77052428252, 
                "min": 0.0, 
                "max": 0.77052428252, 
                "average": 0.038306343531748895, 
                "median": 0.0
            }, 
            "missing_impute_with_value": 0.038306343531748895
        }, 
        "item_cnt_month_avg": {
            "stats": {
                "std": 5.522193332076132, 
                "p99": 13.0, 
                "min": 0.0, 
                "max": 330.6, 
                "average": 2.2675468920588338, 
                "median": 1.4
            }, 
            "missing_impute_with_value": 2.2675468920588338
        }, 
        "date_block_num": {
            "stats": {}
        }, 
        "shop_name_wc": {
            "stats": {
                "std": 0.8674432641539774, 
                "p99": 6.0, 
                "min": 2.0, 
                "max": 6.0, 
                "average": 3.5190868738110335, 
                "median": 3.0
            }, 
            "missing_impute_with_value": 3.5190868738110335
        }
    }, 
    "feature_order": [
        "month", 
        "shop_id", 
        "item_category_id", 
        "item_name", 
        "item_category_name_wc", 
        "item_category_name_len", 
        "item_category_name", 
        "year", 
        "item_category_name_tfidf_9", 
        "item_category_name_tfidf_20", 
        "item_category_name_tfidf_21", 
        "item_category_name_tfidf_22", 
        "item_category_name_tfidf_23", 
        "item_category_name_tfidf_24", 
        "item_category_name_tfidf_8", 
        "item_category_name_tfidf_1", 
        "item_category_name_tfidf_0", 
        "item_category_name_tfidf_3", 
        "item_category_name_tfidf_2", 
        "item_category_name_tfidf_5", 
        "item_category_name_tfidf_4", 
        "shop_name_tfidf_8", 
        "shop_name_tfidf_9", 
        "shop_name_tfidf_6", 
        "shop_name_tfidf_7", 
        "shop_name_tfidf_4", 
        "shop_name_tfidf_5", 
        "shop_name_tfidf_2", 
        "shop_name_tfidf_3", 
        "shop_name_tfidf_0", 
        "shop_name_tfidf_1", 
        "item_name_tfidf_15", 
        "item_name_tfidf_14", 
        "item_name_tfidf_17", 
        "item_name_tfidf_16", 
        "item_name_tfidf_11", 
        "item_name_tfidf_10", 
        "item_name_tfidf_13", 
        "item_name_tfidf_12", 
        "item_name_tfidf_19", 
        "item_name_tfidf_18", 
        "item_category_name_tfidf_15", 
        "item_category_name_tfidf_14", 
        "item_category_name_tfidf_17", 
        "item_category_name_tfidf_16", 
        "item_category_name_tfidf_11", 
        "item_category_name_tfidf_10", 
        "item_category_name_tfidf_13", 
        "item_category_name_tfidf_12", 
        "item_category_name_tfidf_19", 
        "item_category_name_tfidf_18", 
        "item_category_name_tfidf_7", 
        "item_category_name_tfidf_6", 
        "shop_name_len", 
        "item_id", 
        "item_cnt_prev_month", 
        "item_name_len", 
        "item_name_wc", 
        "item_name_tfidf_20", 
        "item_name_tfidf_21", 
        "item_name_tfidf_22", 
        "item_name_tfidf_23", 
        "item_name_tfidf_24", 
        "shop_name", 
        "item_cnt_month", 
        "item_name_tfidf_9", 
        "item_name_tfidf_8", 
        "item_name_tfidf_5", 
        "item_name_tfidf_4", 
        "item_name_tfidf_7", 
        "item_name_tfidf_6", 
        "item_name_tfidf_1", 
        "item_name_tfidf_0", 
        "item_name_tfidf_3", 
        "item_name_tfidf_2", 
        "shop_name_tfidf_24", 
        "shop_name_tfidf_21", 
        "shop_name_tfidf_20", 
        "shop_name_tfidf_23", 
        "shop_name_tfidf_22", 
        "shop_name_tfidf_18", 
        "shop_name_tfidf_19", 
        "shop_name_tfidf_10", 
        "shop_name_tfidf_11", 
        "shop_name_tfidf_12", 
        "shop_name_tfidf_13", 
        "shop_name_tfidf_14", 
        "shop_name_tfidf_15", 
        "shop_name_tfidf_16", 
        "shop_name_tfidf_17", 
        "item_cnt_month_avg", 
        "date_block_num", 
        "shop_name_wc"
    ]
}