{
    "usedGridSearch": true, 
    "probaAware": true, 
    "gridSize": 100, 
    "rawImportance": {
        "variables": [
            "dummy:AwayTeam:Bologna", 
            "dummy:AwayTeam:Roma", 
            "dummy:AwayTeam:Lazio", 
            "dummy:AwayTeam:Sampdoria", 
            "dummy:AwayTeam:Fiorentina", 
            "dummy:AwayTeam:Udinese", 
            "dummy:AwayTeam:Inter", 
            "dummy:AwayTeam:Juventus", 
            "dummy:AwayTeam:Napoli", 
            "dummy:AwayTeam:Genoa", 
            "dummy:AwayTeam:Chievo", 
            "dummy:AwayTeam:Milan", 
            "dummy:AwayTeam:Catania", 
            "dummy:AwayTeam:Cagliari", 
            "dummy:AwayTeam:Palermo", 
            "dummy:AwayTeam:Atalanta", 
            "dummy:AwayTeam:Parma", 
            "dummy:AwayTeam:Bari", 
            "dummy:AwayTeam:Livorno", 
            "dummy:AwayTeam:Lecce", 
            "dummy:AwayTeam:Torino", 
            "dummy:AwayTeam:Siena", 
            "dummy:AwayTeam:Verona", 
            "dummy:AwayTeam:Sassuolo", 
            "dummy:AwayTeam:Reggina", 
            "dummy:AwayTeam:Cesena", 
            "dummy:WHD:3.1", 
            "dummy:WHD:3.2", 
            "dummy:WHD:3", 
            "dummy:WHD:3.3", 
            "dummy:WHD:3.4", 
            "dummy:WHD:3.25", 
            "dummy:WHD:3.5", 
            "dummy:WHD:2.9", 
            "dummy:WHD:2.88", 
            "dummy:WHD:4", 
            "dummy:WHD:3.75", 
            "dummy:WHD:5", 
            "dummy:WHD:4.33", 
            "dummy:WHD:2.8", 
            "dummy:WHD:3.15", 
            "dummy:WHD:3.8", 
            "dummy:WHD:2.1", 
            "dummy:WHD:1.73", 
            "dummy:WHD:1.91", 
            "dummy:WHD:2.05", 
            "dummy:IWD:3.2", 
            "dummy:IWD:3.3", 
            "dummy:IWD:3.1", 
            "dummy:IWD:3", 
            "dummy:IWD:3.5", 
            "dummy:IWD:3.4", 
            "dummy:IWD:2.9", 
            "dummy:IWD:3.6", 
            "dummy:IWD:4", 
            "dummy:IWD:5", 
            "dummy:IWD:3.9", 
            "dummy:IWD:3.25", 
            "dummy:IWD:3.7", 
            "dummy:IWD:4.8", 
            "dummy:IWD:4.1", 
            "dummy:IWD:3.15", 
            "dummy:IWD:4.6", 
            "dummy:IWD:4.3", 
            "dummy:IWD:2.2", 
            "dummy:IWD:1.7", 
            "dummy:WHA:3", 
            "dummy:WHA:5.5", 
            "dummy:WHA:4.2", 
            "dummy:WHA:3.5", 
            "dummy:WHA:2.8", 
            "dummy:WHA:3.2", 
            "dummy:WHA:2.9", 
            "dummy:WHA:2.62", 
            "dummy:WHA:10", 
            "dummy:WHA:2.5", 
            "dummy:WHA:2.4", 
            "dummy:WHA:2.75", 
            "dummy:WHA:9", 
            "dummy:WHA:2.25", 
            "dummy:WHA:1.91", 
            "dummy:WHA:2.2", 
            "dummy:WHA:2", 
            "dummy:WHA:2.1", 
            "dummy:WHA:1.8", 
            "dummy:WHA:2.15", 
            "dummy:WHA:2.88", 
            "dummy:WHA:1.95", 
            "dummy:WHA:2.6", 
            "dummy:WHA:1.44", 
            "dummy:WHA:2.38", 
            "dummy:WHA:1.67", 
            "dummy:WHA:1.73", 
            "dummy:WHA:2.05", 
            "dummy:WHA:1.83", 
            "dummy:WHA:1.75", 
            "dummy:WHA:1.5", 
            "dummy:WHA:1.57", 
            "dummy:WHA:4.4", 
            "dummy:WHA:1.85", 
            "dummy:WHA:2.45", 
            "dummy:WHA:5.25", 
            "dummy:WHA:1.9", 
            "dummy:IWA:3.4", 
            "dummy:IWA:3", 
            "dummy:IWA:4.2", 
            "dummy:IWA:2", 
            "dummy:IWA:4", 
            "dummy:IWA:3.2", 
            "dummy:IWA:2.1", 
            "dummy:IWA:7", 
            "dummy:IWA:2.3", 
            "dummy:IWA:2.6", 
            "dummy:IWA:2.4", 
            "dummy:IWA:2.5", 
            "dummy:IWA:2.8", 
            "dummy:IWA:3.9", 
            "dummy:IWA:1.8", 
            "dummy:IWA:2.85", 
            "dummy:IWA:1.75", 
            "dummy:IWA:2.65", 
            "dummy:IWA:2.55", 
            "dummy:IWA:5.4", 
            "dummy:IWA:5.6", 
            "dummy:IWA:1.85", 
            "dummy:IWA:5.2", 
            "dummy:IWA:10", 
            "dummy:IWA:5.3", 
            "dummy:IWA:11", 
            "dummy:IWA:1.45", 
            "dummy:IWA:3.75", 
            "dummy:IWA:2.45", 
            "dummy:IWA:2.25", 
            "dummy:WHH:2.5", 
            "dummy:WHH:2", 
            "dummy:WHH:2.1", 
            "dummy:WHH:1.8", 
            "dummy:WHH:1.67", 
            "dummy:WHH:2.25", 
            "dummy:WHH:2.3", 
            "dummy:WHH:1.91", 
            "dummy:WHH:1.62", 
            "dummy:WHH:3.1", 
            "dummy:WHH:1.83", 
            "dummy:WHH:1.7", 
            "dummy:WHH:2.15", 
            "dummy:WHH:2.9", 
            "dummy:WHH:2.6", 
            "dummy:WHH:3", 
            "dummy:WHH:2.62", 
            "dummy:WHH:4", 
            "dummy:WHH:4.33", 
            "dummy:WHH:3.3", 
            "dummy:WHH:3.5", 
            "dummy:WHH:1.85", 
            "dummy:WHH:4.5", 
            "dummy:WHH:4.2", 
            "dummy:WHH:3.75", 
            "dummy:WHH:3.4", 
            "dummy:WHH:5", 
            "dummy:WHH:1.22", 
            "dummy:WHH:7", 
            "dummy:WHH:4.75", 
            "dummy:IWH:2.3", 
            "dummy:IWH:1.9", 
            "dummy:IWH:1.85", 
            "dummy:IWH:2.6", 
            "dummy:IWH:1.4", 
            "dummy:IWH:1.5", 
            "dummy:IWH:1.65", 
            "dummy:IWH:3", 
            "dummy:IWH:2.9", 
            "dummy:IWH:3.6", 
            "dummy:IWH:2.7", 
            "dummy:IWH:2.55", 
            "dummy:IWH:4", 
            "dummy:IWH:1.2", 
            "dummy:IWH:3.7", 
            "dummy:IWH:3.5", 
            "dummy:IWH:2.25", 
            "dummy:IWH:5.2", 
            "dummy:LBA:3", 
            "dummy:LBA:4", 
            "dummy:LBA:3.5", 
            "dummy:LBA:2.5", 
            "dummy:LBA:2.75", 
            "dummy:LBA:2.38", 
            "dummy:LBA:2.6", 
            "dummy:LBA:2", 
            "dummy:LBA:2.25", 
            "dummy:LBA:1.91", 
            "dummy:LBA:2.2", 
            "dummy:LBA:1.8", 
            "dummy:LBA:2.3", 
            "dummy:LBA:2.4", 
            "dummy:LBA:1.44", 
            "dummy:LBA:1.5", 
            "dummy:LBA:1.57", 
            "dummy:LBA:1.9", 
            "dummy:LBA:N/A", 
            "dummy:BWA:2.95", 
            "dummy:BWA:3.1", 
            "dummy:BWA:2.85", 
            "dummy:BWA:3", 
            "dummy:BWA:2.2", 
            "dummy:BWA:4.75", 
            "dummy:BWA:2.4", 
            "dummy:BWA:2", 
            "dummy:BWA:2.65", 
            "dummy:BWA:2.7", 
            "dummy:BWA:1.8", 
            "dummy:BWA:2.35", 
            "dummy:BWA:2.1", 
            "dummy:BWA:1.75", 
            "dummy:BWA:2.75", 
            "dummy:BWA:8.5", 
            "dummy:BWA:7.5", 
            "dummy:BWA:1.9", 
            "dummy:BWA:11.5", 
            "dummy:BWA:1.55", 
            "dummy:BWA:4.15", 
            "dummy:BWA:5.2", 
            "dummy:BWA:1.91", 
            "dummy:BWA:4.45", 
            "dummy:BWA:1.48", 
            "dummy:BWA:4.7", 
            "dummy:BWA:N/A", 
            "dummy:BWD:3.2", 
            "dummy:BWD:3.1", 
            "dummy:BWD:3", 
            "dummy:BWD:3.4", 
            "dummy:BWD:3.25", 
            "dummy:BWD:3.05", 
            "dummy:BWD:2.95", 
            "dummy:BWD:3.45", 
            "dummy:BWD:3.8", 
            "dummy:BWD:N/A", 
            "dummy:LBD:3.2", 
            "dummy:LBD:3", 
            "dummy:LBD:3.5", 
            "dummy:LBD:3.4", 
            "dummy:LBD:2.88", 
            "dummy:LBD:3.1", 
            "dummy:LBD:2.8", 
            "dummy:BWH:2.05", 
            "dummy:BWH:2", 
            "dummy:BWH:1.7", 
            "dummy:BWH:1.8", 
            "dummy:BWH:2.2", 
            "dummy:BWH:2.35", 
            "dummy:BWH:1.85", 
            "dummy:BWH:1.55", 
            "dummy:BWH:3.75", 
            "dummy:BWH:2.8", 
            "dummy:BWH:3.3", 
            "dummy:BWH:3.35", 
            "dummy:BWH:4.65", 
            "dummy:BWH:__Others__", 
            "dummy:LBH:2.1", 
            "dummy:LBH:1.8", 
            "dummy:LBH:1.91", 
            "dummy:LBH:2.38", 
            "dummy:LBH:2.6", 
            "dummy:LBH:2.4", 
            "dummy:LBH:4", 
            "dummy:LBH:2.75", 
            "dummy:LBH:3", 
            "dummy:LBH:5", 
            "dummy:LBH:3.5", 
            "dummy:LBH:4.5", 
            "dummy:LBH:4.33", 
            "dummy:LBH:3.1", 
            "dummy:LBH:3.4", 
            "dummy:LBH:6", 
            "dummy:LBH:3.6", 
            "dummy:LBH:1.3", 
            "dummy:LBH:1.85", 
            "dummy:LBH:1.61", 
            "dummy:LBH:2.87", 
            "dummy:VCA:5.5", 
            "dummy:VCA:3", 
            "dummy:VCA:4.5", 
            "dummy:VCA:6", 
            "dummy:VCA:3.2", 
            "dummy:VCA:8", 
            "dummy:VCA:3.3", 
            "dummy:VCA:2.5", 
            "dummy:VCA:2.9", 
            "dummy:VCA:2.4", 
            "dummy:VCA:2.1", 
            "dummy:VCA:2.75", 
            "dummy:VCA:3.25", 
            "dummy:VCA:2.05", 
            "dummy:VCA:1.73", 
            "dummy:VCA:2.35", 
            "dummy:VCA:2.45", 
            "dummy:VCA:N/A", 
            "dummy:VCD:3", 
            "dummy:VCD:3.2", 
            "dummy:VCD:3.4", 
            "dummy:VCD:3.1", 
            "dummy:VCD:3.25", 
            "dummy:VCD:3.3", 
            "dummy:VCD:N/A", 
            "dummy:VCH:2.1", 
            "dummy:VCH:2.5", 
            "dummy:VCH:2.3", 
            "dummy:VCH:2.25", 
            "dummy:VCH:3", 
            "dummy:VCH:1.7", 
            "dummy:VCH:4", 
            "dummy:VCH:2.38", 
            "dummy:VCH:2.62", 
            "dummy:VCH:1.25", 
            "dummy:VCH:5", 
            "dummy:VCH:3.1", 
            "dummy:VCH:1.95", 
            "dummy:VCH:3.6", 
            "dummy:VCH:4.33", 
            "dummy:VCH:4.2", 
            "dummy:VCH:4.35", 
            "dummy:B365H:1.44", 
            "dummy:B365H:2.4", 
            "dummy:B365H:1.8", 
            "dummy:B365H:1.75", 
            "dummy:B365H:1.4", 
            "dummy:B365H:3.1", 
            "dummy:B365H:1.83", 
            "dummy:B365H:3", 
            "dummy:B365H:4.75", 
            "dummy:B365H:4.33", 
            "dummy:B365H:3.4", 
            "dummy:B365H:3.8", 
            "dummy:B365H:2.6", 
            "dummy:B365H:1.25", 
            "dummy:B365H:6", 
            "dummy:B365H:7", 
            "dummy:B365H:1.9", 
            "dummy:HomeTeam:Sampdoria", 
            "dummy:HomeTeam:Lazio", 
            "dummy:HomeTeam:Chievo", 
            "dummy:HomeTeam:Napoli", 
            "dummy:HomeTeam:Inter", 
            "dummy:HomeTeam:Genoa", 
            "dummy:HomeTeam:Udinese", 
            "dummy:HomeTeam:Cagliari", 
            "dummy:HomeTeam:Roma", 
            "dummy:HomeTeam:Milan", 
            "dummy:HomeTeam:Juventus", 
            "dummy:HomeTeam:Bologna", 
            "dummy:HomeTeam:Palermo", 
            "dummy:HomeTeam:Livorno", 
            "dummy:HomeTeam:Siena", 
            "dummy:HomeTeam:Reggina", 
            "dummy:B365D:3.1", 
            "dummy:B365D:3.2", 
            "dummy:B365D:3.4", 
            "dummy:B365D:3.3", 
            "dummy:B365D:3.5", 
            "dummy:B365D:3.25", 
            "dummy:B365D:3.6", 
            "dummy:B365D:4.2", 
            "dummy:B365D:4.75", 
            "dummy:B365A:4", 
            "dummy:B365A:4.75", 
            "dummy:B365A:3.6", 
            "dummy:B365A:4.33", 
            "dummy:B365A:3", 
            "dummy:B365A:2", 
            "dummy:B365A:2.4", 
            "dummy:B365A:2.5", 
            "dummy:B365A:5.25", 
            "dummy:B365A:1.8", 
            "dummy:B365A:2.1", 
            "dummy:B365A:2.38", 
            "dummy:B365A:11", 
            "dummy:B365A:13", 
            "dummy:B365A:2.15", 
            "dummy:B365A:1.57"
        ], 
        "importances": [
            0.0019341976149007678, 
            0.011554042808711529, 
            0.002071509137749672, 
            0.0034953048452734947, 
            0.013778441585600376, 
            0.004203388933092356, 
            0.012219204567372799, 
            0.013277293182909489, 
            0.004419062286615372, 
            0.007310869637876749, 
            0.003031319472938776, 
            0.01003455650061369, 
            0.004845920484513044, 
            0.005446437280625105, 
            0.009790070354938507, 
            0.004647363908588886, 
            0.005480132065713406, 
            0.004294378682971001, 
            0.00850505568087101, 
            0.0066467891447246075, 
            0.0030386080034077168, 
            0.004766059573739767, 
            0.0011214398546144366, 
            0.002256563864648342, 
            0.0038268358912318945, 
            0.0010104398243129253, 
            0.015974136069417, 
            0.008232214488089085, 
            0.009223999455571175, 
            0.004741334356367588, 
            0.0011214398546144366, 
            0.0010610694298520684, 
            0.0011214398546144366, 
            0.0040057068690657616, 
            0.00213187956251204, 
            0.005144176539033651, 
            0.0016023417701944709, 
            0.0009670988074503839, 
            0.0020885388366878033, 
            0.003223662730306387, 
            0.0009670988074503839, 
            0.0011953999055549502, 
            0.0010104398243129253, 
            0.0011214398546144366, 
            0.0016023417701944709, 
            0.0034719742834568024, 
            0.01202620379626751, 
            0.005802403669804335, 
            0.00843117106705904, 
            0.006447230465710163, 
            0.0014159310376271605, 
            0.003327279584482312, 
            0.0037664654664695263, 
            0.0010610694298520684, 
            0.004929464776068926, 
            0.003266909159719944, 
            0.0009670988074503839, 
            0.0026634112000465393, 
            0.0024848647881299257, 
            0.0009670988074503839, 
            0.00289180688560009, 
            0.0010104398243129253, 
            0.0010610694298520684, 
            0.0010610694298520684, 
            0.0010610694298520684, 
            0.0014159310376271605, 
            0.003283938392996788, 
            0.0010610694298520684, 
            0.0011214398546144366, 
            0.002316839527338743, 
            0.0024109049700200558, 
            0.0011953999055549502, 
            0.0010104398243129253, 
            0.0009670988074503839, 
            0.0020281681790947914, 
            0.0011214398546144366, 
            0.0012894651154056191, 
            0.0014159310376271605, 
            0.0010610694298520684, 
            0.0012894651154056191, 
            0.0014159310376271605, 
            0.002797741675749421, 
            0.0033780038356781006, 
            0.0010610694298520684, 
            0.0010610694298520684, 
            0.004599809646606445, 
            0.0010104398243129253, 
            0.0011214398546144366, 
            0.002071509137749672, 
            0.008507988415658474, 
            0.002611330710351467, 
            0.0024109049700200558, 
            0.002182509284466505, 
            0.004079342354089022, 
            0.0030182728078216314, 
            0.0010610694298520684, 
            0.0009670988074503839, 
            0.0009670988074503839, 
            0.0016023417701944709, 
            0.0011953999055549502, 
            0.0011953999055549502, 
            0.0012894651154056191, 
            0.0010610694298520684, 
            0.002426370745524764, 
            0.0010610694298520684, 
            0.0022058398462831974, 
            0.003858905751258135, 
            0.0011953999055549502, 
            0.0010610694298520684, 
            0.003900795942172408, 
            0.0022058398462831974, 
            0.0010610694298520684, 
            0.0034519636537879705, 
            0.0011214398546144366, 
            0.0030386080034077168, 
            0.002256563864648342, 
            0.0009670988074503839, 
            0.0014159310376271605, 
            0.00213187956251204, 
            0.0009670988074503839, 
            0.0010104398243129253, 
            0.0019341976149007678, 
            0.002611330710351467, 
            0.0010104398243129253, 
            0.0019341976149007678, 
            0.0010610694298520684, 
            0.0032435785979032516, 
            0.0026634112000465393, 
            0.0009670988074503839, 
            0.002901296364143491, 
            0.0010104398243129253, 
            0.004079342354089022, 
            0.0011953999055549502, 
            0.0024109049700200558, 
            0.0010104398243129253, 
            0.0024109049700200558, 
            0.0010104398243129253, 
            0.002537370892241597, 
            0.0016023417701944709, 
            0.0014159310376271605, 
            0.0020281681790947914, 
            0.0061852349899709225, 
            0.002611330710351467, 
            0.0009670988074503839, 
            0.0012894651154056191, 
            0.002071509137749672, 
            0.0037664654664695263, 
            0.0011953999055549502, 
            0.0038081815000623465, 
            0.007061344105750322, 
            0.0034719742834568024, 
            0.0010104398243129253, 
            0.0011953999055549502, 
            0.0020281681790947914, 
            0.0016023417701944709, 
            0.0009670988074503839, 
            0.005480132065713406, 
            0.0016023417701944709, 
            0.0030182728078216314, 
            0.0012894651154056191, 
            0.0010104398243129253, 
            0.0011214398546144366, 
            0.0030182728078216314, 
            0.002071509137749672, 
            0.0011953999055549502, 
            0.0020281681790947914, 
            0.0035365393850952387, 
            0.0010104398243129253, 
            0.004878835286945105, 
            0.0010104398243129253, 
            0.0023830297868698835, 
            0.004307738039642572, 
            0.0011953999055549502, 
            0.002256563864648342, 
            0.0016023417701944709, 
            0.0009670988074503839, 
            0.0011953999055549502, 
            0.0035365393850952387, 
            0.002316839527338743, 
            0.0035044695250689983, 
            0.0011953999055549502, 
            0.0011953999055549502, 
            0.0014159310376271605, 
            0.0010104398243129253, 
            0.0010610694298520684, 
            0.0009670988074503839, 
            0.0010104398243129253, 
            0.0009670988074503839, 
            0.002901296364143491, 
            0.0033501284196972847, 
            0.0022564693354070187, 
            0.0011953999055549502, 
            0.003784850938245654, 
            0.0023830297868698835, 
            0.0010104398243129253, 
            0.0046579791232943535, 
            0.0009670988074503839, 
            0.0010104398243129253, 
            0.0011214398546144366, 
            0.0012894651154056191, 
            0.0010610694298520684, 
            0.0024109049700200558, 
            0.0010104398243129253, 
            0.0010104398243129253, 
            0.0012894651154056191, 
            0.0010104398243129253, 
            0.0009670988074503839, 
            0.0011214398546144366, 
            0.0014159310376271605, 
            0.0009670988074503839, 
            0.0053181773982942104, 
            0.0010610694298520684, 
            0.0010104398243129253, 
            0.0011953999055549502, 
            0.0012894651154056191, 
            0.002316839527338743, 
            0.0012894651154056191, 
            0.0021624986547976732, 
            0.002071509137749672, 
            0.0010104398243129253, 
            0.0024848647881299257, 
            0.023106815293431282, 
            0.0011953999055549502, 
            0.0011214398546144366, 
            0.0014159310376271605, 
            0.0011214398546144366, 
            0.002611330710351467, 
            0.003578429576009512, 
            0.002537370892241597, 
            0.0012894651154056191, 
            0.0033780038356781006, 
            0.0030182728078216314, 
            0.004929464776068926, 
            0.0022428797092288733, 
            0.0032435785979032516, 
            0.002901296364143491, 
            0.0038683952298015356, 
            0.0010610694298520684, 
            0.006262270733714104, 
            0.0019341976149007678, 
            0.0036908804904669523, 
            0.0016023417701944709, 
            0.0011214398546144366, 
            0.0012894651154056191, 
            0.0010610694298520684, 
            0.0010610694298520684, 
            0.0010104398243129253, 
            0.00498983496800065, 
            0.0011214398546144366, 
            0.0009670988074503839, 
            0.003734221449121833, 
            0.0011214398546144366, 
            0.0011214398546144366, 
            0.0029952670447528362, 
            0.0011953999055549502, 
            0.0014159310376271605, 
            0.0011214398546144366, 
            0.0009670988074503839, 
            0.0014159310376271605, 
            0.0009670988074503839, 
            0.0010104398243129253, 
            0.0009670988074503839, 
            0.003579880343750119, 
            0.0010104398243129253, 
            0.0011953999055549502, 
            0.0024109049700200558, 
            0.0016023417701944709, 
            0.008367839269340038, 
            0.005258232820779085, 
            0.01113915629684925, 
            0.0012894651154056191, 
            0.0011953999055549502, 
            0.0011953999055549502, 
            0.0011953999055549502, 
            0.0011214398546144366, 
            0.0011953999055549502, 
            0.0010104398243129253, 
            0.0022564693354070187, 
            0.0011953999055549502, 
            0.0019341976149007678, 
            0.0020281681790947914, 
            0.0011953999055549502, 
            0.0014159310376271605, 
            0.010442186146974564, 
            0.0010610694298520684, 
            0.0011214398546144366, 
            0.003081949194893241, 
            0.0011953999055549502, 
            0.004326123744249344, 
            0.0038683952298015356, 
            0.0010104398243129253, 
            0.005140411667525768, 
            0.0010610694298520684, 
            0.0012894651154056191, 
            0.0010610694298520684, 
            0.0011953999055549502, 
            0.004494148772209883, 
            0.0016023417701944709, 
            0.0010104398243129253, 
            0.0011214398546144366, 
            0.0050961957313120365, 
            0.003578429576009512, 
            0.0023830297868698835, 
            0.0011214398546144366, 
            0.0010104398243129253, 
            0.0009670988074503839, 
            0.0027053961530327797, 
            0.0019341976149007678, 
            0.0037158357445150614, 
            0.0009670988074503839, 
            0.002426370745524764, 
            0.0009670988074503839, 
            0.0010610694298520684, 
            0.0011953999055549502, 
            0.0011953999055549502, 
            0.0019341976149007678, 
            0.0010104398243129253, 
            0.0010104398243129253, 
            0.0025789302308112383, 
            0.0009670988074503839, 
            0.0010104398243129253, 
            0.0010610694298520684, 
            0.0020281681790947914, 
            0.0010610694298520684, 
            0.0012894651154056191, 
            0.0012894651154056191, 
            0.013028886169195175, 
            0.0010610694298520684, 
            0.0011214398546144366, 
            0.0049802507273852825, 
            0.002944637555629015, 
            0.009386674501001835, 
            0.0011953999055549502, 
            0.0010104398243129253, 
            0.0010610694298520684, 
            0.0009670988074503839, 
            0.0009670988074503839, 
            0.0009670988074503839, 
            0.0029952670447528362, 
            0.0012894651154056191, 
            0.012595195323228836, 
            0.0011214398546144366, 
            0.0040287128649652, 
            0.0012894651154056191, 
            0.0026127814780920744, 
            0.0014159310376271605, 
            0.004345102701336145, 
            0.0026127814780920744, 
            0.0014159310376271605, 
            0.00498983496800065, 
            0.0010104398243129253, 
            0.0010610694298520684, 
            0.0010104398243129253, 
            0.0011214398546144366, 
            0.008533881045877934, 
            0.0033609741367399693, 
            0.0036724000237882137, 
            0.0011214398546144366, 
            0.0024770002346485853, 
            0.0016023417701944709, 
            0.0009670988074503839, 
            0.0011214398546144366, 
            0.0014159310376271605, 
            0.0010104398243129253, 
            0.0009670988074503839, 
            0.0010104398243129253, 
            0.0009670988074503839, 
            0.0011214398546144366, 
            0.0068299672566354275, 
            0.017407778650522232, 
            0.00289180688560009, 
            0.0014159310376271605, 
            0.0010610694298520684, 
            0.0011214398546144366, 
            0.0014159310376271605, 
            0.0010104398243129253, 
            0.0010104398243129253, 
            0.0023830297868698835, 
            0.002611330710351467
        ]
    }, 
    "modelInputNRows": 1228, 
    "modelInputNCols": 1504, 
    "modelInputMemory": 14775296, 
    "gridCells": [
        {
            "scoreTimeStd": 0.0086023252670426285, 
            "scoreTime": 0.071999999999999995, 
            "fitTime": 0.52133333333333332, 
            "score": 0.52043841068964436, 
            "params": {
                "reg_alpha": 0.0, 
                "colsample_bytree": 0.75, 
                "colsample_bylevel": 1.0, 
                "learning_rate": 0.01, 
                "max_delta_step": 0.0, 
                "min_child_weight": 0.0, 
                "subsample": 0.75, 
                "reg_lambda": 1.0, 
                "max_depth": 1, 
                "gamma": 0.0
            }, 
            "fitTimeStd": 0.068412149668185554, 
            "scoreStd": 0.010757946236248189
        }, 
        {
            "scoreTimeStd": 0.008498365855987974, 
            "scoreTime": 0.050666666666666665, 
            "fitTime": 0.46100000000000002, 
            "score": 0.5119040494549788, 
            "params": {
                "reg_alpha": 0.0, 
                "colsample_bytree": 0.75, 
                "colsample_bylevel": 1.0, 
                "learning_rate": 0.01, 
                "max_delta_step": 0.0, 
                "min_child_weight": 0.0, 
                "subsample": 1.0, 
                "reg_lambda": 1.0, 
                "max_depth": 1, 
                "gamma": 0.0
            }, 
            "fitTimeStd": 0.082429768085726593, 
            "scoreStd": 0.0090173234821888798
        }, 
        {
            "scoreTimeStd": 0.020725722075613084, 
            "scoreTime": 0.064666666666666664, 
            "fitTime": 0.69833333333333336, 
            "score": 0.54363952195336851, 
            "params": {
                "reg_alpha": 0.0, 
                "colsample_bytree": 0.75, 
                "colsample_bylevel": 1.0, 
                "learning_rate": 0.01, 
                "max_delta_step": 0.0, 
                "min_child_weight": 0.0, 
                "subsample": 0.75, 
                "reg_lambda": 1.0, 
                "max_depth": 2, 
                "gamma": 0.0
            }, 
            "fitTimeStd": 0.13745383063252753, 
            "scoreStd": 0.016934114356097946
        }, 
        {
            "scoreTimeStd": 0.013474255287605161, 
            "scoreTime": 0.066666666666666666, 
            "fitTime": 0.7466666666666667, 
            "score": 0.53335367552336144, 
            "params": {
                "reg_alpha": 0.0, 
                "colsample_bytree": 0.75, 
                "colsample_bylevel": 1.0, 
                "learning_rate": 0.01, 
                "max_delta_step": 0.0, 
                "min_child_weight": 0.0, 
                "subsample": 1.0, 
                "reg_lambda": 1.0, 
                "max_depth": 2, 
                "gamma": 0.0
            }, 
            "fitTimeStd": 0.14215093699616924, 
            "scoreStd": 0.0093820179546596893
        }, 
        {
            "scoreTimeStd": 0.054689019820151182, 
            "scoreTime": 0.073666666666666672, 
            "fitTime": 0.9863333333333334, 
            "score": 0.55042514709736345, 
            "params": {
                "reg_alpha": 0.0, 
                "colsample_bytree": 0.75, 
                "colsample_bylevel": 1.0, 
                "learning_rate": 0.01, 
                "max_delta_step": 0.0, 
                "min_child_weight": 0.0, 
                "subsample": 0.75, 
                "reg_lambda": 1.0, 
                "max_depth": 3, 
                "gamma": 0.0
            }, 
            "fitTimeStd": 0.18779835521703117, 
            "scoreStd": 0.0040977223222254363
        }, 
        {
            "scoreTimeStd": 0.057863824815010484, 
            "scoreTime": 0.092666666666666675, 
            "fitTime": 1.2606666666666666, 
            "score": 0.53967745879281837, 
            "params": {
                "reg_alpha": 0.0, 
                "colsample_bytree": 0.75, 
                "colsample_bylevel": 1.0, 
                "learning_rate": 0.01, 
                "max_delta_step": 0.0, 
                "min_child_weight": 0.0, 
                "subsample": 1.0, 
                "reg_lambda": 1.0, 
                "max_depth": 3, 
                "gamma": 0.0
            }, 
            "fitTimeStd": 0.24170275592599721, 
            "scoreStd": 0.0015848561691110112
        }, 
        {
            "scoreTimeStd": 0.016759740119968711, 
            "scoreTime": 0.051333333333333335, 
            "fitTime": 2.8940000000000001, 
            "score": 0.54831108463941569, 
            "params": {
                "reg_alpha": 0.0, 
                "colsample_bytree": 0.75, 
                "colsample_bylevel": 1.0, 
                "learning_rate": 0.01, 
                "max_delta_step": 0.0, 
                "min_child_weight": 0.0, 
                "subsample": 0.75, 
                "reg_lambda": 1.0, 
                "max_depth": 5, 
                "gamma": 0.0
            }, 
            "fitTimeStd": 0.59352225456731322, 
            "scoreStd": 0.014550852948370004
        }, 
        {
            "scoreTimeStd": 0.017720045146669354, 
            "scoreTime": 0.045000000000000005, 
            "fitTime": 1.9116666666666664, 
            "score": 0.54573408624668385, 
            "params": {
                "reg_alpha": 0.0, 
                "colsample_bytree": 0.75, 
                "colsample_bylevel": 1.0, 
                "learning_rate": 0.01, 
                "max_delta_step": 0.0, 
                "min_child_weight": 0.0, 
                "subsample": 1.0, 
                "reg_lambda": 1.0, 
                "max_depth": 5, 
                "gamma": 0.0
            }, 
            "fitTimeStd": 0.64477455146913343, 
            "scoreStd": 0.0073960884722357621
        }, 
        {
            "scoreTimeStd": 0.0069442222186665518, 
            "scoreTime": 0.041666666666666664, 
            "fitTime": 5.8150000000000004, 
            "score": 0.56984837726754567, 
            "params": {
                "reg_alpha": 0.0, 
                "colsample_bytree": 0.75, 
                "colsample_bylevel": 1.0, 
                "learning_rate": 0.01, 
                "max_delta_step": 0.0, 
                "min_child_weight": 0.0, 
                "subsample": 0.75, 
                "reg_lambda": 1.0, 
                "max_depth": 10, 
                "gamma": 0.0
            }, 
            "fitTimeStd": 0.99845113384014283, 
            "scoreStd": 0.02947092983042927
        }, 
        {
            "scoreTimeStd": 0.013199326582148885, 
            "scoreTime": 0.042333333333333334, 
            "fitTime": 3.2623333333333338, 
            "score": 0.54468459125930779, 
            "params": {
                "reg_alpha": 0.0, 
                "colsample_bytree": 0.75, 
                "colsample_bylevel": 1.0, 
                "learning_rate": 0.01, 
                "max_delta_step": 0.0, 
                "min_child_weight": 0.0, 
                "subsample": 1.0, 
                "reg_lambda": 1.0, 
                "max_depth": 10, 
                "gamma": 0.0
            }, 
            "fitTimeStd": 1.4433057734089321, 
            "scoreStd": 0.015259092595116288
        }, 
        {
            "scoreTimeStd": 0.00047140452079103207, 
            "scoreTime": 0.033333333333333333, 
            "fitTime": 0.40533333333333332, 
            "score": 0.52366470969305756, 
            "params": {
                "reg_alpha": 0.0, 
                "colsample_bytree": 0.75, 
                "colsample_bylevel": 1.0, 
                "learning_rate": 0.05, 
                "max_delta_step": 0.0, 
                "min_child_weight": 0.0, 
                "subsample": 0.75, 
                "reg_lambda": 1.0, 
                "max_depth": 1, 
                "gamma": 0.0
            }, 
            "fitTimeStd": 0.031008959278820625, 
            "scoreStd": 0.0015060812625640777
        }, 
        {
            "scoreTimeStd": 0.021228911104120878, 
            "scoreTime": 0.064000000000000001, 
            "fitTime": 0.33733333333333332, 
            "score": 0.51081709927908825, 
            "params": {
                "reg_alpha": 0.0, 
                "colsample_bytree": 0.75, 
                "colsample_bylevel": 1.0, 
                "learning_rate": 0.05, 
                "max_delta_step": 0.0, 
                "min_child_weight": 0.0, 
                "subsample": 1.0, 
                "reg_lambda": 1.0, 
                "max_depth": 1, 
                "gamma": 0.0
            }, 
            "fitTimeStd": 0.01673983937265295, 
            "scoreStd": 0.0071258298116159066
        }, 
        {
            "scoreTimeStd": 0.014719601443879744, 
            "scoreTime": 0.051999999999999991, 
            "fitTime": 0.98566666666666658, 
            "score": 0.55615311534554934, 
            "params": {
                "reg_alpha": 0.0, 
                "colsample_bytree": 0.75, 
                "colsample_bylevel": 1.0, 
                "learning_rate": 0.05, 
                "max_delta_step": 0.0, 
                "min_child_weight": 0.0, 
                "subsample": 0.75, 
                "reg_lambda": 1.0, 
                "max_depth": 2, 
                "gamma": 0.0
            }, 
            "fitTimeStd": 0.048992062849223056, 
            "scoreStd": 0.015463279721257122
        }, 
        {
            "scoreTimeStd": 0.00094280904158206415, 
            "scoreTime": 0.031333333333333331, 
            "fitTime": 0.60999999999999999, 
            "score": 0.53568957398323924, 
            "params": {
                "reg_alpha": 0.0, 
                "colsample_bytree": 0.75, 
                "colsample_bylevel": 1.0, 
                "learning_rate": 0.05, 
                "max_delta_step": 0.0, 
                "min_child_weight": 0.0, 
                "subsample": 1.0, 
                "reg_lambda": 1.0, 
                "max_depth": 2, 
                "gamma": 0.0
            }, 
            "fitTimeStd": 0.051270524345540552, 
            "scoreStd": 0.0046673722556443654
        }, 
        {
            "scoreTimeStd": 0.0014142135623730965, 
            "scoreTime": 0.032000000000000001, 
            "fitTime": 1.0863333333333334, 
            "score": 0.55054849566751218, 
            "params": {
                "reg_alpha": 0.0, 
                "colsample_bytree": 0.75, 
                "colsample_bylevel": 1.0, 
                "learning_rate": 0.05, 
                "max_delta_step": 0.0, 
                "min_child_weight": 0.0, 
                "subsample": 0.75, 
                "reg_lambda": 1.0, 
                "max_depth": 3, 
                "gamma": 0.0
            }, 
            "fitTimeStd": 0.1716922311061925, 
            "scoreStd": 0.012456989282032203
        }, 
        {
            "scoreTimeStd": 0.01373559851869101, 
            "scoreTime": 0.047000000000000007, 
            "fitTime": 1.2110000000000001, 
            "score": 0.54403259582947072, 
            "params": {
                "reg_alpha": 0.0, 
                "colsample_bytree": 0.75, 
                "colsample_bylevel": 1.0, 
                "learning_rate": 0.05, 
                "max_delta_step": 0.0, 
                "min_child_weight": 0.0, 
                "subsample": 1.0, 
                "reg_lambda": 1.0, 
                "max_depth": 3, 
                "gamma": 0.0
            }, 
            "fitTimeStd": 0.28412086629930344, 
            "scoreStd": 0.011556892878256874
        }, 
        {
            "scoreTimeStd": 0.0049888765156985886, 
            "scoreTime": 0.035666666666666666, 
            "fitTime": 1.5013333333333332, 
            "score": 0.56163963079117296, 
            "params": {
                "reg_alpha": 0.0, 
                "colsample_bytree": 0.75, 
                "colsample_bylevel": 1.0, 
                "learning_rate": 0.05, 
                "max_delta_step": 0.0, 
                "min_child_weight": 0.0, 
                "subsample": 0.75, 
                "reg_lambda": 1.0, 
                "max_depth": 5, 
                "gamma": 0.0
            }, 
            "fitTimeStd": 0.46539039764720336, 
            "scoreStd": 0.024784726255193679
        }, 
        {
            "scoreTimeStd": 0.0096724120856979401, 
            "scoreTime": 0.040666666666666663, 
            "fitTime": 1.2873333333333332, 
            "score": 0.55034377758943642, 
            "params": {
                "reg_alpha": 0.0, 
                "colsample_bytree": 0.75, 
                "colsample_bylevel": 1.0, 
                "learning_rate": 0.05, 
                "max_delta_step": 0.0, 
                "min_child_weight": 0.0, 
                "subsample": 1.0, 
                "reg_lambda": 1.0, 
                "max_depth": 5, 
                "gamma": 0.0
            }, 
            "fitTimeStd": 0.30105407413877588, 
            "scoreStd": 0.011570348693580226
        }, 
        {
            "scoreTimeStd": 0.0075865377844940287, 
            "scoreTime": 0.037333333333333336, 
            "fitTime": 5.218, 
            "score": 0.57005872027724436, 
            "params": {
                "reg_alpha": 0.0, 
                "colsample_bytree": 0.75, 
                "colsample_bylevel": 1.0, 
                "learning_rate": 0.05, 
                "max_delta_step": 0.0, 
                "min_child_weight": 0.0, 
                "n_estimators": 8, 
                "subsample": 0.75, 
                "reg_lambda": 1.0, 
                "max_depth": 10, 
                "gamma": 0.0
            }, 
            "fitTimeStd": 1.0927113067960814, 
            "scoreStd": 0.019520391307541834
        }, 
        {
            "scoreTimeStd": 0.0070395706939809588, 
            "scoreTime": 0.041333333333333333, 
            "fitTime": 10.948, 
            "score": 0.55602444602827694, 
            "params": {
                "reg_alpha": 0.0, 
                "colsample_bytree": 0.75, 
                "colsample_bylevel": 1.0, 
                "learning_rate": 0.05, 
                "max_delta_step": 0.0, 
                "min_child_weight": 0.0, 
                "subsample": 1.0, 
                "reg_lambda": 1.0, 
                "max_depth": 10, 
                "gamma": 0.0
            }, 
            "fitTimeStd": 9.9823500573094837, 
            "scoreStd": 0.016617489464542126
        }, 
        {
            "scoreTimeStd": 0.0021602468994692853, 
            "scoreTime": 0.034000000000000002, 
            "fitTime": 0.33366666666666672, 
            "score": 0.522709670613556, 
            "params": {
                "reg_alpha": 0.0, 
                "colsample_bytree": 0.75, 
                "colsample_bylevel": 1.0, 
                "learning_rate": 0.1, 
                "max_delta_step": 0.0, 
                "min_child_weight": 0.0, 
                "subsample": 0.75, 
                "reg_lambda": 1.0, 
                "max_depth": 1, 
                "gamma": 0.0
            }, 
            "fitTimeStd": 0.0084983658559879809, 
            "scoreStd": 0.014903732080405463
        }, 
        {
            "scoreTimeStd": 0.013299958228840003, 
            "scoreTime": 0.039333333333333331, 
            "fitTime": 0.33333333333333331, 
            "score": 0.51937516669929817, 
            "params": {
                "reg_alpha": 0.0, 
                "colsample_bytree": 0.75, 
                "colsample_bylevel": 1.0, 
                "learning_rate": 0.1, 
                "max_delta_step": 0.0, 
                "min_child_weight": 0.0, 
                "subsample": 1.0, 
                "reg_lambda": 1.0, 
                "max_depth": 1, 
                "gamma": 0.0
            }, 
            "fitTimeStd": 0.026599916457679999, 
            "scoreStd": 0.010953406502298436
        }, 
        {
            "scoreTimeStd": 0.009899494936611665, 
            "scoreTime": 0.049999999999999996, 
            "fitTime": 1.089, 
            "score": 0.56416864435370651, 
            "params": {
                "reg_alpha": 0.0, 
                "colsample_bytree": 0.75, 
                "colsample_bylevel": 1.0, 
                "learning_rate": 0.1, 
                "max_delta_step": 0.0, 
                "min_child_weight": 0.0, 
                "subsample": 0.75, 
                "reg_lambda": 1.0, 
                "max_depth": 2, 
                "gamma": 0.0
            }, 
            "fitTimeStd": 0.17804119373523269, 
            "scoreStd": 0.011231207345136105
        }, 
        {
            "scoreTimeStd": 0.011860297916438129, 
            "scoreTime": 0.048000000000000008, 
            "fitTime": 0.66100000000000003, 
            "score": 0.53967172785017758, 
            "params": {
                "reg_alpha": 0.0, 
                "colsample_bytree": 0.75, 
                "colsample_bylevel": 1.0, 
                "learning_rate": 0.1, 
                "max_delta_step": 0.0, 
                "min_child_weight": 0.0, 
                "subsample": 1.0, 
                "reg_lambda": 1.0, 
                "max_depth": 2, 
                "gamma": 0.0
            }, 
            "fitTimeStd": 0.19196006529136908, 
            "scoreStd": 0.015561465929685443
        }, 
        {
            "scoreTimeStd": 0.023809428571238096, 
            "scoreTime": 0.047333333333333338, 
            "fitTime": 0.85466666666666669, 
            "score": 0.55853816999320438, 
            "params": {
                "reg_alpha": 0.0, 
                "colsample_bytree": 0.75, 
                "colsample_bylevel": 1.0, 
                "learning_rate": 0.1, 
                "max_delta_step": 0.0, 
                "min_child_weight": 0.0, 
                "subsample": 0.75, 
                "reg_lambda": 1.0, 
                "max_depth": 3, 
                "gamma": 0.0
            }, 
            "fitTimeStd": 0.15842208039145159, 
            "scoreStd": 0.024532623941280963
        }, 
        {
            "scoreTimeStd": 0.010801234497346435, 
            "scoreTime": 0.046999999999999993, 
            "fitTime": 0.89133333333333331, 
            "score": 0.54693241927644409, 
            "params": {
                "reg_alpha": 0.0, 
                "colsample_bytree": 0.75, 
                "colsample_bylevel": 1.0, 
                "learning_rate": 0.1, 
                "max_delta_step": 0.0, 
                "min_child_weight": 0.0, 
                "subsample": 1.0, 
                "reg_lambda": 1.0, 
                "max_depth": 3, 
                "gamma": 0.0
            }, 
            "fitTimeStd": 0.20963672282201792, 
            "scoreStd": 0.011711631000009959
        }, 
        {
            "scoreTimeStd": 0.0089938250421546951, 
            "scoreTime": 0.043333333333333335, 
            "fitTime": 1.7926666666666666, 
            "score": 0.56873892729577702, 
            "params": {
                "reg_alpha": 0.0, 
                "colsample_bytree": 0.75, 
                "colsample_bylevel": 1.0, 
                "learning_rate": 0.1, 
                "max_delta_step": 0.0, 
                "min_child_weight": 0.0, 
                "subsample": 0.75, 
                "reg_lambda": 1.0, 
                "max_depth": 5, 
                "gamma": 0.0
            }, 
            "fitTimeStd": 0.34181313933525465, 
            "scoreStd": 0.028662767250069814
        }, 
        {
            "scoreTimeStd": 0.015326085243430198, 
            "scoreTime": 0.039333333333333331, 
            "fitTime": 1.0383333333333333, 
            "score": 0.55071026115782595, 
            "params": {
                "reg_alpha": 0.0, 
                "colsample_bytree": 0.75, 
                "colsample_bylevel": 1.0, 
                "learning_rate": 0.1, 
                "max_delta_step": 0.0, 
                "min_child_weight": 0.0, 
                "subsample": 1.0, 
                "reg_lambda": 1.0, 
                "max_depth": 5, 
                "gamma": 0.0
            }, 
            "fitTimeStd": 0.046060346889223044, 
            "scoreStd": 0.017056905008592214
        }, 
        {
            "scoreTimeStd": 0.014659088951530683, 
            "scoreTime": 0.044666666666666667, 
            "fitTime": 13.975999999999999, 
            "score": 0.56059565418972246, 
            "params": {
                "reg_alpha": 0.0, 
                "colsample_bytree": 0.75, 
                "colsample_bylevel": 1.0, 
                "learning_rate": 0.1, 
                "max_delta_step": 0.0, 
                "min_child_weight": 0.0, 
                "subsample": 0.75, 
                "reg_lambda": 1.0, 
                "max_depth": 10, 
                "gamma": 0.0
            }, 
            "fitTimeStd": 8.8605617579624525, 
            "scoreStd": 0.029797332904571136
        }, 
        {
            "scoreTimeStd": 0.0061282587702834145, 
            "scoreTime": 0.041333333333333333, 
            "fitTime": 16.084333333333333, 
            "score": 0.5554096620037039, 
            "params": {
                "reg_alpha": 0.0, 
                "colsample_bytree": 0.75, 
                "colsample_bylevel": 1.0, 
                "learning_rate": 0.1, 
                "max_delta_step": 0.0, 
                "min_child_weight": 0.0, 
                "subsample": 1.0, 
                "reg_lambda": 1.0, 
                "max_depth": 10, 
                "gamma": 0.0
            }, 
            "fitTimeStd": 8.5880009832841129, 
            "scoreStd": 0.036347340313566907
        }, 
        {
            "scoreTimeStd": 0.022647050335284035, 
            "scoreTime": 0.055333333333333325, 
            "fitTime": 0.40633333333333327, 
            "score": 0.53337231556214482, 
            "params": {
                "reg_alpha": 0.0, 
                "colsample_bytree": 0.75, 
                "colsample_bylevel": 1.0, 
                "learning_rate": 0.3, 
                "max_delta_step": 0.0, 
                "min_child_weight": 0.0, 
                "subsample": 0.75, 
                "reg_lambda": 1.0, 
                "max_depth": 1, 
                "gamma": 0.0
            }, 
            "fitTimeStd": 0.063588957811522254, 
            "scoreStd": 0.013543363382043261
        }, 
        {
            "scoreTimeStd": 0.0047140452079103157, 
            "scoreTime": 0.034666666666666672, 
            "fitTime": 0.53733333333333333, 
            "score": 0.54007451422422048, 
            "params": {
                "reg_alpha": 0.0, 
                "colsample_bytree": 0.75, 
                "colsample_bylevel": 1.0, 
                "learning_rate": 0.3, 
                "max_delta_step": 0.0, 
                "min_child_weight": 0.0, 
                "subsample": 1.0, 
                "reg_lambda": 1.0, 
                "max_depth": 1, 
                "gamma": 0.0
            }, 
            "fitTimeStd": 0.16989081461011626, 
            "scoreStd": 0.0089839300819462269
        }, 
        {
            "scoreTimeStd": 0.00047140452079103207, 
            "scoreTime": 0.031333333333333331, 
            "fitTime": 2.2469999999999999, 
            "score": 0.55997598410477356, 
            "params": {
                "reg_alpha": 0.0, 
                "colsample_bytree": 0.75, 
                "colsample_bylevel": 1.0, 
                "learning_rate": 0.3, 
                "max_delta_step": 0.0, 
                "min_child_weight": 0.0, 
                "subsample": 0.75, 
                "reg_lambda": 1.0, 
                "max_depth": 2, 
                "gamma": 0.0
            }, 
            "fitTimeStd": 1.3041934928018415, 
            "scoreStd": 0.021159754538369442
        }, 
        {
            "scoreTimeStd": 0.020237478982214053, 
            "scoreTime": 0.066666666666666666, 
            "fitTime": 2.3493333333333335, 
            "score": 0.56672474450890464, 
            "params": {
                "reg_alpha": 0.0, 
                "colsample_bytree": 0.75, 
                "colsample_bylevel": 1.0, 
                "learning_rate": 0.3, 
                "max_delta_step": 0.0, 
                "min_child_weight": 0.0, 
                "subsample": 1.0, 
                "reg_lambda": 1.0, 
                "max_depth": 2, 
                "gamma": 0.0
            }, 
            "fitTimeStd": 2.4437801774209471, 
            "scoreStd": 0.022522599645683185
        }, 
        {
            "scoreTimeStd": 0.020038851153585512, 
            "scoreTime": 0.048666666666666671, 
            "fitTime": 3.1096666666666661, 
            "score": 0.55406043926210724, 
            "params": {
                "reg_alpha": 0.0, 
                "colsample_bytree": 0.75, 
                "colsample_bylevel": 1.0, 
                "learning_rate": 0.3, 
                "max_delta_step": 0.0, 
                "min_child_weight": 0.0, 
                "subsample": 0.75, 
                "reg_lambda": 1.0, 
                "max_depth": 3, 
                "gamma": 0.0
            }, 
            "fitTimeStd": 1.6794217920330661, 
            "scoreStd": 0.039984767903207007
        }, 
        {
            "scoreTimeStd": 0.005099019513592787, 
            "scoreTime": 0.041000000000000002, 
            "fitTime": 3.746, 
            "score": 0.54838878194037055, 
            "params": {
                "reg_alpha": 0.0, 
                "colsample_bytree": 0.75, 
                "colsample_bylevel": 1.0, 
                "learning_rate": 0.3, 
                "max_delta_step": 0.0, 
                "min_child_weight": 0.0, 
                "subsample": 1.0, 
                "reg_lambda": 1.0, 
                "max_depth": 3, 
                "gamma": 0.0
            }, 
            "fitTimeStd": 3.5590370420475628, 
            "scoreStd": 0.020773462374674166
        }, 
        {
            "scoreTimeStd": 0.0046427960923947067, 
            "scoreTime": 0.031666666666666669, 
            "fitTime": 7.3646666666666674, 
            "score": 0.55308670657284931, 
            "params": {
                "reg_alpha": 0.0, 
                "colsample_bytree": 0.75, 
                "colsample_bylevel": 1.0, 
                "learning_rate": 0.3, 
                "max_delta_step": 0.0, 
                "min_child_weight": 0.0, 
                "subsample": 0.75, 
                "reg_lambda": 1.0, 
                "max_depth": 5, 
                "gamma": 0.0
            }, 
            "fitTimeStd": 5.2878815123723122, 
            "scoreStd": 0.028064573940616344
        }, 
        {
            "scoreTimeStd": 0.016110727964792761, 
            "scoreTime": 0.037333333333333336, 
            "fitTime": 7.4480000000000004, 
            "score": 0.55661718431246965, 
            "params": {
                "reg_alpha": 0.0, 
                "colsample_bytree": 0.75, 
                "colsample_bylevel": 1.0, 
                "learning_rate": 0.3, 
                "max_delta_step": 0.0, 
                "min_child_weight": 0.0, 
                "subsample": 1.0, 
                "reg_lambda": 1.0, 
                "max_depth": 5, 
                "gamma": 0.0
            }, 
            "fitTimeStd": 3.5110654603220754, 
            "scoreStd": 0.027880522076717172
        }, 
        {
            "scoreTimeStd": 0.0089938250421546934, 
            "scoreTime": 0.034666666666666672, 
            "fitTime": 8.9700000000000006, 
            "score": 0.55412710852826841, 
            "params": {
                "reg_alpha": 0.0, 
                "colsample_bytree": 0.75, 
                "colsample_bylevel": 1.0, 
                "learning_rate": 0.3, 
                "max_delta_step": 0.0, 
                "min_child_weight": 0.0, 
                "subsample": 0.75, 
                "reg_lambda": 1.0, 
                "max_depth": 10, 
                "gamma": 0.0
            }, 
            "fitTimeStd": 3.9009343325242818, 
            "scoreStd": 0.037382954850609398
        }, 
        {
            "scoreTimeStd": 0.010677078252031312, 
            "scoreTime": 0.033000000000000002, 
            "fitTime": 7.4653333333333336, 
            "score": 0.55119752067442007, 
            "params": {
                "reg_alpha": 0.0, 
                "colsample_bytree": 0.75, 
                "colsample_bylevel": 1.0, 
                "learning_rate": 0.3, 
                "max_delta_step": 0.0, 
                "min_child_weight": 0.0, 
                "subsample": 1.0, 
                "reg_lambda": 1.0, 
                "max_depth": 10, 
                "gamma": 0.0
            }, 
            "fitTimeStd": 4.017929842869612, 
            "scoreStd": 0.027620439247559771
        }, 
        {
            "scoreTimeStd": 0.0028674417556808752, 
            "scoreTime": 0.026333333333333334, 
            "fitTime": 0.81966666666666665, 
            "score": 0.56284602127748518, 
            "params": {
                "reg_alpha": 0.0, 
                "colsample_bytree": 0.75, 
                "colsample_bylevel": 1.0, 
                "learning_rate": 0.5, 
                "max_delta_step": 0.0, 
                "min_child_weight": 0.0, 
                "subsample": 0.75, 
                "reg_lambda": 1.0, 
                "max_depth": 1, 
                "gamma": 0.0
            }, 
            "fitTimeStd": 0.70034578760939392, 
            "scoreStd": 0.023855301294040315
        }, 
        {
            "scoreTimeStd": 0.0070710678118654753, 
            "scoreTime": 0.027999999999999997, 
            "fitTime": 0.80866666666666653, 
            "score": 0.56554519860137109, 
            "params": {
                "reg_alpha": 0.0, 
                "colsample_bytree": 0.75, 
                "colsample_bylevel": 1.0, 
                "learning_rate": 0.5, 
                "max_delta_step": 0.0, 
                "min_child_weight": 0.0, 
                "subsample": 1.0, 
                "reg_lambda": 1.0, 
                "max_depth": 1, 
                "gamma": 0.0
            }, 
            "fitTimeStd": 0.27581676687411316, 
            "scoreStd": 0.017745831949753044
        }, 
        {
            "scoreTimeStd": 0.015282524515130199, 
            "scoreTime": 0.036666666666666674, 
            "fitTime": 2.1063333333333332, 
            "score": 0.56551052474526198, 
            "params": {
                "reg_alpha": 0.0, 
                "colsample_bytree": 0.75, 
                "colsample_bylevel": 1.0, 
                "learning_rate": 0.5, 
                "max_delta_step": 0.0, 
                "min_child_weight": 0.0, 
                "subsample": 0.75, 
                "reg_lambda": 1.0, 
                "max_depth": 2, 
                "gamma": 0.0
            }, 
            "fitTimeStd": 1.3514827248454031, 
            "scoreStd": 0.02995565342086606
        }, 
        {
            "scoreTimeStd": 0.002054804667656326, 
            "scoreTime": 0.026333333333333334, 
            "fitTime": 2.9476666666666667, 
            "score": 0.55703823020971088, 
            "params": {
                "reg_alpha": 0.0, 
                "colsample_bytree": 0.75, 
                "colsample_bylevel": 1.0, 
                "learning_rate": 0.5, 
                "max_delta_step": 0.0, 
                "min_child_weight": 0.0, 
                "subsample": 1.0, 
                "reg_lambda": 1.0, 
                "max_depth": 2, 
                "gamma": 0.0
            }, 
            "fitTimeStd": 1.6714270017629314, 
            "scoreStd": 0.021989613715593329
        }, 
        {
            "scoreTimeStd": 0.0032998316455372218, 
            "scoreTime": 0.027333333333333334, 
            "fitTime": 2.5683333333333334, 
            "score": 0.55895067562665823, 
            "params": {
                "reg_alpha": 0.0, 
                "colsample_bytree": 0.75, 
                "colsample_bylevel": 1.0, 
                "learning_rate": 0.5, 
                "max_delta_step": 0.0, 
                "min_child_weight": 0.0, 
                "subsample": 0.75, 
                "reg_lambda": 1.0, 
                "max_depth": 3, 
                "gamma": 0.0
            }, 
            "fitTimeStd": 1.3788462165480562, 
            "scoreStd": 0.022376436293853937
        }, 
        {
            "scoreTimeStd": 0.00047140452079103045, 
            "scoreTime": 0.029333333333333333, 
            "fitTime": 6.4390000000000001, 
            "score": 0.55187444557031906, 
            "params": {
                "reg_alpha": 0.0, 
                "colsample_bytree": 0.75, 
                "colsample_bylevel": 1.0, 
                "learning_rate": 0.5, 
                "max_delta_step": 0.0, 
                "min_child_weight": 0.0, 
                "subsample": 1.0, 
                "reg_lambda": 1.0, 
                "max_depth": 3, 
                "gamma": 0.0
            }, 
            "fitTimeStd": 4.0335270752365933, 
            "scoreStd": 0.033033934918560236
        }, 
        {
            "scoreTimeStd": 0.020821996915655221, 
            "scoreTime": 0.056666666666666671, 
            "fitTime": 6.3703333333333338, 
            "score": 0.53094982890156905, 
            "params": {
                "reg_alpha": 0.0, 
                "colsample_bytree": 0.75, 
                "colsample_bylevel": 1.0, 
                "learning_rate": 0.5, 
                "max_delta_step": 0.0, 
                "min_child_weight": 0.0, 
                "subsample": 0.75, 
                "reg_lambda": 1.0, 
                "max_depth": 5, 
                "gamma": 0.0
            }, 
            "fitTimeStd": 2.955685406504255, 
            "scoreStd": 0.02091948211515985
        }, 
        {
            "scoreTimeStd": 0.0028284271247461909, 
            "scoreTime": 0.031, 
            "fitTime": 4.8120000000000003, 
            "score": 0.54888972615848663, 
            "params": {
                "reg_alpha": 0.0, 
                "colsample_bytree": 0.75, 
                "colsample_bylevel": 1.0, 
                "learning_rate": 0.5, 
                "max_delta_step": 0.0, 
                "min_child_weight": 0.0, 
                "subsample": 1.0, 
                "reg_lambda": 1.0, 
                "max_depth": 5, 
                "gamma": 0.0
            }, 
            "fitTimeStd": 2.9704482265588581, 
            "scoreStd": 0.026070104320467406
        }, 
        {
            "scoreTimeStd": 0.013490737563232044, 
            "scoreTime": 0.039, 
            "fitTime": 8.0739999999999998, 
            "score": 0.55927077161423211, 
            "params": {
                "reg_alpha": 0.0, 
                "colsample_bytree": 0.75, 
                "colsample_bylevel": 1.0, 
                "learning_rate": 0.5, 
                "max_delta_step": 0.0, 
                "min_child_weight": 0.0, 
                "subsample": 0.75, 
                "reg_lambda": 1.0, 
                "max_depth": 10, 
                "gamma": 0.0
            }, 
            "fitTimeStd": 4.2107330319870275, 
            "scoreStd": 0.042017483974419484
        }, 
        {
            "scoreTimeStd": 0.014383632673594278, 
            "scoreTime": 0.048666666666666671, 
            "fitTime": 6.6463333333333336, 
            "score": 0.54686806132227295, 
            "params": {
                "reg_alpha": 0.0, 
                "colsample_bytree": 0.75, 
                "colsample_bylevel": 1.0, 
                "learning_rate": 0.5, 
                "max_delta_step": 0.0, 
                "min_child_weight": 0.0, 
                "subsample": 1.0, 
                "reg_lambda": 1.0, 
                "max_depth": 10, 
                "gamma": 0.0
            }, 
            "fitTimeStd": 3.4165407781685975, 
            "scoreStd": 0.02547349502363282
        }, 
        {
            "scoreTimeStd": 0.003091206165165233, 
            "scoreTime": 0.031666666666666669, 
            "fitTime": 0.45833333333333331, 
            "score": 0.51438605656172887, 
            "params": {
                "reg_alpha": 0.0, 
                "colsample_bytree": 1.0, 
                "colsample_bylevel": 1.0, 
                "learning_rate": 0.01, 
                "max_delta_step": 0.0, 
                "min_child_weight": 0.0, 
                "subsample": 0.75, 
                "reg_lambda": 1.0, 
                "max_depth": 1, 
                "gamma": 0.0
            }, 
            "fitTimeStd": 0.069696166003271359, 
            "scoreStd": 0.010954649652963527
        }, 
        {
            "scoreTimeStd": 0.0054365021434333635, 
            "scoreTime": 0.034333333333333334, 
            "fitTime": 0.34800000000000003, 
            "score": 0.50135329103064652, 
            "params": {
                "reg_alpha": 0.0, 
                "colsample_bytree": 1.0, 
                "colsample_bylevel": 1.0, 
                "learning_rate": 0.01, 
                "max_delta_step": 0.0, 
                "min_child_weight": 0.0, 
                "subsample": 1.0, 
                "reg_lambda": 1.0, 
                "max_depth": 1, 
                "gamma": 0.0
            }, 
            "fitTimeStd": 0.01849324200890692, 
            "scoreStd": 0.0069576781711915142
        }, 
        {
            "scoreTimeStd": 0.0014142135623730965, 
            "scoreTime": 0.028000000000000001, 
            "fitTime": 0.75800000000000001, 
            "score": 0.55001611084176283, 
            "params": {
                "reg_alpha": 0.0, 
                "colsample_bytree": 1.0, 
                "colsample_bylevel": 1.0, 
                "learning_rate": 0.01, 
                "max_delta_step": 0.0, 
                "min_child_weight": 0.0, 
                "subsample": 0.75, 
                "reg_lambda": 1.0, 
                "max_depth": 2, 
                "gamma": 0.0
            }, 
            "fitTimeStd": 0.12620882166737266, 
            "scoreStd": 0.003155444396531982
        }, 
        {
            "scoreTimeStd": 0.053754586367635242, 
            "scoreTime": 0.091666666666666674, 
            "fitTime": 0.70999999999999996, 
            "score": 0.52357751146621723, 
            "params": {
                "reg_alpha": 0.0, 
                "colsample_bytree": 1.0, 
                "colsample_bylevel": 1.0, 
                "learning_rate": 0.01, 
                "max_delta_step": 0.0, 
                "min_child_weight": 0.0, 
                "subsample": 1.0, 
                "reg_lambda": 1.0, 
                "max_depth": 2, 
                "gamma": 0.0
            }, 
            "fitTimeStd": 0.069431020924847917, 
            "scoreStd": 0.0069932438581516076
        }, 
        {
            "scoreTimeStd": 0.0098770215933527, 
            "scoreTime": 0.03833333333333333, 
            "fitTime": 1.1753333333333333, 
            "score": 0.54481505371310213, 
            "params": {
                "reg_alpha": 0.0, 
                "colsample_bytree": 1.0, 
                "colsample_bylevel": 1.0, 
                "learning_rate": 0.01, 
                "max_delta_step": 0.0, 
                "min_child_weight": 0.0, 
                "subsample": 0.75, 
                "reg_lambda": 1.0, 
                "max_depth": 3, 
                "gamma": 0.0
            }, 
            "fitTimeStd": 0.23801167104903814, 
            "scoreStd": 0.015895485293220223
        }, 
        {
            "scoreTimeStd": 0.03043024810940588, 
            "scoreTime": 0.049999999999999996, 
            "fitTime": 0.96099999999999997, 
            "score": 0.52454773430060553, 
            "params": {
                "reg_alpha": 0.0, 
                "colsample_bytree": 1.0, 
                "colsample_bylevel": 1.0, 
                "learning_rate": 0.01, 
                "max_delta_step": 0.0, 
                "min_child_weight": 0.0, 
                "subsample": 1.0, 
                "reg_lambda": 1.0, 
                "max_depth": 3, 
                "gamma": 0.0
            }, 
            "fitTimeStd": 0.23891002490477459, 
            "scoreStd": 0.010544942199453155
        }, 
        {
            "scoreTimeStd": 0.014429907214608909, 
            "scoreTime": 0.035666666666666666, 
            "fitTime": 1.292, 
            "score": 0.56559406033134096, 
            "params": {
                "reg_alpha": 0.0, 
                "colsample_bytree": 1.0, 
                "colsample_bylevel": 1.0, 
                "learning_rate": 0.01, 
                "max_delta_step": 0.0, 
                "min_child_weight": 0.0, 
                "subsample": 0.75, 
                "reg_lambda": 1.0, 
                "max_depth": 5, 
                "gamma": 0.0
            }, 
            "fitTimeStd": 0.058040215942626101, 
            "scoreStd": 0.018901563126345659
        }, 
        {
            "scoreTimeStd": 0.0033993463423951913, 
            "scoreTime": 0.030333333333333334, 
            "fitTime": 1.5086666666666666, 
            "score": 0.53406180818557392, 
            "params": {
                "reg_alpha": 0.0, 
                "colsample_bytree": 1.0, 
                "colsample_bylevel": 1.0, 
                "learning_rate": 0.01, 
                "max_delta_step": 0.0, 
                "min_child_weight": 0.0, 
                "subsample": 1.0, 
                "reg_lambda": 1.0, 
                "max_depth": 5, 
                "gamma": 0.0
            }, 
            "fitTimeStd": 0.29953779208789139, 
            "scoreStd": 0.020866227153978015
        }, 
        {
            "scoreTimeStd": 0.0028284271247461892, 
            "scoreTime": 0.027, 
            "fitTime": 4.9143333333333343, 
            "score": 0.55820213366143023, 
            "params": {
                "reg_alpha": 0.0, 
                "colsample_bytree": 1.0, 
                "colsample_bylevel": 1.0, 
                "learning_rate": 0.01, 
                "max_delta_step": 0.0, 
                "min_child_weight": 0.0, 
                "subsample": 0.75, 
                "reg_lambda": 1.0, 
                "max_depth": 10, 
                "gamma": 0.0
            }, 
            "fitTimeStd": 0.61810265238784468, 
            "scoreStd": 0.025636836964081703
        }, 
        {
            "scoreTimeStd": 0.01673983937265296, 
            "scoreTime": 0.03833333333333333, 
            "fitTime": 5.6726666666666672, 
            "score": 0.53817017611523688, 
            "params": {
                "reg_alpha": 0.0, 
                "colsample_bytree": 1.0, 
                "colsample_bylevel": 1.0, 
                "learning_rate": 0.01, 
                "max_delta_step": 0.0, 
                "min_child_weight": 0.0, 
                "subsample": 1.0, 
                "reg_lambda": 1.0, 
                "max_depth": 10, 
                "gamma": 0.0
            }, 
            "fitTimeStd": 0.85793330484109032, 
            "scoreStd": 0.013805451812619739
        }, 
        {
            "scoreTimeStd": 0.0016996731711975948, 
            "scoreTime": 0.029333333333333333, 
            "fitTime": 0.49333333333333335, 
            "score": 0.52945947243017966, 
            "params": {
                "reg_alpha": 0.0, 
                "colsample_bytree": 1.0, 
                "colsample_bylevel": 1.0, 
                "learning_rate": 0.05, 
                "max_delta_step": 0.0, 
                "min_child_weight": 0.0, 
                "subsample": 0.75, 
                "reg_lambda": 1.0, 
                "max_depth": 1, 
                "gamma": 0.0
            }, 
            "fitTimeStd": 0.16408195784085733, 
            "scoreStd": 0.0078316801711281192
        }, 
        {
            "scoreTimeStd": 0.0041096093353126502, 
            "scoreTime": 0.030666666666666665, 
            "fitTime": 0.41200000000000009, 
            "score": 0.50645334696720501, 
            "params": {
                "reg_alpha": 0.0, 
                "colsample_bytree": 1.0, 
                "colsample_bylevel": 1.0, 
                "learning_rate": 0.05, 
                "max_delta_step": 0.0, 
                "min_child_weight": 0.0, 
                "subsample": 1.0, 
                "reg_lambda": 1.0, 
                "max_depth": 1, 
                "gamma": 0.0
            }, 
            "fitTimeStd": 0.078574805122252761, 
            "scoreStd": 0.0038065616731007054
        }, 
        {
            "scoreTimeStd": 0.055240886628977595, 
            "scoreTime": 0.081333333333333327, 
            "fitTime": 0.91366666666666674, 
            "score": 0.5414109207761405, 
            "params": {
                "reg_alpha": 0.0, 
                "colsample_bytree": 1.0, 
                "colsample_bylevel": 1.0, 
                "learning_rate": 0.05, 
                "max_delta_step": 0.0, 
                "min_child_weight": 0.0, 
                "subsample": 0.75, 
                "reg_lambda": 1.0, 
                "max_depth": 2, 
                "gamma": 0.0
            }, 
            "fitTimeStd": 0.13107334672702239, 
            "scoreStd": 0.0089195024855542003
        }, 
        {
            "scoreTimeStd": 0.00047140452079103045, 
            "scoreTime": 0.029333333333333333, 
            "fitTime": 0.66699999999999993, 
            "score": 0.53401628451103567, 
            "params": {
                "reg_alpha": 0.0, 
                "colsample_bytree": 1.0, 
                "colsample_bylevel": 1.0, 
                "learning_rate": 0.05, 
                "max_delta_step": 0.0, 
                "min_child_weight": 0.0, 
                "subsample": 1.0, 
                "reg_lambda": 1.0, 
                "max_depth": 2, 
                "gamma": 0.0
            }, 
            "fitTimeStd": 0.061226355980628699, 
            "scoreStd": 0.0022648033631461248
        }, 
        {
            "scoreTimeStd": 0.029238483012784519, 
            "scoreTime": 0.048666666666666664, 
            "fitTime": 1.2936666666666665, 
            "score": 0.55896318397629874, 
            "params": {
                "reg_alpha": 0.0, 
                "colsample_bytree": 1.0, 
                "colsample_bylevel": 1.0, 
                "learning_rate": 0.05, 
                "max_delta_step": 0.0, 
                "min_child_weight": 0.0, 
                "subsample": 0.75, 
                "reg_lambda": 1.0, 
                "max_depth": 3, 
                "gamma": 0.0
            }, 
            "fitTimeStd": 0.43804819623212948, 
            "scoreStd": 0.0095763634682619597
        }, 
        {
            "scoreTimeStd": 0.0043204937989385749, 
            "scoreTime": 0.029000000000000001, 
            "fitTime": 1.3406666666666667, 
            "score": 0.53646172704728701, 
            "params": {
                "reg_alpha": 0.0, 
                "colsample_bytree": 1.0, 
                "colsample_bylevel": 1.0, 
                "learning_rate": 0.05, 
                "max_delta_step": 0.0, 
                "min_child_weight": 0.0, 
                "subsample": 1.0, 
                "reg_lambda": 1.0, 
                "max_depth": 3, 
                "gamma": 0.0
            }, 
            "fitTimeStd": 0.20906511479015866, 
            "scoreStd": 0.01639416542985702
        }, 
        {
            "scoreTimeStd": 0.0098092926463747756, 
            "scoreTime": 0.037666666666666668, 
            "fitTime": 1.9383333333333335, 
            "score": 0.56080774282960011, 
            "params": {
                "reg_alpha": 0.0, 
                "colsample_bytree": 1.0, 
                "colsample_bylevel": 1.0, 
                "learning_rate": 0.05, 
                "max_delta_step": 0.0, 
                "min_child_weight": 0.0, 
                "subsample": 0.75, 
                "reg_lambda": 1.0, 
                "max_depth": 5, 
                "gamma": 0.0
            }, 
            "fitTimeStd": 0.25194752540073795, 
            "scoreStd": 0.0082353228911490467
        }, 
        {
            "scoreTimeStd": 0.0061282587702834119, 
            "scoreTime": 0.031333333333333331, 
            "fitTime": 1.1366666666666667, 
            "score": 0.54305578271535893, 
            "params": {
                "reg_alpha": 0.0, 
                "colsample_bytree": 1.0, 
                "colsample_bylevel": 1.0, 
                "learning_rate": 0.05, 
                "max_delta_step": 0.0, 
                "min_child_weight": 0.0, 
                "subsample": 1.0, 
                "reg_lambda": 1.0, 
                "max_depth": 5, 
                "gamma": 0.0
            }, 
            "fitTimeStd": 0.075658589877304908, 
            "scoreStd": 0.012620655104418217
        }, 
        {
            "scoreTimeStd": 0.013199326582148885, 
            "scoreTime": 0.043333333333333335, 
            "fitTime": 6.4043333333333337, 
            "score": 0.56624659047856007, 
            "params": {
                "reg_alpha": 0.0, 
                "colsample_bytree": 1.0, 
                "colsample_bylevel": 1.0, 
                "learning_rate": 0.05, 
                "max_delta_step": 0.0, 
                "min_child_weight": 0.0, 
                "subsample": 0.75, 
                "reg_lambda": 1.0, 
                "max_depth": 10, 
                "gamma": 0.0
            }, 
            "fitTimeStd": 1.5049922111278702, 
            "scoreStd": 0.033980318846727843
        }, 
        {
            "scoreTimeStd": 0.021139746660943901, 
            "scoreTime": 0.045666666666666661, 
            "fitTime": 3.3643333333333332, 
            "score": 0.54513997402640002, 
            "params": {
                "reg_alpha": 0.0, 
                "colsample_bytree": 1.0, 
                "colsample_bylevel": 1.0, 
                "learning_rate": 0.05, 
                "max_delta_step": 0.0, 
                "min_child_weight": 0.0, 
                "subsample": 1.0, 
                "reg_lambda": 1.0, 
                "max_depth": 10, 
                "gamma": 0.0
            }, 
            "fitTimeStd": 0.47148088213863176, 
            "scoreStd": 0.017082356823167458
        }, 
        {
            "scoreTimeStd": 0.040868352330650941, 
            "scoreTime": 0.076666666666666661, 
            "fitTime": 0.43766666666666665, 
            "score": 0.52533388400720626, 
            "params": {
                "reg_alpha": 0.0, 
                "colsample_bytree": 1.0, 
                "colsample_bylevel": 1.0, 
                "learning_rate": 0.1, 
                "max_delta_step": 0.0, 
                "min_child_weight": 0.0, 
                "subsample": 0.75, 
                "reg_lambda": 1.0, 
                "max_depth": 1, 
                "gamma": 0.0
            }, 
            "fitTimeStd": 0.048801183956493882, 
            "scoreStd": 0.01455181690962541
        }, 
        {
            "scoreTimeStd": 0.023537204591879635, 
            "scoreTime": 0.055, 
            "fitTime": 0.39666666666666667, 
            "score": 0.51094866903212577, 
            "params": {
                "reg_alpha": 0.0, 
                "colsample_bytree": 1.0, 
                "colsample_bylevel": 1.0, 
                "learning_rate": 0.1, 
                "max_delta_step": 0.0, 
                "min_child_weight": 0.0, 
                "subsample": 1.0, 
                "reg_lambda": 1.0, 
                "max_depth": 1, 
                "gamma": 0.0
            }, 
            "fitTimeStd": 0.035649528592800343, 
            "scoreStd": 0.0024887483682190393
        }, 
        {
            "scoreTimeStd": 0.0029439202887759481, 
            "scoreTime": 0.035999999999999997, 
            "fitTime": 0.73966666666666681, 
            "score": 0.54477974484874403, 
            "params": {
                "reg_alpha": 0.0, 
                "colsample_bytree": 1.0, 
                "colsample_bylevel": 1.0, 
                "learning_rate": 0.1, 
                "max_delta_step": 0.0, 
                "min_child_weight": 0.0, 
                "subsample": 0.75, 
                "reg_lambda": 1.0, 
                "max_depth": 2, 
                "gamma": 0.0
            }, 
            "fitTimeStd": 0.13314737031658652, 
            "scoreStd": 0.018600824606012669
        }, 
        {
            "scoreTimeStd": 0.0024944382578492947, 
            "scoreTime": 0.02466666666666667, 
            "fitTime": 0.74333333333333329, 
            "score": 0.53802567276022539, 
            "params": {
                "reg_alpha": 0.0, 
                "colsample_bytree": 1.0, 
                "colsample_bylevel": 1.0, 
                "learning_rate": 0.1, 
                "max_delta_step": 0.0, 
                "min_child_weight": 0.0, 
                "subsample": 1.0, 
                "reg_lambda": 1.0, 
                "max_depth": 2, 
                "gamma": 0.0
            }, 
            "fitTimeStd": 0.39885864942636284, 
            "scoreStd": 0.015269254205851701
        }, 
        {
            "scoreTimeStd": 0.013224556283251582, 
            "scoreTime": 0.035333333333333335, 
            "fitTime": 0.86433333333333329, 
            "score": 0.54682268933700429, 
            "params": {
                "reg_alpha": 0.0, 
                "colsample_bytree": 1.0, 
                "colsample_bylevel": 1.0, 
                "learning_rate": 0.1, 
                "max_delta_step": 0.0, 
                "min_child_weight": 0.0, 
                "subsample": 0.75, 
                "reg_lambda": 1.0, 
                "max_depth": 3, 
                "gamma": 0.0
            }, 
            "fitTimeStd": 0.20855428283516236, 
            "scoreStd": 0.017673941405819633
        }, 
        {
            "scoreTimeStd": 0.00047140452079103207, 
            "scoreTime": 0.023333333333333334, 
            "fitTime": 2.0826666666666669, 
            "score": 0.54266313331018046, 
            "params": {
                "reg_alpha": 0.0, 
                "colsample_bytree": 1.0, 
                "colsample_bylevel": 1.0, 
                "learning_rate": 0.1, 
                "max_delta_step": 0.0, 
                "min_child_weight": 0.0, 
                "subsample": 1.0, 
                "reg_lambda": 1.0, 
                "max_depth": 3, 
                "gamma": 0.0
            }, 
            "fitTimeStd": 1.3121108523630498, 
            "scoreStd": 0.006470737737167046
        }, 
        {
            "scoreTimeStd": 0.0049665548085837804, 
            "scoreTime": 0.033000000000000002, 
            "fitTime": 11.903666666666666, 
            "score": 0.55830705163233585, 
            "params": {
                "reg_alpha": 0.0, 
                "colsample_bytree": 1.0, 
                "colsample_bylevel": 1.0, 
                "learning_rate": 0.1, 
                "max_delta_step": 0.0, 
                "min_child_weight": 0.0, 
                "subsample": 0.75, 
                "reg_lambda": 1.0, 
                "max_depth": 5, 
                "gamma": 0.0
            }, 
            "fitTimeStd": 6.956150579802661, 
            "scoreStd": 0.024443415345097582
        }, 
        {
            "scoreTimeStd": 0.0052493385826745415, 
            "scoreTime": 0.027666666666666669, 
            "fitTime": 3.3906666666666667, 
            "score": 0.56532202651891317, 
            "params": {
                "reg_alpha": 0.0, 
                "colsample_bytree": 1.0, 
                "colsample_bylevel": 1.0, 
                "learning_rate": 0.1, 
                "max_delta_step": 0.0, 
                "min_child_weight": 0.0, 
                "subsample": 1.0, 
                "reg_lambda": 1.0, 
                "max_depth": 5, 
                "gamma": 0.0
            }, 
            "fitTimeStd": 3.4056660957227671, 
            "scoreStd": 0.023415448642169729
        }, 
        {
            "scoreTimeStd": 0.0038586123009300751, 
            "scoreTime": 0.030333333333333334, 
            "fitTime": 17.193666666666669, 
            "score": 0.55970302926331594, 
            "params": {
                "reg_alpha": 0.0, 
                "colsample_bytree": 1.0, 
                "colsample_bylevel": 1.0, 
                "learning_rate": 0.1, 
                "max_delta_step": 0.0, 
                "min_child_weight": 0.0, 
                "subsample": 0.75, 
                "reg_lambda": 1.0, 
                "max_depth": 10, 
                "gamma": 0.0
            }, 
            "fitTimeStd": 10.769238454453914, 
            "scoreStd": 0.027538934714364676
        }, 
        {
            "scoreTimeStd": 0.0037416573867739417, 
            "scoreTime": 0.037000000000000005, 
            "fitTime": 21.738, 
            "score": 0.55860901556415743, 
            "params": {
                "reg_alpha": 0.0, 
                "colsample_bytree": 1.0, 
                "colsample_bylevel": 1.0, 
                "learning_rate": 0.1, 
                "max_delta_step": 0.0, 
                "min_child_weight": 0.0, 
                "subsample": 1.0, 
                "reg_lambda": 1.0, 
                "max_depth": 10, 
                "gamma": 0.0
            }, 
            "fitTimeStd": 12.843642032798432, 
            "scoreStd": 0.029844554009949099
        }, 
        {
            "scoreTimeStd": 0.0024494897427831787, 
            "scoreTime": 0.028999999999999998, 
            "fitTime": 0.44833333333333331, 
            "score": 0.53739683934397908, 
            "params": {
                "reg_alpha": 0.0, 
                "colsample_bytree": 1.0, 
                "colsample_bylevel": 1.0, 
                "learning_rate": 0.3, 
                "max_delta_step": 0.0, 
                "min_child_weight": 0.0, 
                "subsample": 0.75, 
                "reg_lambda": 1.0, 
                "max_depth": 1, 
                "gamma": 0.0
            }, 
            "fitTimeStd": 0.030092450142112984, 
            "scoreStd": 0.010951009521503846
        }, 
        {
            "scoreTimeStd": 0.0073635740114581733, 
            "scoreTime": 0.03666666666666666, 
            "fitTime": 0.58566666666666667, 
            "score": 0.53685261576036625, 
            "params": {
                "reg_alpha": 0.0, 
                "colsample_bytree": 1.0, 
                "colsample_bylevel": 1.0, 
                "learning_rate": 0.3, 
                "max_delta_step": 0.0, 
                "min_child_weight": 0.0, 
                "subsample": 1.0, 
                "reg_lambda": 1.0, 
                "max_depth": 1, 
                "gamma": 0.0
            }, 
            "fitTimeStd": 0.13584631839774763, 
            "scoreStd": 0.012750599120347492
        }, 
        {
            "scoreTimeStd": 0.0057154760664940817, 
            "scoreTime": 0.029999999999999999, 
            "fitTime": 2.7013333333333329, 
            "score": 0.56540505349877124, 
            "params": {
                "reg_alpha": 0.0, 
                "colsample_bytree": 1.0, 
                "colsample_bylevel": 1.0, 
                "learning_rate": 0.3, 
                "max_delta_step": 0.0, 
                "min_child_weight": 0.0, 
                "subsample": 0.75, 
                "reg_lambda": 1.0, 
                "max_depth": 2, 
                "gamma": 0.0
            }, 
            "fitTimeStd": 1.3385057174160877, 
            "scoreStd": 0.020279804343085298
        }, 
        {
            "scoreTimeStd": 0.0012472191289246467, 
            "scoreTime": 0.028333333333333332, 
            "fitTime": 2.9869999999999997, 
            "score": 0.56889535595149132, 
            "params": {
                "reg_alpha": 0.0, 
                "colsample_bytree": 1.0, 
                "colsample_bylevel": 1.0, 
                "learning_rate": 0.3, 
                "max_delta_step": 0.0, 
                "min_child_weight": 0.0, 
                "subsample": 1.0, 
                "reg_lambda": 1.0, 
                "max_depth": 2, 
                "gamma": 0.0
            }, 
            "fitTimeStd": 2.8848834754053176, 
            "scoreStd": 0.027930001276133626
        }, 
        {
            "scoreTimeStd": 0.010424330514074591, 
            "scoreTime": 0.040000000000000001, 
            "fitTime": 4.79, 
            "score": 0.55848736101155194, 
            "params": {
                "reg_alpha": 0.0, 
                "colsample_bytree": 1.0, 
                "colsample_bylevel": 1.0, 
                "learning_rate": 0.3, 
                "max_delta_step": 0.0, 
                "min_child_weight": 0.0, 
                "subsample": 0.75, 
                "reg_lambda": 1.0, 
                "max_depth": 3, 
                "gamma": 0.0
            }, 
            "fitTimeStd": 2.3857997960153043, 
            "scoreStd": 0.037707767991233515
        }, 
        {
            "scoreTimeStd": 0.036536131279719379, 
            "scoreTime": 0.051333333333333335, 
            "fitTime": 6.8543333333333338, 
            "score": 0.5530905566219233, 
            "params": {
                "reg_alpha": 0.0, 
                "colsample_bytree": 1.0, 
                "colsample_bylevel": 1.0, 
                "learning_rate": 0.3, 
                "max_delta_step": 0.0, 
                "min_child_weight": 0.0, 
                "subsample": 1.0, 
                "reg_lambda": 1.0, 
                "max_depth": 3, 
                "gamma": 0.0
            }, 
            "fitTimeStd": 3.4731186114051571, 
            "scoreStd": 0.032219817110075419
        }, 
        {
            "scoreTimeStd": 0.000942809041582061, 
            "scoreTime": 0.036333333333333336, 
            "fitTime": 9.5703333333333322, 
            "score": 0.54671945734413552, 
            "params": {
                "reg_alpha": 0.0, 
                "colsample_bytree": 1.0, 
                "colsample_bylevel": 1.0, 
                "learning_rate": 0.3, 
                "max_delta_step": 0.0, 
                "min_child_weight": 0.0, 
                "subsample": 0.75, 
                "reg_lambda": 1.0, 
                "max_depth": 5, 
                "gamma": 0.0
            }, 
            "fitTimeStd": 5.4365841195450004, 
            "scoreStd": 0.036074564585110144
        }, 
        {
            "scoreTimeStd": 0.015520595635763754, 
            "scoreTime": 0.046333333333333337, 
            "fitTime": 11.992666666666667, 
            "score": 0.5564994166323558, 
            "params": {
                "reg_alpha": 0.0, 
                "colsample_bytree": 1.0, 
                "colsample_bylevel": 1.0, 
                "learning_rate": 0.3, 
                "max_delta_step": 0.0, 
                "min_child_weight": 0.0, 
                "subsample": 1.0, 
                "reg_lambda": 1.0, 
                "max_depth": 5, 
                "gamma": 0.0
            }, 
            "fitTimeStd": 7.4328240632720188, 
            "scoreStd": 0.029927597718719483
        }, 
        {
            "scoreTimeStd": 0.01114550233153366, 
            "scoreTime": 0.045666666666666668, 
            "fitTime": 12.030666666666667, 
            "score": 0.5501033256171074, 
            "params": {
                "reg_alpha": 0.0, 
                "colsample_bytree": 1.0, 
                "colsample_bylevel": 1.0, 
                "learning_rate": 0.3, 
                "max_delta_step": 0.0, 
                "min_child_weight": 0.0, 
                "subsample": 0.75, 
                "reg_lambda": 1.0, 
                "max_depth": 10, 
                "gamma": 0.0
            }, 
            "fitTimeStd": 6.0676336042608536, 
            "scoreStd": 0.028207662910297193
        }, 
        {
            "scoreTimeStd": 0.001247219128924645, 
            "scoreTime": 0.035333333333333335, 
            "fitTime": 12.633666666666668, 
            "score": 0.5442539498466642, 
            "params": {
                "reg_alpha": 0.0, 
                "colsample_bytree": 1.0, 
                "colsample_bylevel": 1.0, 
                "learning_rate": 0.3, 
                "max_delta_step": 0.0, 
                "min_child_weight": 0.0, 
                "subsample": 1.0, 
                "reg_lambda": 1.0, 
                "max_depth": 10, 
                "gamma": 0.0
            }, 
            "fitTimeStd": 6.8291946491189979, 
            "scoreStd": 0.02468502104223854
        }, 
        {
            "scoreTimeStd": 0.0016996731711975952, 
            "scoreTime": 0.028333333333333332, 
            "fitTime": 1.8056666666666665, 
            "score": 0.55049575333881007, 
            "params": {
                "reg_alpha": 0.0, 
                "colsample_bytree": 1.0, 
                "colsample_bylevel": 1.0, 
                "learning_rate": 0.5, 
                "max_delta_step": 0.0, 
                "min_child_weight": 0.0, 
                "subsample": 0.75, 
                "reg_lambda": 1.0, 
                "max_depth": 1, 
                "gamma": 0.0
            }, 
            "fitTimeStd": 1.487205283595898, 
            "scoreStd": 0.018744242777392155
        }, 
        {
            "scoreTimeStd": 0.00047140452079103207, 
            "scoreTime": 0.033666666666666671, 
            "fitTime": 0.45700000000000002, 
            "score": 0.53428834188191243, 
            "params": {
                "reg_alpha": 0.0, 
                "colsample_bytree": 1.0, 
                "colsample_bylevel": 1.0, 
                "learning_rate": 0.5, 
                "max_delta_step": 0.0, 
                "min_child_weight": 0.0, 
                "subsample": 1.0, 
                "reg_lambda": 1.0, 
                "max_depth": 1, 
                "gamma": 0.0
            }, 
            "fitTimeStd": 0.042669270753865313, 
            "scoreStd": 0.010880669393074438
        }, 
        {
            "scoreTimeStd": 0.023156472577277876, 
            "scoreTime": 0.045666666666666668, 
            "fitTime": 3.0313333333333339, 
            "score": 0.55403074515179462, 
            "params": {
                "reg_alpha": 0.0, 
                "colsample_bytree": 1.0, 
                "colsample_bylevel": 1.0, 
                "learning_rate": 0.5, 
                "max_delta_step": 0.0, 
                "min_child_weight": 0.0, 
                "subsample": 0.75, 
                "reg_lambda": 1.0, 
                "max_depth": 2, 
                "gamma": 0.0
            }, 
            "fitTimeStd": 1.9075510186857099, 
            "scoreStd": 0.028111895433760029
        }, 
        {
            "scoreTimeStd": 0.011343133018115703, 
            "scoreTime": 0.034000000000000002, 
            "fitTime": 5.2396666666666674, 
            "score": 0.55388945579764515, 
            "params": {
                "reg_alpha": 0.0, 
                "colsample_bytree": 1.0, 
                "colsample_bylevel": 1.0, 
                "learning_rate": 0.5, 
                "max_delta_step": 0.0, 
                "min_child_weight": 0.0, 
                "subsample": 1.0, 
                "reg_lambda": 1.0, 
                "max_depth": 2, 
                "gamma": 0.0
            }, 
            "fitTimeStd": 3.1748650714986648, 
            "scoreStd": 0.030771637824022469
        }, 
        {
            "scoreTimeStd": 0.0070395706939809588, 
            "scoreTime": 0.042333333333333334, 
            "fitTime": 4.6713333333333331, 
            "score": 0.55395063760348118, 
            "params": {
                "reg_alpha": 0.0, 
                "colsample_bytree": 1.0, 
                "colsample_bylevel": 1.0, 
                "learning_rate": 0.5, 
                "max_delta_step": 0.0, 
                "min_child_weight": 0.0, 
                "subsample": 0.75, 
                "reg_lambda": 1.0, 
                "max_depth": 3, 
                "gamma": 0.0
            }, 
            "fitTimeStd": 2.9931640263922867, 
            "scoreStd": 0.011677832335873252
        }, 
        {
            "scoreTimeStd": 0.013912424503139469, 
            "scoreTime": 0.032333333333333332, 
            "fitTime": 5.8930000000000007, 
            "score": 0.55787542686887104, 
            "params": {
                "reg_alpha": 0.0, 
                "colsample_bytree": 1.0, 
                "colsample_bylevel": 1.0, 
                "learning_rate": 0.5, 
                "max_delta_step": 0.0, 
                "min_child_weight": 0.0, 
                "subsample": 1.0, 
                "reg_lambda": 1.0, 
                "max_depth": 3, 
                "gamma": 0.0
            }, 
            "fitTimeStd": 4.3117774370515312, 
            "scoreStd": 0.025630121443446827
        }, 
        {
            "scoreTimeStd": 0.0098432153734889331, 
            "scoreTime": 0.036333333333333336, 
            "fitTime": 7.0819999999999999, 
            "score": 0.53995264783932662, 
            "params": {
                "reg_alpha": 0.0, 
                "colsample_bytree": 1.0, 
                "colsample_bylevel": 1.0, 
                "learning_rate": 0.5, 
                "max_delta_step": 0.0, 
                "min_child_weight": 0.0, 
                "subsample": 0.75, 
                "reg_lambda": 1.0, 
                "max_depth": 5, 
                "gamma": 0.0
            }, 
            "fitTimeStd": 4.1200197410530288, 
            "scoreStd": 0.030299021798286509
        }, 
        {
            "scoreTimeStd": 0.0024944382578492939, 
            "scoreTime": 0.022666666666666668, 
            "fitTime": 6.2366666666666672, 
            "score": 0.5546564308156583, 
            "params": {
                "reg_alpha": 0.0, 
                "colsample_bytree": 1.0, 
                "colsample_bylevel": 1.0, 
                "learning_rate": 0.5, 
                "max_delta_step": 0.0, 
                "min_child_weight": 0.0, 
                "subsample": 1.0, 
                "reg_lambda": 1.0, 
                "max_depth": 5, 
                "gamma": 0.0
            }, 
            "fitTimeStd": 3.3542759112644402, 
            "scoreStd": 0.030355820078990226
        }, 
        {
            "scoreTimeStd": 0.00081649658092772541, 
            "scoreTime": 0.025999999999999999, 
            "fitTime": 6.7536666666666667, 
            "score": 0.54118680320036305, 
            "params": {
                "reg_alpha": 0.0, 
                "colsample_bytree": 1.0, 
                "colsample_bylevel": 1.0, 
                "learning_rate": 0.5, 
                "max_delta_step": 0.0, 
                "min_child_weight": 0.0, 
                "subsample": 0.75, 
                "reg_lambda": 1.0, 
                "max_depth": 10, 
                "gamma": 0.0
            }, 
            "fitTimeStd": 3.1642739381342375, 
            "scoreStd": 0.029951192347365457
        }, 
        {
            "scoreTimeStd": 0.0044969125210773467, 
            "scoreTime": 0.023333333333333334, 
            "fitTime": 5.758, 
            "score": 0.56176254666805669, 
            "params": {
                "reg_alpha": 0.0, 
                "colsample_bytree": 1.0, 
                "colsample_bylevel": 1.0, 
                "learning_rate": 0.5, 
                "max_delta_step": 0.0, 
                "min_child_weight": 0.0, 
                "subsample": 1.0, 
                "reg_lambda": 1.0, 
                "max_depth": 10, 
                "gamma": 0.0
            }, 
            "fitTimeStd": 1.9400041237069572, 
            "scoreStd": 0.035507891755583748
        }
    ], 
    "gridBestScore": 0.57005872027724436, 
    "modelInputIsSparse": false, 
    "nBoostedEstimators": 7
}