{
  "state": "DONE",
  "preSearchDescription": {
    "gridLength": 100,
    "importantParams": [
      {
        "name": "trees",
        "val": "300"
      },
      {
        "name": "max_depth",
        "vals": [
          "1",
          "2",
          "3",
          "5",
          "10"
        ]
      }
    ]
  },
  "postSearchDescription": {
    "importantParams": [
      {
        "name": "trees",
        "val": "8"
      },
      {
        "name": "max_depth",
        "val": "10"
      }
    ]
  },
  "modelId": "m1",
  "progress": {
    "top_level_todo": [],
    "stack": [],
    "top_level_done": [
      {
        "name": "Loading train set",
        "time": 22
      },
      {
        "name": "Loading test set",
        "time": 13
      },
      {
        "name": "Collecting statistics",
        "time": 98
      },
      {
        "name": "Preprocessing train set",
        "time": 130
      },
      {
        "name": "Preprocessing test set",
        "time": 137
      },
      {
        "name": "Grid searching",
        "time": 289796
      },
      {
        "name": "Fitting model",
        "time": 941
      },
      {
        "name": "Saving model",
        "time": 3
      },
      {
        "name": "Scoring model",
        "time": 98
      }
    ]
  },
  "startTime": 1524748322879,
  "endTime": 1524748614122,
  "preprocessingTime": 404,
  "trainingTime": 290839
}