[
    {
        "parameters": {
            "hidden_layer_sizes": 10
        }, 
        "score_time": 118, 
        "test_score": 0.4291384571587583, 
        "fit_time": 81084, 
        "num_samples": 26608, 
        "best_iteration": null, 
        "train_score": 0.7072223532559239, 
        "parameter_id": 0, 
        "time": 81202, 
        "done_at": 1523112022399, 
        "grid_point_id": "{\"hidden_layer_sizes\": 10}@2"
    }, 
    {
        "parameters": {
            "hidden_layer_sizes": 100
        }, 
        "score_time": 590, 
        "test_score": 0.4131491308449854, 
        "fit_time": 130537, 
        "num_samples": 26609, 
        "best_iteration": null, 
        "train_score": 0.6017258605622102, 
        "parameter_id": 1, 
        "time": 131127, 
        "done_at": 1523112073294, 
        "grid_point_id": "{\"hidden_layer_sizes\": 100}@0"
    }, 
    {
        "parameters": {
            "hidden_layer_sizes": 10
        }, 
        "score_time": 112, 
        "test_score": 0.41554175398355164, 
        "fit_time": 132718, 
        "num_samples": 26609, 
        "best_iteration": null, 
        "train_score": 0.6035643190840836, 
        "parameter_id": 0, 
        "time": 132830, 
        "done_at": 1523112074010, 
        "grid_point_id": "{\"hidden_layer_sizes\": 10}@0"
    }, 
    {
        "parameters": {
            "hidden_layer_sizes": 10
        }, 
        "score_time": 117, 
        "test_score": 0.7207999953260565, 
        "fit_time": 174179, 
        "num_samples": 26608, 
        "best_iteration": null, 
        "train_score": 0.5253190240939067, 
        "parameter_id": 0, 
        "time": 174296, 
        "done_at": 1523112115653, 
        "grid_point_id": "{\"hidden_layer_sizes\": 10}@1"
    }, 
    {
        "parameters": {
            "hidden_layer_sizes": 100
        }, 
        "score_time": 712, 
        "test_score": 0.742949356789329, 
        "fit_time": 103877, 
        "num_samples": 26608, 
        "best_iteration": null, 
        "train_score": 0.5134515286428414, 
        "parameter_id": 1, 
        "time": 104589, 
        "done_at": 1523112129099, 
        "grid_point_id": "{\"hidden_layer_sizes\": 100}@1"
    }, 
    {
        "parameters": {
            "hidden_layer_sizes": 40
        }, 
        "score_time": 379, 
        "test_score": 0.4075488852082455, 
        "fit_time": 113476, 
        "num_samples": 26609, 
        "best_iteration": null, 
        "train_score": 0.5994646846131768, 
        "parameter_id": 2, 
        "time": 113855, 
        "done_at": 1523112188599, 
        "grid_point_id": "{\"hidden_layer_sizes\": 40}@0"
    }, 
    {
        "parameters": {
            "hidden_layer_sizes": 40
        }, 
        "score_time": 332, 
        "test_score": 0.4072098728015613, 
        "fit_time": 63594, 
        "num_samples": 26608, 
        "best_iteration": null, 
        "train_score": 0.7047154615678293, 
        "parameter_id": 2, 
        "time": 63926, 
        "done_at": 1523112193740, 
        "grid_point_id": "{\"hidden_layer_sizes\": 40}@2"
    }, 
    {
        "parameters": {
            "hidden_layer_sizes": 100
        }, 
        "score_time": 495, 
        "test_score": 0.3920931637975176, 
        "fit_time": 148573, 
        "num_samples": 26608, 
        "best_iteration": null, 
        "train_score": 0.7134833406087119, 
        "parameter_id": 1, 
        "time": 149068, 
        "done_at": 1523112223039, 
        "grid_point_id": "{\"hidden_layer_sizes\": 100}@2"
    }, 
    {
        "parameters": {
            "hidden_layer_sizes": 40
        }, 
        "score_time": 136, 
        "test_score": 0.718313388243633, 
        "fit_time": 130824, 
        "num_samples": 26608, 
        "best_iteration": null, 
        "train_score": 0.524673248331643, 
        "parameter_id": 2, 
        "time": 130960, 
        "done_at": 1523112247092, 
        "grid_point_id": "{\"hidden_layer_sizes\": 40}@1"
    }
]