{
    "gridSize": 3, 
    "nThreads": 4, 
    "metric": "R2", 
    "gridPoints": [
        {
            "index": 0, 
            "finishedAt": 1523112115653.0, 
            "score": 0.52182540401458533, 
            "parameters": {
                "hidden_layer_sizes": 10
            }, 
            "time": 388328.0
        }, 
        {
            "index": 1, 
            "finishedAt": 1523112223039.0, 
            "score": 0.51606672609652326, 
            "parameters": {
                "hidden_layer_sizes": 100
            }, 
            "time": 384784.0
        }, 
        {
            "index": 2, 
            "finishedAt": 1523112247092.0, 
            "score": 0.51102274822905513, 
            "parameters": {
                "hidden_layer_sizes": 40
            }, 
            "time": 308741.0
        }
    ], 
    "startedAt": 1523111940812, 
    "nSplits": 3
}