{
    "usedGridSearch": true, 
    "gridSize": 3, 
    "modelInputNRows": 79825, 
    "modelInputNCols": 67, 
    "modelInputMemory": 42786200, 
    "gridCells": [
        {
            "scoreTimeStd": 0.0026246692913372686, 
            "scoreTime": 0.11566666666666665, 
            "fitTime": 129.327, 
            "score": 0.52182540401458544, 
            "params": {
                "hidden_layer_sizes": 10
            }, 
            "fitTimeStd": 38.081438321926164, 
            "scoreStd": 0.14080441730887946
        }, 
        {
            "scoreTimeStd": 0.088818166309976618, 
            "scoreTime": 0.59900000000000009, 
            "fitTime": 127.66233333333332, 
            "score": 0.51606259455595405, 
            "params": {
                "hidden_layer_sizes": 100
            }, 
            "fitTimeStd": 18.359936189673672, 
            "scoreStd": 0.16066178928128594
        }, 
        {
            "scoreTimeStd": 0.10523729799310171, 
            "scoreTime": 0.28233333333333333, 
            "fitTime": 102.63133333333333, 
            "score": 0.51102275247600037, 
            "params": {
                "hidden_layer_sizes": 40
            }, 
            "fitTimeStd": 28.497641087562943, 
            "scoreStd": 0.14657530240353586
        }
    ], 
    "gridBestScore": 0.52182540401458544, 
    "modelInputIsSparse": false
}