{
  "state": "DONE",
  "preSearchDescription": {
    "gridLength": 1,
    "importantParams": []
  },
  "postSearchDescription": {
    "importantParams": [
      {
        "name": "layer_sizes",
        "val": "[10, 100, 40]"
      },
      {
        "name": "activation",
        "val": "relu"
      },
      {
        "name": "alpha",
        "val": "0.001"
      },
      {
        "name": "solver",
        "val": "adam"
      }
    ]
  },
  "modelId": "m1",
  "progress": {
    "top_level_todo": [],
    "stack": [],
    "top_level_done": [
      {
        "name": "Loading train set",
        "time": 2219
      },
      {
        "name": "Loading test set",
        "time": 570
      },
      {
        "name": "Collecting statistics",
        "time": 393
      },
      {
        "name": "Preprocessing train set",
        "time": 847
      },
      {
        "name": "Preprocessing test set",
        "time": 457
      },
      {
        "name": "Fitting model",
        "time": 442296
      },
      {
        "name": "Saving model",
        "time": 28
      },
      {
        "name": "Scoring model",
        "time": 912
      }
    ]
  },
  "startTime": 1523111935724,
  "endTime": 1523112383472,
  "preprocessingTime": 4505,
  "trainingTime": 443243
}