{
  "state": "DONE",
  "preSearchDescription": {
    "gridLength": 100,
    "importantParams": [
      {
        "name": "trees",
        "val": "300"
      },
      {
        "name": "max_depth",
        "vals": [
          "1",
          "2",
          "3",
          "5",
          "10"
        ]
      }
    ]
  },
  "postSearchDescription": {
    "importantParams": [
      {
        "name": "trees",
        "val": "3"
      },
      {
        "name": "max_depth",
        "val": "2"
      }
    ]
  },
  "modelId": "m1",
  "progress": {
    "top_level_todo": [],
    "stack": [],
    "top_level_done": [
      {
        "name": "Loading train set",
        "time": 106
      },
      {
        "name": "Loading test set",
        "time": 20
      },
      {
        "name": "Collecting statistics",
        "time": 45
      },
      {
        "name": "Preprocessing train set",
        "time": 103
      },
      {
        "name": "Preprocessing test set",
        "time": 38
      },
      {
        "name": "Fitting model",
        "time": 332171
      },
      {
        "name": "Saving model",
        "time": 4
      },
      {
        "name": "Scoring model",
        "time": 118
      }
    ]
  },
  "startTime": 1493919274193,
  "endTime": 1493919606811,
  "preprocessingTime": 323,
  "trainingTime": 332295
}