{
    "details": {
        "Suburb": {
            "levels": [
                "Reservoir", 
                "Richmond", 
                "Brunswick", 
                "Bentleigh East", 
                "South Yarra", 
                "Northcote", 
                "Preston", 
                "Yarraville", 
                "Essendon", 
                "Brighton", 
                "Hawthorn", 
                "Coburg", 
                "Carnegie", 
                "St Kilda", 
                "Glen Iris", 
                "Balwyn North", 
                "Pascoe Vale", 
                "Kew", 
                "Port Melbourne", 
                "Footscray", 
                "Moonee Ponds", 
                "Ascot Vale", 
                "Newport", 
                "Elwood", 
                "Brunswick West", 
                "Brighton East", 
                "Glenroy", 
                "Doncaster", 
                "Surrey Hills", 
                "Camberwell", 
                "Ivanhoe", 
                "Thornbury", 
                "Malvern East", 
                "Bentleigh", 
                "Hampton", 
                "Hawthorn East", 
                "Kensington", 
                "Prahran", 
                "Maribyrnong", 
                "Balwyn", 
                "Templestowe Lower", 
                "Keilor East", 
                "Williamstown", 
                "Fawkner", 
                "Sunshine West", 
                "Ormond", 
                "North Melbourne", 
                "South Melbourne", 
                "Toorak", 
                "West Footscray", 
                "Sunshine", 
                "Fitzroy North", 
                "Armadale", 
                "Box Hill", 
                "Burwood", 
                "Moorabbin", 
                "Brunswick East", 
                "Windsor", 
                "Murrumbeena", 
                "Coburg North", 
                "Seddon", 
                "Ashburton", 
                "Altona", 
                "Collingwood", 
                "Hadfield", 
                "Maidstone", 
                "Heidelberg Heights", 
                "Airport West", 
                "Elsternwick", 
                "Malvern", 
                "Rosanna", 
                "Bulleen", 
                "Melbourne", 
                "Fitzroy", 
                "Braybrook", 
                "Southbank", 
                "Avondale Heights", 
                "Canterbury", 
                "Heidelberg", 
                "Abbotsford", 
                "Aberfeldie", 
                "Ashwood", 
                "Caulfield South", 
                "Niddrie", 
                "Clifton Hill", 
                "Altona North", 
                "Strathmore", 
                "Albert Park", 
                "Fairfield", 
                "Heidelberg West", 
                "Oakleigh", 
                "Kingsville", 
                "Flemington", 
                "Oakleigh South", 
                "Carlton North", 
                "Hughesdale", 
                "Watsonia", 
                "Oak Park", 
                "Sunshine North", 
                "Kew East", 
                "Viewbank", 
                "Mont Albert", 
                "Spotswood", 
                "West Melbourne", 
                "Cremorne", 
                "Yallambie", 
                "Albion", 
                "Carlton"
            ], 
            "with_others": false
        }, 
        "geopoint": {
            "levels": [
                "POINT(144.9966 -37.8361)", 
                "POINT(144.9906 -37.8231)", 
                "POINT(144.9449 -37.8424)", 
                "POINT(145.0094 -37.8127)", 
                "POINT(144.9767 -37.859)", 
                "POINT(145.0104 -37.822)", 
                "POINT(144.9415 -37.8435)", 
                "POINT(144.9646 -37.8106)", 
                "POINT(144.8741 -37.8413)", 
                "POINT(144.9683 -37.828)", 
                "POINT(144.968 -37.8369)", 
                "POINT(145.005 -37.8198)", 
                "POINT(144.9687 -37.8267)", 
                "POINT(144.9713 -37.7546)", 
                "POINT(144.9825 -37.8573)", 
                "POINT(144.9989 -37.7112)", 
                "POINT(145.1098 -37.8161)", 
                "POINT(144.9845 -37.8042)", 
                "POINT(144.9911 -37.809)", 
                "POINT(144.9898 -37.8201)", 
                "POINT(144.9965 -37.8173)", 
                "POINT(144.9237 -37.758)", 
                "POINT(144.9847 -37.8376)", 
                "POINT(145.0496 -37.8269)", 
                "POINT(144.8924 -37.7907)", 
                "POINT(144.9904 -37.8437)", 
                "POINT(144.9691 -37.8095)", 
                "POINT(144.9936 -37.847)", 
                "POINT(144.8861 -37.8284)", 
                "POINT(144.8485 -37.7908)", 
                "POINT(145.0642 -37.8972)", 
                "POINT(144.9679 -37.8311)", 
                "POINT(145.0228 -37.9164)", 
                "POINT(144.9255 -37.7833)", 
                "POINT(144.9911 -37.796)", 
                "POINT(144.8875 -37.7943)", 
                "POINT(145.0448 -37.8318)", 
                "POINT(144.9982 -37.823)", 
                "POINT(144.894 -37.8173)", 
                "POINT(145.0262 -37.8543)", 
                "POINT(145.017 -37.8186)", 
                "POINT(144.985 -37.8035)", 
                "POINT(144.9607 -37.7775)", 
                "POINT(144.9385 -37.8405)", 
                "POINT(145.0103 -37.8195)", 
                "POINT(144.9692 -37.8295)", 
                "POINT(145.0396 -37.8866)", 
                "POINT(144.9727 -37.8157)", 
                "POINT(144.933 -37.7893)", 
                "POINT(145.0184 -37.8424)", 
                "POINT(144.988 -37.851)", 
                "POINT(144.9802 -37.7941)", 
                "POINT(144.9389 -37.8407)"
            ], 
            "with_others": false
        }, 
        "CouncilArea": {
            "levels": [
                "Moreland", 
                "Boroondara", 
                "Moonee Valley", 
                "Darebin", 
                "Glen Eira", 
                "Maribyrnong", 
                "Stonnington", 
                "Yarra", 
                "Port Phillip", 
                "Banyule", 
                "Melbourne", 
                "Hobsons Bay", 
                "Bayside", 
                "Manningham", 
                "Brimbank", 
                "Whitehorse"
            ], 
            "with_others": false
        }, 
        "Address": {
            "levels": [
                "25 Gray St", 
                "38 Lily St", 
                "12 Witchwood Cl", 
                "3 Clive Ct", 
                "41 Helston St", 
                "15 Ellendale St", 
                "28 Blair St", 
                "122 Stephen St", 
                "80 South Rd", 
                "18 William St", 
                "3/220 Warrigal Rd", 
                "47 Clifton St", 
                "70 Park St", 
                "4 Adelaide St", 
                "59 Hope St", 
                "11 Nottingham St", 
                "36 Belford Rd", 
                "2/102 Rathcown Rd", 
                "14 Rose St"
            ], 
            "with_others": false
        }, 
        "Date": {
            "levels": [
                "27/11/2016", 
                "25/02/2017", 
                "15/10/2016", 
                "4/03/2017", 
                "10/12/2016", 
                "12/11/2016", 
                "3/12/2016", 
                "19/11/2016", 
                "28/05/2016", 
                "18/06/2016", 
                "7/05/2016", 
                "17/09/2016", 
                "4/06/2016", 
                "8/10/2016", 
                "24/09/2016", 
                "10/09/2016", 
                "16/04/2016", 
                "3/09/2016", 
                "27/06/2016", 
                "28/08/2016", 
                "18/03/2017", 
                "22/05/2016", 
                "7/11/2016", 
                "22/08/2016", 
                "6/08/2016", 
                "14/05/2016", 
                "30/07/2016", 
                "16/07/2016", 
                "26/07/2016", 
                "13/08/2016"
            ], 
            "with_others": false
        }, 
        "SellerG": {
            "levels": [
                "Nelson", 
                "Jellis", 
                "hockingstuart", 
                "Barry", 
                "Marshall", 
                "Buxton", 
                "Ray", 
                "Biggin", 
                "Brad", 
                "Fletchers", 
                "Greg", 
                "Jas", 
                "Sweeney", 
                "Woodards", 
                "Miles", 
                "RT", 
                "Gary", 
                "Village", 
                "Noel", 
                "Hodges", 
                "McGrath", 
                "Kay", 
                "Stockdale", 
                "Williams", 
                "Raine", 
                "Chisholm", 
                "Love", 
                "Harcourts", 
                "Rendina", 
                "Douglas", 
                "LITTLE", 
                "Collins", 
                "Cayzer", 
                "Burnham", 
                "Alexkarbon", 
                "Nick", 
                "RW", 
                "YPA", 
                "Dingle", 
                "Harrington", 
                "Peter", 
                "Eview", 
                "Walshe", 
                "Bells", 
                "Edward", 
                "Buckingham", 
                "Frank", 
                "McDonald", 
                "Moonee", 
                "Thomson", 
                "Castran", 
                "Beller", 
                "Wilson", 
                "Lindellas", 
                "Purplebricks", 
                "Whiting", 
                "Haughton", 
                "Gunn&Co", 
                "C21"
            ], 
            "with_others": false
        }, 
        "Type": {
            "levels": [
                "h", 
                "u"
            ], 
            "with_others": false
        }, 
        "Method": {
            "levels": [
                "S", 
                "SP", 
                "PI", 
                "VB"
            ], 
            "with_others": false
        }
    }
}