{
  "trainedWithDSSVersion": "4.0.1",
  "isValid": true,
  "type": "MULTICLASS_PROBABILISTIC",
  "algorithm_name": "FOREST_CLASSIFIER",
  "columns": [
    "ImageId",
    "RowId",
    "dummy:FeatureName_0:right_eye_center_x",
    "dummy:FeatureName_0:mouth_center_bottom_lip_x",
    "dummy:FeatureName_0:nose_tip_y",
    "dummy:FeatureName_0:nose_tip_x",
    "dummy:FeatureName_0:mouth_center_bottom_lip_y",
    "dummy:FeatureName_0:left_eye_center_x",
    "dummy:FeatureName_0:right_eye_center_y",
    "dummy:FeatureName_0:left_eye_center_y",
    "dummy:FeatureName_0:right_eyebrow_inner_end_x",
    "dummy:FeatureName_0:mouth_right_corner_y",
    "dummy:FeatureName_0:mouth_center_top_lip_x",
    "dummy:FeatureName_0:left_eye_inner_corner_x",
    "dummy:FeatureName_0:mouth_center_top_lip_y",
    "dummy:FeatureName_0:mouth_left_corner_x",
    "dummy:FeatureName_0:mouth_left_corner_y",
    "dummy:FeatureName_0:left_eye_outer_corner_x",
    "dummy:FeatureName_0:right_eye_outer_corner_x",
    "dummy:FeatureName_0:left_eye_inner_corner_y",
    "dummy:FeatureName_0:right_eye_inner_corner_y",
    "dummy:FeatureName_0:left_eye_outer_corner_y",
    "dummy:FeatureName_0:right_eyebrow_inner_end_y",
    "dummy:FeatureName_0:right_eye_inner_corner_x",
    "dummy:FeatureName_0:mouth_right_corner_x",
    "dummy:FeatureName_0:left_eyebrow_inner_end_y",
    "dummy:FeatureName_0:left_eyebrow_inner_end_x",
    "dummy:FeatureName_0:right_eye_outer_corner_y",
    "dummy:FeatureName_0:N/A",
    "dummy:FeatureName_0:__Others__"
  ],
  "classes": [
    "left_eye_inner_corner_x",
    "left_eye_inner_corner_y",
    "left_eyebrow_inner_end_y",
    "left_eyebrow_inner_end_x",
    "right_eye_outer_corner_x",
    "right_eye_center_x",
    "right_eye_outer_corner_y",
    "nose_tip_y",
    "nose_tip_x",
    "left_eye_outer_corner_y",
    "left_eyebrow_outer_end_x",
    "right_eyebrow_outer_end_x",
    "left_eye_outer_corner_x",
    "left_eyebrow_outer_end_y",
    "right_eyebrow_outer_end_y",
    "right_eye_inner_corner_y",
    "right_eye_inner_corner_x",
    "left_eye_center_y",
    "left_eye_center_x",
    "right_eye_center_y",
    "right_eyebrow_inner_end_x",
    "right_eyebrow_inner_end_y",
    "mouth_left_corner_y",
    "mouth_left_corner_x",
    "mouth_right_corner_y",
    "mouth_right_corner_x",
    "mouth_center_top_lip_y",
    "mouth_center_top_lip_x",
    "mouth_center_bottom_lip_y",
    "mouth_center_bottom_lip_x"
  ]
}