{
  "state": "DONE",
  "preSearchDescription": {
    "gridLength": 1,
    "importantParams": [
      {
        "name": "trees",
        "vals": [
          "100"
        ]
      },
      {
        "name": "depth",
        "vals": [
          "10"
        ]
      },
      {
        "name": "min_samples",
        "vals": [
          "1"
        ]
      }
    ]
  },
  "postSearchDescription": {
    "importantParams": [
      {
        "name": "trees",
        "val": "100"
      },
      {
        "name": "depth",
        "val": "10"
      },
      {
        "name": "min_samples",
        "val": "1"
      }
    ]
  },
  "modelId": "m1",
  "progress": {
    "top_level_todo": [],
    "stack": [],
    "top_level_done": [
      {
        "name": "Loading train set",
        "time": 46
      },
      {
        "name": "Loading test set",
        "time": 13
      },
      {
        "name": "Collecting statistics",
        "time": 16
      },
      {
        "name": "Preprocessing train set",
        "time": 124
      },
      {
        "name": "Preprocessing test set",
        "time": 30
      },
      {
        "name": "Fitting model",
        "time": 930
      },
      {
        "name": "Saving model",
        "time": 10
      },
      {
        "name": "Scoring model",
        "time": 3947
      }
    ]
  },
  "startTime": 1493888624045,
  "endTime": 1493888629165,
  "preprocessingTime": 232,
  "trainingTime": 4888
}