{
    "per_feature": {
        "compactness_mean": {
            "stats": {
                "std": 0.05332655509859308, 
                "p99": 0.27722399999999997, 
                "min": 0.01938, 
                "max": 0.3454, 
                "average": 0.10520071428571424, 
                "median": 0.09448999999999999
            }, 
            "missing_impute_with_value": 0.10520071428571424
        }, 
        "diagnosis_copy": {
            "stats": {}
        }, 
        "symmetry_mean": {
            "stats": {
                "std": 0.027659104483734164, 
                "p99": 0.26267999999999986, 
                "min": 0.106, 
                "max": 0.304, 
                "average": 0.18134508928571447, 
                "median": 0.17935
            }, 
            "missing_impute_with_value": 0.18134508928571447
        }, 
        "area_mean": {
            "stats": {
                "std": 356.32962642661823, 
                "p99": 1803.3999999999978, 
                "min": 143.5, 
                "max": 2499.0, 
                "average": 661.5229910714286, 
                "median": 555.9000000000001
            }, 
            "missing_impute_with_value": 661.5229910714286
        }, 
        "smoothness_mean": {
            "stats": {
                "std": 0.014154483623978415, 
                "p99": 0.1305609999999999, 
                "min": 0.052629999999999996, 
                "max": 0.1634, 
                "average": 0.09651022321428562, 
                "median": 0.096515
            }, 
            "missing_impute_with_value": 0.09651022321428562
        }, 
        "concavity_mean": {
            "stats": {
                "std": 0.0815007152333086, 
                "p99": 0.34501499999999957, 
                "min": 0.0, 
                "max": 0.4268, 
                "average": 0.09023942343750001, 
                "median": 0.06265
            }, 
            "missing_impute_with_value": 0.09023942343750001
        }, 
        "diagnosis": {
            "stats": {
                "mostFrequentValue": "B", 
                "leastFrequentValue": "M"
            }, 
            "category_possible_values": [
                "B"
            ]
        }, 
        "radius_mean": {
            "stats": {
                "std": 3.5932112268855136, 
                "p99": 24.45139999999999, 
                "min": 6.981, 
                "max": 28.11, 
                "average": 14.18720758928572, 
                "median": 13.434999999999999
            }, 
            "missing_impute_with_value": 14.18720758928572
        }, 
        "fractal_dimension_mean": {
            "stats": {
                "std": 0.007028625422021471, 
                "p99": 0.08361169999999996, 
                "min": 0.049960000000000004, 
                "max": 0.09575, 
                "average": 0.0628136383928571, 
                "median": 0.06182
            }, 
            "missing_impute_with_value": 0.0628136383928571
        }, 
        "perimeter_mean": {
            "stats": {
                "std": 24.794712278690834, 
                "p99": 165.87099999999998, 
                "min": 43.79, 
                "max": 188.5, 
                "average": 92.39821428571432, 
                "median": 86.89
            }, 
            "missing_impute_with_value": 92.39821428571432
        }, 
        "texture_mean": {
            "stats": {
                "std": 4.258820560286282, 
                "p99": 30.673, 
                "min": 9.71, 
                "max": 39.28, 
                "average": 19.468839285714278, 
                "median": 19.055
            }, 
            "missing_impute_with_value": 19.468839285714278
        }, 
        "concave points_mean": {
            "stats": {
                "std": 0.039650408611557005, 
                "p99": 0.17275899999999944, 
                "min": 0.0, 
                "max": 0.2012, 
                "average": 0.04957731919642857, 
                "median": 0.033299999999999996
            }, 
            "missing_impute_with_value": 0.04957731919642857
        }
    }, 
    "feature_order": [
        "compactness_mean", 
        "diagnosis_copy", 
        "symmetry_mean", 
        "area_mean", 
        "smoothness_mean", 
        "concavity_mean", 
        "diagnosis", 
        "radius_mean", 
        "fractal_dimension_mean", 
        "perimeter_mean", 
        "texture_mean", 
        "concave points_mean"
    ]
}