{
    "usedGridSearch": true, 
    "probaAware": true, 
    "gridSize": 5, 
    "modelInputNRows": 5919, 
    "modelInputNCols": 154, 
    "modelInputMemory": 7292208, 
    "gridCells": [
        {
            "score": 0.7466536172206996, 
            "params": {
                "penalty": "l2", 
                "C": 0.01
            }
        }, 
        {
            "score": 0.757966018541345, 
            "params": {
                "penalty": "l2", 
                "C": 0.1
            }
        }, 
        {
            "score": 0.7620441639148593, 
            "params": {
                "penalty": "l2", 
                "C": 1.0
            }
        }, 
        {
            "score": 0.759494675734866, 
            "params": {
                "penalty": "l2", 
                "C": 10.0
            }
        }, 
        {
            "score": 0.758198420846683, 
            "params": {
                "penalty": "l2", 
                "C": 100.0
            }
        }
    ], 
    "gridBestScore": 0.7620441639148593, 
    "modelInputIsSparse": false
}