{
  "state": "DONE",
  "preSearchDescription": {
    "gridLength": 5,
    "importantParams": [
      {
        "name": "penalty",
        "vals": [
          "l2"
        ]
      },
      {
        "name": "C",
        "vals": [
          "0.01",
          "0.1",
          "1.0",
          "10.0",
          "100.0"
        ]
      }
    ]
  },
  "postSearchDescription": {
    "importantParams": [
      {
        "name": "C",
        "val": "1.0"
      },
      {
        "name": "penalty",
        "val": "l2"
      }
    ]
  },
  "modelId": "m1",
  "progress": {
    "top_level_todo": [],
    "stack": [],
    "top_level_done": [
      {
        "name": "Loading train set",
        "time": 86
      },
      {
        "name": "Loading test set",
        "time": 25
      },
      {
        "name": "Collecting statistics",
        "time": 53
      },
      {
        "name": "Preprocessing train set",
        "time": 85
      },
      {
        "name": "Preprocessing test set",
        "time": 82
      },
      {
        "name": "Fitting model",
        "time": 6821
      },
      {
        "name": "Saving model",
        "time": 4
      },
      {
        "name": "Scoring model",
        "time": 181
      }
    ]
  },
  "startTime": 1493926259764,
  "endTime": 1493926267105,
  "preprocessingTime": 334,
  "trainingTime": 7007
}