{
    "usedGridSearch": true, 
    "probaAware": true, 
    "gridSize": 100, 
    "rawImportance": {
        "variables": [
            "dummy:Phrase_delimited:N/A", 
            "dummy:Phrase_delimited:__Others__"
        ], 
        "importances": [
            0.5, 
            0.5
        ]
    }, 
    "modelInputNRows": 123977, 
    "modelInputNCols": 2, 
    "modelInputMemory": 1983632, 
    "gridCells": [
        {
            "score": 0.5, 
            "params": {
                "reg_alpha": 0.0, 
                "colsample_bytree": 0.75, 
                "colsample_bylevel": 1.0, 
                "learning_rate": 0.01, 
                "max_delta_step": 0.0, 
                "min_child_weight": 0.0, 
                "subsample": 0.75, 
                "reg_lambda": 1.0, 
                "max_depth": 1, 
                "gamma": 0.0
            }
        }, 
        {
            "score": 0.5, 
            "params": {
                "reg_alpha": 0.0, 
                "colsample_bytree": 0.75, 
                "colsample_bylevel": 1.0, 
                "learning_rate": 0.01, 
                "max_delta_step": 0.0, 
                "min_child_weight": 0.0, 
                "subsample": 1.0, 
                "reg_lambda": 1.0, 
                "max_depth": 1, 
                "gamma": 0.0
            }
        }, 
        {
            "score": 0.5, 
            "params": {
                "reg_alpha": 0.0, 
                "colsample_bytree": 0.75, 
                "colsample_bylevel": 1.0, 
                "learning_rate": 0.01, 
                "max_delta_step": 0.0, 
                "min_child_weight": 0.0, 
                "subsample": 0.75, 
                "reg_lambda": 1.0, 
                "max_depth": 2, 
                "gamma": 0.0
            }
        }, 
        {
            "score": 0.5, 
            "params": {
                "reg_alpha": 0.0, 
                "colsample_bytree": 0.75, 
                "colsample_bylevel": 1.0, 
                "learning_rate": 0.01, 
                "max_delta_step": 0.0, 
                "min_child_weight": 0.0, 
                "subsample": 1.0, 
                "reg_lambda": 1.0, 
                "max_depth": 2, 
                "gamma": 0.0
            }
        }, 
        {
            "score": 0.5, 
            "params": {
                "reg_alpha": 0.0, 
                "colsample_bytree": 0.75, 
                "colsample_bylevel": 1.0, 
                "learning_rate": 0.01, 
                "max_delta_step": 0.0, 
                "min_child_weight": 0.0, 
                "subsample": 0.75, 
                "reg_lambda": 1.0, 
                "max_depth": 3, 
                "gamma": 0.0
            }
        }, 
        {
            "score": 0.5, 
            "params": {
                "reg_alpha": 0.0, 
                "colsample_bytree": 0.75, 
                "colsample_bylevel": 1.0, 
                "learning_rate": 0.01, 
                "max_delta_step": 0.0, 
                "min_child_weight": 0.0, 
                "subsample": 1.0, 
                "reg_lambda": 1.0, 
                "max_depth": 3, 
                "gamma": 0.0
            }
        }, 
        {
            "score": 0.5, 
            "params": {
                "reg_alpha": 0.0, 
                "colsample_bytree": 0.75, 
                "colsample_bylevel": 1.0, 
                "learning_rate": 0.01, 
                "max_delta_step": 0.0, 
                "min_child_weight": 0.0, 
                "subsample": 0.75, 
                "reg_lambda": 1.0, 
                "max_depth": 5, 
                "gamma": 0.0
            }
        }, 
        {
            "score": 0.5, 
            "params": {
                "reg_alpha": 0.0, 
                "colsample_bytree": 0.75, 
                "colsample_bylevel": 1.0, 
                "learning_rate": 0.01, 
                "max_delta_step": 0.0, 
                "min_child_weight": 0.0, 
                "subsample": 1.0, 
                "reg_lambda": 1.0, 
                "max_depth": 5, 
                "gamma": 0.0
            }
        }, 
        {
            "score": 0.5, 
            "params": {
                "reg_alpha": 0.0, 
                "colsample_bytree": 0.75, 
                "colsample_bylevel": 1.0, 
                "learning_rate": 0.01, 
                "max_delta_step": 0.0, 
                "min_child_weight": 0.0, 
                "subsample": 0.75, 
                "reg_lambda": 1.0, 
                "max_depth": 10, 
                "gamma": 0.0
            }
        }, 
        {
            "score": 0.5, 
            "params": {
                "reg_alpha": 0.0, 
                "colsample_bytree": 0.75, 
                "colsample_bylevel": 1.0, 
                "learning_rate": 0.01, 
                "max_delta_step": 0.0, 
                "min_child_weight": 0.0, 
                "subsample": 1.0, 
                "reg_lambda": 1.0, 
                "max_depth": 10, 
                "gamma": 0.0
            }
        }, 
        {
            "score": 0.5, 
            "params": {
                "reg_alpha": 0.0, 
                "colsample_bytree": 0.75, 
                "colsample_bylevel": 1.0, 
                "learning_rate": 0.05, 
                "max_delta_step": 0.0, 
                "min_child_weight": 0.0, 
                "subsample": 0.75, 
                "reg_lambda": 1.0, 
                "max_depth": 1, 
                "gamma": 0.0
            }
        }, 
        {
            "score": 0.5, 
            "params": {
                "reg_alpha": 0.0, 
                "colsample_bytree": 0.75, 
                "colsample_bylevel": 1.0, 
                "learning_rate": 0.05, 
                "max_delta_step": 0.0, 
                "min_child_weight": 0.0, 
                "subsample": 1.0, 
                "reg_lambda": 1.0, 
                "max_depth": 1, 
                "gamma": 0.0
            }
        }, 
        {
            "score": 0.5, 
            "params": {
                "reg_alpha": 0.0, 
                "colsample_bytree": 0.75, 
                "colsample_bylevel": 1.0, 
                "learning_rate": 0.05, 
                "max_delta_step": 0.0, 
                "min_child_weight": 0.0, 
                "subsample": 0.75, 
                "reg_lambda": 1.0, 
                "max_depth": 2, 
                "gamma": 0.0
            }
        }, 
        {
            "score": 0.5, 
            "params": {
                "reg_alpha": 0.0, 
                "colsample_bytree": 0.75, 
                "colsample_bylevel": 1.0, 
                "learning_rate": 0.05, 
                "max_delta_step": 0.0, 
                "min_child_weight": 0.0, 
                "subsample": 1.0, 
                "reg_lambda": 1.0, 
                "max_depth": 2, 
                "gamma": 0.0
            }
        }, 
        {
            "score": 0.5, 
            "params": {
                "reg_alpha": 0.0, 
                "colsample_bytree": 0.75, 
                "colsample_bylevel": 1.0, 
                "learning_rate": 0.05, 
                "max_delta_step": 0.0, 
                "min_child_weight": 0.0, 
                "subsample": 0.75, 
                "reg_lambda": 1.0, 
                "max_depth": 3, 
                "gamma": 0.0
            }
        }, 
        {
            "score": 0.5, 
            "params": {
                "reg_alpha": 0.0, 
                "colsample_bytree": 0.75, 
                "colsample_bylevel": 1.0, 
                "learning_rate": 0.05, 
                "max_delta_step": 0.0, 
                "min_child_weight": 0.0, 
                "subsample": 1.0, 
                "reg_lambda": 1.0, 
                "max_depth": 3, 
                "gamma": 0.0
            }
        }, 
        {
            "score": 0.5, 
            "params": {
                "reg_alpha": 0.0, 
                "colsample_bytree": 0.75, 
                "colsample_bylevel": 1.0, 
                "learning_rate": 0.05, 
                "max_delta_step": 0.0, 
                "min_child_weight": 0.0, 
                "subsample": 0.75, 
                "reg_lambda": 1.0, 
                "max_depth": 5, 
                "gamma": 0.0
            }
        }, 
        {
            "score": 0.5, 
            "params": {
                "reg_alpha": 0.0, 
                "colsample_bytree": 0.75, 
                "colsample_bylevel": 1.0, 
                "learning_rate": 0.05, 
                "max_delta_step": 0.0, 
                "min_child_weight": 0.0, 
                "subsample": 1.0, 
                "reg_lambda": 1.0, 
                "max_depth": 5, 
                "gamma": 0.0
            }
        }, 
        {
            "score": 0.5, 
            "params": {
                "reg_alpha": 0.0, 
                "colsample_bytree": 0.75, 
                "colsample_bylevel": 1.0, 
                "learning_rate": 0.05, 
                "max_delta_step": 0.0, 
                "min_child_weight": 0.0, 
                "subsample": 0.75, 
                "reg_lambda": 1.0, 
                "max_depth": 10, 
                "gamma": 0.0
            }
        }, 
        {
            "score": 0.5, 
            "params": {
                "reg_alpha": 0.0, 
                "colsample_bytree": 0.75, 
                "colsample_bylevel": 1.0, 
                "learning_rate": 0.05, 
                "max_delta_step": 0.0, 
                "min_child_weight": 0.0, 
                "subsample": 1.0, 
                "reg_lambda": 1.0, 
                "max_depth": 10, 
                "gamma": 0.0
            }
        }, 
        {
            "score": 0.5, 
            "params": {
                "reg_alpha": 0.0, 
                "colsample_bytree": 0.75, 
                "colsample_bylevel": 1.0, 
                "learning_rate": 0.1, 
                "max_delta_step": 0.0, 
                "min_child_weight": 0.0, 
                "subsample": 0.75, 
                "reg_lambda": 1.0, 
                "max_depth": 1, 
                "gamma": 0.0
            }
        }, 
        {
            "score": 0.5, 
            "params": {
                "reg_alpha": 0.0, 
                "colsample_bytree": 0.75, 
                "colsample_bylevel": 1.0, 
                "learning_rate": 0.1, 
                "max_delta_step": 0.0, 
                "min_child_weight": 0.0, 
                "subsample": 1.0, 
                "reg_lambda": 1.0, 
                "max_depth": 1, 
                "gamma": 0.0
            }
        }, 
        {
            "score": 0.5, 
            "params": {
                "reg_alpha": 0.0, 
                "colsample_bytree": 0.75, 
                "colsample_bylevel": 1.0, 
                "learning_rate": 0.1, 
                "max_delta_step": 0.0, 
                "min_child_weight": 0.0, 
                "subsample": 0.75, 
                "reg_lambda": 1.0, 
                "max_depth": 2, 
                "gamma": 0.0
            }
        }, 
        {
            "score": 0.5, 
            "params": {
                "reg_alpha": 0.0, 
                "colsample_bytree": 0.75, 
                "colsample_bylevel": 1.0, 
                "learning_rate": 0.1, 
                "max_delta_step": 0.0, 
                "min_child_weight": 0.0, 
                "subsample": 1.0, 
                "reg_lambda": 1.0, 
                "max_depth": 2, 
                "gamma": 0.0
            }
        }, 
        {
            "score": 0.5, 
            "params": {
                "reg_alpha": 0.0, 
                "colsample_bytree": 0.75, 
                "colsample_bylevel": 1.0, 
                "learning_rate": 0.1, 
                "max_delta_step": 0.0, 
                "min_child_weight": 0.0, 
                "subsample": 0.75, 
                "reg_lambda": 1.0, 
                "max_depth": 3, 
                "gamma": 0.0
            }
        }, 
        {
            "score": 0.5, 
            "params": {
                "reg_alpha": 0.0, 
                "colsample_bytree": 0.75, 
                "colsample_bylevel": 1.0, 
                "learning_rate": 0.1, 
                "max_delta_step": 0.0, 
                "min_child_weight": 0.0, 
                "subsample": 1.0, 
                "reg_lambda": 1.0, 
                "max_depth": 3, 
                "gamma": 0.0
            }
        }, 
        {
            "score": 0.5, 
            "params": {
                "reg_alpha": 0.0, 
                "colsample_bytree": 0.75, 
                "colsample_bylevel": 1.0, 
                "learning_rate": 0.1, 
                "max_delta_step": 0.0, 
                "min_child_weight": 0.0, 
                "subsample": 0.75, 
                "reg_lambda": 1.0, 
                "max_depth": 5, 
                "gamma": 0.0
            }
        }, 
        {
            "score": 0.5, 
            "params": {
                "reg_alpha": 0.0, 
                "colsample_bytree": 0.75, 
                "colsample_bylevel": 1.0, 
                "learning_rate": 0.1, 
                "max_delta_step": 0.0, 
                "min_child_weight": 0.0, 
                "subsample": 1.0, 
                "reg_lambda": 1.0, 
                "max_depth": 5, 
                "gamma": 0.0
            }
        }, 
        {
            "score": 0.5, 
            "params": {
                "reg_alpha": 0.0, 
                "colsample_bytree": 0.75, 
                "colsample_bylevel": 1.0, 
                "learning_rate": 0.1, 
                "max_delta_step": 0.0, 
                "min_child_weight": 0.0, 
                "subsample": 0.75, 
                "reg_lambda": 1.0, 
                "max_depth": 10, 
                "gamma": 0.0
            }
        }, 
        {
            "score": 0.5, 
            "params": {
                "reg_alpha": 0.0, 
                "colsample_bytree": 0.75, 
                "colsample_bylevel": 1.0, 
                "learning_rate": 0.1, 
                "max_delta_step": 0.0, 
                "min_child_weight": 0.0, 
                "subsample": 1.0, 
                "reg_lambda": 1.0, 
                "max_depth": 10, 
                "gamma": 0.0
            }
        }, 
        {
            "score": 0.5, 
            "params": {
                "reg_alpha": 0.0, 
                "colsample_bytree": 0.75, 
                "colsample_bylevel": 1.0, 
                "learning_rate": 0.3, 
                "max_delta_step": 0.0, 
                "min_child_weight": 0.0, 
                "subsample": 0.75, 
                "reg_lambda": 1.0, 
                "max_depth": 1, 
                "gamma": 0.0
            }
        }, 
        {
            "score": 0.5, 
            "params": {
                "reg_alpha": 0.0, 
                "colsample_bytree": 0.75, 
                "colsample_bylevel": 1.0, 
                "learning_rate": 0.3, 
                "max_delta_step": 0.0, 
                "min_child_weight": 0.0, 
                "subsample": 1.0, 
                "reg_lambda": 1.0, 
                "max_depth": 1, 
                "gamma": 0.0
            }
        }, 
        {
            "score": 0.5, 
            "params": {
                "reg_alpha": 0.0, 
                "colsample_bytree": 0.75, 
                "colsample_bylevel": 1.0, 
                "learning_rate": 0.3, 
                "max_delta_step": 0.0, 
                "min_child_weight": 0.0, 
                "subsample": 0.75, 
                "reg_lambda": 1.0, 
                "max_depth": 2, 
                "gamma": 0.0
            }
        }, 
        {
            "score": 0.5, 
            "params": {
                "reg_alpha": 0.0, 
                "colsample_bytree": 0.75, 
                "colsample_bylevel": 1.0, 
                "learning_rate": 0.3, 
                "max_delta_step": 0.0, 
                "min_child_weight": 0.0, 
                "subsample": 1.0, 
                "reg_lambda": 1.0, 
                "max_depth": 2, 
                "gamma": 0.0
            }
        }, 
        {
            "score": 0.5, 
            "params": {
                "reg_alpha": 0.0, 
                "colsample_bytree": 0.75, 
                "colsample_bylevel": 1.0, 
                "learning_rate": 0.3, 
                "max_delta_step": 0.0, 
                "min_child_weight": 0.0, 
                "subsample": 0.75, 
                "reg_lambda": 1.0, 
                "max_depth": 3, 
                "gamma": 0.0
            }
        }, 
        {
            "score": 0.5, 
            "params": {
                "reg_alpha": 0.0, 
                "colsample_bytree": 0.75, 
                "colsample_bylevel": 1.0, 
                "learning_rate": 0.3, 
                "max_delta_step": 0.0, 
                "min_child_weight": 0.0, 
                "subsample": 1.0, 
                "reg_lambda": 1.0, 
                "max_depth": 3, 
                "gamma": 0.0
            }
        }, 
        {
            "score": 0.5, 
            "params": {
                "reg_alpha": 0.0, 
                "colsample_bytree": 0.75, 
                "colsample_bylevel": 1.0, 
                "learning_rate": 0.3, 
                "max_delta_step": 0.0, 
                "min_child_weight": 0.0, 
                "subsample": 0.75, 
                "reg_lambda": 1.0, 
                "max_depth": 5, 
                "gamma": 0.0
            }
        }, 
        {
            "score": 0.5, 
            "params": {
                "reg_alpha": 0.0, 
                "colsample_bytree": 0.75, 
                "colsample_bylevel": 1.0, 
                "learning_rate": 0.3, 
                "max_delta_step": 0.0, 
                "min_child_weight": 0.0, 
                "subsample": 1.0, 
                "reg_lambda": 1.0, 
                "max_depth": 5, 
                "gamma": 0.0
            }
        }, 
        {
            "score": 0.5, 
            "params": {
                "reg_alpha": 0.0, 
                "colsample_bytree": 0.75, 
                "colsample_bylevel": 1.0, 
                "learning_rate": 0.3, 
                "max_delta_step": 0.0, 
                "min_child_weight": 0.0, 
                "subsample": 0.75, 
                "reg_lambda": 1.0, 
                "max_depth": 10, 
                "gamma": 0.0
            }
        }, 
        {
            "score": 0.5, 
            "params": {
                "reg_alpha": 0.0, 
                "colsample_bytree": 0.75, 
                "colsample_bylevel": 1.0, 
                "learning_rate": 0.3, 
                "max_delta_step": 0.0, 
                "min_child_weight": 0.0, 
                "subsample": 1.0, 
                "reg_lambda": 1.0, 
                "max_depth": 10, 
                "gamma": 0.0
            }
        }, 
        {
            "score": 0.5, 
            "params": {
                "reg_alpha": 0.0, 
                "colsample_bytree": 0.75, 
                "colsample_bylevel": 1.0, 
                "learning_rate": 0.5, 
                "max_delta_step": 0.0, 
                "min_child_weight": 0.0, 
                "subsample": 0.75, 
                "reg_lambda": 1.0, 
                "max_depth": 1, 
                "gamma": 0.0
            }
        }, 
        {
            "score": 0.5, 
            "params": {
                "reg_alpha": 0.0, 
                "colsample_bytree": 0.75, 
                "colsample_bylevel": 1.0, 
                "learning_rate": 0.5, 
                "max_delta_step": 0.0, 
                "min_child_weight": 0.0, 
                "subsample": 1.0, 
                "reg_lambda": 1.0, 
                "max_depth": 1, 
                "gamma": 0.0
            }
        }, 
        {
            "score": 0.5, 
            "params": {
                "reg_alpha": 0.0, 
                "colsample_bytree": 0.75, 
                "colsample_bylevel": 1.0, 
                "learning_rate": 0.5, 
                "max_delta_step": 0.0, 
                "min_child_weight": 0.0, 
                "subsample": 0.75, 
                "reg_lambda": 1.0, 
                "max_depth": 2, 
                "gamma": 0.0
            }
        }, 
        {
            "score": 0.5, 
            "params": {
                "reg_alpha": 0.0, 
                "colsample_bytree": 0.75, 
                "colsample_bylevel": 1.0, 
                "learning_rate": 0.5, 
                "max_delta_step": 0.0, 
                "min_child_weight": 0.0, 
                "subsample": 1.0, 
                "reg_lambda": 1.0, 
                "max_depth": 2, 
                "gamma": 0.0
            }
        }, 
        {
            "score": 0.5, 
            "params": {
                "reg_alpha": 0.0, 
                "colsample_bytree": 0.75, 
                "colsample_bylevel": 1.0, 
                "learning_rate": 0.5, 
                "max_delta_step": 0.0, 
                "min_child_weight": 0.0, 
                "subsample": 0.75, 
                "reg_lambda": 1.0, 
                "max_depth": 3, 
                "gamma": 0.0
            }
        }, 
        {
            "score": 0.5, 
            "params": {
                "reg_alpha": 0.0, 
                "colsample_bytree": 0.75, 
                "colsample_bylevel": 1.0, 
                "learning_rate": 0.5, 
                "max_delta_step": 0.0, 
                "min_child_weight": 0.0, 
                "subsample": 1.0, 
                "reg_lambda": 1.0, 
                "max_depth": 3, 
                "gamma": 0.0
            }
        }, 
        {
            "score": 0.5, 
            "params": {
                "reg_alpha": 0.0, 
                "colsample_bytree": 0.75, 
                "colsample_bylevel": 1.0, 
                "learning_rate": 0.5, 
                "max_delta_step": 0.0, 
                "min_child_weight": 0.0, 
                "subsample": 0.75, 
                "reg_lambda": 1.0, 
                "max_depth": 5, 
                "gamma": 0.0
            }
        }, 
        {
            "score": 0.5, 
            "params": {
                "reg_alpha": 0.0, 
                "colsample_bytree": 0.75, 
                "colsample_bylevel": 1.0, 
                "learning_rate": 0.5, 
                "max_delta_step": 0.0, 
                "min_child_weight": 0.0, 
                "subsample": 1.0, 
                "reg_lambda": 1.0, 
                "max_depth": 5, 
                "gamma": 0.0
            }
        }, 
        {
            "score": 0.5, 
            "params": {
                "reg_alpha": 0.0, 
                "colsample_bytree": 0.75, 
                "colsample_bylevel": 1.0, 
                "learning_rate": 0.5, 
                "max_delta_step": 0.0, 
                "min_child_weight": 0.0, 
                "subsample": 0.75, 
                "reg_lambda": 1.0, 
                "max_depth": 10, 
                "gamma": 0.0
            }
        }, 
        {
            "score": 0.5, 
            "params": {
                "reg_alpha": 0.0, 
                "colsample_bytree": 0.75, 
                "colsample_bylevel": 1.0, 
                "learning_rate": 0.5, 
                "max_delta_step": 0.0, 
                "min_child_weight": 0.0, 
                "subsample": 1.0, 
                "reg_lambda": 1.0, 
                "max_depth": 10, 
                "gamma": 0.0
            }
        }, 
        {
            "score": 0.5, 
            "params": {
                "reg_alpha": 0.0, 
                "colsample_bytree": 1.0, 
                "colsample_bylevel": 1.0, 
                "learning_rate": 0.01, 
                "max_delta_step": 0.0, 
                "min_child_weight": 0.0, 
                "subsample": 0.75, 
                "reg_lambda": 1.0, 
                "max_depth": 1, 
                "gamma": 0.0
            }
        }, 
        {
            "score": 0.5, 
            "params": {
                "reg_alpha": 0.0, 
                "colsample_bytree": 1.0, 
                "colsample_bylevel": 1.0, 
                "learning_rate": 0.01, 
                "max_delta_step": 0.0, 
                "min_child_weight": 0.0, 
                "subsample": 1.0, 
                "reg_lambda": 1.0, 
                "max_depth": 1, 
                "gamma": 0.0
            }
        }, 
        {
            "score": 0.5, 
            "params": {
                "reg_alpha": 0.0, 
                "colsample_bytree": 1.0, 
                "colsample_bylevel": 1.0, 
                "learning_rate": 0.01, 
                "max_delta_step": 0.0, 
                "min_child_weight": 0.0, 
                "subsample": 0.75, 
                "reg_lambda": 1.0, 
                "max_depth": 2, 
                "gamma": 0.0
            }
        }, 
        {
            "score": 0.5, 
            "params": {
                "reg_alpha": 0.0, 
                "colsample_bytree": 1.0, 
                "colsample_bylevel": 1.0, 
                "learning_rate": 0.01, 
                "max_delta_step": 0.0, 
                "min_child_weight": 0.0, 
                "subsample": 1.0, 
                "reg_lambda": 1.0, 
                "max_depth": 2, 
                "gamma": 0.0
            }
        }, 
        {
            "score": 0.5, 
            "params": {
                "reg_alpha": 0.0, 
                "colsample_bytree": 1.0, 
                "colsample_bylevel": 1.0, 
                "learning_rate": 0.01, 
                "max_delta_step": 0.0, 
                "min_child_weight": 0.0, 
                "subsample": 0.75, 
                "reg_lambda": 1.0, 
                "max_depth": 3, 
                "gamma": 0.0
            }
        }, 
        {
            "score": 0.5, 
            "params": {
                "reg_alpha": 0.0, 
                "colsample_bytree": 1.0, 
                "colsample_bylevel": 1.0, 
                "learning_rate": 0.01, 
                "max_delta_step": 0.0, 
                "min_child_weight": 0.0, 
                "subsample": 1.0, 
                "reg_lambda": 1.0, 
                "max_depth": 3, 
                "gamma": 0.0
            }
        }, 
        {
            "score": 0.5, 
            "params": {
                "reg_alpha": 0.0, 
                "colsample_bytree": 1.0, 
                "colsample_bylevel": 1.0, 
                "learning_rate": 0.01, 
                "max_delta_step": 0.0, 
                "min_child_weight": 0.0, 
                "subsample": 0.75, 
                "reg_lambda": 1.0, 
                "max_depth": 5, 
                "gamma": 0.0
            }
        }, 
        {
            "score": 0.5, 
            "params": {
                "reg_alpha": 0.0, 
                "colsample_bytree": 1.0, 
                "colsample_bylevel": 1.0, 
                "learning_rate": 0.01, 
                "max_delta_step": 0.0, 
                "min_child_weight": 0.0, 
                "subsample": 1.0, 
                "reg_lambda": 1.0, 
                "max_depth": 5, 
                "gamma": 0.0
            }
        }, 
        {
            "score": 0.5, 
            "params": {
                "reg_alpha": 0.0, 
                "colsample_bytree": 1.0, 
                "colsample_bylevel": 1.0, 
                "learning_rate": 0.01, 
                "max_delta_step": 0.0, 
                "min_child_weight": 0.0, 
                "subsample": 0.75, 
                "reg_lambda": 1.0, 
                "max_depth": 10, 
                "gamma": 0.0
            }
        }, 
        {
            "score": 0.5, 
            "params": {
                "reg_alpha": 0.0, 
                "colsample_bytree": 1.0, 
                "colsample_bylevel": 1.0, 
                "learning_rate": 0.01, 
                "max_delta_step": 0.0, 
                "min_child_weight": 0.0, 
                "subsample": 1.0, 
                "reg_lambda": 1.0, 
                "max_depth": 10, 
                "gamma": 0.0
            }
        }, 
        {
            "score": 0.5, 
            "params": {
                "reg_alpha": 0.0, 
                "colsample_bytree": 1.0, 
                "colsample_bylevel": 1.0, 
                "learning_rate": 0.05, 
                "max_delta_step": 0.0, 
                "min_child_weight": 0.0, 
                "subsample": 0.75, 
                "reg_lambda": 1.0, 
                "max_depth": 1, 
                "gamma": 0.0
            }
        }, 
        {
            "score": 0.5, 
            "params": {
                "reg_alpha": 0.0, 
                "colsample_bytree": 1.0, 
                "colsample_bylevel": 1.0, 
                "learning_rate": 0.05, 
                "max_delta_step": 0.0, 
                "min_child_weight": 0.0, 
                "subsample": 1.0, 
                "reg_lambda": 1.0, 
                "max_depth": 1, 
                "gamma": 0.0
            }
        }, 
        {
            "score": 0.5, 
            "params": {
                "reg_alpha": 0.0, 
                "colsample_bytree": 1.0, 
                "colsample_bylevel": 1.0, 
                "learning_rate": 0.05, 
                "max_delta_step": 0.0, 
                "min_child_weight": 0.0, 
                "subsample": 0.75, 
                "reg_lambda": 1.0, 
                "max_depth": 2, 
                "gamma": 0.0
            }
        }, 
        {
            "score": 0.5, 
            "params": {
                "reg_alpha": 0.0, 
                "colsample_bytree": 1.0, 
                "colsample_bylevel": 1.0, 
                "learning_rate": 0.05, 
                "max_delta_step": 0.0, 
                "min_child_weight": 0.0, 
                "subsample": 1.0, 
                "reg_lambda": 1.0, 
                "max_depth": 2, 
                "gamma": 0.0
            }
        }, 
        {
            "score": 0.5, 
            "params": {
                "reg_alpha": 0.0, 
                "colsample_bytree": 1.0, 
                "colsample_bylevel": 1.0, 
                "learning_rate": 0.05, 
                "max_delta_step": 0.0, 
                "min_child_weight": 0.0, 
                "subsample": 0.75, 
                "reg_lambda": 1.0, 
                "max_depth": 3, 
                "gamma": 0.0
            }
        }, 
        {
            "score": 0.5, 
            "params": {
                "reg_alpha": 0.0, 
                "colsample_bytree": 1.0, 
                "colsample_bylevel": 1.0, 
                "learning_rate": 0.05, 
                "max_delta_step": 0.0, 
                "min_child_weight": 0.0, 
                "subsample": 1.0, 
                "reg_lambda": 1.0, 
                "max_depth": 3, 
                "gamma": 0.0
            }
        }, 
        {
            "score": 0.5, 
            "params": {
                "reg_alpha": 0.0, 
                "colsample_bytree": 1.0, 
                "colsample_bylevel": 1.0, 
                "learning_rate": 0.05, 
                "max_delta_step": 0.0, 
                "min_child_weight": 0.0, 
                "subsample": 0.75, 
                "reg_lambda": 1.0, 
                "max_depth": 5, 
                "gamma": 0.0
            }
        }, 
        {
            "score": 0.5, 
            "params": {
                "reg_alpha": 0.0, 
                "colsample_bytree": 1.0, 
                "colsample_bylevel": 1.0, 
                "learning_rate": 0.05, 
                "max_delta_step": 0.0, 
                "min_child_weight": 0.0, 
                "subsample": 1.0, 
                "reg_lambda": 1.0, 
                "max_depth": 5, 
                "gamma": 0.0
            }
        }, 
        {
            "score": 0.5, 
            "params": {
                "reg_alpha": 0.0, 
                "colsample_bytree": 1.0, 
                "colsample_bylevel": 1.0, 
                "learning_rate": 0.05, 
                "max_delta_step": 0.0, 
                "min_child_weight": 0.0, 
                "subsample": 0.75, 
                "reg_lambda": 1.0, 
                "max_depth": 10, 
                "gamma": 0.0
            }
        }, 
        {
            "score": 0.5, 
            "params": {
                "reg_alpha": 0.0, 
                "colsample_bytree": 1.0, 
                "colsample_bylevel": 1.0, 
                "learning_rate": 0.05, 
                "max_delta_step": 0.0, 
                "min_child_weight": 0.0, 
                "subsample": 1.0, 
                "reg_lambda": 1.0, 
                "max_depth": 10, 
                "gamma": 0.0
            }
        }, 
        {
            "score": 0.5, 
            "params": {
                "reg_alpha": 0.0, 
                "colsample_bytree": 1.0, 
                "colsample_bylevel": 1.0, 
                "learning_rate": 0.1, 
                "max_delta_step": 0.0, 
                "min_child_weight": 0.0, 
                "subsample": 0.75, 
                "reg_lambda": 1.0, 
                "max_depth": 1, 
                "gamma": 0.0
            }
        }, 
        {
            "score": 0.5, 
            "params": {
                "reg_alpha": 0.0, 
                "colsample_bytree": 1.0, 
                "colsample_bylevel": 1.0, 
                "learning_rate": 0.1, 
                "max_delta_step": 0.0, 
                "min_child_weight": 0.0, 
                "subsample": 1.0, 
                "reg_lambda": 1.0, 
                "max_depth": 1, 
                "gamma": 0.0
            }
        }, 
        {
            "score": 0.5, 
            "params": {
                "reg_alpha": 0.0, 
                "colsample_bytree": 1.0, 
                "colsample_bylevel": 1.0, 
                "learning_rate": 0.1, 
                "max_delta_step": 0.0, 
                "min_child_weight": 0.0, 
                "subsample": 0.75, 
                "reg_lambda": 1.0, 
                "max_depth": 2, 
                "gamma": 0.0
            }
        }, 
        {
            "score": 0.5, 
            "params": {
                "reg_alpha": 0.0, 
                "colsample_bytree": 1.0, 
                "colsample_bylevel": 1.0, 
                "learning_rate": 0.1, 
                "max_delta_step": 0.0, 
                "min_child_weight": 0.0, 
                "subsample": 1.0, 
                "reg_lambda": 1.0, 
                "max_depth": 2, 
                "gamma": 0.0
            }
        }, 
        {
            "score": 0.5, 
            "params": {
                "reg_alpha": 0.0, 
                "colsample_bytree": 1.0, 
                "colsample_bylevel": 1.0, 
                "learning_rate": 0.1, 
                "max_delta_step": 0.0, 
                "min_child_weight": 0.0, 
                "subsample": 0.75, 
                "reg_lambda": 1.0, 
                "max_depth": 3, 
                "gamma": 0.0
            }
        }, 
        {
            "score": 0.5, 
            "params": {
                "reg_alpha": 0.0, 
                "colsample_bytree": 1.0, 
                "colsample_bylevel": 1.0, 
                "learning_rate": 0.1, 
                "max_delta_step": 0.0, 
                "min_child_weight": 0.0, 
                "subsample": 1.0, 
                "reg_lambda": 1.0, 
                "max_depth": 3, 
                "gamma": 0.0
            }
        }, 
        {
            "score": 0.5, 
            "params": {
                "reg_alpha": 0.0, 
                "colsample_bytree": 1.0, 
                "colsample_bylevel": 1.0, 
                "learning_rate": 0.1, 
                "max_delta_step": 0.0, 
                "min_child_weight": 0.0, 
                "subsample": 0.75, 
                "reg_lambda": 1.0, 
                "max_depth": 5, 
                "gamma": 0.0
            }
        }, 
        {
            "score": 0.5, 
            "params": {
                "reg_alpha": 0.0, 
                "colsample_bytree": 1.0, 
                "colsample_bylevel": 1.0, 
                "learning_rate": 0.1, 
                "max_delta_step": 0.0, 
                "min_child_weight": 0.0, 
                "subsample": 1.0, 
                "reg_lambda": 1.0, 
                "max_depth": 5, 
                "gamma": 0.0
            }
        }, 
        {
            "score": 0.5, 
            "params": {
                "reg_alpha": 0.0, 
                "colsample_bytree": 1.0, 
                "colsample_bylevel": 1.0, 
                "learning_rate": 0.1, 
                "max_delta_step": 0.0, 
                "min_child_weight": 0.0, 
                "subsample": 0.75, 
                "reg_lambda": 1.0, 
                "max_depth": 10, 
                "gamma": 0.0
            }
        }, 
        {
            "score": 0.5, 
            "params": {
                "reg_alpha": 0.0, 
                "colsample_bytree": 1.0, 
                "colsample_bylevel": 1.0, 
                "learning_rate": 0.1, 
                "max_delta_step": 0.0, 
                "min_child_weight": 0.0, 
                "subsample": 1.0, 
                "reg_lambda": 1.0, 
                "max_depth": 10, 
                "gamma": 0.0
            }
        }, 
        {
            "score": 0.5, 
            "params": {
                "reg_alpha": 0.0, 
                "colsample_bytree": 1.0, 
                "colsample_bylevel": 1.0, 
                "learning_rate": 0.3, 
                "max_delta_step": 0.0, 
                "min_child_weight": 0.0, 
                "subsample": 0.75, 
                "reg_lambda": 1.0, 
                "max_depth": 1, 
                "gamma": 0.0
            }
        }, 
        {
            "score": 0.5, 
            "params": {
                "reg_alpha": 0.0, 
                "colsample_bytree": 1.0, 
                "colsample_bylevel": 1.0, 
                "learning_rate": 0.3, 
                "max_delta_step": 0.0, 
                "min_child_weight": 0.0, 
                "subsample": 1.0, 
                "reg_lambda": 1.0, 
                "max_depth": 1, 
                "gamma": 0.0
            }
        }, 
        {
            "score": 0.5, 
            "params": {
                "reg_alpha": 0.0, 
                "colsample_bytree": 1.0, 
                "colsample_bylevel": 1.0, 
                "learning_rate": 0.3, 
                "max_delta_step": 0.0, 
                "min_child_weight": 0.0, 
                "subsample": 0.75, 
                "reg_lambda": 1.0, 
                "max_depth": 2, 
                "gamma": 0.0
            }
        }, 
        {
            "score": 0.5, 
            "params": {
                "reg_alpha": 0.0, 
                "colsample_bytree": 1.0, 
                "colsample_bylevel": 1.0, 
                "learning_rate": 0.3, 
                "max_delta_step": 0.0, 
                "min_child_weight": 0.0, 
                "subsample": 1.0, 
                "reg_lambda": 1.0, 
                "max_depth": 2, 
                "gamma": 0.0
            }
        }, 
        {
            "score": 0.5, 
            "params": {
                "reg_alpha": 0.0, 
                "colsample_bytree": 1.0, 
                "colsample_bylevel": 1.0, 
                "learning_rate": 0.3, 
                "max_delta_step": 0.0, 
                "min_child_weight": 0.0, 
                "subsample": 0.75, 
                "reg_lambda": 1.0, 
                "max_depth": 3, 
                "gamma": 0.0
            }
        }, 
        {
            "score": 0.5, 
            "params": {
                "reg_alpha": 0.0, 
                "colsample_bytree": 1.0, 
                "colsample_bylevel": 1.0, 
                "learning_rate": 0.3, 
                "max_delta_step": 0.0, 
                "min_child_weight": 0.0, 
                "subsample": 1.0, 
                "reg_lambda": 1.0, 
                "max_depth": 3, 
                "gamma": 0.0
            }
        }, 
        {
            "score": 0.5, 
            "params": {
                "reg_alpha": 0.0, 
                "colsample_bytree": 1.0, 
                "colsample_bylevel": 1.0, 
                "learning_rate": 0.3, 
                "max_delta_step": 0.0, 
                "min_child_weight": 0.0, 
                "subsample": 0.75, 
                "reg_lambda": 1.0, 
                "max_depth": 5, 
                "gamma": 0.0
            }
        }, 
        {
            "score": 0.5, 
            "params": {
                "reg_alpha": 0.0, 
                "colsample_bytree": 1.0, 
                "colsample_bylevel": 1.0, 
                "learning_rate": 0.3, 
                "max_delta_step": 0.0, 
                "min_child_weight": 0.0, 
                "subsample": 1.0, 
                "reg_lambda": 1.0, 
                "max_depth": 5, 
                "gamma": 0.0
            }
        }, 
        {
            "score": 0.5, 
            "params": {
                "reg_alpha": 0.0, 
                "colsample_bytree": 1.0, 
                "colsample_bylevel": 1.0, 
                "learning_rate": 0.3, 
                "max_delta_step": 0.0, 
                "min_child_weight": 0.0, 
                "subsample": 0.75, 
                "reg_lambda": 1.0, 
                "max_depth": 10, 
                "gamma": 0.0
            }
        }, 
        {
            "score": 0.5, 
            "params": {
                "reg_alpha": 0.0, 
                "colsample_bytree": 1.0, 
                "colsample_bylevel": 1.0, 
                "learning_rate": 0.3, 
                "max_delta_step": 0.0, 
                "min_child_weight": 0.0, 
                "subsample": 1.0, 
                "reg_lambda": 1.0, 
                "max_depth": 10, 
                "gamma": 0.0
            }
        }, 
        {
            "score": 0.5, 
            "params": {
                "reg_alpha": 0.0, 
                "colsample_bytree": 1.0, 
                "colsample_bylevel": 1.0, 
                "learning_rate": 0.5, 
                "max_delta_step": 0.0, 
                "min_child_weight": 0.0, 
                "subsample": 0.75, 
                "reg_lambda": 1.0, 
                "max_depth": 1, 
                "gamma": 0.0
            }
        }, 
        {
            "score": 0.5, 
            "params": {
                "reg_alpha": 0.0, 
                "colsample_bytree": 1.0, 
                "colsample_bylevel": 1.0, 
                "learning_rate": 0.5, 
                "max_delta_step": 0.0, 
                "min_child_weight": 0.0, 
                "subsample": 1.0, 
                "reg_lambda": 1.0, 
                "max_depth": 1, 
                "gamma": 0.0
            }
        }, 
        {
            "score": 0.5, 
            "params": {
                "reg_alpha": 0.0, 
                "colsample_bytree": 1.0, 
                "colsample_bylevel": 1.0, 
                "learning_rate": 0.5, 
                "max_delta_step": 0.0, 
                "min_child_weight": 0.0, 
                "subsample": 0.75, 
                "reg_lambda": 1.0, 
                "max_depth": 2, 
                "gamma": 0.0
            }
        }, 
        {
            "score": 0.5, 
            "params": {
                "reg_alpha": 0.0, 
                "colsample_bytree": 1.0, 
                "colsample_bylevel": 1.0, 
                "learning_rate": 0.5, 
                "max_delta_step": 0.0, 
                "min_child_weight": 0.0, 
                "subsample": 1.0, 
                "reg_lambda": 1.0, 
                "max_depth": 2, 
                "gamma": 0.0
            }
        }, 
        {
            "score": 0.5, 
            "params": {
                "reg_alpha": 0.0, 
                "colsample_bytree": 1.0, 
                "colsample_bylevel": 1.0, 
                "learning_rate": 0.5, 
                "max_delta_step": 0.0, 
                "min_child_weight": 0.0, 
                "subsample": 0.75, 
                "reg_lambda": 1.0, 
                "max_depth": 3, 
                "gamma": 0.0
            }
        }, 
        {
            "score": 0.5, 
            "params": {
                "reg_alpha": 0.0, 
                "colsample_bytree": 1.0, 
                "colsample_bylevel": 1.0, 
                "learning_rate": 0.5, 
                "max_delta_step": 0.0, 
                "min_child_weight": 0.0, 
                "subsample": 1.0, 
                "reg_lambda": 1.0, 
                "max_depth": 3, 
                "gamma": 0.0
            }
        }, 
        {
            "score": 0.5, 
            "params": {
                "reg_alpha": 0.0, 
                "colsample_bytree": 1.0, 
                "colsample_bylevel": 1.0, 
                "learning_rate": 0.5, 
                "max_delta_step": 0.0, 
                "min_child_weight": 0.0, 
                "subsample": 0.75, 
                "reg_lambda": 1.0, 
                "max_depth": 5, 
                "gamma": 0.0
            }
        }, 
        {
            "score": 0.5, 
            "params": {
                "reg_alpha": 0.0, 
                "colsample_bytree": 1.0, 
                "colsample_bylevel": 1.0, 
                "learning_rate": 0.5, 
                "max_delta_step": 0.0, 
                "min_child_weight": 0.0, 
                "subsample": 1.0, 
                "reg_lambda": 1.0, 
                "max_depth": 5, 
                "gamma": 0.0
            }
        }, 
        {
            "score": 0.5, 
            "params": {
                "reg_alpha": 0.0, 
                "colsample_bytree": 1.0, 
                "colsample_bylevel": 1.0, 
                "learning_rate": 0.5, 
                "max_delta_step": 0.0, 
                "min_child_weight": 0.0, 
                "subsample": 0.75, 
                "reg_lambda": 1.0, 
                "max_depth": 10, 
                "gamma": 0.0
            }
        }, 
        {
            "score": 0.5, 
            "params": {
                "reg_alpha": 0.0, 
                "colsample_bytree": 1.0, 
                "colsample_bylevel": 1.0, 
                "learning_rate": 0.5, 
                "max_delta_step": 0.0, 
                "min_child_weight": 0.0, 
                "subsample": 1.0, 
                "reg_lambda": 1.0, 
                "max_depth": 10, 
                "gamma": 0.0
            }
        }
    ], 
    "gridBestScore": 0.5, 
    "modelInputIsSparse": false, 
    "nBoostedEstimators": 5
}