{
  "state": "DONE",
  "preSearchDescription": {
    "gridLength": 100,
    "importantParams": [
      {
        "name": "trees",
        "val": "300"
      },
      {
        "name": "max_depth",
        "vals": [
          "1",
          "2",
          "3",
          "5",
          "10"
        ]
      }
    ]
  },
  "postSearchDescription": {
    "importantParams": [
      {
        "name": "trees",
        "val": "2"
      },
      {
        "name": "max_depth",
        "val": "1"
      }
    ]
  },
  "modelId": "m1",
  "progress": {
    "top_level_todo": [],
    "stack": [],
    "top_level_done": [
      {
        "name": "Loading train set",
        "time": 386
      },
      {
        "name": "Loading test set",
        "time": 122
      },
      {
        "name": "Collecting statistics",
        "time": 355
      },
      {
        "name": "Preprocessing train set",
        "time": 420
      },
      {
        "name": "Preprocessing test set",
        "time": 122
      },
      {
        "name": "Fitting model",
        "time": 387433
      },
      {
        "name": "Saving model",
        "time": 4
      },
      {
        "name": "Scoring model",
        "time": 9139
      }
    ]
  },
  "startTime": 1493821598327,
  "endTime": 1493821996313,
  "preprocessingTime": 1410,
  "trainingTime": 396576
}