{
    "gridSize": 2, 
    "nThreads": 1, 
    "metric": "R2", 
    "gridPoints": [
        {
            "index": 0, 
            "finishedAt": 1525621139290.0, 
            "score": 0.72066773829156527, 
            "parameters": {
                "max_features": "auto", 
                "min_samples_split": 30, 
                "n_estimators": 100, 
                "max_depth": 6, 
                "min_samples_leaf": 10
            }, 
            "time": 3645.0
        }, 
        {
            "index": 1, 
            "finishedAt": 1525621143556.0, 
            "score": 0.90681312213965093, 
            "parameters": {
                "max_features": "auto", 
                "min_samples_split": 30, 
                "n_estimators": 100, 
                "max_depth": 13, 
                "min_samples_leaf": 10
            }, 
            "time": 4258.0
        }
    ], 
    "startedAt": 1525621135542, 
    "nSplits": 3
}