[
    {
        "parameters": {
            "max_features": "auto", 
            "min_samples_split": 30, 
            "n_estimators": 100, 
            "max_depth": 6, 
            "min_samples_leaf": 10
        }, 
        "score_time": 93, 
        "test_score": 0.7085519295100015, 
        "fit_time": 1385, 
        "num_samples": 2897, 
        "best_iteration": null, 
        "train_score": 0.741858407866099, 
        "parameter_id": 0, 
        "time": 1478, 
        "done_at": 1525621137119, 
        "grid_point_id": "{\"max_features\": \"auto\", \"min_samples_split\": 30, \"n_estimators\": 100, \"max_depth\": 6, \"min_samples_leaf\": 10}@0"
    }, 
    {
        "parameters": {
            "max_features": "auto", 
            "min_samples_split": 30, 
            "n_estimators": 100, 
            "max_depth": 6, 
            "min_samples_leaf": 10
        }, 
        "score_time": 55, 
        "test_score": 0.719030214067305, 
        "fit_time": 1058, 
        "num_samples": 2897, 
        "best_iteration": null, 
        "train_score": 0.73586152251239, 
        "parameter_id": 0, 
        "time": 1113, 
        "done_at": 1525621138234, 
        "grid_point_id": "{\"max_features\": \"auto\", \"min_samples_split\": 30, \"n_estimators\": 100, \"max_depth\": 6, \"min_samples_leaf\": 10}@1"
    }, 
    {
        "parameters": {
            "max_features": "auto", 
            "min_samples_split": 30, 
            "n_estimators": 100, 
            "max_depth": 6, 
            "min_samples_leaf": 10
        }, 
        "score_time": 65, 
        "test_score": 0.734421071297389, 
        "fit_time": 989, 
        "num_samples": 2897, 
        "best_iteration": null, 
        "train_score": 0.7262137717220698, 
        "parameter_id": 0, 
        "time": 1054, 
        "done_at": 1525621139290, 
        "grid_point_id": "{\"max_features\": \"auto\", \"min_samples_split\": 30, \"n_estimators\": 100, \"max_depth\": 6, \"min_samples_leaf\": 10}@2"
    }, 
    {
        "parameters": {
            "max_features": "auto", 
            "min_samples_split": 30, 
            "n_estimators": 100, 
            "max_depth": 13, 
            "min_samples_leaf": 10
        }, 
        "score_time": 115, 
        "test_score": 0.8975340697469947, 
        "fit_time": 1375, 
        "num_samples": 2897, 
        "best_iteration": null, 
        "train_score": 0.932327191592741, 
        "parameter_id": 1, 
        "time": 1490, 
        "done_at": 1525621140784, 
        "grid_point_id": "{\"max_features\": \"auto\", \"min_samples_split\": 30, \"n_estimators\": 100, \"max_depth\": 13, \"min_samples_leaf\": 10}@0"
    }, 
    {
        "parameters": {
            "max_features": "auto", 
            "min_samples_split": 30, 
            "n_estimators": 100, 
            "max_depth": 13, 
            "min_samples_leaf": 10
        }, 
        "score_time": 79, 
        "test_score": 0.9021431853149683, 
        "fit_time": 1315, 
        "num_samples": 2897, 
        "best_iteration": null, 
        "train_score": 0.9276603235031948, 
        "parameter_id": 1, 
        "time": 1394, 
        "done_at": 1525621142180, 
        "grid_point_id": "{\"max_features\": \"auto\", \"min_samples_split\": 30, \"n_estimators\": 100, \"max_depth\": 13, \"min_samples_leaf\": 10}@1"
    }, 
    {
        "parameters": {
            "max_features": "auto", 
            "min_samples_split": 30, 
            "n_estimators": 100, 
            "max_depth": 13, 
            "min_samples_leaf": 10
        }, 
        "score_time": 81, 
        "test_score": 0.92076211135699, 
        "fit_time": 1293, 
        "num_samples": 2897, 
        "best_iteration": null, 
        "train_score": 0.9221376771552499, 
        "parameter_id": 1, 
        "time": 1374, 
        "done_at": 1525621143556, 
        "grid_point_id": "{\"max_features\": \"auto\", \"min_samples_split\": 30, \"n_estimators\": 100, \"max_depth\": 13, \"min_samples_leaf\": 10}@2"
    }
]