{
  "state": "DONE",
  "preSearchDescription": {
    "gridLength": 2,
    "importantParams": [
      {
        "name": "trees",
        "vals": [
          "100"
        ]
      },
      {
        "name": "depth",
        "vals": [
          "6",
          "13"
        ]
      },
      {
        "name": "min_samples",
        "vals": [
          "10"
        ]
      }
    ]
  },
  "postSearchDescription": {
    "importantParams": [
      {
        "name": "trees",
        "val": "100"
      },
      {
        "name": "depth",
        "val": "13"
      },
      {
        "name": "min_samples",
        "val": "10"
      }
    ]
  },
  "sampleWeightsEnabled": false,
  "modelId": "m1",
  "progress": {
    "top_level_todo": [],
    "stack": [],
    "top_level_done": [
      {
        "name": "Loading train set",
        "time": 1260
      },
      {
        "name": "Loading test set",
        "time": 74
      },
      {
        "name": "Collecting statistics",
        "time": 43
      },
      {
        "name": "Preprocessing train set",
        "time": 95
      },
      {
        "name": "Preprocessing test set",
        "time": 61
      },
      {
        "name": "Grid searching",
        "time": 8070
      },
      {
        "name": "Fitting model",
        "time": 1823
      },
      {
        "name": "Saving model",
        "time": 48
      },
      {
        "name": "Scoring model",
        "time": 859
      }
    ]
  },
  "startTime": 1525621133996,
  "endTime": 1525621146332,
  "preprocessingTime": 1536,
  "trainingTime": 10800
}