{
    "metrics": {
        "nbClusters": 5, 
        "silhouette": 0.12651285832148926, 
        "inertia": 1185852.4463527985
    }, 
    "reduce_vars": [], 
    "train_nb_features": 23, 
    "train_nb_records": 76249, 
    "summary": {
        "clusters": []
    }, 
    "variables_importance": {
        "variables": [
            "movieId", 
            "mul_Action_genre_rating", 
            "mul_Adventure_genre_rating", 
            "mul_Animation_genre_rating", 
            "mul_Children_genre_rating", 
            "mul_Comedy_genre_rating", 
            "mul_Crime_genre_rating", 
            "mul_Documentary_genre_rating", 
            "mul_Drama_genre_rating", 
            "mul_Fantasy_genre_rating", 
            "mul_Film-Noir_genre_rating", 
            "mul_Horror_genre_rating", 
            "mul_IMAX_genre_rating", 
            "mul_Musical_genre_rating", 
            "mul_Mystery_genre_rating", 
            "mul_Romance_genre_rating", 
            "mul_Sci-Fi_genre_rating", 
            "mul_Thriller_genre_rating", 
            "mul_War_genre_rating", 
            "mul_Western_genre_rating", 
            "rating", 
            "rating_avg", 
            "userId"
        ], 
        "importances": [
            0.018553649872272378, 
            0.10367933488220665, 
            0.092588366021845073, 
            0.034962068216000064, 
            0.095079441967193923, 
            0.13950552318919576, 
            0.069777030090003925, 
            0.020772457671744054, 
            0.07511058656293565, 
            0.010405286417102257, 
            0.0014977788442074619, 
            0.0064117182761021588, 
            0.0063057490198144524, 
            0.0079147892640044331, 
            0.013562219175813248, 
            0.10635385079079603, 
            0.075190261014256882, 
            0.042014881692616843, 
            0.014756366651619468, 
            0.0016895969504254879, 
            0.015223058105252023, 
            0.041672067196740076, 
            0.0069739181278518549
        ]
    }, 
    "processed_feature_names": [
        "movieId", 
        "mul_Action_genre_rating", 
        "mul_Adventure_genre_rating", 
        "mul_Animation_genre_rating", 
        "mul_Children_genre_rating", 
        "mul_Comedy_genre_rating", 
        "mul_Crime_genre_rating", 
        "mul_Documentary_genre_rating", 
        "mul_Drama_genre_rating", 
        "mul_Fantasy_genre_rating", 
        "mul_Film-Noir_genre_rating", 
        "mul_Horror_genre_rating", 
        "mul_IMAX_genre_rating", 
        "mul_Musical_genre_rating", 
        "mul_Mystery_genre_rating", 
        "mul_Romance_genre_rating", 
        "mul_Sci-Fi_genre_rating", 
        "mul_Thriller_genre_rating", 
        "mul_War_genre_rating", 
        "mul_Western_genre_rating", 
        "rating", 
        "rating_avg", 
        "userId"
    ], 
    "train_nb_outliers": 3755, 
    "cluster_description": [
        {
            "variable": "rating", 
            "var": 0.06, 
            "values": [
                {
                    "cluster": "cluster_0", 
                    "value": 3.7937822763891758
                }, 
                {
                    "cluster": "cluster_1", 
                    "value": 3.4286787128487553
                }, 
                {
                    "cluster": "cluster_2", 
                    "value": 3.3108995994779713
                }, 
                {
                    "cluster": "cluster_3", 
                    "value": 3.5388661601402687
                }, 
                {
                    "cluster": "cluster_4", 
                    "value": 3.9290674603174605
                }, 
                {
                    "cluster": "cluster_outliers", 
                    "value": 3.8639147802929426
                }
            ]
        }, 
        {
            "variable": "mul_Musical_genre_rating", 
            "var": 0.02, 
            "values": [
                {
                    "cluster": "cluster_0", 
                    "value": 0.002692984694502945
                }, 
                {
                    "cluster": "cluster_1", 
                    "value": 0.051752159407868197
                }, 
                {
                    "cluster": "cluster_2", 
                    "value": 0.0055450735390750487
                }, 
                {
                    "cluster": "cluster_3", 
                    "value": 0.21907716612690573
                }, 
                {
                    "cluster": "cluster_4", 
                    "value": 0.0
                }, 
                {
                    "cluster": "cluster_outliers", 
                    "value": 0.34822157894580724
                }
            ]
        }, 
        {
            "variable": "mul_Romance_genre_rating", 
            "var": 0.09, 
            "values": [
                {
                    "cluster": "cluster_0", 
                    "value": 0.039153134771681822
                }, 
                {
                    "cluster": "cluster_1", 
                    "value": 0.7936883463773915
                }, 
                {
                    "cluster": "cluster_2", 
                    "value": 0.047573623388308589
                }, 
                {
                    "cluster": "cluster_3", 
                    "value": 0.090569830119466718
                }, 
                {
                    "cluster": "cluster_4", 
                    "value": 0.0
                }, 
                {
                    "cluster": "cluster_outliers", 
                    "value": 0.1272166383268977
                }
            ]
        }, 
        {
            "variable": "mul_Action_genre_rating", 
            "var": 0.09, 
            "values": [
                {
                    "cluster": "cluster_0", 
                    "value": 0.19683046237173044
                }, 
                {
                    "cluster": "cluster_1", 
                    "value": 0.028298804799892215
                }, 
                {
                    "cluster": "cluster_2", 
                    "value": 0.78253970378080584
                }, 
                {
                    "cluster": "cluster_3", 
                    "value": 0.048749559651353656
                }, 
                {
                    "cluster": "cluster_4", 
                    "value": 0.0
                }, 
                {
                    "cluster": "cluster_outliers", 
                    "value": 0.10778129205850745
                }
            ]
        }, 
        {
            "variable": "userId", 
            "var": 179.9, 
            "values": [
                {
                    "cluster": "cluster_0", 
                    "value": 345.12183433174965
                }, 
                {
                    "cluster": "cluster_1", 
                    "value": 358.28992763187841
                }, 
                {
                    "cluster": "cluster_2", 
                    "value": 336.4086224742361
                }, 
                {
                    "cluster": "cluster_3", 
                    "value": 346.64041496201054
                }, 
                {
                    "cluster": "cluster_4", 
                    "value": 374.51587301587301
                }, 
                {
                    "cluster": "cluster_outliers", 
                    "value": 345.80239680426098
                }
            ]
        }, 
        {
            "variable": "mul_Mystery_genre_rating", 
            "var": 0.02, 
            "values": [
                {
                    "cluster": "cluster_0", 
                    "value": 0.17778563653496843
                }, 
                {
                    "cluster": "cluster_1", 
                    "value": 0.008472031074130788
                }, 
                {
                    "cluster": "cluster_2", 
                    "value": 0.043793155583621693
                }, 
                {
                    "cluster": "cluster_3", 
                    "value": 0.017305608551268104
                }, 
                {
                    "cluster": "cluster_4", 
                    "value": 0.0
                }, 
                {
                    "cluster": "cluster_outliers", 
                    "value": 0.39303358347577227
                }
            ]
        }, 
        {
            "variable": "mul_Drama_genre_rating", 
            "var": 0.36, 
            "values": [
                {
                    "cluster": "cluster_0", 
                    "value": 1.6480126802048904
                }, 
                {
                    "cluster": "cluster_1", 
                    "value": 0.71975546297480764
                }, 
                {
                    "cluster": "cluster_2", 
                    "value": 0.25037298379865924
                }, 
                {
                    "cluster": "cluster_3", 
                    "value": 0.21683199886168741
                }, 
                {
                    "cluster": "cluster_4", 
                    "value": 0.014384920634920634
                }, 
                {
                    "cluster": "cluster_outliers", 
                    "value": 0.23842572565540704
                }
            ]
        }, 
        {
            "variable": "mul_Western_genre_rating", 
            "var": 0.02, 
            "values": [
                {
                    "cluster": "cluster_0", 
                    "value": 0.0050579272227691992
                }, 
                {
                    "cluster": "cluster_1", 
                    "value": 0.004636505557073874
                }, 
                {
                    "cluster": "cluster_2", 
                    "value": 0.035210569547526667
                }, 
                {
                    "cluster": "cluster_3", 
                    "value": 0.0028165410471079674
                }, 
                {
                    "cluster": "cluster_4", 
                    "value": 0.0
                }, 
                {
                    "cluster": "cluster_outliers", 
                    "value": 0.31898892601893164
                }
            ]
        }, 
        {
            "variable": "mul_Sci-Fi_genre_rating", 
            "var": 0.05, 
            "values": [
                {
                    "cluster": "cluster_0", 
                    "value": 0.020520348768986844
                }, 
                {
                    "cluster": "cluster_1", 
                    "value": 0.0097763250282726609
                }, 
                {
                    "cluster": "cluster_2", 
                    "value": 0.55108584383780856
                }, 
                {
                    "cluster": "cluster_3", 
                    "value": 0.077134474505493558
                }, 
                {
                    "cluster": "cluster_4", 
                    "value": 0.0
                }, 
                {
                    "cluster": "cluster_outliers", 
                    "value": 0.004598996210181297
                }
            ]
        }, 
        {
            "variable": "mul_Film-Noir_genre_rating", 
            "var": 0.0, 
            "values": [
                {
                    "cluster": "cluster_0", 
                    "value": 0.03545585117183641
                }, 
                {
                    "cluster": "cluster_1", 
                    "value": 8.6965285408688076e-05
                }, 
                {
                    "cluster": "cluster_2", 
                    "value": 0.0018060110953161254
                }, 
                {
                    "cluster": "cluster_3", 
                    "value": 0.0
                }, 
                {
                    "cluster": "cluster_4", 
                    "value": 0.0
                }, 
                {
                    "cluster": "cluster_outliers", 
                    "value": 0.065680806791583765
                }
            ]
        }, 
        {
            "variable": "mul_Thriller_genre_rating", 
            "var": 0.06, 
            "values": [
                {
                    "cluster": "cluster_0", 
                    "value": 0.58533690216976231
                }, 
                {
                    "cluster": "cluster_1", 
                    "value": 0.017833487800886935
                }, 
                {
                    "cluster": "cluster_2", 
                    "value": 0.36827697531346287
                }, 
                {
                    "cluster": "cluster_3", 
                    "value": 0.004086101370218846
                }, 
                {
                    "cluster": "cluster_4", 
                    "value": 0.0
                }, 
                {
                    "cluster": "cluster_outliers", 
                    "value": 0.34302799952319246
                }
            ]
        }, 
        {
            "variable": "mul_War_genre_rating", 
            "var": 0.0, 
            "values": [
                {
                    "cluster": "cluster_0", 
                    "value": 0.15874228171803226
                }, 
                {
                    "cluster": "cluster_1", 
                    "value": 0.044426940179720147
                }, 
                {
                    "cluster": "cluster_2", 
                    "value": 0.02100826154927796
                }, 
                {
                    "cluster": "cluster_3", 
                    "value": 0.004977882444620163
                }, 
                {
                    "cluster": "cluster_4", 
                    "value": 0.044196428571428574
                }, 
                {
                    "cluster": "cluster_outliers", 
                    "value": 0.02610147226915497
                }
            ]
        }, 
        {
            "variable": "mul_Children_genre_rating", 
            "var": 0.13, 
            "values": [
                {
                    "cluster": "cluster_0", 
                    "value": 3.098533360875852e-05
                }, 
                {
                    "cluster": "cluster_1", 
                    "value": 0.0012212617208976044
                }, 
                {
                    "cluster": "cluster_2", 
                    "value": 0.0066679729332260653
                }, 
                {
                    "cluster": "cluster_3", 
                    "value": 0.89374232160319689
                }, 
                {
                    "cluster": "cluster_4", 
                    "value": 0.0
                }, 
                {
                    "cluster": "cluster_outliers", 
                    "value": 0.09172812654957789
                }
            ]
        }, 
        {
            "variable": "movieId", 
            "var": 53372726.32, 
            "values": [
                {
                    "cluster": "cluster_0", 
                    "value": 10808.214625077464
                }, 
                {
                    "cluster": "cluster_1", 
                    "value": 10260.710618542624
                }, 
                {
                    "cluster": "cluster_2", 
                    "value": 16948.593447639621
                }, 
                {
                    "cluster": "cluster_3", 
                    "value": 11916.37025131502
                }, 
                {
                    "cluster": "cluster_4", 
                    "value": 28654.660714285714
                }, 
                {
                    "cluster": "cluster_outliers", 
                    "value": 9752.6423435419438
                }
            ]
        }, 
        {
            "variable": "rating_avg", 
            "var": 0.05, 
            "values": [
                {
                    "cluster": "cluster_0", 
                    "value": 3.7539962443473516
                }, 
                {
                    "cluster": "cluster_1", 
                    "value": 3.4447802142980009
                }, 
                {
                    "cluster": "cluster_2", 
                    "value": 3.3417457688925034
                }, 
                {
                    "cluster": "cluster_3", 
                    "value": 3.5370986292774629
                }, 
                {
                    "cluster": "cluster_4", 
                    "value": 3.9228207297439663
                }, 
                {
                    "cluster": "cluster_outliers", 
                    "value": 3.8464065726766496
                }
            ]
        }, 
        {
            "variable": "mul_Documentary_genre_rating", 
            "var": 2.27, 
            "values": [
                {
                    "cluster": "cluster_0", 
                    "value": 0.002965066905368496
                }, 
                {
                    "cluster": "cluster_1", 
                    "value": 0.0037730290939066136
                }, 
                {
                    "cluster": "cluster_2", 
                    "value": 0.0036321770424646094
                }, 
                {
                    "cluster": "cluster_3", 
                    "value": 0.0021917007597895967
                }, 
                {
                    "cluster": "cluster_4", 
                    "value": 3.6989574691619564
                }, 
                {
                    "cluster": "cluster_outliers", 
                    "value": 0.027888797842193308
                }
            ]
        }, 
        {
            "variable": "mul_Fantasy_genre_rating", 
            "var": 0.03, 
            "values": [
                {
                    "cluster": "cluster_0", 
                    "value": 0.013876805581122231
                }, 
                {
                    "cluster": "cluster_1", 
                    "value": 0.087751663470388055
                }, 
                {
                    "cluster": "cluster_2", 
                    "value": 0.099484701366446007
                }, 
                {
                    "cluster": "cluster_3", 
                    "value": 0.37165943533561507
                }, 
                {
                    "cluster": "cluster_4", 
                    "value": 0.0
                }, 
                {
                    "cluster": "cluster_outliers", 
                    "value": 0.42587336863759462
                }
            ]
        }, 
        {
            "variable": "mul_IMAX_genre_rating", 
            "var": 0.0, 
            "values": [
                {
                    "cluster": "cluster_0", 
                    "value": 0.0
                }, 
                {
                    "cluster": "cluster_1", 
                    "value": 0.00018964392456723259
                }, 
                {
                    "cluster": "cluster_2", 
                    "value": 0.083340425542093963
                }, 
                {
                    "cluster": "cluster_3", 
                    "value": 0.00012663159945451003
                }, 
                {
                    "cluster": "cluster_4", 
                    "value": 0.004712301587301587
                }, 
                {
                    "cluster": "cluster_outliers", 
                    "value": 0.092527061303239691
                }
            ]
        }, 
        {
            "variable": "mul_Comedy_genre_rating", 
            "var": 0.32, 
            "values": [
                {
                    "cluster": "cluster_0", 
                    "value": 0.1602611320219666
                }, 
                {
                    "cluster": "cluster_1", 
                    "value": 1.601615878381615
                }, 
                {
                    "cluster": "cluster_2", 
                    "value": 0.26137061122609873
                }, 
                {
                    "cluster": "cluster_3", 
                    "value": 0.52956954317832206
                }, 
                {
                    "cluster": "cluster_4", 
                    "value": 0.12510333994708991
                }, 
                {
                    "cluster": "cluster_outliers", 
                    "value": 0.22771021430892102
                }
            ]
        }, 
        {
            "variable": "mul_Crime_genre_rating", 
            "var": 0.05, 
            "values": [
                {
                    "cluster": "cluster_0", 
                    "value": 0.57438324994458967
                }, 
                {
                    "cluster": "cluster_1", 
                    "value": 0.022589132397630877
                }, 
                {
                    "cluster": "cluster_2", 
                    "value": 0.065333532634776453
                }, 
                {
                    "cluster": "cluster_3", 
                    "value": 0.026681626744890247
                }, 
                {
                    "cluster": "cluster_4", 
                    "value": 0.01066468253968254
                }, 
                {
                    "cluster": "cluster_outliers", 
                    "value": 0.12987067911911068
                }
            ]
        }, 
        {
            "variable": "mul_Horror_genre_rating", 
            "var": 0.02, 
            "values": [
                {
                    "cluster": "cluster_0", 
                    "value": 0.1128481269455939
                }, 
                {
                    "cluster": "cluster_1", 
                    "value": 0.032662463061159205
                }, 
                {
                    "cluster": "cluster_2", 
                    "value": 0.11037088869939692
                }, 
                {
                    "cluster": "cluster_3", 
                    "value": 0.0017134719702662428
                }, 
                {
                    "cluster": "cluster_4", 
                    "value": 0.003968253968253968
                }, 
                {
                    "cluster": "cluster_outliers", 
                    "value": 0.40938275975576105
                }
            ]
        }, 
        {
            "variable": "mul_Adventure_genre_rating", 
            "var": 0.07, 
            "values": [
                {
                    "cluster": "cluster_0", 
                    "value": 0.017972183729455828
                }, 
                {
                    "cluster": "cluster_1", 
                    "value": 0.016109668890286137
                }, 
                {
                    "cluster": "cluster_2", 
                    "value": 0.59738781340011893
                }, 
                {
                    "cluster": "cluster_3", 
                    "value": 0.46063229738785705
                }, 
                {
                    "cluster": "cluster_4", 
                    "value": 0.020833333333333336
                }, 
                {
                    "cluster": "cluster_outliers", 
                    "value": 0.38251383803934874
                }
            ]
        }, 
        {
            "variable": "mul_Animation_genre_rating", 
            "var": 0.05, 
            "values": [
                {
                    "cluster": "cluster_0", 
                    "value": 0.00041793313069908821
                }, 
                {
                    "cluster": "cluster_1", 
                    "value": 0.00014044487213664766
                }, 
                {
                    "cluster": "cluster_2", 
                    "value": 0.0063604124372753368
                }, 
                {
                    "cluster": "cluster_3", 
                    "value": 0.56923243801994639
                }, 
                {
                    "cluster": "cluster_4", 
                    "value": 0.0
                }, 
                {
                    "cluster": "cluster_outliers", 
                    "value": 0.085834707845438715
                }
            ]
        }, 
        {
            "variable": "cluster_size", 
            "var": 111512559.2, 
            "values": [
                {
                    "cluster": "cluster_0", 
                    "value": 24205
                }, 
                {
                    "cluster": "cluster_2", 
                    "value": 22221
                }, 
                {
                    "cluster": "cluster_1", 
                    "value": 21971
                }, 
                {
                    "cluster": "cluster_3", 
                    "value": 6844
                }, 
                {
                    "cluster": "cluster_outliers", 
                    "value": 3755
                }, 
                {
                    "cluster": "cluster_4", 
                    "value": 1008
                }
            ]
        }
    ]
}