{
    "trainingTime": 11238, 
    "state": "DONE", 
    "startTime": 1525629463055, 
    "preprocessingTime": 27259, 
    "progress": {
        "top_level_todo": [], 
        "stack": [], 
        "top_level_done": [
            {
                "name": "Loading source dataset", 
                "time": 331
            }, 
            {
                "name": "Collecting statistics", 
                "time": 98
            }, 
            {
                "name": "Preprocessing data", 
                "time": 26830
            }, 
            {
                "name": "Fitting model", 
                "time": 2924
            }, 
            {
                "name": "Saving model", 
                "time": 5
            }, 
            {
                "name": "Scoring model", 
                "time": 8309
            }
        ]
    }, 
    "endTime": 1525629501552, 
    "modelId": "m1"
}