{
    "usedGridSearch": true, 
    "gridSize": 3, 
    "modelInputNRows": 79912, 
    "modelInputNCols": 51, 
    "modelInputMemory": 32604096, 
    "gridCells": [
        {
            "score": 0.46935263634688773, 
            "params": {
                "alpha": 0.1
            }
        }, 
        {
            "score": 0.41862737464343097, 
            "params": {
                "alpha": 1.0
            }
        }, 
        {
            "score": 0.26497247525698697, 
            "params": {
                "alpha": 3.0
            }
        }
    ], 
    "lmCoefficients": {
        "variables": [
            "Aspect", 
            "Cover_Type", 
            "Hillshade_3pm", 
            "Hillshade_9am", 
            "Hillshade_Noon", 
            "Horizontal_Distance_To_Fire_Points", 
            "Horizontal_Distance_To_Hydrology", 
            "Horizontal_Distance_To_Roadways", 
            "Slope", 
            "Soil_Type1", 
            "Soil_Type10", 
            "Soil_Type11", 
            "Soil_Type12", 
            "Soil_Type13", 
            "Soil_Type14", 
            "Soil_Type16", 
            "Soil_Type17", 
            "Soil_Type18", 
            "Soil_Type19", 
            "Soil_Type2", 
            "Soil_Type20", 
            "Soil_Type21", 
            "Soil_Type22", 
            "Soil_Type23", 
            "Soil_Type24", 
            "Soil_Type26", 
            "Soil_Type27", 
            "Soil_Type28", 
            "Soil_Type29", 
            "Soil_Type3", 
            "Soil_Type30", 
            "Soil_Type31", 
            "Soil_Type32", 
            "Soil_Type33", 
            "Soil_Type34", 
            "Soil_Type35", 
            "Soil_Type36", 
            "Soil_Type37", 
            "Soil_Type38", 
            "Soil_Type39", 
            "Soil_Type4", 
            "Soil_Type40", 
            "Soil_Type5", 
            "Soil_Type6", 
            "Soil_Type8", 
            "Soil_Type9", 
            "Vertical_Distance_To_Hydrology", 
            "Wilderness_Area1", 
            "Wilderness_Area2", 
            "Wilderness_Area3", 
            "Wilderness_Area4"
        ], 
        "tstat": [
            -0.54950877617333205, 
            -84.808517578778819, 
            -2.9056848244030586, 
            8.5891469839418466, 
            -1.8059804416090277, 
            2.2362331855595539, 
            29.113444535419713, 
            104.46280663285644, 
            -9.300308364541543, 
            -16.395247802708134, 
            -24.162014397444008, 
            -6.7720441926147918, 
            -11.182090286583708, 
            -0.51641651938747124, 
            -10.934726063083342, 
            -8.7672820440487111, 
            -18.26209679097536, 
            -22.870693478543377, 
            8.3758500237401847, 
            -16.781272933330381, 
            0.8223551221209715, 
            4.0285652967239152, 
            10.771595420999068, 
            16.359293979188578, 
            -0.052560520125131766, 
            -0.38635527624394705, 
            3.2998885244967466, 
            -0.63580362788615918, 
            13.709455436408174, 
            -23.213854014472545, 
            -4.2711376279578541, 
            6.6258828174222195, 
            12.412027178017196, 
            8.1331142162436745, 
            0.30475156429051431, 
            14.465565996724431, 
            3.5363174146675367, 
            8.7672811315186454, 
            34.170686201891833, 
            36.083255056601026, 
            -16.724567700742259, 
            33.517473085370632, 
            -10.159012543442975, 
            -8.8698612063817865, 
            -1.0214326097988946, 
            -1.3826692472474313, 
            2.2577988163858413, 
            2.6779413428360503, 
            23.440709832839364, 
            26.542428408988069, 
            -42.183818587529522
        ], 
        "interceptCoef": 2861.1838772649917, 
        "pvalue": [
            0.2913289400184168, 
            0.0, 
            0.0018327547492396068, 
            0.0, 
            0.035462579091402491, 
            0.012669625397910944, 
            0.0, 
            0.0, 
            0.0, 
            0.0, 
            0.0, 
            6.3924421311867263e-12, 
            0.0, 
            0.30278248024012333, 
            0.0, 
            0.0, 
            0.0, 
            0.0, 
            0.0, 
            0.0, 
            0.20543863420295472, 
            2.8085074872841176e-05, 
            0.0, 
            0.0, 
            0.47904110265251776, 
            0.3496172985949364, 
            0.00048382787142253747, 
            0.26245312225761941, 
            0.0, 
            0.0, 
            9.7351416833424409e-06, 
            1.7368106952631024e-11, 
            0.0, 
            2.2204460492503131e-16, 
            0.38027808396566398, 
            0.0, 
            0.00020298827942955011, 
            0.0, 
            0.0, 
            0.0, 
            0.0, 
            0.0, 
            0.0, 
            0.0, 
            0.15352630809320644, 
            0.083385085888656119, 
            0.011980446636026931, 
            0.0037045670005714237, 
            0.0, 
            0.0, 
            0.0
        ], 
        "coefs": [
            -0.5488164227223068, 
            -15.198470347479947, 
            -2.9020238075042974, 
            8.5783250902557846, 
            -1.8037049969840804, 
            2.2334156440927395, 
            29.076763057948973, 
            104.33118874464655, 
            -9.2885904432429758, 
            -16.374590614216721, 
            -24.131571473138941, 
            -6.7635117571494598, 
            -11.168001414617516, 
            -0.51576586051999584, 
            -10.92094885757845, 
            -8.7562357091252743, 
            -18.239087466426955, 
            -22.841877553819607, 
            8.3652968735138504, 
            -16.760129372490848, 
            0.82131899598051494, 
            4.0234895068472651, 
            10.75802375196125, 
            16.338682090642951, 
            -0.052494296510471904, 
            -0.38586848800523188, 
            3.2957308307407871, 
            -0.63500254725637406, 
            13.692182211301986, 
            -23.184605724550625, 
            -4.26575620912931, 
            6.6175345379797683, 
            12.396388647277336, 
            8.122866900965688, 
            0.304367592629674, 
            14.447340110245845, 
            3.5318618323818836, 
            8.7562347977345159, 
            34.127632854078385, 
            36.03779196811697, 
            -16.70349558570091, 
            33.475242753240536, 
            -10.146212698012187, 
            -8.8586856268608969, 
            -1.0201456560270068, 
            -1.3809271534668721, 
            2.2549541033073015, 
            2.6745672712839608, 
            23.411175716023923, 
            26.508986282536409, 
            -42.130669095362407
        ]
    }, 
    "modelInputIsSparse": false
}