{
    "metrics": {
        "pearson": 0.90071487224478686, 
        "r2": 0.80895367889944314, 
        "rmse": 101.08413423660575, 
        "mape": 0.025953046551244197, 
        "mae": 74.50230747943003, 
        "mse": 10218.00219436413, 
        "evs": 0.80898362257151279, 
        "rmsle": 0.035133282389346224
    }, 
    "scatterPlotData": {
        "y": [
            2975.0644, 
            3021.9558, 
            3002.407, 
            3081.7138, 
            3077.8517, 
            2909.6357, 
            2881.3143, 
            2854.3334, 
            3024.541, 
            2765.5526, 
            2722.8383, 
            2666.9849, 
            2916.9125, 
            2892.2043, 
            3127.6007, 
            2806.4168, 
            2704.7654, 
            3036.6978, 
            2722.7101, 
            2971.9868, 
            3358.9304, 
            2902.1122, 
            2840.1814, 
            2751.6211, 
            2811.0886, 
            3199.7201, 
            2909.3581, 
            2616.2988, 
            2718.9066, 
            2706.2956, 
            2947.0123, 
            2901.9018, 
            3048.5135, 
            2725.3439, 
            2739.4156, 
            2703.7969, 
            2849.6559, 
            2982.2902, 
            3005.6834, 
            3176.9474, 
            2914.8674, 
            2878.4471, 
            2781.3419, 
            3048.2755, 
            2660.4569, 
            2919.5463, 
            2973.9323, 
            2583.0521, 
            2882.8292, 
            3139.9257, 
            2975.7018, 
            2561.6659, 
            2802.2657, 
            2386.3577, 
            2563.9601, 
            2987.966, 
            3005.5217, 
            2932.8772, 
            3049.0536, 
            2646.3875, 
            2707.5564, 
            3247.6219, 
            3023.4159, 
            2546.0328, 
            2992.8372, 
            2703.4254, 
            3188.2709, 
            2891.3961, 
            2640.4499, 
            2751.5879, 
            2988.3282, 
            2714.4622, 
            2693.578, 
            2956.5038, 
            2879.1626, 
            2874.5471, 
            2922.2078, 
            2958.3351, 
            3002.5714, 
            2868.187, 
            3020.8151, 
            3048.8493, 
            2828.5884, 
            2967.5852, 
            2693.9326, 
            2878.4564, 
            2937.4635, 
            2679.2074, 
            3114.6628, 
            2983.6682, 
            2301.5577, 
            2309.3479, 
            3112.3628, 
            2994.1392, 
            2935.7213, 
            3051.9382, 
            3163.5315, 
            2963.4641, 
            3061.343, 
            2930.4171, 
            2857.61, 
            2789.251, 
            2866.9481, 
            2902.9883, 
            2975.2531, 
            2919.053, 
            3103.4966, 
            2554.6216, 
            2845.2767, 
            2899.0466, 
            2703.595, 
            2996.056, 
            2731.284, 
            2746.0698, 
            2976.3202, 
            2962.2457, 
            2301.1157, 
            2991.2284, 
            3020.9548, 
            2746.8262, 
            2643.6671, 
            2715.9421, 
            2966.6051, 
            2852.4764, 
            3054.4003, 
            2747.251, 
            2758.605, 
            2831.2554, 
            2615.5528, 
            2875.6759, 
            3041.5726, 
            2251.9421, 
            2659.8023, 
            2939.677, 
            2757.9216, 
            2636.1636, 
            2894.6442, 
            3105.2033, 
            3003.9699, 
            3038.1613, 
            2798.959, 
            3032.2559, 
            3083.4709, 
            2984.269, 
            2221.8714, 
            2993.874, 
            2740.112, 
            2956.2205, 
            2730.6985, 
            2764.0837, 
            2966.7481, 
            3005.4006, 
            2985.6629, 
            2768.7179, 
            2966.7023, 
            2895.5912, 
            2783.262, 
            2867.8334, 
            3016.9096, 
            2991.9092, 
            2820.6973, 
            2996.1792, 
            2902.8652, 
            2925.8826, 
            2717.2726, 
            2922.9278, 
            2920.6068, 
            3000.678, 
            2260.2388, 
            2859.8073, 
            3006.2198, 
            2866.1136, 
            2415.2801, 
            2908.5168, 
            2862.6429, 
            2978.9955, 
            2987.4652, 
            2987.9426, 
            2677.5407, 
            2906.8055, 
            2695.9033, 
            3044.5794, 
            2856.5862, 
            2899.7012, 
            2865.4373, 
            3050.4797, 
            2922.1971, 
            2650.3488, 
            2846.8287, 
            2729.3442, 
            3032.9193, 
            2994.1903, 
            2902.1776, 
            2979.9146, 
            2891.9399, 
            2854.7743, 
            2898.4771, 
            2917.3115, 
            2896.4777, 
            2992.8622, 
            2198.2161, 
            2865.5861, 
            2892.6616, 
            2818.9895, 
            2489.9098, 
            2865.8813, 
            2992.3407, 
            2280.7463, 
            3057.5566, 
            3075.8742, 
            3029.6011, 
            2945.9532, 
            2551.7136, 
            2726.1212, 
            2774.0013, 
            2894.6529, 
            2675.412, 
            2898.7792, 
            2900.4809, 
            2721.7115, 
            2630.787, 
            2871.963, 
            2824.2226, 
            3117.116, 
            2931.9387, 
            2171.9853, 
            2739.3273, 
            3072.0312, 
            2699.2589, 
            3039.7761, 
            2727.5968, 
            2714.8656, 
            2932.2791, 
            2778.6482, 
            2762.6628, 
            3049.9928, 
            2921.9997, 
            2244.5729, 
            2739.9765, 
            2812.1571, 
            2955.6599, 
            2981.7764, 
            2826.8437, 
            2848.2976, 
            2294.9009, 
            3014.6461, 
            2761.9354, 
            2934.8319, 
            2731.5588, 
            3063.5971, 
            2937.8502, 
            2924.6835, 
            3080.8335, 
            2940.5556, 
            2794.7272, 
            2673.7183, 
            2866.6179, 
            2850.7604, 
            2730.8849, 
            2924.459, 
            3018.9008, 
            2841.3854, 
            3565.1973, 
            2881.4318, 
            2918.4379, 
            3041.4757, 
            2858.989, 
            2929.8696, 
            2926.3379, 
            2643.9048, 
            2878.3012, 
            2830.2479, 
            3063.0197, 
            2888.9815, 
            2751.725, 
            3089.3987, 
            2923.6514, 
            2838.6273, 
            2785.2701, 
            2909.4678, 
            2744.9689, 
            2866.4918, 
            2816.8982, 
            2678.9229, 
            2768.0448, 
            3011.5809, 
            2826.5481, 
            2996.6998, 
            2310.3293, 
            2785.5269, 
            2959.9401, 
            2574.5793, 
            3116.4974, 
            2918.4384, 
            2627.5778, 
            2831.8548, 
            2522.0606, 
            2792.1844, 
            2959.3965, 
            2693.496, 
            2923.9708, 
            3010.7344, 
            2293.6562, 
            2682.7084, 
            2731.2325, 
            2819.797, 
            2831.0301, 
            2299.3028, 
            2752.4696, 
            2999.0441, 
            3020.9393, 
            3051.4773, 
            2654.9382, 
            3009.9019, 
            3011.9453, 
            2284.4385, 
            3089.3721, 
            3054.8223, 
            2951.2899, 
            2887.8027, 
            2961.5728, 
            2901.9272, 
            2804.8811, 
            2624.0455, 
            2681.4621, 
            2966.499, 
            3124.5978, 
            2893.1772, 
            2988.3414, 
            2723.4498, 
            2602.1667, 
            2963.7461, 
            2890.941, 
            2756.9617, 
            2836.6151, 
            3100.0156, 
            2714.9821, 
            2859.5777, 
            3059.2121, 
            2988.5152, 
            2985.9641, 
            2930.4634, 
            2896.301, 
            2920.2779, 
            2984.4774, 
            2227.9068, 
            2963.3263, 
            2243.5461, 
            2645.5832, 
            3570.1249, 
            2991.3524, 
            2931.1966, 
            2775.9761, 
            2791.8606, 
            2784.368, 
            2823.6038, 
            3267.205, 
            2695.5188, 
            3071.7274, 
            2870.3985, 
            3003.8955, 
            2909.5851, 
            2806.4711, 
            3032.6959, 
            3254.9062, 
            2941.1609, 
            2691.9909, 
            2940.2359, 
            2658.2837, 
            2744.7429, 
            2626.8847, 
            2958.0198, 
            2956.3483, 
            3027.8578, 
            2298.7586, 
            2937.8346, 
            2790.2391, 
            3038.5031, 
            3051.7824, 
            2895.7567, 
            2916.9413, 
            2876.9538, 
            2868.9946, 
            3066.3744, 
            3273.2042, 
            2918.6113, 
            3036.5676, 
            2934.7529, 
            3077.2222, 
            2873.3988, 
            3010.3637, 
            2789.5735, 
            2872.3654, 
            2744.6539, 
            2884.4737, 
            2857.773, 
            2840.1209, 
            2751.738, 
            3016.2795, 
            2668.9523, 
            2821.0557, 
            3299.6681, 
            2891.7462, 
            2665.8515, 
            2689.0368, 
            2920.4654, 
            2911.7864, 
            2988.2365, 
            2721.5477, 
            2702.6015, 
            2328.1501, 
            2907.6178, 
            2952.2615, 
            2852.0496, 
            2979.9765, 
            2868.1943, 
            2583.5224, 
            2734.7796, 
            2950.0895, 
            2903.1344, 
            3126.3896, 
            2741.2016, 
            2793.9902, 
            3051.0739, 
            2767.9724, 
            2717.8878, 
            2856.0508, 
            2801.6109, 
            2846.8326, 
            2519.1143, 
            3051.4931, 
            2765.8365, 
            2700.8272, 
            2920.3213, 
            3037.3277, 
            3015.0487, 
            2887.8015, 
            2870.7205, 
            3035.5105, 
            2648.9707, 
            2951.221, 
            3099.1764, 
            2990.8537, 
            2791.7107, 
            2925.7994, 
            3008.2229, 
            2986.2623, 
            2722.0262, 
            2625.8558, 
            2948.8818, 
            2914.3051, 
            3171.1027, 
            3297.0889, 
            3025.4434, 
            3055.8353, 
            2996.1611, 
            3312.1388, 
            2286.2807, 
            2843.4602, 
            2834.7587, 
            2288.8836, 
            2713.0085, 
            2889.5002, 
            2716.1152, 
            2295.7938, 
            2246.5102, 
            2820.4117, 
            2849.0991, 
            3085.382, 
            3072.0536, 
            2752.2611, 
            2696.4125, 
            2782.1439, 
            2764.9575, 
            2241.2052, 
            2979.2545, 
            2883.3515, 
            2985.8623, 
            2790.5592, 
            2238.026, 
            3216.5023, 
            2806.9654, 
            2874.0538, 
            2964.4898, 
            2982.3801, 
            2781.2081, 
            2883.3976, 
            2673.6856, 
            3039.4908, 
            2829.0789, 
            2870.1167, 
            2597.4643, 
            3012.8902, 
            3014.8265, 
            2721.8573, 
            2986.3821, 
            2686.764, 
            3084.8888, 
            3105.0183, 
            2913.922, 
            2702.4361, 
            2829.1225, 
            2887.3315, 
            3035.5518, 
            3048.0595, 
            2875.5634, 
            2963.6654, 
            2517.58, 
            2954.3402, 
            2739.5391, 
            2989.2616, 
            2868.4509, 
            3023.6337, 
            2861.8682, 
            3068.4054, 
            3479.0869, 
            2941.5771, 
            2989.0107, 
            2773.2118, 
            2893.7734, 
            2728.599, 
            2964.9152, 
            3129.6428, 
            2386.3863, 
            2986.3907, 
            2972.0419, 
            3116.6599, 
            2740.8324, 
            2531.6522, 
            2868.9156, 
            2930.5229, 
            2847.6867, 
            2741.5207, 
            2792.9286, 
            3328.8494, 
            2282.1121, 
            2924.7796, 
            2663.3897, 
            2992.746, 
            2912.2251, 
            2765.1936, 
            2256.5791, 
            3045.0258, 
            2779.338, 
            2893.1487, 
            2688.8587, 
            2712.0391, 
            2744.0862, 
            2558.7976, 
            3004.2439, 
            2987.6435, 
            2806.2635, 
            3212.5627, 
            2965.1783, 
            3142.4363, 
            2951.5871, 
            2775.9294, 
            2960.8735, 
            2978.6646, 
            2970.0714, 
            2879.7362, 
            3014.8806, 
            2759.6127, 
            2886.8604, 
            2770.1152, 
            2850.9854, 
            2509.3698, 
            2816.2886, 
            3086.2704, 
            2836.5185, 
            2682.3666, 
            2939.9883, 
            2898.0541, 
            2742.6603, 
            2764.0877, 
            2774.1256, 
            2870.649, 
            2681.6611, 
            2760.1402, 
            2273.5437, 
            2991.9051, 
            3021.3074, 
            2889.0208, 
            2942.2923, 
            3460.3914, 
            2967.7448, 
            2676.3474, 
            3077.2842, 
            2746.8299, 
            3034.5167, 
            3020.8063, 
            2806.2613, 
            3117.1234, 
            2758.0876, 
            2814.2248, 
            2890.6851, 
            2771.3891, 
            2778.2546, 
            2838.7313, 
            2868.9483, 
            3003.6597, 
            2797.0739, 
            2921.5292, 
            2155.0327, 
            3009.7165, 
            2768.9633, 
            3004.2215, 
            3010.2901, 
            2615.4129, 
            2798.4006, 
            2545.1041, 
            2783.044, 
            2980.4575, 
            2698.4582, 
            2695.4436, 
            2982.9905, 
            3334.1914, 
            2664.8869, 
            2754.0332, 
            2800.2385, 
            2892.1314, 
            2753.7294, 
            2957.9817, 
            2790.7112, 
            2587.7126, 
            2867.0142, 
            2756.6839, 
            3038.1853, 
            2829.6001, 
            2887.5112, 
            2873.0494, 
            2984.2465, 
            2667.1295, 
            2529.3094, 
            3117.3728, 
            2815.793, 
            3099.766, 
            3063.2128, 
            3029.3881, 
            2820.7915, 
            2788.6304, 
            3013.9015, 
            2671.3553, 
            3017.8298, 
            2753.2358, 
            2937.6446, 
            2780.8306, 
            2866.2523, 
            2760.4667, 
            2779.6826, 
            2945.9129, 
            2677.1237, 
            2640.0996, 
            3042.4508, 
            3032.3462, 
            2891.6656, 
            2936.2722, 
            2846.1892, 
            2654.9788, 
            2946.2415, 
            3031.4102, 
            2676.5448, 
            2727.758, 
            2948.6565, 
            3038.9291, 
            2986.639, 
            2946.2054, 
            2761.588, 
            3031.8915, 
            2626.0342, 
            2420.3413, 
            2885.138, 
            2876.9903, 
            2733.2945, 
            2794.591, 
            2918.1488, 
            2558.6982, 
            3109.224, 
            2741.4381, 
            3042.4595, 
            2781.9853, 
            2939.6392, 
            2720.4135, 
            3211.6815, 
            2790.2564, 
            2422.8993, 
            2892.3204, 
            2994.0286, 
            2733.2805, 
            2782.9831, 
            2901.2348, 
            2889.9129, 
            2780.8901, 
            2828.7903, 
            2679.0109, 
            2999.771, 
            2862.0175, 
            2713.2404, 
            2774.4979, 
            3046.2226, 
            2890.9098, 
            2892.3487, 
            2252.0025, 
            2920.5361, 
            2516.8147, 
            2950.9892, 
            2815.7776, 
            2693.1433, 
            2810.5367, 
            2709.5355, 
            3019.8444, 
            2729.015, 
            2257.2261, 
            2880.2857, 
            2754.3401, 
            2528.0223, 
            3004.4729, 
            2277.8226, 
            2971.1511, 
            2786.3874, 
            2706.8098, 
            3026.2648, 
            2856.5184, 
            3023.1351, 
            2972.5896, 
            2717.4527, 
            2387.1085, 
            2703.1099, 
            2743.0965, 
            2977.0419, 
            2915.8962, 
            2906.3994, 
            2849.0932, 
            3073.2679, 
            3095.9549, 
            2977.0602, 
            3023.9834, 
            2962.4024, 
            2972.6824, 
            3058.5643, 
            2845.2678, 
            3126.2398, 
            2855.2265, 
            2701.5652, 
            2879.6098, 
            2882.621, 
            3049.8715, 
            2830.7693, 
            2942.264, 
            2883.5178, 
            2699.1848, 
            3064.9085, 
            2750.702, 
            2816.6533, 
            2993.7863, 
            2812.7471, 
            2532.3738, 
            3012.9424, 
            2995.3094, 
            2989.8709, 
            2841.3341, 
            2302.9453, 
            2803.0596, 
            2990.5789, 
            2893.0931, 
            3026.4205, 
            2888.1243, 
            2768.4266, 
            2887.3793, 
            2982.0362, 
            3063.3448, 
            2885.4528, 
            2929.6764, 
            2866.7402, 
            3003.9213, 
            2905.1506, 
            2795.2687, 
            3027.0599, 
            3099.1284, 
            2893.2384, 
            2844.0243, 
            2928.9324, 
            2985.457, 
            3008.4034, 
            3029.0367, 
            2902.2292, 
            2974.465, 
            2787.1456, 
            2678.7166, 
            2632.817, 
            2768.1367, 
            2912.1378, 
            2878.1527, 
            2758.5386, 
            3459.6849, 
            3112.3294, 
            2846.1804, 
            2899.3816, 
            3025.747, 
            2838.773, 
            2756.7023, 
            3053.0867, 
            2858.9926, 
            2868.2041, 
            2823.4318, 
            2947.7249, 
            3153.4269, 
            2946.5102, 
            3017.1415, 
            2723.865, 
            2960.11, 
            2831.1657, 
            3282.5311, 
            2840.2028, 
            3368.0865, 
            2964.7346, 
            3080.0643, 
            3024.3822, 
            3553.9891, 
            2182.8059, 
            2754.1805, 
            3029.5537, 
            2953.4273, 
            2788.3047, 
            2684.5826, 
            2705.1719, 
            3046.8941, 
            3040.3651, 
            2978.2364, 
            2712.0032, 
            2268.279, 
            3095.7742, 
            2947.1461, 
            3012.4498, 
            2668.7512, 
            2776.5364, 
            2805.5183, 
            2985.2598, 
            2721.7744, 
            2905.1782, 
            2557.2042, 
            2832.3397, 
            3107.9487, 
            3114.0294, 
            2913.1524, 
            2712.8444, 
            2763.5112, 
            2869.777, 
            2891.3673, 
            3057.2268, 
            2926.3203, 
            2881.6153, 
            2852.2813, 
            2819.1318, 
            3043.407, 
            2340.066, 
            2764.774, 
            2972.6131, 
            2811.9269, 
            2387.4541, 
            2859.3014, 
            3066.1977, 
            2741.8906, 
            2717.4534, 
            3103.7865, 
            2979.3013, 
            2952.8933, 
            2848.3039, 
            3070.7925, 
            2903.7292, 
            2969.2776, 
            2409.5943, 
            2888.3002, 
            3168.5836, 
            2912.6174, 
            2842.3707, 
            2735.097, 
            2747.3779, 
            2863.8269, 
            2860.7692, 
            2732.5979, 
            2987.2873, 
            2993.8176, 
            2705.94, 
            3071.9478, 
            3014.4125, 
            2942.7426, 
            2736.2695, 
            2824.693, 
            3087.7612, 
            2707.8088, 
            3009.4272, 
            2667.1571, 
            2723.2508, 
            2990.2738, 
            3021.8144, 
            2852.4911, 
            2855.76, 
            3037.0422, 
            2889.8718, 
            2497.6776, 
            2948.0086, 
            2872.6452, 
            2827.047, 
            2909.3466, 
            2863.5628, 
            3085.9888, 
            2994.1443, 
            2810.4545, 
            2752.5762, 
            2932.7994, 
            2991.3756, 
            2814.9226, 
            2980.6285, 
            2718.9098, 
            3021.8964, 
            2719.886, 
            2935.9471, 
            2844.5865, 
            2964.6197, 
            2662.5416, 
            2972.9705, 
            2961.6202, 
            2978.4321, 
            3097.4771, 
            3017.3297, 
            2992.7855, 
            2908.1775, 
            3067.7753, 
            3062.2143, 
            2730.5129, 
            2784.6768, 
            3024.7028, 
            2971.5793, 
            2705.5187, 
            2714.5072, 
            2970.1032, 
            3123.6764, 
            2869.336, 
            3035.817, 
            2544.966, 
            2710.1873, 
            2921.7597, 
            3007.9933, 
            2774.619, 
            2493.8948, 
            2739.1646, 
            2883.7699, 
            2933.2197, 
            2965.5423, 
            2725.5299, 
            2771.6654, 
            2687.5783, 
            2880.0547, 
            2781.0126, 
            2682.5944, 
            3030.0507, 
            2951.7221, 
            2698.5546, 
            2743.8593, 
            2775.7776, 
            2782.4858, 
            2674.8642, 
            2963.412, 
            2755.4514, 
            2826.8501, 
            2981.1769, 
            2893.5555, 
            2925.4758, 
            2786.3014, 
            2735.2637, 
            2711.2933, 
            2328.28, 
            2919.9147, 
            2872.6142, 
            2921.5429, 
            2869.7234, 
            2587.3983, 
            3249.7913, 
            2881.8263, 
            2884.0475, 
            3259.882, 
            2931.4763, 
            3374.0447, 
            2721.0373, 
            2275.4328, 
            2884.4487, 
            2814.2927, 
            2894.6217, 
            2919.1229, 
            2860.58, 
            2779.5204, 
            2856.9376, 
            2976.6028, 
            2853.8617, 
            2972.228, 
            2308.8439, 
            2622.155, 
            2979.2182, 
            2249.8842
        ], 
        "x": [
            2978.0, 
            3136.0, 
            2922.0, 
            3242.0, 
            2991.0, 
            2972.0, 
            3070.0, 
            2795.0, 
            2978.0, 
            2772.0, 
            2735.0, 
            2540.0, 
            2807.0, 
            2854.0, 
            3288.0, 
            2800.0, 
            2720.0, 
            2978.0, 
            2700.0, 
            3195.0, 
            3327.0, 
            2858.0, 
            2951.0, 
            2700.0, 
            2797.0, 
            3271.0, 
            2854.0, 
            2532.0, 
            2638.0, 
            2699.0, 
            2932.0, 
            2855.0, 
            3060.0, 
            2703.0, 
            2633.0, 
            2517.0, 
            2908.0, 
            3054.0, 
            3031.0, 
            3385.0, 
            2857.0, 
            2939.0, 
            2768.0, 
            3106.0, 
            2628.0, 
            2796.0, 
            3125.0, 
            2493.0, 
            2844.0, 
            3018.0, 
            2991.0, 
            2529.0, 
            2726.0, 
            2234.0, 
            2439.0, 
            3077.0, 
            3001.0, 
            3208.0, 
            3264.0, 
            2551.0, 
            2681.0, 
            3354.0, 
            2988.0, 
            2424.0, 
            2985.0, 
            2711.0, 
            3340.0, 
            2909.0, 
            2531.0, 
            2843.0, 
            2919.0, 
            2614.0, 
            2705.0, 
            3057.0, 
            2899.0, 
            2935.0, 
            2939.0, 
            2933.0, 
            2978.0, 
            2877.0, 
            2939.0, 
            3119.0, 
            2772.0, 
            3048.0, 
            2590.0, 
            2941.0, 
            2925.0, 
            2644.0, 
            3050.0, 
            2877.0, 
            2494.0, 
            2429.0, 
            3024.0, 
            3031.0, 
            2955.0, 
            2955.0, 
            3335.0, 
            3178.0, 
            3008.0, 
            2975.0, 
            3109.0, 
            2732.0, 
            3129.0, 
            2974.0, 
            2998.0, 
            2923.0, 
            3011.0, 
            2557.0, 
            2847.0, 
            2772.0, 
            2809.0, 
            3169.0, 
            2719.0, 
            2621.0, 
            2985.0, 
            2881.0, 
            2249.0, 
            2972.0, 
            3008.0, 
            2624.0, 
            2604.0, 
            2721.0, 
            2911.0, 
            3139.0, 
            2952.0, 
            2722.0, 
            2808.0, 
            2816.0, 
            2753.0, 
            2771.0, 
            3024.0, 
            2164.0, 
            2555.0, 
            2884.0, 
            2712.0, 
            2509.0, 
            3011.0, 
            3021.0, 
            3182.0, 
            2942.0, 
            2786.0, 
            2988.0, 
            3024.0, 
            2932.0, 
            2190.0, 
            2997.0, 
            2657.0, 
            2900.0, 
            2686.0, 
            2602.0, 
            2962.0, 
            2949.0, 
            2701.0, 
            2819.0, 
            3027.0, 
            2995.0, 
            2781.0, 
            3103.0, 
            2985.0, 
            3014.0, 
            2775.0, 
            2821.0, 
            3113.0, 
            2842.0, 
            2813.0, 
            2949.0, 
            3004.0, 
            3155.0, 
            2119.0, 
            2838.0, 
            3041.0, 
            2995.0, 
            2368.0, 
            2899.0, 
            2801.0, 
            2972.0, 
            3024.0, 
            3170.0, 
            2616.0, 
            2896.0, 
            2799.0, 
            2972.0, 
            2953.0, 
            2962.0, 
            2861.0, 
            3266.0, 
            2893.0, 
            2607.0, 
            2830.0, 
            2718.0, 
            2932.0, 
            3198.0, 
            3228.0, 
            3054.0, 
            2899.0, 
            2808.0, 
            2949.0, 
            2972.0, 
            2996.0, 
            3228.0, 
            1968.0, 
            2821.0, 
            2929.0, 
            2732.0, 
            2377.0, 
            3011.0, 
            3016.0, 
            2268.0, 
            3047.0, 
            3044.0, 
            2939.0, 
            2844.0, 
            2610.0, 
            2677.0, 
            2615.0, 
            2892.0, 
            2796.0, 
            3008.0, 
            2959.0, 
            2634.0, 
            2591.0, 
            2913.0, 
            2760.0, 
            3024.0, 
            2939.0, 
            2106.0, 
            2694.0, 
            3047.0, 
            2648.0, 
            2978.0, 
            2705.0, 
            2681.0, 
            2995.0, 
            2683.0, 
            2783.0, 
            3011.0, 
            2972.0, 
            2174.0, 
            2697.0, 
            2891.0, 
            3060.0, 
            2995.0, 
            2850.0, 
            2901.0, 
            2179.0, 
            3041.0, 
            2803.0, 
            2870.0, 
            2514.0, 
            2988.0, 
            2919.0, 
            2942.0, 
            3064.0, 
            3057.0, 
            2750.0, 
            2647.0, 
            2842.0, 
            2948.0, 
            2687.0, 
            2954.0, 
            2913.0, 
            2869.0, 
            3708.0, 
            2795.0, 
            2906.0, 
            2995.0, 
            3046.0, 
            3083.0, 
            2982.0, 
            2553.0, 
            2847.0, 
            2856.0, 
            3001.0, 
            2939.0, 
            2704.0, 
            2991.0, 
            2985.0, 
            2782.0, 
            2764.0, 
            2889.0, 
            2700.0, 
            2924.0, 
            2872.0, 
            2633.0, 
            2728.0, 
            3044.0, 
            2853.0, 
            3175.0, 
            2322.0, 
            2872.0, 
            2955.0, 
            2524.0, 
            3078.0, 
            2994.0, 
            2575.0, 
            2917.0, 
            2607.0, 
            2680.0, 
            2929.0, 
            2683.0, 
            2902.0, 
            3011.0, 
            2219.0, 
            2546.0, 
            2683.0, 
            2757.0, 
            2768.0, 
            2434.0, 
            2721.0, 
            3205.0, 
            2985.0, 
            3041.0, 
            2629.0, 
            2985.0, 
            2972.0, 
            2319.0, 
            3044.0, 
            2988.0, 
            2919.0, 
            2854.0, 
            2968.0, 
            2837.0, 
            2747.0, 
            2575.0, 
            2806.0, 
            3004.0, 
            3031.0, 
            2852.0, 
            2837.0, 
            2538.0, 
            2793.0, 
            2955.0, 
            2980.0, 
            2620.0, 
            3159.0, 
            3044.0, 
            2711.0, 
            2898.0, 
            2936.0, 
            3024.0, 
            2975.0, 
            2919.0, 
            2899.0, 
            2873.0, 
            3172.0, 
            2154.0, 
            3152.0, 
            2209.0, 
            2787.0, 
            3677.0, 
            3211.0, 
            2980.0, 
            2770.0, 
            2835.0, 
            2809.0, 
            2686.0, 
            3423.0, 
            2587.0, 
            3096.0, 
            2998.0, 
            2906.0, 
            2906.0, 
            2799.0, 
            3014.0, 
            3360.0, 
            2962.0, 
            2726.0, 
            2952.0, 
            2569.0, 
            2638.0, 
            2588.0, 
            2965.0, 
            3195.0, 
            2886.0, 
            2261.0, 
            2926.0, 
            2803.0, 
            3050.0, 
            3139.0, 
            2900.0, 
            2931.0, 
            3077.0, 
            2895.0, 
            3011.0, 
            3163.0, 
            3346.0, 
            2972.0, 
            2945.0, 
            3054.0, 
            2821.0, 
            3132.0, 
            2777.0, 
            2781.0, 
            2834.0, 
            3064.0, 
            2808.0, 
            2814.0, 
            2635.0, 
            2932.0, 
            2827.0, 
            2798.0, 
            3241.0, 
            2873.0, 
            2609.0, 
            2820.0, 
            2970.0, 
            2972.0, 
            2914.0, 
            2693.0, 
            2672.0, 
            2391.0, 
            2860.0, 
            2913.0, 
            2795.0, 
            2998.0, 
            2869.0, 
            2501.0, 
            2582.0, 
            3201.0, 
            3241.0, 
            3021.0, 
            2627.0, 
            2781.0, 
            3136.0, 
            2758.0, 
            2684.0, 
            2952.0, 
            2767.0, 
            2814.0, 
            2496.0, 
            2945.0, 
            2748.0, 
            2616.0, 
            2860.0, 
            2916.0, 
            3041.0, 
            2885.0, 
            2798.0, 
            2988.0, 
            2554.0, 
            3201.0, 
            3172.0, 
            2909.0, 
            2760.0, 
            2955.0, 
            3231.0, 
            2926.0, 
            2659.0, 
            2680.0, 
            2934.0, 
            3041.0, 
            3268.0, 
            3245.0, 
            2945.0, 
            3123.0, 
            2909.0, 
            3408.0, 
            2333.0, 
            2934.0, 
            2741.0, 
            2393.0, 
            2705.0, 
            2936.0, 
            2733.0, 
            2212.0, 
            2005.0, 
            2964.0, 
            3090.0, 
            3021.0, 
            3057.0, 
            2718.0, 
            2727.0, 
            2749.0, 
            2744.0, 
            2281.0, 
            3021.0, 
            2826.0, 
            3021.0, 
            2603.0, 
            2248.0, 
            3415.0, 
            2802.0, 
            2918.0, 
            3142.0, 
            2968.0, 
            2798.0, 
            3044.0, 
            2696.0, 
            3100.0, 
            2902.0, 
            2972.0, 
            2535.0, 
            3031.0, 
            2995.0, 
            2677.0, 
            2880.0, 
            2612.0, 
            3044.0, 
            2998.0, 
            2818.0, 
            2756.0, 
            2865.0, 
            2902.0, 
            3018.0, 
            3070.0, 
            3027.0, 
            3146.0, 
            2535.0, 
            2941.0, 
            2677.0, 
            3014.0, 
            2906.0, 
            2962.0, 
            2881.0, 
            3027.0, 
            3527.0, 
            2952.0, 
            2919.0, 
            2706.0, 
            2959.0, 
            2696.0, 
            3169.0, 
            3008.0, 
            2318.0, 
            2961.0, 
            2931.0, 
            3008.0, 
            2715.0, 
            2584.0, 
            2873.0, 
            2899.0, 
            3073.0, 
            2742.0, 
            2753.0, 
            3220.0, 
            2251.0, 
            2909.0, 
            2566.0, 
            2995.0, 
            3159.0, 
            2745.0, 
            2288.0, 
            3198.0, 
            2524.0, 
            3162.0, 
            2600.0, 
            2631.0, 
            2735.0, 
            2553.0, 
            2929.0, 
            2910.0, 
            2844.0, 
            3251.0, 
            2926.0, 
            3037.0, 
            2903.0, 
            2766.0, 
            3018.0, 
            2873.0, 
            3027.0, 
            2938.0, 
            3214.0, 
            2570.0, 
            2859.0, 
            2618.0, 
            3205.0, 
            2554.0, 
            2822.0, 
            3165.0, 
            2814.0, 
            2552.0, 
            2972.0, 
            2844.0, 
            2679.0, 
            2657.0, 
            2720.0, 
            2932.0, 
            2624.0, 
            2528.0, 
            2202.0, 
            3228.0, 
            2962.0, 
            2837.0, 
            2990.0, 
            3402.0, 
            2934.0, 
            2806.0, 
            3070.0, 
            2694.0, 
            2965.0, 
            3037.0, 
            2833.0, 
            3008.0, 
            2769.0, 
            2853.0, 
            2926.0, 
            2802.0, 
            3157.0, 
            2873.0, 
            2825.0, 
            2936.0, 
            2742.0, 
            2975.0, 
            2026.0, 
            3205.0, 
            2722.0, 
            3008.0, 
            3037.0, 
            2505.0, 
            2723.0, 
            2539.0, 
            2639.0, 
            2929.0, 
            2709.0, 
            2686.0, 
            2988.0, 
            3304.0, 
            2590.0, 
            2776.0, 
            2753.0, 
            2996.0, 
            2692.0, 
            2913.0, 
            2754.0, 
            2385.0, 
            2847.0, 
            2672.0, 
            2919.0, 
            2894.0, 
            3027.0, 
            3021.0, 
            3188.0, 
            2528.0, 
            2523.0, 
            3073.0, 
            2906.0, 
            3004.0, 
            3031.0, 
            2945.0, 
            2833.0, 
            2692.0, 
            2926.0, 
            2616.0, 
            2929.0, 
            2789.0, 
            3090.0, 
            2707.0, 
            2838.0, 
            2723.0, 
            2720.0, 
            2794.0, 
            2509.0, 
            2491.0, 
            2928.0, 
            3146.0, 
            2903.0, 
            2893.0, 
            2914.0, 
            2649.0, 
            2904.0, 
            3123.0, 
            2794.0, 
            2660.0, 
            2959.0, 
            3011.0, 
            2985.0, 
            2985.0, 
            2790.0, 
            3123.0, 
            2539.0, 
            2417.0, 
            2821.0, 
            3090.0, 
            2727.0, 
            2729.0, 
            2922.0, 
            2507.0, 
            3018.0, 
            2669.0, 
            3050.0, 
            2686.0, 
            2978.0, 
            2711.0, 
            3224.0, 
            2667.0, 
            2328.0, 
            2910.0, 
            2998.0, 
            2714.0, 
            2731.0, 
            3103.0, 
            2804.0, 
            2596.0, 
            2804.0, 
            2623.0, 
            3175.0, 
            2707.0, 
            2789.0, 
            2810.0, 
            2913.0, 
            2975.0, 
            2995.0, 
            2280.0, 
            3110.0, 
            2540.0, 
            2952.0, 
            2772.0, 
            2588.0, 
            2756.0, 
            2647.0, 
            2942.0, 
            2712.0, 
            2313.0, 
            3057.0, 
            2629.0, 
            2507.0, 
            2915.0, 
            2257.0, 
            3021.0, 
            2749.0, 
            2726.0, 
            2922.0, 
            2847.0, 
            2926.0, 
            2991.0, 
            2709.0, 
            2312.0, 
            2588.0, 
            2731.0, 
            2985.0, 
            2945.0, 
            2957.0, 
            2887.0, 
            3073.0, 
            3129.0, 
            2952.0, 
            3077.0, 
            3132.0, 
            3146.0, 
            2977.0, 
            2824.0, 
            3355.0, 
            2857.0, 
            2591.0, 
            2880.0, 
            2926.0, 
            2985.0, 
            3143.0, 
            2936.0, 
            2906.0, 
            2713.0, 
            3060.0, 
            2705.0, 
            2819.0, 
            2998.0, 
            2737.0, 
            2527.0, 
            3201.0, 
            3073.0, 
            2929.0, 
            3168.0, 
            2188.0, 
            2787.0, 
            3205.0, 
            2840.0, 
            2945.0, 
            2995.0, 
            2732.0, 
            2895.0, 
            2965.0, 
            2931.0, 
            2945.0, 
            3084.0, 
            2908.0, 
            2932.0, 
            2959.0, 
            2717.0, 
            3187.0, 
            3116.0, 
            2844.0, 
            2965.0, 
            2981.0, 
            2949.0, 
            3004.0, 
            2932.0, 
            2854.0, 
            3011.0, 
            2821.0, 
            2646.0, 
            2523.0, 
            2794.0, 
            2914.0, 
            2942.0, 
            2688.0, 
            3363.0, 
            2968.0, 
            2858.0, 
            2850.0, 
            2965.0, 
            3073.0, 
            2816.0, 
            3037.0, 
            2958.0, 
            3060.0, 
            2872.0, 
            2992.0, 
            3053.0, 
            3083.0, 
            2962.0, 
            2615.0, 
            3037.0, 
            2785.0, 
            3241.0, 
            2745.0, 
            3397.0, 
            2978.0, 
            3149.0, 
            2972.0, 
            3716.0, 
            2378.0, 
            2820.0, 
            3231.0, 
            3201.0, 
            2730.0, 
            2592.0, 
            2600.0, 
            2929.0, 
            3159.0, 
            2988.0, 
            2620.0, 
            2325.0, 
            3047.0, 
            2980.0, 
            3067.0, 
            2623.0, 
            2750.0, 
            2746.0, 
            3135.0, 
            2670.0, 
            2854.0, 
            2521.0, 
            2767.0, 
            2998.0, 
            3223.0, 
            2982.0, 
            2678.0, 
            2717.0, 
            2860.0, 
            2995.0, 
            2995.0, 
            2847.0, 
            2909.0, 
            3014.0, 
            2861.0, 
            2918.0, 
            2348.0, 
            2795.0, 
            2952.0, 
            2709.0, 
            2399.0, 
            2840.0, 
            3126.0, 
            2809.0, 
            2576.0, 
            3073.0, 
            3012.0, 
            2946.0, 
            2808.0, 
            3174.0, 
            2838.0, 
            2975.0, 
            2460.0, 
            2936.0, 
            3297.0, 
            3004.0, 
            2925.0, 
            2735.0, 
            2803.0, 
            2928.0, 
            2886.0, 
            2556.0, 
            2988.0, 
            3241.0, 
            2618.0, 
            3109.0, 
            2900.0, 
            3162.0, 
            2707.0, 
            2843.0, 
            2988.0, 
            2648.0, 
            2972.0, 
            2685.0, 
            2710.0, 
            2998.0, 
            3060.0, 
            3011.0, 
            2991.0, 
            3001.0, 
            2959.0, 
            2589.0, 
            3034.0, 
            2998.0, 
            2755.0, 
            2885.0, 
            2795.0, 
            3096.0, 
            3018.0, 
            2815.0, 
            2713.0, 
            3080.0, 
            3027.0, 
            2850.0, 
            2968.0, 
            2633.0, 
            2938.0, 
            2606.0, 
            3064.0, 
            3142.0, 
            2934.0, 
            2568.0, 
            3182.0, 
            2936.0, 
            2978.0, 
            3018.0, 
            2968.0, 
            2922.0, 
            2935.0, 
            3073.0, 
            3041.0, 
            2963.0, 
            2760.0, 
            2978.0, 
            2988.0, 
            2818.0, 
            2654.0, 
            3168.0, 
            3011.0, 
            3103.0, 
            2978.0, 
            2557.0, 
            2722.0, 
            2887.0, 
            2916.0, 
            2795.0, 
            2555.0, 
            2622.0, 
            2962.0, 
            3096.0, 
            3175.0, 
            2577.0, 
            2831.0, 
            2535.0, 
            2945.0, 
            2743.0, 
            2673.0, 
            3146.0, 
            2998.0, 
            2589.0, 
            2825.0, 
            2804.0, 
            2739.0, 
            2652.0, 
            3001.0, 
            2709.0, 
            2822.0, 
            3149.0, 
            2900.0, 
            2919.0, 
            2786.0, 
            2698.0, 
            2878.0, 
            2507.0, 
            3116.0, 
            2791.0, 
            2880.0, 
            2975.0, 
            2599.0, 
            3330.0, 
            2903.0, 
            2839.0, 
            3257.0, 
            2968.0, 
            3293.0, 
            2614.0, 
            2299.0, 
            2837.0, 
            2592.0, 
            2968.0, 
            3093.0, 
            2874.0, 
            2657.0, 
            2955.0, 
            2913.0, 
            3136.0, 
            2908.0, 
            2289.0, 
            2503.0, 
            2942.0, 
            2175.0
        ]
    }, 
    "regression_performance": {
        "max_error": 272.49723976012751, 
        "median_error": -13.626897680440152, 
        "error_distribution": [
            {
                "count": 1296, 
                "bin_max": -124.19402791061393, 
                "bin_id": 0, 
                "bin_min": -168.7116035047749
            }, 
            {
                "count": 2268, 
                "bin_max": -80.117220391642647, 
                "bin_id": 1, 
                "bin_min": -124.19402791061393
            }, 
            {
                "count": 4195, 
                "bin_max": -36.040412872671368, 
                "bin_id": 2, 
                "bin_min": -80.117220391642647
            }, 
            {
                "count": 4564, 
                "bin_max": 8.0363946462998967, 
                "bin_id": 3, 
                "bin_min": -36.040412872671368
            }, 
            {
                "count": 3229, 
                "bin_max": 52.113202165271161, 
                "bin_id": 4, 
                "bin_min": 8.0363946462998967
            }, 
            {
                "count": 1707, 
                "bin_max": 96.190009684242455, 
                "bin_id": 5, 
                "bin_min": 52.113202165271161
            }, 
            {
                "count": 767, 
                "bin_max": 140.26681720321369, 
                "bin_id": 6, 
                "bin_min": 96.190009684242455
            }, 
            {
                "count": 682, 
                "bin_max": 184.34362472218498, 
                "bin_id": 7, 
                "bin_min": 140.26681720321369
            }, 
            {
                "count": 597, 
                "bin_max": 228.42043224115628, 
                "bin_id": 8, 
                "bin_min": 184.34362472218498
            }, 
            {
                "count": 783, 
                "bin_max": 272.49723976012751, 
                "bin_id": 9, 
                "bin_min": 228.42043224115628
            }
        ], 
        "min_error": -168.27083542958519, 
        "average_error": 1.072801147824232, 
        "std_error": 96.21080985463222, 
        "p75_error": 43.969410324457044, 
        "p90_error": 143.11363690306655, 
        "p25_error": -61.478861928413153
    }
}