{
    "trainingTime": 2314, 
    "state": "DONE", 
    "startTime": 1493927363747, 
    "preprocessingTime": 1521, 
    "progress": {
        "top_level_todo": [], 
        "stack": [], 
        "top_level_done": [
            {
                "name": "Loading train set", 
                "time": 665
            }, 
            {
                "name": "Loading test set", 
                "time": 158
            }, 
            {
                "name": "Collecting statistics", 
                "time": 177
            }, 
            {
                "name": "Preprocessing train set", 
                "time": 410
            }, 
            {
                "name": "Preprocessing test set", 
                "time": 109
            }, 
            {
                "name": "Fitting model", 
                "time": 1728
            }, 
            {
                "name": "Saving model", 
                "time": 77
            }, 
            {
                "name": "Scoring model", 
                "time": 509
            }
        ]
    }, 
    "endTime": 1493927367582, 
    "modelId": "NA"
}