{"clusters": [{"facts": [{"std": 1.3946375397765938, "global_mean": 0.7957254521575522, "feature_label": "mul_Drama_genre_rating", "global_std": 1.1066219927242822, "cluster_label": "cluster_0", "diff": 0.770170151732822, "type": "numerical", "mean": 1.6480126802048904}, {"std": 0.7333110055860075, "global_mean": 0.2066403214217893, "feature_label": "mul_Crime_genre_rating", "global_std": 0.5055337803458501, "cluster_label": "cluster_0", "diff": 0.7274349268434978, "type": "numerical", "mean": 0.5743832499445897}, {"std": 0.7749586085254322, "global_mean": 0.30072768063996885, "feature_label": "mul_Thriller_genre_rating", "global_std": 0.5830488526056763, "cluster_label": "cluster_0", "diff": 0.4881395791413699, "type": "numerical", "mean": 0.5853369021697623}], "cluster": "cluster_0", "size": 24205}, {"facts": [{"std": 1.1838039069496629, "global_mean": 0.6184899441462651, "feature_label": "mul_Comedy_genre_rating", "global_std": 0.9641401394566821, "cluster_label": "cluster_1", "diff": 1.0196919451868967, "type": "numerical", "mean": 1.601615878381615}, {"std": 0.7784839697447187, "global_mean": 0.25674366487891676, "feature_label": "mul_Romance_genre_rating", "global_std": 0.5597255912684803, "cluster_label": "cluster_1", "diff": 0.9592998602790731, "type": "numerical", "mean": 0.7936883463773915}, {"std": 0.1797887663696334, "global_mean": 0.29390042844874215, "feature_label": "mul_Action_genre_rating", "global_std": 0.5183190130116492, "cluster_label": "cluster_1", "diff": -0.5124288651994338, "type": "numerical", "mean": 0.028298804799892215}], "cluster": "cluster_1", "size": 21971}, {"facts": [{"std": 0.5855724878839155, "global_mean": 0.29390042844874215, "feature_label": "mul_Action_genre_rating", "global_std": 0.5183190130116492, "cluster_label": "cluster_2", "diff": 0.9427384739233587, "type": "numerical", "mean": 0.7825397037808058}, {"std": 0.6150456370724986, "global_mean": 0.16877089632211145, "feature_label": "mul_Sci-Fi_genre_rating", "global_std": 0.4220800650792834, "cluster_label": "cluster_2", "diff": 0.9057877382668693, "type": "numerical", "mean": 0.5510858438378086}, {"std": 0.592196603389741, "global_mean": 0.2334061265572232, "feature_label": "mul_Adventure_genre_rating", "global_std": 0.4702780019580764, "cluster_label": "cluster_2", "diff": 0.7739713219146989, "type": "numerical", "mean": 0.5973878134001189}], "cluster": "cluster_2", "size": 22221}, {"facts": [{"std": 0.4458251458010665, "global_mean": 0.0829578887563749, "feature_label": "mul_Children_genre_rating", "global_std": 0.2874881530038513, "cluster_label": "cluster_3", "diff": 2.820235979727347, "type": "numerical", "mean": 0.8937423216031969}, {"std": 0.5219918119919184, "global_mean": 0.05465567526937548, "feature_label": "mul_Animation_genre_rating", "global_std": 0.22868564878003464, "cluster_label": "cluster_3", "diff": 2.2501489074442342, "type": "numerical", "mean": 0.5692324380199464}, {"std": 0.4575858817850701, "global_mean": 0.10771112820526443, "feature_label": "mul_Fantasy_genre_rating", "global_std": 0.33674508893095356, "cluster_label": "cluster_3", "diff": 0.7838222911232146, "type": "numerical", "mean": 0.3716594353356151}], "cluster": "cluster_3", "size": 6844}, {"facts": [{"std": 0.7503746735025293, "global_mean": 0.051043058316333746, "feature_label": "mul_Documentary_genre_rating", "global_std": 0.4289004299695062, "cluster_label": "cluster_4", "diff": 8.505271051150451, "type": "numerical", "mean": 3.6989574691619564}, {"std": 0.17379581054916796, "global_mean": 0.7957254521575522, "feature_label": "mul_Drama_genre_rating", "global_std": 1.1066219927242822, "cluster_label": "cluster_4", "diff": -0.7060591029816129, "type": "numerical", "mean": 0.014384920634920634}, {"std": 0.5045076537193106, "global_mean": 3.5424858870567446, "feature_label": "rating_avg", "global_std": 0.5621308451601862, "cluster_label": "cluster_4", "diff": 0.6765948639214783, "type": "numerical", "mean": 3.9228207297439663}], "cluster": "cluster_4", "size": 1008}, {"facts": [{"std": 0.800412478070668, "global_mean": 0.027795981226747243, "feature_label": "mul_Western_genre_rating", "global_std": 0.22163618763359752, "cluster_label": "cluster_outliers", "diff": 1.3138330337714348, "type": "numerical", "mean": 0.31898892601893164}, {"std": 0.7394502843967464, "global_mean": 0.051652212663198416, "feature_label": "mul_Musical_genre_rating", "global_std": 0.25615595633955585, "cluster_label": "cluster_outliers", "diff": 1.157768769153592, "type": "numerical", "mean": 0.34822157894580724}, {"std": 0.7526833222603013, "global_mean": 0.10771112820526443, "feature_label": "mul_Fantasy_genre_rating", "global_std": 0.33674508893095356, "cluster_label": "cluster_outliers", "diff": 0.9448162746556533, "type": "numerical", "mean": 0.4258733686375946}], "cluster": "cluster_outliers", "size": 3755}], "global": {"facts": [{"std": 0.7503746735025293, "global_mean": 0.051043058316333746, "feature_label": "mul_Documentary_genre_rating", "global_std": 0.4289004299695062, "cluster_label": "cluster_4", "diff": 8.505271051150451, "type": "numerical", "mean": 3.6989574691619564}, {"std": 0.4458251458010665, "global_mean": 0.0829578887563749, "feature_label": "mul_Children_genre_rating", "global_std": 0.2874881530038513, "cluster_label": "cluster_3", "diff": 2.820235979727347, "type": "numerical", "mean": 0.8937423216031969}, {"std": 0.5219918119919184, "global_mean": 0.05465567526937548, "feature_label": "mul_Animation_genre_rating", "global_std": 0.22868564878003464, "cluster_label": "cluster_3", "diff": 2.2501489074442342, "type": "numerical", "mean": 0.5692324380199464}, {"std": 0.800412478070668, "global_mean": 0.027795981226747243, "feature_label": "mul_Western_genre_rating", "global_std": 0.22163618763359752, "cluster_label": "cluster_outliers", "diff": 1.3138330337714348, "type": "numerical", "mean": 0.31898892601893164}, {"std": 0.7394502843967464, "global_mean": 0.051652212663198416, "feature_label": "mul_Musical_genre_rating", "global_std": 0.25615595633955585, "cluster_label": "cluster_outliers", "diff": 1.157768769153592, "type": "numerical", "mean": 0.34822157894580724}, {"std": 1.1838039069496629, "global_mean": 0.6184899441462651, "feature_label": "mul_Comedy_genre_rating", "global_std": 0.9641401394566821, "cluster_label": "cluster_1", "diff": 1.0196919451868967, "type": "numerical", "mean": 1.601615878381615}, {"std": 0.7784839697447187, "global_mean": 0.25674366487891676, "feature_label": "mul_Romance_genre_rating", "global_std": 0.5597255912684803, "cluster_label": "cluster_1", "diff": 0.9592998602790731, "type": "numerical", "mean": 0.7936883463773915}, {"std": 0.7526833222603013, "global_mean": 0.10771112820526443, "feature_label": "mul_Fantasy_genre_rating", "global_std": 0.33674508893095356, "cluster_label": "cluster_outliers", "diff": 0.9448162746556533, "type": "numerical", "mean": 0.4258733686375946}, {"std": 0.5855724878839155, "global_mean": 0.29390042844874215, "feature_label": "mul_Action_genre_rating", "global_std": 0.5183190130116492, "cluster_label": "cluster_2", "diff": 0.9427384739233587, "type": "numerical", "mean": 0.7825397037808058}, {"std": 0.7860422010304868, "global_mean": 0.0882061987920446, "feature_label": "mul_Mystery_genre_rating", "global_std": 0.3325638325817755, "cluster_label": "cluster_outliers", "diff": 0.9165981228844913, "type": "numerical", "mean": 0.3930335834757723}], "size": 80004}}