{
    "trainingTime": 9261, 
    "state": "DONE", 
    "startTime": 1525628476322, 
    "preprocessingTime": 26336, 
    "progress": {
        "top_level_todo": [], 
        "stack": [], 
        "top_level_done": [
            {
                "name": "Loading source dataset", 
                "time": 375
            }, 
            {
                "name": "Collecting statistics", 
                "time": 113
            }, 
            {
                "name": "Preprocessing data", 
                "time": 25847
            }, 
            {
                "name": "Fitting model", 
                "time": 2685
            }, 
            {
                "name": "Saving model", 
                "time": 2
            }, 
            {
                "name": "Scoring model", 
                "time": 6574
            }
        ]
    }, 
    "endTime": 1525628511919, 
    "modelId": "m1"
}