{
  "description": "KMeans (k\u003d5)\nCluster outliers\n\nTrained in 35 seconds on 80004 records\n",
  "name": "KMeans (k\u003d5)",
  "starred": false,
  "clusterMetas": {
    "cluster_0": {
      "name": "Drama Preference",
      "color": "#f06548",
      "description": "Drama Preference"
    },
    "cluster_1": {
      "name": "Comedy Preference",
      "color": "#fdc766",
      "description": "Comedy Preference"
    },
    "cluster_2": {
      "name": "Action Preference",
      "color": "#7bc9a6",
      "description": "Action Preference"
    },
    "cluster_3": {
      "name": "Children Preference",
      "color": "#4ec5da",
      "description": "Children Preference"
    },
    "cluster_4": {
      "name": "Documentary Preference",
      "color": "#548ecb",
      "description": "Documentary Preference"
    },
    "cluster_outliers": {
      "name": "Others",
      "color": "#97668f",
      "description": "Others"
    }
  },
  "activeClassifierThreshold": 0.0
}