{
    "rawImportance": {
        "variables": [
            "cast_total_facebook_likes_avg", 
            "content_rating_distinct", 
            "count", 
            "country_distinct", 
            "director_facebook_likes_avg", 
            "director_facebook_likes_sum", 
            "duration_avg", 
            "genres_distinct", 
            "imdb_score_avg", 
            "imdb_score_max", 
            "imdb_score_min", 
            "language_distinct", 
            "movie_facebook_likes_avg", 
            "movie_facebook_likes_max", 
            "movie_facebook_likes_min", 
            "num_user_for_reviews_avg", 
            "num_voted_users_avg", 
            "dummy:content_rating_min:PG-13", 
            "dummy:content_rating_min:PG", 
            "dummy:content_rating_min:R", 
            "dummy:content_rating_min:G", 
            "dummy:content_rating_min:__Others__", 
            "dummy:content_rating_max:R", 
            "dummy:content_rating_max:PG-13", 
            "dummy:content_rating_max:X", 
            "dummy:content_rating_max:__Others__"
        ], 
        "importances": [
            0.17360077798366547, 
            0.017506390810012817, 
            0.04994751885533333, 
            0.010991411283612251, 
            0.04218538850545883, 
            0.0349188968539238, 
            0.12168766558170319, 
            0.03718995302915573, 
            0.07781590521335602, 
            0.03870949521660805, 
            0.054177336394786835, 
            0.001984554575756192, 
            0.06147203594446182, 
            0.060091111809015274, 
            0.008459643460810184, 
            0.1018114909529686, 
            0.06910965591669083, 
            0.003504099091514945, 
            0.003654401283711195, 
            0.0027924804016947746, 
            0.0023133663926273584, 
            0.007104505319148302, 
            0.0043801236897706985, 
            0.007337009999901056, 
            0.003668504999950528, 
            0.0035863020457327366
        ]
    }, 
    "modelInputNRows": 163, 
    "modelInputNCols": 28, 
    "modelInputMemory": 36512, 
    "modelInputIsSparse": false, 
    "nBoostedEstimators": 300
}