{
    "metrics": {
        "pearson": 0.74298383599027207, 
        "r2": 0.42169431633817767, 
        "rmse": 52900332.10473318, 
        "mape": 0.4659127289444238, 
        "mae": 30310271.592690431, 
        "mse": 2798445136791063.5, 
        "evs": 0.46603019964361547, 
        "rmsle": 0.5395614238410169
    }, 
    "scatterPlotData": {
        "y": [
            73901208.0, 
            67273616.0, 
            52558492.0, 
            45142116.0, 
            31168030.0, 
            83476376.0, 
            62555640.0, 
            95865912.0, 
            88807720.0, 
            41497036.0, 
            72700416.0, 
            51749040.0, 
            153780880.0, 
            66263336.0, 
            70268472.0, 
            101532064.0, 
            77682160.0, 
            19818242.0, 
            12843924.0, 
            109496240.0, 
            117747128.0, 
            59749844.0, 
            27239280.0, 
            88984272.0, 
            37282064.0, 
            57342732.0, 
            68936768.0, 
            80125896.0, 
            73504184.0, 
            33284582.0, 
            32236458.0, 
            52709572.0, 
            62048380.0, 
            36629792.0, 
            147510400.0, 
            85849168.0, 
            46438564.0, 
            68475840.0, 
            102035216.0
        ], 
        "x": [
            21886070.666666668, 
            47834310.0, 
            56819679.42857143, 
            50657907.2, 
            39355908.8, 
            78870396.85714285, 
            68662078.0, 
            229988558.6, 
            71168710.4, 
            36964196.2, 
            106199815.6, 
            36762906.28571428, 
            170795765.0, 
            62790961.9, 
            69298843.25, 
            78844292.0, 
            71011965.85714285, 
            25251115.0, 
            2318076.25, 
            78017448.125, 
            278303705.14285713, 
            223197367.85714287, 
            37183995.4, 
            124562239.3846154, 
            14664906.0, 
            47977634.6923077, 
            64183053.8, 
            113569517.6, 
            48361246.71428572, 
            19484080.0, 
            32805137.66666667, 
            47272993.6, 
            60905622.66666666, 
            25924134.0, 
            271700388.8, 
            70875631.66666667, 
            37971422.5, 
            98130189.66666669, 
            207183190.4
        ]
    }, 
    "regression_performance": {
        "max_error": 161250404.35428572, 
        "median_error": -3472374.1000000015, 
        "error_distribution": [
            {
                "count": 7, 
                "bin_max": -16641722.871071424, 
                "bin_id": 0, 
                "bin_min": -36605172.704139285
            }, 
            {
                "count": 16, 
                "bin_max": 3124069.0428571478, 
                "bin_id": 1, 
                "bin_min": -16641722.871071424
            }, 
            {
                "count": 7, 
                "bin_max": 22889860.956785724, 
                "bin_id": 2, 
                "bin_min": 3124069.0428571478
            }, 
            {
                "count": 4, 
                "bin_max": 42655652.870714292, 
                "bin_id": 3, 
                "bin_min": 22889860.956785724
            }, 
            {
                "count": 0, 
                "bin_max": 62421444.78464286, 
                "bin_id": 4, 
                "bin_min": 42655652.870714292
            }, 
            {
                "count": 0, 
                "bin_max": 82187236.698571444, 
                "bin_id": 5, 
                "bin_min": 62421444.78464286
            }, 
            {
                "count": 0, 
                "bin_max": 101953028.61250001, 
                "bin_id": 6, 
                "bin_min": 82187236.698571444
            }, 
            {
                "count": 1, 
                "bin_max": 121718820.52642858, 
                "bin_id": 7, 
                "bin_min": 101953028.61250001
            }, 
            {
                "count": 2, 
                "bin_max": 141484612.44035715, 
                "bin_id": 8, 
                "bin_min": 121718820.52642858
            }, 
            {
                "count": 2, 
                "bin_max": 161250404.35428572, 
                "bin_id": 9, 
                "bin_min": 141484612.44035715
            }
        ], 
        "min_error": -36407514.784999996, 
        "average_error": 14991151.4365023, 
        "std_error": 50856154.87538866, 
        "p75_error": 13479800.199999999, 
        "p90_error": 108956377.28000006, 
        "p25_error": -12253080.0
    }
}