{
    "per_feature": {
        "log_feature_count": {
            "stats": {
                "std": 2.2094452815456154, 
                "p99": 12.0, 
                "min": 1.0, 
                "max": 18.0, 
                "average": 3.205271160669032, 
                "median": 2.0
            }, 
            "missing_impute_with_value": 3.205271160669032
        }, 
        "resource_type_count": {
            "stats": {
                "std": 0.4445914521900872, 
                "p99": 3.0, 
                "min": 1.0, 
                "max": 5.0, 
                "average": 1.1483358675451933, 
                "median": 1.0
            }, 
            "missing_impute_with_value": 1.1483358675451933
        }, 
        "log_features": {
            "stats": {}
        }, 
        "volume_count": {
            "stats": {
                "std": 2.2094452815456154, 
                "p99": 12.0, 
                "min": 1.0, 
                "max": 18.0, 
                "average": 3.205271160669032, 
                "median": 2.0
            }, 
            "missing_impute_with_value": 3.205271160669032
        }, 
        "event_type_count": {
            "stats": {
                "std": 0.7251751664853662, 
                "p99": 4.0, 
                "min": 1.0, 
                "max": 9.0, 
                "average": 1.6872782564622402, 
                "median": 2.0
            }, 
            "missing_impute_with_value": 1.6872782564622402
        }, 
        "severity_type": {
            "stats": {
                "mostFrequentValue": "severity_type 2", 
                "leastFrequentValue": "severity_type 3"
            }, 
            "category_possible_values": [
                "severity_type 2", 
                "severity_type 1", 
                "severity_type 4"
            ]
        }, 
        "fault_severity": {
            "stats": {}
        }, 
        "event_types": {
            "stats": {}
        }, 
        "volumes": {
            "stats": {
                "mostFrequentValue": "1, 1", 
                "leastFrequentValue": "3, 3, 1, 1, 1"
            }, 
            "category_possible_values": [
                "1, 1", 
                "1", 
                "2, 2", 
                "1, 1, 1, 1", 
                "2", 
                "1, 1, 1", 
                "1, 2", 
                "2, 1", 
                "3, 3", 
                "4, 4", 
                "4", 
                "4, 2", 
                "3, 2", 
                "3", 
                "1, 1, 1, 1, 1", 
                "2, 4", 
                "2, 3", 
                "1, 3", 
                "1, 1, 1, 1, 1, 1", 
                "6, 6", 
                "5, 5", 
                "3, 1", 
                "2, 1, 1", 
                "3, 4", 
                "1, 2, 1", 
                "1, 1, 2", 
                "2, 2, 2, 2", 
                "4, 3", 
                "2, 2, 2", 
                "4, 5", 
                "8, 8", 
                "2, 1, 1, 2", 
                "4, 1", 
                "1, 2, 1, 1", 
                "6", 
                "5", 
                "1, 4", 
                "7, 7", 
                "2, 2, 1", 
                "2, 1, 1, 1", 
                "2, 1, 2", 
                "2, 2, 1, 1", 
                "6, 3", 
                "5, 4", 
                "12", 
                "8", 
                "5, 6", 
                "1, 2, 2, 1", 
                "5, 1", 
                "6, 2", 
                "1, 1, 2, 1", 
                "5, 8", 
                "1, 6", 
                "2, 5", 
                "6, 5", 
                "3, 5", 
                "1, 1, 1, 2", 
                "6, 10", 
                "13, 13", 
                "1, 1, 1, 1, 1, 1, 1", 
                "7", 
                "5, 3", 
                "3, 6", 
                "1, 2, 1, 2", 
                "1, 5", 
                "1, 1, 2, 2", 
                "14, 14", 
                "12, 12", 
                "2, 6", 
                "16, 16", 
                "1, 2, 2", 
                "8, 3", 
                "15, 15", 
                "8, 2", 
                "7, 6", 
                "1, 1, 1, 1, 1, 1, 1, 1", 
                "5, 2", 
                "6, 1", 
                "7, 5", 
                "8, 4", 
                "8, 6", 
                "2, 1, 2, 1", 
                "5, 10", 
                "10, 10", 
                "4, 6", 
                "2, 10", 
                "11, 11", 
                "8, 5", 
                "10, 12", 
                "9, 9", 
                "1, 1, 1, 1, 2", 
                "9, 8", 
                "8, 1", 
                "14", 
                "10, 9", 
                "5, 12", 
                "20", 
                "6, 14", 
                "1, 10", 
                "10, 8", 
                "2, 7", 
                "9, 10", 
                "11, 7", 
                "3, 1, 2", 
                "6, 4", 
                "14, 8", 
                "5, 7", 
                "10, 4", 
                "10"
            ]
        }, 
        "resource_types": {
            "stats": {
                "mostFrequentValue": "resource_type 8", 
                "leastFrequentValue": "resource_type 7, resource_type 4, resource_type 8, resource_type 2"
            }, 
            "category_possible_values": [
                "resource_type 8", 
                "resource_type 2", 
                "resource_type 8, resource_type 2", 
                "resource_type 2, resource_type 8", 
                "resource_type 6, resource_type 8", 
                "resource_type 8, resource_type 6", 
                "resource_type 7, resource_type 8", 
                "resource_type 8, resource_type 7", 
                "resource_type 7", 
                "resource_type 8, resource_type 4"
            ]
        }, 
        "id": {
            "stats": {}
        }, 
        "location": {
            "stats": {
                "mostFrequentValue": "location 1107", 
                "leastFrequentValue": "location 811"
            }, 
            "category_possible_values": [
                "location 1107", 
                "location 821", 
                "location 734", 
                "location 126", 
                "location 810", 
                "location 1008", 
                "location 600", 
                "location 704", 
                "location 242", 
                "location 124", 
                "location 793", 
                "location 1052", 
                "location 1019", 
                "location 684", 
                "location 798", 
                "location 763", 
                "location 834", 
                "location 653", 
                "location 976", 
                "location 122", 
                "location 962", 
                "location 91", 
                "location 1042", 
                "location 846", 
                "location 471", 
                "location 1100", 
                "location 808", 
                "location 845", 
                "location 244", 
                "location 102", 
                "location 794", 
                "location 707", 
                "location 476", 
                "location 995", 
                "location 477", 
                "location 466", 
                "location 613", 
                "location 118", 
                "location 957", 
                "location 135", 
                "location 931", 
                "location 149", 
                "location 891", 
                "location 1086", 
                "location 478", 
                "location 496", 
                "location 465", 
                "location 1075", 
                "location 814", 
                "location 760", 
                "location 744", 
                "location 497", 
                "location 638", 
                "location 899", 
                "location 380", 
                "location 921", 
                "location 756", 
                "location 157", 
                "location 484", 
                "location 155", 
                "location 475", 
                "location 584", 
                "location 373", 
                "location 488", 
                "location 495", 
                "location 895", 
                "location 1026", 
                "location 805", 
                "location 894", 
                "location 181", 
                "location 445", 
                "location 1061", 
                "location 1099", 
                "location 878", 
                "location 691", 
                "location 1018", 
                "location 1050", 
                "location 485", 
                "location 9", 
                "location 7", 
                "location 504", 
                "location 505", 
                "location 292", 
                "location 644", 
                "location 460", 
                "location 892", 
                "location 469", 
                "location 95", 
                "location 481", 
                "location 803", 
                "location 1007", 
                "location 500", 
                "location 468", 
                "location 480", 
                "location 13", 
                "location 1024", 
                "location 816", 
                "location 823", 
                "location 479", 
                "location 133", 
                "location 839", 
                "location 619", 
                "location 1010", 
                "location 599", 
                "location 627", 
                "location 1", 
                "location 893", 
                "location 885", 
                "location 925", 
                "location 159", 
                "location 491", 
                "location 989", 
                "location 742", 
                "location 494", 
                "location 128", 
                "location 147", 
                "location 618", 
                "location 498", 
                "location 518", 
                "location 984", 
                "location 809", 
                "location 836", 
                "location 826", 
                "location 474", 
                "location 830", 
                "location 116", 
                "location 963", 
                "location 745", 
                "location 459", 
                "location 1109", 
                "location 737", 
                "location 1063", 
                "location 1030", 
                "location 735", 
                "location 938", 
                "location 300", 
                "location 944", 
                "location 506", 
                "location 400", 
                "location 603", 
                "location 255", 
                "location 714", 
                "location 314", 
                "location 311", 
                "location 802", 
                "location 270", 
                "location 609", 
                "location 509", 
                "location 344", 
                "location 896", 
                "location 375", 
                "location 1097", 
                "location 470", 
                "location 100", 
                "location 1031", 
                "location 298", 
                "location 738", 
                "location 17", 
                "location 1015", 
                "location 1095", 
                "location 1033", 
                "location 1049", 
                "location 1014", 
                "location 12", 
                "location 696", 
                "location 1111", 
                "location 812", 
                "location 909", 
                "location 378", 
                "location 942"
            ]
        }
    }, 
    "feature_order": [
        "log_feature_count", 
        "resource_type_count", 
        "log_features", 
        "volume_count", 
        "event_type_count", 
        "severity_type", 
        "fault_severity", 
        "event_types", 
        "volumes", 
        "resource_types", 
        "id", 
        "location"
    ]
}