{
    "rawImportance": {
        "variables": [
            "Work_accident", 
            "average_montly_hours", 
            "last_evaluation", 
            "number_project", 
            "promotion_last_5years", 
            "satisfaction_level", 
            "time_spend_company", 
            "dummy:salary:low", 
            "dummy:salary:medium", 
            "dummy:salary:high", 
            "dummy:department:sales", 
            "dummy:department:technical", 
            "dummy:department:support", 
            "dummy:department:it", 
            "dummy:department:product_mng", 
            "dummy:department:marketing", 
            "dummy:department:randd", 
            "dummy:department:accounting", 
            "dummy:department:hr", 
            "dummy:department:__Others__"
        ], 
        "importances": [
            0.013822237425061704, 
            0.13205828568111341, 
            0.1216298133565048, 
            0.15481849598372638, 
            0.0028667948549838972, 
            0.26984550612013869, 
            0.2699528562706397, 
            0.0069750365004510057, 
            0.0033283681779331144, 
            0.0093480919954135617, 
            0.0020492502609990963, 
            0.0033369923331622534, 
            0.0017355840226802638, 
            0.0012699558302089627, 
            0.0006149537933166808, 
            0.00073914301100825577, 
            0.0011591818971568564, 
            0.00097572862693798713, 
            0.0015571682314736708, 
            0.0019165556270895941
        ]
    }, 
    "probaAware": true, 
    "modelInputNRows": 11943, 
    "modelInputNCols": 23, 
    "modelInputMemory": 2197512, 
    "modelInputIsSparse": false
}