{
    "trainingTime": 3032, 
    "state": "DONE", 
    "startTime": 1493822874247, 
    "preprocessingTime": 451, 
    "progress": {
        "top_level_todo": [], 
        "stack": [], 
        "top_level_done": [
            {
                "name": "Loading train set", 
                "time": 267
            }, 
            {
                "name": "Loading test set", 
                "time": 6
            }, 
            {
                "name": "Collecting statistics", 
                "time": 26
            }, 
            {
                "name": "Preprocessing train set", 
                "time": 83
            }, 
            {
                "name": "Preprocessing test set", 
                "time": 68
            }, 
            {
                "name": "Fitting model", 
                "time": 2015
            }, 
            {
                "name": "Saving model", 
                "time": 7
            }, 
            {
                "name": "Scoring model", 
                "time": 1010
            }
        ]
    }, 
    "endTime": 1493822877730, 
    "modelId": "NA"
}