{
    "per_feature": {
        "log_feature_count": {
            "stats": {
                "std": 2.248799619794188, 
                "p99": 12.0, 
                "min": 1.0, 
                "max": 19.0, 
                "average": 3.2368643351917554, 
                "median": 2.0
            }, 
            "missing_impute_with_value": 3.2368643351917554
        }, 
        "resource_type_count": {
            "stats": {
                "std": 0.44699898039926755, 
                "p99": 3.0, 
                "min": 1.0, 
                "max": 5.0, 
                "average": 1.1485048150025343, 
                "median": 1.0
            }, 
            "missing_impute_with_value": 1.1485048150025343
        }, 
        "log_features": {
            "stats": {}
        }, 
        "volume_count": {
            "stats": {
                "std": 2.248799619794188, 
                "p99": 12.0, 
                "min": 1.0, 
                "max": 19.0, 
                "average": 3.2368643351917554, 
                "median": 2.0
            }, 
            "missing_impute_with_value": 3.2368643351917554
        }, 
        "join_fault_severity": {
            "stats": {}
        }, 
        "event_type_count": {
            "stats": {
                "std": 0.7363606556927339, 
                "p99": 4.0, 
                "min": 1.0, 
                "max": 9.0, 
                "average": 1.6940361547558709, 
                "median": 2.0
            }, 
            "missing_impute_with_value": 1.6940361547558709
        }, 
        "severity_type": {
            "stats": {
                "std": 0.7652796263822433, 
                "p99": 4.0, 
                "min": 1.0, 
                "max": 5.0, 
                "average": 1.6580503463422875, 
                "median": 2.0
            }, 
            "missing_impute_with_value": 1.6580503463422875
        }, 
        "event_types": {
            "stats": {}
        }, 
        "volumes": {
            "stats": {
                "mostFrequentValue": "1, 1", 
                "leastFrequentValue": "44, 6, 17, 2"
            }, 
            "category_possible_values": [
                "1, 1", 
                "1", 
                "2, 2", 
                "1, 1, 1, 1", 
                "2", 
                "1, 1, 1", 
                "1, 2", 
                "2, 1", 
                "3, 3", 
                "4, 4", 
                "4, 2", 
                "4", 
                "3, 2", 
                "1, 1, 1, 1, 1", 
                "3", 
                "2, 3", 
                "1, 1, 1, 1, 1, 1", 
                "2, 4", 
                "6, 6", 
                "1, 3", 
                "2, 1, 1", 
                "3, 1", 
                "1, 1, 2", 
                "4, 3", 
                "5, 5", 
                "2, 2, 2", 
                "8, 8", 
                "1, 2, 1", 
                "4, 1", 
                "2, 1, 1, 2", 
                "1, 4", 
                "6", 
                "2, 2, 2, 2", 
                "3, 4", 
                "2, 2, 1", 
                "1, 2, 1, 1", 
                "4, 5", 
                "2, 1, 2", 
                "5", 
                "2, 1, 1, 1", 
                "7, 7", 
                "6, 5", 
                "8", 
                "5, 8", 
                "5, 4", 
                "1, 2, 2", 
                "1, 1, 1, 2", 
                "1, 1, 1, 1, 1, 1, 1", 
                "2, 5", 
                "7", 
                "12", 
                "2, 2, 1, 1", 
                "3, 5", 
                "1, 2, 2, 1", 
                "1, 5", 
                "6, 3", 
                "1, 1, 2, 1", 
                "6, 2", 
                "12, 12", 
                "2, 6", 
                "8, 4", 
                "3, 6", 
                "7, 6", 
                "1, 1, 2, 2", 
                "7, 5", 
                "1, 6", 
                "2, 1, 2, 1", 
                "10, 10", 
                "5, 1", 
                "8, 3", 
                "2, 10", 
                "14", 
                "4, 6", 
                "11, 11", 
                "8, 6", 
                "1, 2, 1, 2", 
                "5, 6", 
                "6, 4", 
                "6, 8", 
                "6, 10", 
                "6, 1", 
                "3, 1, 2", 
                "10, 9", 
                "8, 2", 
                "15, 15", 
                "14, 14", 
                "3, 2, 3, 2", 
                "13, 13", 
                "6, 7", 
                "9, 8", 
                "10, 6", 
                "1, 10", 
                "1, 3, 1, 3", 
                "8, 5", 
                "6, 14", 
                "10, 8", 
                "5, 10", 
                "5, 2", 
                "8, 1", 
                "1, 2, 1, 1, 2", 
                "2, 8", 
                "14, 8", 
                "1, 1, 1, 1, 2", 
                "9, 10", 
                "7, 8", 
                "1, 1, 1, 1, 1, 1, 1, 1", 
                "9, 9", 
                "8, 13", 
                "12, 2"
            ]
        }, 
        "resource_types": {
            "stats": {
                "mostFrequentValue": "resource_type 8", 
                "leastFrequentValue": "resource_type 2, resource_type 7, resource_type 4, resource_type 6, resource_type 8"
            }, 
            "category_possible_values": [
                "resource_type 8", 
                "resource_type 2", 
                "resource_type 8, resource_type 2", 
                "resource_type 2, resource_type 8", 
                "resource_type 6, resource_type 8", 
                "resource_type 8, resource_type 6", 
                "resource_type 7, resource_type 8", 
                "resource_type 8, resource_type 7", 
                "resource_type 7", 
                "resource_type 6"
            ]
        }, 
        "id": {
            "stats": {}
        }, 
        "location": {
            "stats": {
                "std": 318.9545325379175, 
                "p99": 1109.0, 
                "min": 1.0, 
                "max": 1126.0, 
                "average": 627.9694205102213, 
                "median": 667.0
            }, 
            "missing_impute_with_value": 627.9694205102213
        }
    }, 
    "feature_order": [
        "log_feature_count", 
        "resource_type_count", 
        "log_features", 
        "volume_count", 
        "join_fault_severity", 
        "event_type_count", 
        "severity_type", 
        "event_types", 
        "volumes", 
        "resource_types", 
        "id", 
        "location"
    ]
}