{
  "state": "FAILED",
  "failure": {
    "errorType": "java.lang.IllegalArgumentException",
    "message": "in T-fHwHW6IR: Test set is empty. Please check your train \u0026 validation settings",
    "detailedMessage": "in T-fHwHW6IR: Test set is empty. Please check your train \u0026 validation settings",
    "stackTraceStr": "java.lang.IllegalArgumentException: in T-fHwHW6IR: Test set is empty. Please check your train \u0026 validation settings\n\tat com.dataiku.dip.utils.ErrorContext.iaef(ErrorContext.java:121)\n\tat com.dataiku.dip.analysis.ml.prediction.PyRegularNoSavePredictionHandler.train(PyRegularNoSavePredictionHandler.java:74)\n\tat com.dataiku.dip.analysis.coreservices.PredictionService$TrainWorkThread.execute(PredictionService.java:456)\n\tat com.dataiku.dip.futures.FutureThread.run(FutureThread.java:89)\n",
    "stackTrace": [
      {
        "file": "ErrorContext.java",
        "line": 121,
        "function": "com.dataiku.dip.utils.ErrorContext.iaef"
      },
      {
        "file": "PyRegularNoSavePredictionHandler.java",
        "line": 74,
        "function": "com.dataiku.dip.analysis.ml.prediction.PyRegularNoSavePredictionHandler.train"
      },
      {
        "file": "PredictionService.java",
        "line": 456,
        "function": "com.dataiku.dip.analysis.coreservices.PredictionService$TrainWorkThread.execute"
      },
      {
        "file": "FutureThread.java",
        "line": 89,
        "function": "com.dataiku.dip.futures.FutureThread.run"
      }
    ]
  },
  "preSearchDescription": {
    "gridLength": 1,
    "importantParams": [
      {
        "name": "trees",
        "vals": [
          "100"
        ]
      },
      {
        "name": "depth",
        "vals": [
          "11"
        ]
      },
      {
        "name": "min_samples",
        "vals": [
          "1"
        ]
      }
    ]
  },
  "modelId": "m1",
  "startTime": 0,
  "endTime": 0,
  "preprocessingTime": 0,
  "trainingTime": 0
}