{
  "trainedWithDSSVersion": "4.1.5",
  "isValid": true,
  "type": "MULTICLASS_PROBABILISTIC",
  "algorithm_name": "LOGISTIC",
  "columns": [
    "dummy:AwayTeam:Bologna",
    "dummy:AwayTeam:Roma",
    "dummy:AwayTeam:Lazio",
    "dummy:AwayTeam:Sampdoria",
    "dummy:AwayTeam:Fiorentina",
    "dummy:AwayTeam:Udinese",
    "dummy:AwayTeam:Inter",
    "dummy:AwayTeam:Juventus",
    "dummy:AwayTeam:Napoli",
    "dummy:AwayTeam:Genoa",
    "dummy:AwayTeam:Chievo",
    "dummy:AwayTeam:Milan",
    "dummy:AwayTeam:Catania",
    "dummy:AwayTeam:Cagliari",
    "dummy:AwayTeam:Palermo",
    "dummy:AwayTeam:Atalanta",
    "dummy:AwayTeam:Parma",
    "dummy:AwayTeam:Bari",
    "dummy:AwayTeam:Livorno",
    "dummy:AwayTeam:Lecce",
    "dummy:AwayTeam:Torino",
    "dummy:AwayTeam:Siena",
    "dummy:AwayTeam:Verona",
    "dummy:AwayTeam:Brescia",
    "dummy:AwayTeam:Sassuolo",
    "dummy:AwayTeam:Reggina",
    "dummy:AwayTeam:N/A",
    "dummy:WHD:3.1",
    "dummy:WHD:3.2",
    "dummy:WHD:3",
    "dummy:WHD:3.3",
    "dummy:WHD:3.4",
    "dummy:WHD:3.25",
    "dummy:WHD:3.5",
    "dummy:WHD:2.9",
    "dummy:WHD:2.88",
    "dummy:WHD:3.6",
    "dummy:WHD:4",
    "dummy:WHD:3.75",
    "dummy:WHD:4.5",
    "dummy:WHD:4.2",
    "dummy:WHD:5",
    "dummy:WHD:4.33",
    "dummy:WHD:5.5",
    "dummy:WHD:2.8",
    "dummy:WHD:4.8",
    "dummy:WHD:3.15",
    "dummy:WHD:3.8",
    "dummy:WHD:6.5",
    "dummy:WHD:6",
    "dummy:WHD:4.1",
    "dummy:WHD:7",
    "dummy:WHD:4.4",
    "dummy:WHD:7.5",
    "dummy:WHD:2.25",
    "dummy:WHD:1.95",
    "dummy:WHD:4.75",
    "dummy:WHD:2.1",
    "dummy:WHD:2.7",
    "dummy:WHD:2.6",
    "dummy:WHD:2.62",
    "dummy:WHD:5.25",
    "dummy:WHD:2.4",
    "dummy:WHD:1.73",
    "dummy:WHD:2.87",
    "dummy:WHD:1.67",
    "dummy:WHD:1.6",
    "dummy:WHD:4.25",
    "dummy:WHD:4.3",
    "dummy:WHD:1.83",
    "dummy:WHD:3.7",
    "dummy:WHD:2.75",
    "dummy:WHD:9",
    "dummy:WHD:2.2",
    "dummy:WHD:1.8",
    "dummy:WHD:1.53",
    "dummy:WHD:1.91",
    "dummy:WHD:2.05",
    "dummy:WHD:N/A",
    "dummy:IWD:3.2",
    "dummy:IWD:3.3",
    "dummy:IWD:3.1",
    "dummy:IWD:3",
    "dummy:IWD:3.5",
    "dummy:IWD:3.4",
    "dummy:IWD:2.9",
    "dummy:IWD:3.6",
    "dummy:IWD:4",
    "dummy:IWD:5",
    "dummy:IWD:3.9",
    "dummy:IWD:3.25",
    "dummy:IWD:3.7",
    "dummy:IWD:4.8",
    "dummy:IWD:3.45",
    "dummy:IWD:4.4",
    "dummy:IWD:4.1",
    "dummy:IWD:3.15",
    "dummy:IWD:3.8",
    "dummy:IWD:2.8",
    "dummy:IWD:4.6",
    "dummy:IWD:4.5",
    "dummy:IWD:5.5",
    "dummy:IWD:3.35",
    "dummy:IWD:4.3",
    "dummy:IWD:7",
    "dummy:IWD:5.3",
    "dummy:IWD:6.5",
    "dummy:IWD:3.05",
    "dummy:IWD:4.2",
    "dummy:IWD:4.7",
    "dummy:IWD:6",
    "dummy:IWD:2.2",
    "dummy:IWD:2.4",
    "dummy:IWD:2.5",
    "dummy:IWD:2.7",
    "dummy:IWD:5.2",
    "dummy:IWD:7.3",
    "dummy:IWD:2",
    "dummy:IWD:1.55",
    "dummy:IWD:2.6",
    "dummy:IWD:5.8",
    "dummy:IWD:4.9",
    "dummy:IWD:1.8",
    "dummy:IWD:1.9",
    "dummy:IWD:7.5",
    "dummy:IWD:3.75",
    "dummy:IWD:1.7",
    "dummy:IWD:2.3",
    "dummy:IWD:N/A",
    "dummy:WHA:5",
    "dummy:WHA:6",
    "dummy:WHA:3",
    "dummy:WHA:5.5",
    "dummy:WHA:4",
    "dummy:WHA:4.2",
    "dummy:WHA:4.5",
    "dummy:WHA:3.6",
    "dummy:WHA:8",
    "dummy:WHA:3.1",
    "dummy:WHA:3.5",
    "dummy:WHA:2.8",
    "dummy:WHA:7.5",
    "dummy:WHA:6.5",
    "dummy:WHA:3.2",
    "dummy:WHA:2.3",
    "dummy:WHA:3.3",
    "dummy:WHA:3.4",
    "dummy:WHA:7",
    "dummy:WHA:2.9",
    "dummy:WHA:2.62",
    "dummy:WHA:4.33",
    "dummy:WHA:10",
    "dummy:WHA:2.5",
    "dummy:WHA:3.75",
    "dummy:WHA:2.4",
    "dummy:WHA:2.75",
    "dummy:WHA:9",
    "dummy:WHA:2.25",
    "dummy:WHA:11",
    "dummy:WHA:3.25",
    "dummy:WHA:1.91",
    "dummy:WHA:3.8",
    "dummy:WHA:2.2",
    "dummy:WHA:2.7",
    "dummy:WHA:2",
    "dummy:WHA:4.8",
    "dummy:WHA:2.1",
    "dummy:WHA:1.8",
    "dummy:WHA:2.15",
    "dummy:WHA:2.88",
    "dummy:WHA:8.5",
    "dummy:WHA:1.95",
    "dummy:WHA:2.6",
    "dummy:WHA:1.44",
    "dummy:WHA:2.38",
    "dummy:WHA:1.67",
    "dummy:WHA:12",
    "dummy:WHA:1.73",
    "dummy:WHA:2.05",
    "dummy:WHA:1.83",
    "dummy:WHA:17",
    "dummy:WHA:1.75",
    "dummy:WHA:15",
    "dummy:WHA:4.75",
    "dummy:WHA:1.5",
    "dummy:WHA:1.62",
    "dummy:WHA:1.53",
    "dummy:WHA:13",
    "dummy:WHA:1.57",
    "dummy:WHA:9.5",
    "dummy:WHA:4.4",
    "dummy:WHA:1.85",
    "dummy:WHA:4.6",
    "dummy:WHA:1.4",
    "dummy:WHA:2.45",
    "dummy:WHA:1.7",
    "dummy:WHA:5.25",
    "dummy:WHA:4.1",
    "dummy:WHA:2.37",
    "dummy:WHA:1.6",
    "dummy:WHA:1.36",
    "dummy:WHA:1.9",
    "dummy:WHA:3.9",
    "dummy:WHA:3.05",
    "dummy:WHA:1.61",
    "dummy:WHA:26",
    "dummy:WHA:10.5",
    "dummy:WHA:5.2",
    "dummy:WHA:6.8",
    "dummy:WHA:5.7",
    "dummy:WHA:4.3",
    "dummy:WHA:2.95",
    "dummy:WHA:2.55",
    "dummy:WHA:1.3",
    "dummy:WHA:N/A",
    "dummy:IWA:3.4",
    "dummy:IWA:3",
    "dummy:IWA:3.6",
    "dummy:IWA:4.2",
    "dummy:IWA:2",
    "dummy:IWA:4",
    "dummy:IWA:3.2",
    "dummy:IWA:2.1",
    "dummy:IWA:7",
    "dummy:IWA:3.3",
    "dummy:IWA:2.3",
    "dummy:IWA:2.6",
    "dummy:IWA:4.5",
    "dummy:IWA:2.4",
    "dummy:IWA:2.9",
    "dummy:IWA:2.5",
    "dummy:IWA:2.8",
    "dummy:IWA:3.7",
    "dummy:IWA:1.9",
    "dummy:IWA:2.2",
    "dummy:IWA:2.7",
    "dummy:IWA:4.3",
    "dummy:IWA:3.8",
    "dummy:IWA:3.1",
    "dummy:IWA:7.5",
    "dummy:IWA:7.3",
    "dummy:IWA:3.9",
    "dummy:IWA:4.7",
    "dummy:IWA:4.4",
    "dummy:IWA:3.5",
    "dummy:IWA:5",
    "dummy:IWA:12",
    "dummy:IWA:1.8",
    "dummy:IWA:2.85",
    "dummy:IWA:1.75",
    "dummy:IWA:5.5",
    "dummy:IWA:6.5",
    "dummy:IWA:8.5",
    "dummy:IWA:2.65",
    "dummy:IWA:4.6",
    "dummy:IWA:2.55",
    "dummy:IWA:5.4",
    "dummy:IWA:6",
    "dummy:IWA:4.9",
    "dummy:IWA:5.6",
    "dummy:IWA:1.85",
    "dummy:IWA:6.3",
    "dummy:IWA:1.7",
    "dummy:IWA:5.2",
    "dummy:IWA:4.1",
    "dummy:IWA:10",
    "dummy:IWA:5.3",
    "dummy:IWA:8",
    "dummy:IWA:2.95",
    "dummy:IWA:9",
    "dummy:IWA:1.4",
    "dummy:IWA:11",
    "dummy:IWA:14",
    "dummy:IWA:1.45",
    "dummy:IWA:7.6",
    "dummy:IWA:1.5",
    "dummy:IWA:1.6",
    "dummy:IWA:5.1",
    "dummy:IWA:15",
    "dummy:IWA:1.65",
    "dummy:IWA:2.75",
    "dummy:IWA:4.8",
    "dummy:IWA:1.55",
    "dummy:IWA:5.7",
    "dummy:IWA:9.5",
    "dummy:IWA:10.5",
    "dummy:IWA:13",
    "dummy:IWA:3.45",
    "dummy:IWA:3.75",
    "dummy:IWA:7.2",
    "dummy:IWA:5.8",
    "dummy:IWA:3.55",
    "dummy:IWA:6.7",
    "dummy:IWA:6.1",
    "dummy:IWA:3.05",
    "dummy:IWA:3.15",
    "dummy:IWA:3.25",
    "dummy:IWA:7.8",
    "dummy:IWA:3.35",
    "dummy:IWA:1.3",
    "dummy:IWA:2.35",
    "dummy:IWA:2.45",
    "dummy:IWA:2.25",
    "dummy:IWA:1.95",
    "dummy:IWA:4.15",
    "dummy:IWA:7.4",
    "dummy:IWA:4.35",
    "dummy:IWA:1.57",
    "dummy:IWA:6.2",
    "dummy:IWA:1.33",
    "dummy:IWA:8.3",
    "dummy:IWA:1.35",
    "dummy:IWA:1.1",
    "dummy:IWA:20",
    "dummy:IWA:N/A",
    "dummy:WHH:2.5",
    "dummy:WHH:1.44",
    "dummy:WHH:2.4",
    "dummy:WHH:2",
    "dummy:WHH:2.1",
    "dummy:WHH:1.8",
    "dummy:WHH:1.67",
    "dummy:WHH:1.4",
    "dummy:WHH:1.73",
    "dummy:WHH:2.25",
    "dummy:WHH:2.3",
    "dummy:WHH:1.91",
    "dummy:WHH:1.5",
    "dummy:WHH:2.2",
    "dummy:WHH:2.05",
    "dummy:WHH:1.62",
    "dummy:WHH:3.1",
    "dummy:WHH:1.36",
    "dummy:WHH:1.83",
    "dummy:WHH:1.7",
    "dummy:WHH:2.15",
    "dummy:WHH:1.95",
    "dummy:WHH:2.38",
    "dummy:WHH:2.9",
    "dummy:WHH:2.6",
    "dummy:WHH:1.57",
    "dummy:WHH:3",
    "dummy:WHH:2.62",
    "dummy:WHH:3.6",
    "dummy:WHH:1.3",
    "dummy:WHH:4",
    "dummy:WHH:4.33",
    "dummy:WHH:1.75",
    "dummy:WHH:3.3",
    "dummy:WHH:2.7",
    "dummy:WHH:3.5",
    "dummy:WHH:1.25",
    "dummy:WHH:1.85",
    "dummy:WHH:4.5",
    "dummy:WHH:4.2",
    "dummy:WHH:3.75",
    "dummy:WHH:2.8",
    "dummy:WHH:1.53",
    "dummy:WHH:1.33",
    "dummy:WHH:3.2",
    "dummy:WHH:3.4",
    "dummy:WHH:2.75",
    "dummy:WHH:1.29",
    "dummy:WHH:5",
    "dummy:WHH:1.6",
    "dummy:WHH:1.2",
    "dummy:WHH:1.22",
    "dummy:WHH:6",
    "dummy:WHH:6.5",
    "dummy:WHH:1.17",
    "dummy:WHH:3.8",
    "dummy:WHH:5.5",
    "dummy:WHH:2.88",
    "dummy:WHH:8",
    "dummy:WHH:4.8",
    "dummy:WHH:2.37",
    "dummy:WHH:7",
    "dummy:WHH:4.6",
    "dummy:WHH:4.75",
    "dummy:WHH:1.65",
    "dummy:WHH:1.61",
    "dummy:WHH:1.11",
    "dummy:WHH:9",
    "dummy:WHH:1.9",
    "dummy:WHH:2.45",
    "dummy:WHH:3.25",
    "dummy:WHH:2.35",
    "dummy:WHH:1.45",
    "dummy:WHH:10",
    "dummy:WHH:21",
    "dummy:WHH:7.5",
    "dummy:WHH:1.14",
    "dummy:WHH:4.4",
    "dummy:WHH:1.15",
    "dummy:WHH:1.18",
    "dummy:WHH:8.5",
    "dummy:WHH:1.55",
    "dummy:WHH:1.07",
    "dummy:WHH:3.15",
    "dummy:WHH:N/A",
    "dummy:IWH:2.1",
    "dummy:IWH:2",
    "dummy:IWH:2.3",
    "dummy:IWH:2.2",
    "dummy:IWH:1.8",
    "dummy:IWH:2.4",
    "dummy:IWH:1.9",
    "dummy:IWH:1.7",
    "dummy:IWH:1.85",
    "dummy:IWH:1.75",
    "dummy:IWH:2.5",
    "dummy:IWH:2.6",
    "dummy:IWH:1.6",
    "dummy:IWH:1.4",
    "dummy:IWH:1.45",
    "dummy:IWH:1.5",
    "dummy:IWH:1.65",
    "dummy:IWH:1.35",
    "dummy:IWH:1.55",
    "dummy:IWH:1.25",
    "dummy:IWH:3",
    "dummy:IWH:3.3",
    "dummy:IWH:3.2",
    "dummy:IWH:2.8",
    "dummy:IWH:2.9",
    "dummy:IWH:3.6",
    "dummy:IWH:1.3",
    "dummy:IWH:2.7",
    "dummy:IWH:1.22",
    "dummy:IWH:2.55",
    "dummy:IWH:4.3",
    "dummy:IWH:2.85",
    "dummy:IWH:4.7",
    "dummy:IWH:3.4",
    "dummy:IWH:4",
    "dummy:IWH:2.65",
    "dummy:IWH:1.2",
    "dummy:IWH:3.9",
    "dummy:IWH:1.33",
    "dummy:IWH:3.7",
    "dummy:IWH:3.1",
    "dummy:IWH:2.75",
    "dummy:IWH:7",
    "dummy:IWH:1.37",
    "dummy:IWH:3.8",
    "dummy:IWH:5.5",
    "dummy:IWH:1.95",
    "dummy:IWH:4.5",
    "dummy:IWH:4.2",
    "dummy:IWH:1.15",
    "dummy:IWH:5",
    "dummy:IWH:2.05",
    "dummy:IWH:3.5",
    "dummy:IWH:2.25",
    "dummy:IWH:2.95",
    "dummy:IWH:2.35",
    "dummy:IWH:4.1",
    "dummy:IWH:1.17",
    "dummy:IWH:7.3",
    "dummy:IWH:5.6",
    "dummy:IWH:5.2",
    "dummy:IWH:2.15",
    "dummy:IWH:1.42",
    "dummy:IWH:1.27",
    "dummy:IWH:4.4",
    "dummy:IWH:7.5",
    "dummy:IWH:8",
    "dummy:IWH:4.9",
    "dummy:IWH:2.45",
    "dummy:IWH:1.57",
    "dummy:IWH:1.1",
    "dummy:IWH:1.32",
    "dummy:IWH:6.3",
    "dummy:IWH:4.6",
    "dummy:IWH:5.4",
    "dummy:IWH:3.55",
    "dummy:IWH:6.5",
    "dummy:IWH:3.05",
    "dummy:IWH:5.7",
    "dummy:IWH:6.1",
    "dummy:IWH:5.3",
    "dummy:IWH:1.07",
    "dummy:IWH:15",
    "dummy:IWH:3.35",
    "dummy:IWH:4.8",
    "dummy:IWH:7.6",
    "dummy:IWH:1.12",
    "dummy:IWH:N/A",
    "dummy:LBA:5",
    "dummy:LBA:4.5",
    "dummy:LBA:3",
    "dummy:LBA:4",
    "dummy:LBA:3.5",
    "dummy:LBA:4.33",
    "dummy:LBA:3.2",
    "dummy:LBA:2.88",
    "dummy:LBA:8",
    "dummy:LBA:2.5",
    "dummy:LBA:5.5",
    "dummy:LBA:6",
    "dummy:LBA:3.75",
    "dummy:LBA:7",
    "dummy:LBA:2.75",
    "dummy:LBA:2.8",
    "dummy:LBA:2.38",
    "dummy:LBA:9",
    "dummy:LBA:6.5",
    "dummy:LBA:2.6",
    "dummy:LBA:2.1",
    "dummy:LBA:2",
    "dummy:LBA:2.25",
    "dummy:LBA:1.91",
    "dummy:LBA:10",
    "dummy:LBA:2.2",
    "dummy:LBA:11",
    "dummy:LBA:2.62",
    "dummy:LBA:1.8",
    "dummy:LBA:12",
    "dummy:LBA:1.83",
    "dummy:LBA:2.3",
    "dummy:LBA:2.4",
    "dummy:LBA:3.6",
    "dummy:LBA:3.1",
    "dummy:LBA:7.5",
    "dummy:LBA:1.44",
    "dummy:LBA:1.73",
    "dummy:LBA:3.3",
    "dummy:LBA:3.4",
    "dummy:LBA:1.67",
    "dummy:LBA:1.5",
    "dummy:LBA:1.62",
    "dummy:LBA:3.25",
    "dummy:LBA:2.9",
    "dummy:LBA:1.57",
    "dummy:LBA:4.2",
    "dummy:LBA:1.4",
    "dummy:LBA:15",
    "dummy:LBA:1.75",
    "dummy:LBA:13",
    "dummy:LBA:3.8",
    "dummy:LBA:2.7",
    "dummy:LBA:1.95",
    "dummy:LBA:17",
    "dummy:LBA:2.37",
    "dummy:LBA:1.9",
    "dummy:LBA:2.87",
    "dummy:LBA:2.15",
    "dummy:LBA:1.66",
    "dummy:LBA:9.5",
    "dummy:LBA:1.85",
    "dummy:LBA:1.6",
    "dummy:LBA:1.53",
    "dummy:LBA:1.76",
    "dummy:LBA:2.05",
    "dummy:LBA:4.8",
    "dummy:LBA:8.5",
    "dummy:LBA:4.6",
    "dummy:LBA:1.7",
    "dummy:LBA:1.72",
    "dummy:LBA:1.33",
    "dummy:LBA:1.1",
    "dummy:LBA:1.25",
    "dummy:LBA:1.29",
    "dummy:LBA:N/A",
    "dummy:BWA:5",
    "dummy:BWA:2.95",
    "dummy:BWA:3.1",
    "dummy:BWA:3.5",
    "dummy:BWA:5.25",
    "dummy:BWA:6",
    "dummy:BWA:2.85",
    "dummy:BWA:3.2",
    "dummy:BWA:3",
    "dummy:BWA:2.2",
    "dummy:BWA:7",
    "dummy:BWA:4",
    "dummy:BWA:1.95",
    "dummy:BWA:4.75",
    "dummy:BWA:3.9",
    "dummy:BWA:2.4",
    "dummy:BWA:2.9",
    "dummy:BWA:3.25",
    "dummy:BWA:9",
    "dummy:BWA:2",
    "dummy:BWA:2.25",
    "dummy:BWA:3.6",
    "dummy:BWA:2.5",
    "dummy:BWA:3.4",
    "dummy:BWA:4.5",
    "dummy:BWA:2.65",
    "dummy:BWA:2.55",
    "dummy:BWA:3.8",
    "dummy:BWA:2.7",
    "dummy:BWA:10",
    "dummy:BWA:5.75",
    "dummy:BWA:3.3",
    "dummy:BWA:4.25",
    "dummy:BWA:3.75",
    "dummy:BWA:2.45",
    "dummy:BWA:1.8",
    "dummy:BWA:2.35",
    "dummy:BWA:2.1",
    "dummy:BWA:1.75",
    "dummy:BWA:3.15",
    "dummy:BWA:2.15",
    "dummy:BWA:6.5",
    "dummy:BWA:2.75",
    "dummy:BWA:7.25",
    "dummy:BWA:1.85",
    "dummy:BWA:3.55",
    "dummy:BWA:4.1",
    "dummy:BWA:1.7",
    "dummy:BWA:8",
    "dummy:BWA:8.5",
    "dummy:BWA:7.5",
    "dummy:BWA:11",
    "dummy:BWA:4.2",
    "dummy:BWA:3.65",
    "dummy:BWA:2.05",
    "dummy:BWA:2.6",
    "dummy:BWA:5.5",
    "dummy:BWA:3.7",
    "dummy:BWA:2.8",
    "dummy:BWA:7.75",
    "dummy:BWA:2.3",
    "dummy:BWA:12",
    "dummy:BWA:3.35",
    "dummy:BWA:4.6",
    "dummy:BWA:3.85",
    "dummy:BWA:6.25",
    "dummy:BWA:3.45",
    "dummy:BWA:8.25",
    "dummy:BWA:6.75",
    "dummy:BWA:1.9",
    "dummy:BWA:11.5",
    "dummy:BWA:1.65",
    "dummy:BWA:4.55",
    "dummy:BWA:1.55",
    "dummy:BWA:8.75",
    "dummy:BWA:4.15",
    "dummy:BWA:1.6",
    "dummy:BWA:5.9",
    "dummy:BWA:3.05",
    "dummy:BWA:5.15",
    "dummy:BWA:9.5",
    "dummy:BWA:5.45",
    "dummy:BWA:4.8",
    "dummy:BWA:5.2",
    "dummy:BWA:4.85",
    "dummy:BWA:4.33",
    "dummy:BWA:13",
    "dummy:BWA:1.5",
    "dummy:BWA:4.4",
    "dummy:BWA:1.45",
    "dummy:BWA:1.91",
    "dummy:BWA:4.45",
    "dummy:BWA:1.48",
    "dummy:BWA:5.1",
    "dummy:BWA:4.7",
    "dummy:BWA:1.4",
    "dummy:BWA:9.75",
    "dummy:BWA:4.3",
    "dummy:BWA:5.55",
    "dummy:BWA:1.72",
    "dummy:BWA:N/A",
    "dummy:BWD:3.2",
    "dummy:BWD:3.1",
    "dummy:BWD:3",
    "dummy:BWD:3.3",
    "dummy:BWD:3.4",
    "dummy:BWD:3.15",
    "dummy:BWD:3.25",
    "dummy:BWD:3.5",
    "dummy:BWD:3.05",
    "dummy:BWD:2.95",
    "dummy:BWD:2.9",
    "dummy:BWD:3.45",
    "dummy:BWD:4",
    "dummy:BWD:3.6",
    "dummy:BWD:3.35",
    "dummy:BWD:3.65",
    "dummy:BWD:3.7",
    "dummy:BWD:3.75",
    "dummy:BWD:2.85",
    "dummy:BWD:5",
    "dummy:BWD:4.75",
    "dummy:BWD:4.25",
    "dummy:BWD:4.5",
    "dummy:BWD:3.8",
    "dummy:BWD:2.8",
    "dummy:BWD:3.55",
    "dummy:BWD:3.9",
    "dummy:BWD:5.5",
    "dummy:BWD:4.2",
    "dummy:BWD:4.33",
    "dummy:BWD:5.25",
    "dummy:BWD:2.75",
    "dummy:BWD:3.85",
    "dummy:BWD:4.4",
    "dummy:BWD:4.6",
    "dummy:BWD:5.15",
    "dummy:BWD:4.1",
    "dummy:BWD:4.7",
    "dummy:BWD:6",
    "dummy:BWD:4.15",
    "dummy:BWD:5.75",
    "dummy:BWD:3.95",
    "dummy:BWD:6.5",
    "dummy:BWD:6.75",
    "dummy:BWD:6.25",
    "dummy:BWD:4.35",
    "dummy:BWD:2.7",
    "dummy:BWD:7",
    "dummy:BWD:4.65",
    "dummy:BWD:4.3",
    "dummy:BWD:8",
    "dummy:BWD:2.3",
    "dummy:BWD:4.05",
    "dummy:BWD:7.25",
    "dummy:BWD:4.8",
    "dummy:BWD:6.4",
    "dummy:BWD:5.35",
    "dummy:BWD:2.68",
    "dummy:BWD:2.15",
    "dummy:BWD:2.65",
    "dummy:BWD:3.37",
    "dummy:BWD:8.35",
    "dummy:BWD:1.65",
    "dummy:BWD:2.55",
    "dummy:BWD:4.95",
    "dummy:BWD:5.1",
    "dummy:BWD:9.75",
    "dummy:BWD:6.7",
    "dummy:BWD:4.45",
    "dummy:BWD:2.45",
    "dummy:BWD:5.3",
    "dummy:BWD:5.55",
    "dummy:BWD:2.35",
    "dummy:BWD:1.9",
    "dummy:BWD:4.85",
    "dummy:BWD:9",
    "dummy:BWD:3.27",
    "dummy:BWD:2",
    "dummy:BWD:8.5",
    "dummy:BWD:N/A",
    "dummy:LBD:3.2",
    "dummy:LBD:3",
    "dummy:LBD:3.5",
    "dummy:LBD:3.3",
    "dummy:LBD:3.25",
    "dummy:LBD:3.4",
    "dummy:LBD:3.75",
    "dummy:LBD:2.88",
    "dummy:LBD:4.5",
    "dummy:LBD:3.1",
    "dummy:LBD:3.6",
    "dummy:LBD:4",
    "dummy:LBD:5",
    "dummy:LBD:4.33",
    "dummy:LBD:4.2",
    "dummy:LBD:2.8",
    "dummy:LBD:5.5",
    "dummy:LBD:6.5",
    "dummy:LBD:6",
    "dummy:LBD:7",
    "dummy:LBD:4.8",
    "dummy:LBD:2.9",
    "dummy:LBD:2.5",
    "dummy:LBD:2.75",
    "dummy:LBD:2.6",
    "dummy:LBD:1.8",
    "dummy:LBD:7.5",
    "dummy:LBD:3.8",
    "dummy:LBD:1.91",
    "dummy:LBD:2.1",
    "dummy:LBD:2.7",
    "dummy:LBD:1.65",
    "dummy:LBD:1.9",
    "dummy:LBD:2",
    "dummy:LBD:2.4",
    "dummy:LBD:4.75",
    "dummy:LBD:2.38",
    "dummy:LBD:1.67",
    "dummy:LBD:N/A",
    "dummy:BWH:2.05",
    "dummy:BWH:1.75",
    "dummy:BWH:1.65",
    "dummy:BWH:2.3",
    "dummy:BWH:2",
    "dummy:BWH:2.4",
    "dummy:BWH:1.45",
    "dummy:BWH:1.95",
    "dummy:BWH:1.6",
    "dummy:BWH:2.25",
    "dummy:BWH:1.7",
    "dummy:BWH:1.8",
    "dummy:BWH:2.2",
    "dummy:BWH:2.35",
    "dummy:BWH:1.4",
    "dummy:BWH:2.5",
    "dummy:BWH:2.1",
    "dummy:BWH:1.9",
    "dummy:BWH:1.5",
    "dummy:BWH:2.15",
    "dummy:BWH:1.85",
    "dummy:BWH:1.35",
    "dummy:BWH:1.25",
    "dummy:BWH:1.55",
    "dummy:BWH:2.45",
    "dummy:BWH:3.1",
    "dummy:BWH:2.6",
    "dummy:BWH:2.7",
    "dummy:BWH:2.55",
    "dummy:BWH:1.3",
    "dummy:BWH:3",
    "dummy:BWH:2.65",
    "dummy:BWH:2.75",
    "dummy:BWH:3.2",
    "dummy:BWH:2.85",
    "dummy:BWH:1.72",
    "dummy:BWH:1.42",
    "dummy:BWH:3.9",
    "dummy:BWH:3.75",
    "dummy:BWH:2.8",
    "dummy:BWH:3.6",
    "dummy:BWH:1.2",
    "dummy:BWH:5.5",
    "dummy:BWH:1.91",
    "dummy:BWH:2.95",
    "dummy:BWH:2.9",
    "dummy:BWH:3.3",
    "dummy:BWH:4",
    "dummy:BWH:4.4",
    "dummy:BWH:3.15",
    "dummy:BWH:1.38",
    "dummy:BWH:1.33",
    "dummy:BWH:3.8",
    "dummy:BWH:3.4",
    "dummy:BWH:3.05",
    "dummy:BWH:1.15",
    "dummy:BWH:3.95",
    "dummy:BWH:4.1",
    "dummy:BWH:4.5",
    "dummy:BWH:3.25",
    "dummy:BWH:3.35",
    "dummy:BWH:1.22",
    "dummy:BWH:4.75",
    "dummy:BWH:1.57",
    "dummy:BWH:7",
    "dummy:BWH:4.3",
    "dummy:BWH:1.83",
    "dummy:BWH:4.6",
    "dummy:BWH:5",
    "dummy:BWH:1.53",
    "dummy:BWH:1.52",
    "dummy:BWH:1.18",
    "dummy:BWH:4.25",
    "dummy:BWH:1.68",
    "dummy:BWH:3.5",
    "dummy:BWH:6",
    "dummy:BWH:1.62",
    "dummy:BWH:4.55",
    "dummy:BWH:1.36",
    "dummy:BWH:1.28",
    "dummy:BWH:1.32",
    "dummy:BWH:5.15",
    "dummy:BWH:8",
    "dummy:BWH:2.12",
    "dummy:BWH:1.17",
    "dummy:BWH:1.67",
    "dummy:BWH:1.78",
    "dummy:BWH:1.87",
    "dummy:BWH:7.5",
    "dummy:BWH:1.26",
    "dummy:BWH:6.25",
    "dummy:BWH:1.31",
    "dummy:BWH:4.9",
    "dummy:BWH:5.75",
    "dummy:BWH:6.35",
    "dummy:BWH:6.75",
    "dummy:BWH:4.65",
    "dummy:BWH:3.7",
    "dummy:BWH:1.44",
    "dummy:BWH:3.45",
    "dummy:BWH:N/A",
    "dummy:LBH:2.25",
    "dummy:LBH:2.1",
    "dummy:LBH:2",
    "dummy:LBH:1.73",
    "dummy:LBH:1.8",
    "dummy:LBH:1.67",
    "dummy:LBH:2.2",
    "dummy:LBH:1.91",
    "dummy:LBH:1.83",
    "dummy:LBH:2.5",
    "dummy:LBH:1.4",
    "dummy:LBH:1.5",
    "dummy:LBH:2.38",
    "dummy:LBH:1.44",
    "dummy:LBH:2.6",
    "dummy:LBH:2.4",
    "dummy:LBH:1.57",
    "dummy:LBH:1.62",
    "dummy:LBH:3.75",
    "dummy:LBH:4",
    "dummy:LBH:2.75",
    "dummy:LBH:1.36",
    "dummy:LBH:3",
    "dummy:LBH:1.33",
    "dummy:LBH:5",
    "dummy:LBH:2.3",
    "dummy:LBH:1.25",
    "dummy:LBH:3.2",
    "dummy:LBH:2.8",
    "dummy:LBH:3.5",
    "dummy:LBH:2.88",
    "dummy:LBH:2.62",
    "dummy:LBH:1.2",
    "dummy:LBH:1.53",
    "dummy:LBH:1.9",
    "dummy:LBH:4.5",
    "dummy:LBH:4.33",
    "dummy:LBH:3.1",
    "dummy:LBH:3.4",
    "dummy:LBH:6",
    "dummy:LBH:3.6",
    "dummy:LBH:7",
    "dummy:LBH:5.5",
    "dummy:LBH:1.22",
    "dummy:LBH:1.3",
    "dummy:LBH:2.9",
    "dummy:LBH:1.85",
    "dummy:LBH:1.66",
    "dummy:LBH:1.29",
    "dummy:LBH:2.05",
    "dummy:LBH:1.7",
    "dummy:LBH:2.15",
    "dummy:LBH:3.3",
    "dummy:LBH:2.37",
    "dummy:LBH:6.5",
    "dummy:LBH:2.7",
    "dummy:LBH:1.61",
    "dummy:LBH:3.25",
    "dummy:LBH:4.8",
    "dummy:LBH:1.18",
    "dummy:LBH:4.2",
    "dummy:LBH:1.6",
    "dummy:LBH:1.14",
    "dummy:LBH:1.17",
    "dummy:LBH:1.72",
    "dummy:LBH:1.95",
    "dummy:LBH:1.28",
    "dummy:LBH:8",
    "dummy:LBH:8.5",
    "dummy:LBH:1.16",
    "dummy:LBH:1.1",
    "dummy:LBH:7.5",
    "dummy:LBH:1.45",
    "dummy:LBH:2.87",
    "dummy:LBH:4.6",
    "dummy:LBH:1.86",
    "dummy:LBH:1.65",
    "dummy:LBH:1.75",
    "dummy:LBH:1.15",
    "dummy:LBH:1.08",
    "dummy:LBH:17",
    "dummy:LBH:N/A",
    "dummy:VCA:5.5",
    "dummy:VCA:4",
    "dummy:VCA:5",
    "dummy:VCA:3",
    "dummy:VCA:4.5",
    "dummy:VCA:3.5",
    "dummy:VCA:3.75",
    "dummy:VCA:3.4",
    "dummy:VCA:6",
    "dummy:VCA:7",
    "dummy:VCA:3.6",
    "dummy:VCA:6.5",
    "dummy:VCA:3.2",
    "dummy:VCA:8",
    "dummy:VCA:4.33",
    "dummy:VCA:9",
    "dummy:VCA:3.3",
    "dummy:VCA:2.5",
    "dummy:VCA:2.9",
    "dummy:VCA:2.4",
    "dummy:VCA:2.1",
    "dummy:VCA:2",
    "dummy:VCA:2.3",
    "dummy:VCA:7.5",
    "dummy:VCA:4.75",
    "dummy:VCA:3.1",
    "dummy:VCA:2.88",
    "dummy:VCA:8.5",
    "dummy:VCA:2.2",
    "dummy:VCA:10",
    "dummy:VCA:5.25",
    "dummy:VCA:2.75",
    "dummy:VCA:12",
    "dummy:VCA:2.25",
    "dummy:VCA:1.8",
    "dummy:VCA:4.6",
    "dummy:VCA:2.62",
    "dummy:VCA:2.15",
    "dummy:VCA:2.8",
    "dummy:VCA:2.38",
    "dummy:VCA:2.7",
    "dummy:VCA:1.83",
    "dummy:VCA:3.12",
    "dummy:VCA:15",
    "dummy:VCA:1.85",
    "dummy:VCA:11",
    "dummy:VCA:3.25",
    "dummy:VCA:3.7",
    "dummy:VCA:1.95",
    "dummy:VCA:4.4",
    "dummy:VCA:1.75",
    "dummy:VCA:2.05",
    "dummy:VCA:4.2",
    "dummy:VCA:9.5",
    "dummy:VCA:4.1",
    "dummy:VCA:4.8",
    "dummy:VCA:1.73",
    "dummy:VCA:10.5",
    "dummy:VCA:3.8",
    "dummy:VCA:1.7",
    "dummy:VCA:1.91",
    "dummy:VCA:13",
    "dummy:VCA:1.44",
    "dummy:VCA:2.6",
    "dummy:VCA:2.35",
    "dummy:VCA:3.9",
    "dummy:VCA:4.35",
    "dummy:VCA:1.57",
    "dummy:VCA:2.45",
    "dummy:VCA:17",
    "dummy:VCA:2.55",
    "dummy:VCA:1.62",
    "dummy:VCA:1.5",
    "dummy:VCA:1.4",
    "dummy:VCA:1.6",
    "dummy:VCA:1.9",
    "dummy:VCA:22",
    "dummy:VCA:1.45",
    "dummy:VCA:1.55",
    "dummy:VCA:5.75",
    "dummy:VCA:1.53",
    "dummy:VCA:5.4",
    "dummy:VCA:19",
    "dummy:VCA:4.3",
    "dummy:VCA:21",
    "dummy:VCA:1.92",
    "dummy:VCA:29",
    "dummy:VCA:1.29",
    "dummy:VCA:6.25",
    "dummy:VCA:1.09",
    "dummy:VCA:23",
    "dummy:VCA:1.67",
    "dummy:VCA:1.33",
    "dummy:VCA:20",
    "dummy:VCA:2.63",
    "dummy:VCA:5.2",
    "dummy:VCA:6.75",
    "dummy:VCA:18",
    "dummy:VCA:N/A",
    "dummy:VCD:3",
    "dummy:VCD:3.2",
    "dummy:VCD:3.4",
    "dummy:VCD:3.1",
    "dummy:VCD:3.25",
    "dummy:VCD:3.5",
    "dummy:VCD:3.3",
    "dummy:VCD:3.6",
    "dummy:VCD:4",
    "dummy:VCD:3.12",
    "dummy:VCD:3.75",
    "dummy:VCD:2.9",
    "dummy:VCD:5",
    "dummy:VCD:4.5",
    "dummy:VCD:3.8",
    "dummy:VCD:4.75",
    "dummy:VCD:4.33",
    "dummy:VCD:4.6",
    "dummy:VCD:4.2",
    "dummy:VCD:2.88",
    "dummy:VCD:5.5",
    "dummy:VCD:4.4",
    "dummy:VCD:5.25",
    "dummy:VCD:6",
    "dummy:VCD:4.8",
    "dummy:VCD:4.1",
    "dummy:VCD:6.5",
    "dummy:VCD:8",
    "dummy:VCD:3.9",
    "dummy:VCD:4.35",
    "dummy:VCD:2.8",
    "dummy:VCD:7",
    "dummy:VCD:3.7",
    "dummy:VCD:5.75",
    "dummy:VCD:7.5",
    "dummy:VCD:2.62",
    "dummy:VCD:9",
    "dummy:VCD:1.62",
    "dummy:VCD:1.73",
    "dummy:VCD:2.38",
    "dummy:VCD:5.2",
    "dummy:VCD:5.4",
    "dummy:VCD:3.05",
    "dummy:VCD:2",
    "dummy:VCD:2.75",
    "dummy:VCD:4.3",
    "dummy:VCD:N/A",
    "dummy:VCH:2",
    "dummy:VCH:2.1",
    "dummy:VCH:2.5",
    "dummy:VCH:2.3",
    "dummy:VCH:2.25",
    "dummy:VCH:1.4",
    "dummy:VCH:2.2",
    "dummy:VCH:1.5",
    "dummy:VCH:3",
    "dummy:VCH:1.73",
    "dummy:VCH:1.9",
    "dummy:VCH:1.7",
    "dummy:VCH:1.75",
    "dummy:VCH:2.4",
    "dummy:VCH:1.67",
    "dummy:VCH:4",
    "dummy:VCH:1.8",
    "dummy:VCH:1.85",
    "dummy:VCH:1.83",
    "dummy:VCH:1.62",
    "dummy:VCH:1.45",
    "dummy:VCH:1.44",
    "dummy:VCH:2.05",
    "dummy:VCH:1.57",
    "dummy:VCH:1.36",
    "dummy:VCH:3.75",
    "dummy:VCH:2.38",
    "dummy:VCH:2.62",
    "dummy:VCH:1.6",
    "dummy:VCH:2.15",
    "dummy:VCH:1.3",
    "dummy:VCH:1.91",
    "dummy:VCH:1.25",
    "dummy:VCH:1.2",
    "dummy:VCH:3.2",
    "dummy:VCH:2.6",
    "dummy:VCH:5",
    "dummy:VCH:2.8",
    "dummy:VCH:3.1",
    "dummy:VCH:3.25",
    "dummy:VCH:2.75",
    "dummy:VCH:3.5",
    "dummy:VCH:1.95",
    "dummy:VCH:3.3",
    "dummy:VCH:2.88",
    "dummy:VCH:1.55",
    "dummy:VCH:1.33",
    "dummy:VCH:2.9",
    "dummy:VCH:3.6",
    "dummy:VCH:4.5",
    "dummy:VCH:4.33",
    "dummy:VCH:3.4",
    "dummy:VCH:1.22",
    "dummy:VCH:4.2",
    "dummy:VCH:2.45",
    "dummy:VCH:5.5",
    "dummy:VCH:1.65",
    "dummy:VCH:4.35",
    "dummy:VCH:2.35",
    "dummy:VCH:4.75",
    "dummy:VCH:6",
    "dummy:VCH:7",
    "dummy:VCH:1.29",
    "dummy:VCH:7.5",
    "dummy:VCH:1.87",
    "dummy:VCH:1.53",
    "dummy:VCH:6.5",
    "dummy:VCH:2.55",
    "dummy:VCH:3.12",
    "dummy:VCH:2.7",
    "dummy:VCH:3.8",
    "dummy:VCH:4.4",
    "dummy:VCH:8.5",
    "dummy:VCH:1.18",
    "dummy:VCH:1.35",
    "dummy:VCH:1.17",
    "dummy:VCH:2.65",
    "dummy:VCH:1.92",
    "dummy:VCH:4.1",
    "dummy:VCH:1.364",
    "dummy:VCH:1.14",
    "dummy:VCH:4.8",
    "dummy:VCH:4.6",
    "dummy:VCH:9",
    "dummy:VCH:10",
    "dummy:VCH:8",
    "dummy:VCH:3.9",
    "dummy:VCH:3.15",
    "dummy:VCH:10.5",
    "dummy:VCH:5.4",
    "dummy:VCH:5.25",
    "dummy:VCH:1.833",
    "dummy:VCH:5.2",
    "dummy:VCH:1.12",
    "dummy:VCH:4.7",
    "dummy:VCH:2.63",
    "dummy:VCH:21",
    "dummy:VCH:1.11",
    "dummy:VCH:1.09",
    "dummy:VCH:1.28",
    "dummy:VCH:N/A",
    "dummy:B365H:2.1",
    "dummy:B365H:2.5",
    "dummy:B365H:1.44",
    "dummy:B365H:2.2",
    "dummy:B365H:2.4",
    "dummy:B365H:1.8",
    "dummy:B365H:1.91",
    "dummy:B365H:1.75",
    "dummy:B365H:2",
    "dummy:B365H:1.67",
    "dummy:B365H:2.3",
    "dummy:B365H:1.4",
    "dummy:B365H:1.57",
    "dummy:B365H:3.1",
    "dummy:B365H:2.05",
    "dummy:B365H:1.83",
    "dummy:B365H:2.25",
    "dummy:B365H:1.62",
    "dummy:B365H:3",
    "dummy:B365H:2.38",
    "dummy:B365H:1.36",
    "dummy:B365H:1.73",
    "dummy:B365H:1.33",
    "dummy:B365H:4",
    "dummy:B365H:1.5",
    "dummy:B365H:3.5",
    "dummy:B365H:1.53",
    "dummy:B365H:4.5",
    "dummy:B365H:1.85",
    "dummy:B365H:3.6",
    "dummy:B365H:4.75",
    "dummy:B365H:3.2",
    "dummy:B365H:4.33",
    "dummy:B365H:1.22",
    "dummy:B365H:3.25",
    "dummy:B365H:3.4",
    "dummy:B365H:2.75",
    "dummy:B365H:1.29",
    "dummy:B365H:1.95",
    "dummy:B365H:3.8",
    "dummy:B365H:2.15",
    "dummy:B365H:2.7",
    "dummy:B365H:2.8",
    "dummy:B365H:2.63",
    "dummy:B365H:2.6",
    "dummy:B365H:5",
    "dummy:B365H:1.65",
    "dummy:B365H:1.25",
    "dummy:B365H:6",
    "dummy:B365H:2.88",
    "dummy:B365H:5.5",
    "dummy:B365H:7",
    "dummy:B365H:2.9",
    "dummy:B365H:1.9",
    "dummy:B365H:3.75",
    "dummy:B365H:1.6",
    "dummy:B365H:1.2",
    "dummy:B365H:1.7",
    "dummy:B365H:3.3",
    "dummy:B365H:1.17",
    "dummy:B365H:1.3",
    "dummy:B365H:8",
    "dummy:B365H:2.62",
    "dummy:B365H:1.66",
    "dummy:B365H:6.5",
    "dummy:B365H:2.55",
    "dummy:B365H:7.5",
    "dummy:B365H:1.72",
    "dummy:B365H:4.2",
    "dummy:B365H:8.5",
    "dummy:B365H:3.9",
    "dummy:B365H:2.37",
    "dummy:B365H:1.13",
    "dummy:B365H:5.75",
    "dummy:B365H:1.45",
    "dummy:B365H:5.25",
    "dummy:B365H:2.45",
    "dummy:B365H:2.87",
    "dummy:B365H:2.35",
    "dummy:B365H:2.65",
    "dummy:B365H:9",
    "dummy:B365H:1.18",
    "dummy:B365H:1.14",
    "dummy:B365H:1.55",
    "dummy:B365H:21",
    "dummy:B365H:1.28",
    "dummy:B365H:1.09",
    "dummy:B365H:N/A",
    "dummy:HomeTeam:Sampdoria",
    "dummy:HomeTeam:Lazio",
    "dummy:HomeTeam:Chievo",
    "dummy:HomeTeam:Napoli",
    "dummy:HomeTeam:Inter",
    "dummy:HomeTeam:Genoa",
    "dummy:HomeTeam:Udinese",
    "dummy:HomeTeam:Cagliari",
    "dummy:HomeTeam:Roma",
    "dummy:HomeTeam:Milan",
    "dummy:HomeTeam:Juventus",
    "dummy:HomeTeam:Catania",
    "dummy:HomeTeam:Bologna",
    "dummy:HomeTeam:Fiorentina",
    "dummy:HomeTeam:Atalanta",
    "dummy:HomeTeam:Parma",
    "dummy:HomeTeam:Palermo",
    "dummy:HomeTeam:Bari",
    "dummy:HomeTeam:Livorno",
    "dummy:HomeTeam:Siena",
    "dummy:HomeTeam:Lecce",
    "dummy:HomeTeam:Torino",
    "dummy:HomeTeam:Reggina",
    "dummy:HomeTeam:Verona",
    "dummy:HomeTeam:Sassuolo",
    "dummy:HomeTeam:Cesena",
    "dummy:HomeTeam:N/A",
    "dummy:B365D:3.1",
    "dummy:B365D:3.2",
    "dummy:B365D:3",
    "dummy:B365D:3.4",
    "dummy:B365D:3.3",
    "dummy:B365D:3.5",
    "dummy:B365D:3.25",
    "dummy:B365D:3.6",
    "dummy:B365D:3.75",
    "dummy:B365D:4",
    "dummy:B365D:4.33",
    "dummy:B365D:4.5",
    "dummy:B365D:4.2",
    "dummy:B365D:4.75",
    "dummy:B365D:3.8",
    "dummy:B365D:5",
    "dummy:B365D:6",
    "dummy:B365D:2.9",
    "dummy:B365D:5.5",
    "dummy:B365D:2.88",
    "dummy:B365D:6.5",
    "dummy:B365D:5.25",
    "dummy:B365D:4.6",
    "dummy:B365D:3.7",
    "dummy:B365D:2.8",
    "dummy:B365D:2",
    "dummy:B365D:7.5",
    "dummy:B365D:7",
    "dummy:B365D:5.75",
    "dummy:B365D:2.1",
    "dummy:B365D:2.87",
    "dummy:B365D:2.63",
    "dummy:B365D:1.62",
    "dummy:B365D:1.83",
    "dummy:B365D:9",
    "dummy:B365D:1.53",
    "dummy:B365D:1.5",
    "dummy:B365D:1.57",
    "dummy:B365D:2.05",
    "dummy:B365D:1.8",
    "dummy:B365D:3.9",
    "dummy:B365D:2.75",
    "dummy:B365D:2.38",
    "dummy:B365D:8.5",
    "dummy:B365D:1.75",
    "dummy:B365D:1.91",
    "dummy:B365D:2.3",
    "dummy:B365D:6.25",
    "dummy:B365D:N/A",
    "dummy:B365A:5.5",
    "dummy:B365A:5",
    "dummy:B365A:3.4",
    "dummy:B365A:3.1",
    "dummy:B365A:6",
    "dummy:B365A:4.5",
    "dummy:B365A:7",
    "dummy:B365A:4",
    "dummy:B365A:4.75",
    "dummy:B365A:3.2",
    "dummy:B365A:3.6",
    "dummy:B365A:7.5",
    "dummy:B365A:3.5",
    "dummy:B365A:4.33",
    "dummy:B365A:8",
    "dummy:B365A:3.75",
    "dummy:B365A:3",
    "dummy:B365A:4.2",
    "dummy:B365A:2",
    "dummy:B365A:6.5",
    "dummy:B365A:2.4",
    "dummy:B365A:2.5",
    "dummy:B365A:9",
    "dummy:B365A:2.9",
    "dummy:B365A:2.88",
    "dummy:B365A:5.25",
    "dummy:B365A:1.91",
    "dummy:B365A:2.3",
    "dummy:B365A:3.8",
    "dummy:B365A:12",
    "dummy:B365A:10",
    "dummy:B365A:2.2",
    "dummy:B365A:1.8",
    "dummy:B365A:2.1",
    "dummy:B365A:2.38",
    "dummy:B365A:3.3",
    "dummy:B365A:2.25",
    "dummy:B365A:2.8",
    "dummy:B365A:2.75",
    "dummy:B365A:2.6",
    "dummy:B365A:8.5",
    "dummy:B365A:15",
    "dummy:B365A:11",
    "dummy:B365A:3.25",
    "dummy:B365A:1.83",
    "dummy:B365A:2.63",
    "dummy:B365A:13",
    "dummy:B365A:17",
    "dummy:B365A:1.75",
    "dummy:B365A:2.05",
    "dummy:B365A:1.44",
    "dummy:B365A:1.4",
    "dummy:B365A:1.95",
    "dummy:B365A:2.7",
    "dummy:B365A:2.15",
    "dummy:B365A:9.5",
    "dummy:B365A:1.85",
    "dummy:B365A:1.57",
    "dummy:B365A:1.53",
    "dummy:B365A:1.73",
    "dummy:B365A:5.75",
    "dummy:B365A:4.6",
    "dummy:B365A:1.67",
    "dummy:B365A:1.62",
    "dummy:B365A:3.9",
    "dummy:B365A:1.5",
    "dummy:B365A:1.7",
    "dummy:B365A:1.36",
    "dummy:B365A:2.87",
    "dummy:B365A:1.72",
    "dummy:B365A:19",
    "dummy:B365A:1.6",
    "dummy:B365A:2.55",
    "dummy:B365A:7.25",
    "dummy:B365A:4.1",
    "dummy:B365A:2.45",
    "dummy:B365A:1.45",
    "dummy:B365A:4.4",
    "dummy:B365A:21",
    "dummy:B365A:1.3",
    "dummy:B365A:1.61",
    "dummy:B365A:1.1",
    "dummy:B365A:2.35",
    "dummy:B365A:6.25",
    "dummy:B365A:1.65",
    "dummy:B365A:1.55",
    "dummy:B365A:1.66",
    "dummy:B365A:2.37",
    "dummy:B365A:N/A"
  ],
  "classes": [
    "H",
    "A",
    "D"
  ]
}