[
    {
        "parameters": {
            "penalty": "l2", 
            "C": 0.1
        }, 
        "score_time": 56, 
        "test_score": 0.6055518119197364, 
        "fit_time": 48, 
        "num_samples": 410, 
        "best_iteration": null, 
        "train_score": 0.9174868376756631, 
        "parameter_id": 1, 
        "time": 104, 
        "done_at": 1524748300457, 
        "grid_point_id": "{\"penalty\": \"l2\", \"C\": 0.1}@0"
    }, 
    {
        "parameters": {
            "penalty": "l2", 
            "C": 0.1
        }, 
        "score_time": 67, 
        "test_score": 0.5523015635324711, 
        "fit_time": 65, 
        "num_samples": 410, 
        "best_iteration": null, 
        "train_score": 0.9341189209068395, 
        "parameter_id": 1, 
        "time": 132, 
        "done_at": 1524748300715, 
        "grid_point_id": "{\"penalty\": \"l2\", \"C\": 0.1}@1"
    }, 
    {
        "parameters": {
            "penalty": "l2", 
            "C": 0.01
        }, 
        "score_time": 69, 
        "test_score": 0.6189128778695265, 
        "fit_time": 28, 
        "num_samples": 410, 
        "best_iteration": null, 
        "train_score": 0.7987050987043114, 
        "parameter_id": 0, 
        "time": 97, 
        "done_at": 1524748300497, 
        "grid_point_id": "{\"penalty\": \"l2\", \"C\": 0.01}@0"
    }, 
    {
        "parameters": {
            "penalty": "l2", 
            "C": 1.0
        }, 
        "score_time": 64, 
        "test_score": 0.5730842389366648, 
        "fit_time": 84, 
        "num_samples": 410, 
        "best_iteration": null, 
        "train_score": 0.9973722868404498, 
        "parameter_id": 2, 
        "time": 148, 
        "done_at": 1524748300789, 
        "grid_point_id": "{\"penalty\": \"l2\", \"C\": 1.0}@0"
    }, 
    {
        "parameters": {
            "penalty": "l2", 
            "C": 0.01
        }, 
        "score_time": 72, 
        "test_score": 0.5894700114135552, 
        "fit_time": 30, 
        "num_samples": 408, 
        "best_iteration": null, 
        "train_score": 0.8333360816374068, 
        "parameter_id": 0, 
        "time": 102, 
        "done_at": 1524748300483, 
        "grid_point_id": "{\"penalty\": \"l2\", \"C\": 0.01}@2"
    }, 
    {
        "parameters": {
            "penalty": "l2", 
            "C": 0.1
        }, 
        "score_time": 68, 
        "test_score": 0.5650568104411323, 
        "fit_time": 52, 
        "num_samples": 408, 
        "best_iteration": null, 
        "train_score": 0.9337513132436761, 
        "parameter_id": 1, 
        "time": 120, 
        "done_at": 1524748300743, 
        "grid_point_id": "{\"penalty\": \"l2\", \"C\": 0.1}@2"
    }, 
    {
        "parameters": {
            "penalty": "l2", 
            "C": 1.0
        }, 
        "score_time": 35, 
        "test_score": 0.5341206264437239, 
        "fit_time": 114, 
        "num_samples": 408, 
        "best_iteration": null, 
        "train_score": 0.99835584565762, 
        "parameter_id": 2, 
        "time": 149, 
        "done_at": 1524748300997, 
        "grid_point_id": "{\"penalty\": \"l2\", \"C\": 1.0}@2"
    }, 
    {
        "parameters": {
            "penalty": "l2", 
            "C": 100.0
        }, 
        "score_time": 18, 
        "test_score": 0.5477059534505626, 
        "fit_time": 107, 
        "num_samples": 410, 
        "best_iteration": null, 
        "train_score": 1.0, 
        "parameter_id": 4, 
        "time": 125, 
        "done_at": 1524748301150, 
        "grid_point_id": "{\"penalty\": \"l2\", \"C\": 100.0}@0"
    }, 
    {
        "parameters": {
            "penalty": "l2", 
            "C": 100.0
        }, 
        "score_time": 19, 
        "test_score": 0.5244186074150134, 
        "fit_time": 141, 
        "num_samples": 410, 
        "best_iteration": null, 
        "train_score": 1.0, 
        "parameter_id": 4, 
        "time": 160, 
        "done_at": 1524748301229, 
        "grid_point_id": "{\"penalty\": \"l2\", \"C\": 100.0}@1"
    }, 
    {
        "parameters": {
            "penalty": "l2", 
            "C": 10.0
        }, 
        "score_time": 93, 
        "test_score": 0.5300431231192686, 
        "fit_time": 107, 
        "num_samples": 410, 
        "best_iteration": null, 
        "train_score": 1.0, 
        "parameter_id": 3, 
        "time": 200, 
        "done_at": 1524748301082, 
        "grid_point_id": "{\"penalty\": \"l2\", \"C\": 10.0}@1"
    }, 
    {
        "parameters": {
            "penalty": "l2", 
            "C": 10.0
        }, 
        "score_time": 75, 
        "test_score": 0.5577632607899903, 
        "fit_time": 83, 
        "num_samples": 410, 
        "best_iteration": null, 
        "train_score": 1.0, 
        "parameter_id": 3, 
        "time": 158, 
        "done_at": 1524748301019, 
        "grid_point_id": "{\"penalty\": \"l2\", \"C\": 10.0}@0"
    }, 
    {
        "parameters": {
            "penalty": "l2", 
            "C": 0.01
        }, 
        "score_time": 76, 
        "test_score": 0.5661192936294014, 
        "fit_time": 59, 
        "num_samples": 410, 
        "best_iteration": null, 
        "train_score": 0.837040799456562, 
        "parameter_id": 0, 
        "time": 135, 
        "done_at": 1524748300490, 
        "grid_point_id": "{\"penalty\": \"l2\", \"C\": 0.01}@1"
    }, 
    {
        "parameters": {
            "penalty": "l2", 
            "C": 100.0
        }, 
        "score_time": 25, 
        "test_score": 0.526960437045312, 
        "fit_time": 121, 
        "num_samples": 408, 
        "best_iteration": null, 
        "train_score": 1.0, 
        "parameter_id": 4, 
        "time": 146, 
        "done_at": 1524748301242, 
        "grid_point_id": "{\"penalty\": \"l2\", \"C\": 100.0}@2"
    }, 
    {
        "parameters": {
            "penalty": "l2", 
            "C": 1.0
        }, 
        "score_time": 86, 
        "test_score": 0.5394570301915316, 
        "fit_time": 66, 
        "num_samples": 410, 
        "best_iteration": null, 
        "train_score": 0.9985937569120008, 
        "parameter_id": 2, 
        "time": 152, 
        "done_at": 1524748300804, 
        "grid_point_id": "{\"penalty\": \"l2\", \"C\": 1.0}@1"
    }, 
    {
        "parameters": {
            "penalty": "l2", 
            "C": 10.0
        }, 
        "score_time": 51, 
        "test_score": 0.5269010986682167, 
        "fit_time": 80, 
        "num_samples": 408, 
        "best_iteration": null, 
        "train_score": 1.0, 
        "parameter_id": 3, 
        "time": 131, 
        "done_at": 1524748301054, 
        "grid_point_id": "{\"penalty\": \"l2\", \"C\": 10.0}@2"
    }
]