{
    "usedGridSearch": true, 
    "probaAware": true, 
    "gridSize": 5, 
    "modelInputNRows": 1228, 
    "modelInputNCols": 1467, 
    "modelInputMemory": 14411808, 
    "gridCells": [
        {
            "scoreTimeStd": 0.002867441755680873, 
            "scoreTime": 0.072333333333333347, 
            "fitTime": 0.039, 
            "score": 0.59150403499290793, 
            "params": {
                "penalty": "l2", 
                "C": 0.01
            }, 
            "fitTimeStd": 0.01416568624058385, 
            "scoreStd": 0.021618098514127781
        }, 
        {
            "scoreTimeStd": 0.0054365021434333652, 
            "scoreTime": 0.063666666666666663, 
            "fitTime": 0.055, 
            "score": 0.57431845488223698, 
            "params": {
                "penalty": "l2", 
                "C": 0.1
            }, 
            "fitTimeStd": 0.0072571803523590814, 
            "scoreStd": 0.022716682786617141
        }, 
        {
            "scoreTimeStd": 0.020885933597094054, 
            "scoreTime": 0.061666666666666668, 
            "fitTime": 0.088000000000000009, 
            "score": 0.54891134847850154, 
            "params": {
                "penalty": "l2", 
                "C": 1.0
            }, 
            "fitTimeStd": 0.01979898987322333, 
            "scoreStd": 0.017251694474055439
        }, 
        {
            "scoreTimeStd": 0.017204650534085254, 
            "scoreTime": 0.072999999999999995, 
            "fitTime": 0.090000000000000011, 
            "score": 0.53825428799627739, 
            "params": {
                "penalty": "l2", 
                "C": 10.0
            }, 
            "fitTimeStd": 0.01208304597359457, 
            "scoreStd": 0.013871168930062086
        }, 
        {
            "scoreTimeStd": 0.0030912061651652356, 
            "scoreTime": 0.020666666666666667, 
            "fitTime": 0.123, 
            "score": 0.53303821520307293, 
            "params": {
                "penalty": "l2", 
                "C": 100.0
            }, 
            "fitTimeStd": 0.013952299690970895, 
            "scoreStd": 0.010436005753563545
        }
    ], 
    "gridBestScore": 0.59150403499290793, 
    "modelInputIsSparse": false
}