{
  "state": "DONE",
  "preSearchDescription": {
    "gridLength": 5,
    "importantParams": [
      {
        "name": "penalty",
        "vals": [
          "l2"
        ]
      },
      {
        "name": "C",
        "vals": [
          "0.01",
          "0.1",
          "1.0",
          "10.0",
          "100.0"
        ]
      }
    ]
  },
  "postSearchDescription": {
    "importantParams": [
      {
        "name": "C",
        "val": "0.01"
      },
      {
        "name": "penalty",
        "val": "l2"
      }
    ]
  },
  "modelId": "m1",
  "progress": {
    "top_level_todo": [],
    "stack": [],
    "top_level_done": [
      {
        "name": "Loading train set",
        "time": 14
      },
      {
        "name": "Loading test set",
        "time": 7
      },
      {
        "name": "Collecting statistics",
        "time": 49
      },
      {
        "name": "Preprocessing train set",
        "time": 74
      },
      {
        "name": "Preprocessing test set",
        "time": 83
      },
      {
        "name": "Grid searching",
        "time": 2047
      },
      {
        "name": "Fitting model",
        "time": 35
      },
      {
        "name": "Saving model",
        "time": 5
      },
      {
        "name": "Scoring model",
        "time": 193
      }
    ]
  },
  "startTime": 1524748300008,
  "endTime": 1524748302524,
  "preprocessingTime": 234,
  "trainingTime": 2282
}