{
    "per_feature": {
        "DayofWeek": {
            "stats": {
                "std": 2.0472904653699167, 
                "p99": 7.0, 
                "min": 1.0, 
                "max": 7.0, 
                "average": 4.110731540676395, 
                "median": 4.0
            }, 
            "missing_impute_with_value": 4.110731540676395
        }, 
        "Status": {
            "stats": {
                "mostFrequentValue": "Neutered", 
                "leastFrequentValue": "Intact"
            }, 
            "category_possible_values": [
                "Neutered", 
                "Spayed"
            ]
        }, 
        "AnimalType": {
            "stats": {
                "mostFrequentValue": "Dog", 
                "leastFrequentValue": "Cat"
            }, 
            "category_possible_values": [
                "Dog"
            ]
        }, 
        "TimeValue": {
            "stats": {
                "std": 2.9548477642598945, 
                "p99": 13.0, 
                "min": 0.0, 
                "max": 20.0, 
                "average": 3.6676589722317114, 
                "median": 3.0
            }, 
            "missing_impute_with_value": 3.6676589722317114
        }, 
        "Hour": {
            "stats": {
                "std": 3.2922801565009348, 
                "p99": 19.0, 
                "min": 0.0, 
                "max": 23.0, 
                "average": 14.487091894002244, 
                "median": 15.0
            }, 
            "missing_impute_with_value": 14.487091894002244
        }, 
        "Color": {
            "stats": {
                "mostFrequentValue": "Black", 
                "leastFrequentValue": "Orange Tiger"
            }, 
            "category_possible_values": [
                "Black", 
                "White", 
                "Brown Tabby", 
                "Brown", 
                "Tan", 
                "Orange Tabby", 
                "Blue", 
                "Red", 
                "Tricolor", 
                "Brown Brindle", 
                "Blue Tabby", 
                "Tortie", 
                "Calico", 
                "Chocolate", 
                "Torbie", 
                "Sable", 
                "Cream Tabby", 
                "Buff", 
                "Yellow", 
                "Gray", 
                "Cream", 
                "Fawn", 
                "Lynx Point", 
                "Blue Merle"
            ]
        }, 
        "Age": {
            "stats": {
                "std": 1089.81166639103, 
                "p99": 4745.0, 
                "min": 0.0, 
                "max": 7300.0, 
                "average": 816.4471231272266, 
                "median": 365.0
            }, 
            "missing_impute_with_value": 816.4471231272266
        }, 
        "Breed": {
            "stats": {
                "mostFrequentValue": "Domestic Shorthair Mix", 
                "leastFrequentValue": "English Pointer"
            }, 
            "category_possible_values": [
                "Domestic Shorthair Mix", 
                "Pit Bull Mix", 
                "Chihuahua Shorthair Mix", 
                "Labrador Retriever Mix", 
                "Domestic Medium Hair Mix", 
                "German Shepherd Mix", 
                "Labrador Retriever", 
                "Domestic Longhair Mix", 
                "Siamese Mix", 
                "Chihuahua Shorthair", 
                "Australian Cattle Dog Mix", 
                "Dachshund Mix", 
                "German Shepherd", 
                "Border Collie Mix", 
                "Miniature Poodle Mix", 
                "Pit Bull", 
                "Boxer Mix", 
                "Dachshund", 
                "Australian Shepherd Mix", 
                "Catahoula Mix", 
                "Jack Russell Terrier Mix", 
                "Australian Cattle Dog", 
                "Rat Terrier Mix", 
                "Miniature Schnauzer Mix", 
                "Chihuahua Longhair Mix", 
                "Domestic Shorthair", 
                "Yorkshire Terrier Mix", 
                "Siberian Husky Mix", 
                "Beagle Mix", 
                "Boxer", 
                "Rottweiler Mix", 
                "Border Collie", 
                "Beagle", 
                "Australian Kelpie Mix", 
                "American Bulldog Mix", 
                "Shih Tzu Mix", 
                "Cairn Terrier Mix", 
                "Staffordshire Mix", 
                "Great Pyrenees Mix", 
                "Pointer Mix", 
                "Miniature Schnauzer", 
                "American Staffordshire Terrier Mix", 
                "Yorkshire Terrier", 
                "Jack Russell Terrier", 
                "Anatol Shepherd Mix", 
                "Miniature Poodle", 
                "Plott Hound Mix", 
                "Snowshoe Mix", 
                "Rottweiler", 
                "Shih Tzu", 
                "American Pit Bull Terrier Mix", 
                "Maltese", 
                "Australian Shepherd", 
                "Miniature Pinscher Mix", 
                "Golden Retriever Mix", 
                "Black Mouth Cur Mix", 
                "Catahoula", 
                "Rat Terrier", 
                "Pug", 
                "Siberian Husky", 
                "Chow Chow Mix", 
                "Pug Mix", 
                "Cardigan Welsh Corgi Mix", 
                "Maltese Mix", 
                "Great Pyrenees", 
                "Queensland Heeler Mix", 
                "Pointer", 
                "Maine Coon Mix", 
                "Basset Hound Mix", 
                "Golden Retriever", 
                "Doberman Pinsch Mix", 
                "Boston Terrier Mix", 
                "Anatol Shepherd", 
                "Flat Coat Retriever Mix", 
                "Cocker Spaniel", 
                "Lhasa Apso Mix", 
                "Chow Chow", 
                "Cocker Spaniel Mix", 
                "Blue Lacy Mix", 
                "Pomeranian Mix", 
                "Siamese", 
                "Domestic Medium Hair", 
                "Manx Mix", 
                "Manchester Terrier Mix", 
                "Cairn Terrier", 
                "Dachshund Wirehair", 
                "Carolina Dog Mix", 
                "Russian Blue Mix", 
                "Miniature Pinscher", 
                "Lhasa Apso", 
                "Rhod Ridgeback Mix", 
                "Dachshund Longhair Mix", 
                "Border Terrier Mix", 
                "Collie Smooth Mix", 
                "Toy Poodle Mix", 
                "Chihuahua Longhair", 
                "Border Terrier", 
                "Chinese Sharpei Mix", 
                "Cardigan Welsh Corgi", 
                "Basset Hound", 
                "Dachshund Wirehair Mix", 
                "Shetland Sheepdog Mix", 
                "Pekingese Mix", 
                "Great Dane", 
                "Black"
            ]
        }, 
        "Month": {
            "stats": {
                "std": 3.5218416399890082, 
                "p99": 12.0, 
                "min": 1.0, 
                "max": 12.0, 
                "average": 6.94456102679225, 
                "median": 7.0
            }, 
            "missing_impute_with_value": 6.94456102679225
        }, 
        "Multiplier": {
            "stats": {
                "std": 167.68441120971391, 
                "p99": 365.0, 
                "min": 1.0, 
                "max": 365.0, 
                "average": 219.20916499926798, 
                "median": 365.0
            }, 
            "missing_impute_with_value": 219.20916499926798
        }, 
        "Year": {
            "stats": {
                "std": 0.7482468938613562, 
                "p99": 2016.0, 
                "min": 2013.0, 
                "max": 2016.0, 
                "average": 2014.4194524425357, 
                "median": 2014.0
            }, 
            "missing_impute_with_value": 2014.4194524425357
        }, 
        "Sex": {
            "stats": {
                "mostFrequentValue": "Male", 
                "leastFrequentValue": "Female"
            }, 
            "category_possible_values": [
                "Male"
            ]
        }, 
        "UnitValue": {
            "stats": {
                "mostFrequentValue": "year", 
                "leastFrequentValue": "day"
            }, 
            "category_possible_values": [
                "year", 
                "month", 
                "week"
            ]
        }, 
        "OutcomeType": {
            "stats": {}
        }
    }, 
    "feature_order": [
        "DayofWeek", 
        "Status", 
        "AnimalType", 
        "TimeValue", 
        "Hour", 
        "Color", 
        "Age", 
        "Breed", 
        "Month", 
        "Multiplier", 
        "Year", 
        "Sex", 
        "UnitValue", 
        "OutcomeType"
    ]
}