{
    "per_feature": {
        "Soil_Type39": {
            "stats": {
                "std": 0.09249653321096128, 
                "p99": 0.0, 
                "min": 0.0, 
                "max": 1.0, 
                "average": 0.00863, 
                "median": 0.0
            }, 
            "missing_impute_with_value": 0.00863
        }, 
        "Soil_Type7": {
            "stats": {}
        }, 
        "Hillshade_9am": {
            "stats": {
                "std": 20.922249953517216, 
                "p99": 252.0, 
                "min": 0.0, 
                "max": 254.0, 
                "average": 218.23359, 
                "median": 222.0
            }, 
            "missing_impute_with_value": 218.23359
        }, 
        "Soil_Type18": {
            "stats": {
                "std": 0.13338606943145956, 
                "p99": 1.0, 
                "min": 0.0, 
                "max": 1.0, 
                "average": 0.01812, 
                "median": 0.0
            }, 
            "missing_impute_with_value": 0.01812
        }, 
        "Soil_Type19": {
            "stats": {
                "std": 0.0815792654525377, 
                "p99": 0.0, 
                "min": 0.0, 
                "max": 1.0, 
                "average": 0.0067, 
                "median": 0.0
            }, 
            "missing_impute_with_value": 0.0067
        }, 
        "Soil_Type30": {
            "stats": {
                "std": 0.31444304133541273, 
                "p99": 1.0, 
                "min": 0.0, 
                "max": 1.0, 
                "average": 0.11125, 
                "median": 0.0
            }, 
            "missing_impute_with_value": 0.11125
        }, 
        "Soil_Type31": {
            "stats": {
                "std": 0.05752400099162454, 
                "p99": 0.0, 
                "min": 0.0, 
                "max": 1.0, 
                "average": 0.00332, 
                "median": 0.0
            }, 
            "missing_impute_with_value": 0.00332
        }, 
        "Elevation": {
            "stats": {
                "std": 231.37658417787077, 
                "p99": 3377.0, 
                "min": 1863.0, 
                "max": 3849.0, 
                "average": 2862.03668, 
                "median": 2903.0
            }, 
            "missing_impute_with_value": 2862.03668
        }, 
        "Soil_Type37": {
            "stats": {
                "std": 0.01843604618349693, 
                "p99": 0.0, 
                "min": 0.0, 
                "max": 1.0, 
                "average": 0.00034, 
                "median": 0.0
            }, 
            "missing_impute_with_value": 0.00034
        }, 
        "Soil_Type34": {
            "stats": {
                "std": 0.01483083947517497, 
                "p99": 0.0, 
                "min": 0.0, 
                "max": 1.0, 
                "average": 0.00022, 
                "median": 0.0
            }, 
            "missing_impute_with_value": 0.00022
        }, 
        "Soil_Type35": {
            "stats": {
                "std": 0.03192130620278964, 
                "p99": 0.0, 
                "min": 0.0, 
                "max": 1.0, 
                "average": 0.00102, 
                "median": 0.0
            }, 
            "missing_impute_with_value": 0.00102
        }, 
        "Soil_Type10": {
            "stats": {
                "std": 0.1447805001168068, 
                "p99": 1.0, 
                "min": 0.0, 
                "max": 1.0, 
                "average": 0.02142, 
                "median": 0.0
            }, 
            "missing_impute_with_value": 0.02142
        }, 
        "Soil_Type11": {
            "stats": {
                "std": 0.06358896787631148, 
                "p99": 0.0, 
                "min": 0.0, 
                "max": 1.0, 
                "average": 0.00406, 
                "median": 0.0
            }, 
            "missing_impute_with_value": 0.00406
        }, 
        "Soil_Type12": {
            "stats": {
                "std": 0.4176305056533356, 
                "p99": 1.0, 
                "min": 0.0, 
                "max": 1.0, 
                "average": 0.22507, 
                "median": 0.0
            }, 
            "missing_impute_with_value": 0.22507
        }, 
        "Soil_Type13": {
            "stats": {
                "std": 0.0688286987667399, 
                "p99": 0.0, 
                "min": 0.0, 
                "max": 1.0, 
                "average": 0.00476, 
                "median": 0.0
            }, 
            "missing_impute_with_value": 0.00476
        }, 
        "Soil_Type14": {
            "stats": {
                "std": 0.041075062648818446, 
                "p99": 0.0, 
                "min": 0.0, 
                "max": 1.0, 
                "average": 0.00169, 
                "median": 0.0
            }, 
            "missing_impute_with_value": 0.00169
        }, 
        "Soil_Type15": {
            "stats": {}
        }, 
        "Soil_Type16": {
            "stats": {
                "std": 0.14156831854588645, 
                "p99": 1.0, 
                "min": 0.0, 
                "max": 1.0, 
                "average": 0.02046, 
                "median": 0.0
            }, 
            "missing_impute_with_value": 0.02046
        }, 
        "Soil_Type17": {
            "stats": {
                "std": 0.07799106632182777, 
                "p99": 0.0, 
                "min": 0.0, 
                "max": 1.0, 
                "average": 0.00612, 
                "median": 0.0
            }, 
            "missing_impute_with_value": 0.00612
        }, 
        "Horizontal_Distance_To_Roadways": {
            "stats": {
                "std": 1776.8835379643085, 
                "p99": 6571.0, 
                "min": 0.0, 
                "max": 7117.0, 
                "average": 3344.2516, 
                "median": 3436.0
            }, 
            "missing_impute_with_value": 3344.2516
        }, 
        "Horizontal_Distance_To_Fire_Points": {
            "stats": {
                "std": 1781.4471060836497, 
                "p99": 6657.009999999995, 
                "min": 0.0, 
                "max": 7173.0, 
                "average": 3589.61817, 
                "median": 3623.5
            }, 
            "missing_impute_with_value": 3589.61817
        }, 
        "Horizontal_Distance_To_Hydrology": {
            "stats": {
                "std": 202.77771978946984, 
                "p99": 870.0, 
                "min": 0.0, 
                "max": 1343.0, 
                "average": 260.57953, 
                "median": 216.0
            }, 
            "missing_impute_with_value": 260.57953
        }, 
        "Wilderness_Area1": {
            "stats": {
                "std": 0.3193009029586182, 
                "p99": 1.0, 
                "min": 0.0, 
                "max": 1.0, 
                "average": 0.88477, 
                "median": 1.0
            }, 
            "missing_impute_with_value": 0.88477
        }, 
        "Wilderness_Area2": {
            "stats": {
                "std": 0.07046381732144123, 
                "p99": 0.0, 
                "min": 0.0, 
                "max": 1.0, 
                "average": 0.00499, 
                "median": 0.0
            }, 
            "missing_impute_with_value": 0.00499
        }, 
        "Wilderness_Area3": {
            "stats": {
                "std": 0.24384342208868526, 
                "p99": 1.0, 
                "min": 0.0, 
                "max": 1.0, 
                "average": 0.06349, 
                "median": 0.0
            }, 
            "missing_impute_with_value": 0.06349
        }, 
        "Wilderness_Area4": {
            "stats": {
                "std": 0.21110396289233793, 
                "p99": 1.0, 
                "min": 0.0, 
                "max": 1.0, 
                "average": 0.04675, 
                "median": 0.0
            }, 
            "missing_impute_with_value": 0.04675
        }, 
        "Soil_Type32": {
            "stats": {
                "std": 0.0827795779441241, 
                "p99": 0.0, 
                "min": 0.0, 
                "max": 1.0, 
                "average": 0.0069, 
                "median": 0.0
            }, 
            "missing_impute_with_value": 0.0069
        }, 
        "Hillshade_3pm": {
            "stats": {
                "std": 31.175546466051568, 
                "p99": 211.0, 
                "min": 0.0, 
                "max": 248.0, 
                "average": 139.3013, 
                "median": 139.0
            }, 
            "missing_impute_with_value": 139.3013
        }, 
        "Soil_Type33": {
            "stats": {
                "std": 0.07824394942178904, 
                "p99": 0.0, 
                "min": 0.0, 
                "max": 1.0, 
                "average": 0.00616, 
                "median": 0.0
            }, 
            "missing_impute_with_value": 0.00616
        }, 
        "Cover_Type": {
            "stats": {
                "std": 2.000066140846952, 
                "p99": NaN, 
                "min": 1.0, 
                "max": 7.0, 
                "average": 4.0, 
                "median": 4.0
            }, 
            "missing_impute_with_value": 4.0
        }, 
        "Hillshade_Noon": {
            "stats": {
                "std": 16.652574879642664, 
                "p99": 252.0, 
                "min": 99.0, 
                "max": 254.0, 
                "average": 225.45098, 
                "median": 227.0
            }, 
            "missing_impute_with_value": 225.45098
        }, 
        "Vertical_Distance_To_Hydrology": {
            "stats": {
                "std": 42.6227578815217, 
                "p99": 185.0, 
                "min": -146.0, 
                "max": 554.0, 
                "average": 35.24209, 
                "median": 23.0
            }, 
            "missing_impute_with_value": 35.24209
        }, 
        "Soil_Type36": {
            "stats": {
                "std": 0.00999954998540971, 
                "p99": 0.0, 
                "min": 0.0, 
                "max": 1.0, 
                "average": 0.0001, 
                "median": 0.0
            }, 
            "missing_impute_with_value": 0.0001
        }, 
        "Soil_Type38": {
            "stats": {
                "std": 0.08925020311479692, 
                "p99": 0.0, 
                "min": 0.0, 
                "max": 1.0, 
                "average": 0.00803, 
                "median": 0.0
            }, 
            "missing_impute_with_value": 0.00803
        }, 
        "Slope": {
            "stats": {
                "std": 6.498327515485875, 
                "p99": 32.0, 
                "min": 0.0, 
                "max": 61.0, 
                "average": 11.80279, 
                "median": 11.0
            }, 
            "missing_impute_with_value": 11.80279
        }, 
        "Soil_Type29": {
            "stats": {
                "std": 0.48359927448556783, 
                "p99": 1.0, 
                "min": 0.0, 
                "max": 1.0, 
                "average": 0.37298, 
                "median": 0.0
            }, 
            "missing_impute_with_value": 0.37298
        }, 
        "Soil_Type28": {
            "stats": {
                "std": 0.009486453495831125, 
                "p99": 0.0, 
                "min": 0.0, 
                "max": 1.0, 
                "average": 9e-05, 
                "median": 0.0
            }, 
            "missing_impute_with_value": 9e-05
        }, 
        "Soil_Type40": {
            "stats": {
                "std": 0.0854745778524686, 
                "p99": 0.0, 
                "min": 0.0, 
                "max": 1.0, 
                "average": 0.00736, 
                "median": 0.0
            }, 
            "missing_impute_with_value": 0.00736
        }, 
        "Soil_Type25": {
            "stats": {}
        }, 
        "Soil_Type24": {
            "stats": {
                "std": 0.1315663661315037, 
                "p99": 1.0, 
                "min": 0.0, 
                "max": 1.0, 
                "average": 0.01762, 
                "median": 0.0
            }, 
            "missing_impute_with_value": 0.01762
        }, 
        "Soil_Type27": {
            "stats": {
                "std": 0.01224659135392681, 
                "p99": 0.0, 
                "min": 0.0, 
                "max": 1.0, 
                "average": 0.00015, 
                "median": 0.0
            }, 
            "missing_impute_with_value": 0.00015
        }, 
        "Soil_Type26": {
            "stats": {
                "std": 0.023231741156024856, 
                "p99": 0.0, 
                "min": 0.0, 
                "max": 1.0, 
                "average": 0.00054, 
                "median": 0.0
            }, 
            "missing_impute_with_value": 0.00054
        }, 
        "Soil_Type21": {
            "stats": {
                "std": 0.012648161912321884, 
                "p99": 0.0, 
                "min": 0.0, 
                "max": 1.0, 
                "average": 0.00016, 
                "median": 0.0
            }, 
            "missing_impute_with_value": 0.00016
        }, 
        "Soil_Type20": {
            "stats": {
                "std": 0.21448474173466808, 
                "p99": 1.0, 
                "min": 0.0, 
                "max": 1.0, 
                "average": 0.04834, 
                "median": 0.0
            }, 
            "missing_impute_with_value": 0.04834
        }, 
        "Soil_Type23": {
            "stats": {
                "std": 0.2284297898734785, 
                "p99": 1.0, 
                "min": 0.0, 
                "max": 1.0, 
                "average": 0.05523, 
                "median": 0.0
            }, 
            "missing_impute_with_value": 0.05523
        }, 
        "Soil_Type22": {
            "stats": {
                "std": 0.0678867379249512, 
                "p99": 0.0, 
                "min": 0.0, 
                "max": 1.0, 
                "average": 0.00463, 
                "median": 0.0
            }, 
            "missing_impute_with_value": 0.00463
        }, 
        "Soil_Type8": {
            "stats": {
                "std": 0.037256969560305234, 
                "p99": 0.0, 
                "min": 0.0, 
                "max": 1.0, 
                "average": 0.00139, 
                "median": 0.0
            }, 
            "missing_impute_with_value": 0.00139
        }, 
        "Soil_Type9": {
            "stats": {
                "std": 0.009999549985410531, 
                "p99": 0.0, 
                "min": 0.0, 
                "max": 1.0, 
                "average": 0.0001, 
                "median": 0.0
            }, 
            "missing_impute_with_value": 0.0001
        }, 
        "Aspect": {
            "stats": {
                "std": 103.7792014726471, 
                "p99": 355.0, 
                "min": 0.0, 
                "max": 360.0, 
                "average": 138.16292, 
                "median": 110.0
            }, 
            "missing_impute_with_value": 138.16292
        }, 
        "Soil_Type2": {
            "stats": {
                "std": 0.07868449029195297, 
                "p99": 0.0, 
                "min": 0.0, 
                "max": 1.0, 
                "average": 0.00623, 
                "median": 0.0
            }, 
            "missing_impute_with_value": 0.00623
        }, 
        "Soil_Type3": {
            "stats": {
                "std": 0.09760917413593723, 
                "p99": 0.0, 
                "min": 0.0, 
                "max": 1.0, 
                "average": 0.00962, 
                "median": 0.0
            }, 
            "missing_impute_with_value": 0.00962
        }, 
        "Soil_Type1": {
            "stats": {
                "std": 0.0594763219638576, 
                "p99": 0.0, 
                "min": 0.0, 
                "max": 1.0, 
                "average": 0.00355, 
                "median": 0.0
            }, 
            "missing_impute_with_value": 0.00355
        }, 
        "Soil_Type6": {
            "stats": {
                "std": 0.08036052873224228, 
                "p99": 0.0, 
                "min": 0.0, 
                "max": 1.0, 
                "average": 0.0065, 
                "median": 0.0
            }, 
            "missing_impute_with_value": 0.0065
        }, 
        "Id": {
            "stats": {}
        }, 
        "Soil_Type4": {
            "stats": {
                "std": 0.09142766917178577, 
                "p99": 0.0, 
                "min": 0.0, 
                "max": 1.0, 
                "average": 0.00843, 
                "median": 0.0
            }, 
            "missing_impute_with_value": 0.00843
        }, 
        "Soil_Type5": {
            "stats": {
                "std": 0.040586869464636, 
                "p99": 0.0, 
                "min": 0.0, 
                "max": 1.0, 
                "average": 0.00165, 
                "median": 0.0
            }, 
            "missing_impute_with_value": 0.00165
        }
    }, 
    "feature_order": [
        "Soil_Type39", 
        "Hillshade_9am", 
        "Soil_Type18", 
        "Soil_Type19", 
        "Soil_Type30", 
        "Soil_Type31", 
        "Elevation", 
        "Soil_Type37", 
        "Soil_Type34", 
        "Soil_Type35", 
        "Soil_Type10", 
        "Soil_Type11", 
        "Soil_Type12", 
        "Soil_Type13", 
        "Soil_Type14", 
        "Soil_Type15", 
        "Soil_Type16", 
        "Soil_Type17", 
        "Horizontal_Distance_To_Roadways", 
        "Horizontal_Distance_To_Fire_Points", 
        "Vertical_Distance_To_Hydrology", 
        "Wilderness_Area1", 
        "Wilderness_Area2", 
        "Wilderness_Area3", 
        "Wilderness_Area4", 
        "Soil_Type32", 
        "Hillshade_3pm", 
        "Soil_Type7", 
        "Cover_Type", 
        "Hillshade_Noon", 
        "Soil_Type33", 
        "Horizontal_Distance_To_Hydrology", 
        "Soil_Type36", 
        "Soil_Type38", 
        "Slope", 
        "Soil_Type29", 
        "Soil_Type28", 
        "Soil_Type40", 
        "Soil_Type25", 
        "Soil_Type24", 
        "Soil_Type27", 
        "Soil_Type26", 
        "Soil_Type21", 
        "Soil_Type20", 
        "Soil_Type23", 
        "Soil_Type22", 
        "Soil_Type8", 
        "Soil_Type9", 
        "Aspect", 
        "Soil_Type2", 
        "Soil_Type3", 
        "Soil_Type1", 
        "Soil_Type6", 
        "Id", 
        "Soil_Type4", 
        "Soil_Type5"
    ]
}