{"cluster_labels": ["cluster_0", "cluster_1", "cluster_2", "cluster_3", "cluster_4", "cluster_outliers"], "variable_names": ["Aspect", "Cover_Type", "Elevation", "Hillshade_3pm", "Hillshade_9am", "Hillshade_Noon", "Horizontal_Distance_To_Fire_Points", "Horizontal_Distance_To_Hydrology", "Horizontal_Distance_To_Roadways", "Slope", "Soil_Type1", "Soil_Type10", "Soil_Type11", "Soil_Type12", "Soil_Type13", "Soil_Type14", "Soil_Type16", "Soil_Type17", "Soil_Type18", "Soil_Type19", "Soil_Type2", "Soil_Type20", "Soil_Type21", "Soil_Type22", "Soil_Type23", "Soil_Type24", "Soil_Type26", "Soil_Type27", "Soil_Type28", "Soil_Type29", "Soil_Type3", "Soil_Type30", "Soil_Type31", "Soil_Type32", "Soil_Type33", "Soil_Type34", "Soil_Type35", "Soil_Type36", "Soil_Type37", "Soil_Type38", "Soil_Type39", "Soil_Type4", "Soil_Type40", "Soil_Type5", "Soil_Type6", "Soil_Type8", "Soil_Type9", "Vertical_Distance_To_Hydrology", "Wilderness_Area1", "Wilderness_Area2", "Wilderness_Area3", "Wilderness_Area4"], "clusters_stats": [{"feature_stats": [{"std": 45.7848730511589, "global_mean": 138.16292, "feature_label": "Aspect", "global_std": 103.7792014726471, "cluster_label": "cluster_0", "diff": -0.6587260925223609, "type": "numerical", "mean": 69.80085212883235}, {"std": 1.9595650790588381, "global_mean": 4.0, "feature_label": "Cover_Type", "global_std": 2.000066140846952, "cluster_label": "cluster_0", "diff": -0.6605784098200899, "type": "numerical", "mean": 2.6787994891443168}, {"std": 181.4333975963123, "global_mean": 2862.03668, "feature_label": "Elevation", "global_std": 231.37658417787077, "cluster_label": "cluster_0", "diff": 0.26758398740079237, "type": "numerical", "mean": 2923.94934898549}, {"std": 19.990814119594557, "global_mean": 139.3013, "feature_label": "Hillshade_3pm", "global_std": 31.175546466051568, "cluster_label": "cluster_0", "diff": -0.4259356034178935, "type": "numerical", "mean": 126.02252480409975}, {"std": 12.460536326501481, "global_mean": 218.23359, "feature_label": "Hillshade_9am", "global_std": 20.922249953517216, "cluster_label": "cluster_0", "diff": 0.3243914092767858, "type": "numerical", "mean": 225.0205881476626}, {"std": 15.041395748167476, "global_mean": 225.45098, "feature_label": "Hillshade_Noon", "global_std": 16.652574879642664, "cluster_label": "cluster_0", "diff": -0.34335602237018226, "type": "numerical", "mean": 219.73321812710427}, {"std": 1591.5220523080302, "global_mean": 3589.61817, "feature_label": "Horizontal_Distance_To_Fire_Points", "global_std": 1781.4471060836497, "cluster_label": "cluster_0", "diff": 0.16977308836875835, "type": "numerical", "mean": 3892.0599469654085}, {"std": 190.56725347231992, "global_mean": 260.57953, "feature_label": "Horizontal_Distance_To_Hydrology", "global_std": 202.77771978946984, "cluster_label": "cluster_0", "diff": -0.11657048846434308, "type": "numerical", "mean": 236.9416321544558}, {"std": 1644.810637624471, "global_mean": 3344.2516, "feature_label": "Horizontal_Distance_To_Roadways", "global_std": 1776.8835379643085, "cluster_label": "cluster_0", "diff": 0.22087106655747113, "type": "numerical", "mean": 3736.7137621785896}, {"std": 5.545473968793952, "global_mean": 11.80279, "feature_label": "Slope", "global_std": 6.498327515485875, "cluster_label": "cluster_0", "diff": -0.04150802859825327, "type": "numerical", "mean": 11.533057235646396}, {"std": 0.0, "global_mean": 0.00355, "feature_label": "Soil_Type1", "global_std": 0.0594763219638576, "cluster_label": "cluster_0", "diff": -0.05968761824507666, "type": "numerical", "mean": 0.0}, {"std": 0.0, "global_mean": 0.02142, "feature_label": "Soil_Type10", "global_std": 0.1447805001168068, "cluster_label": "cluster_0", "diff": -0.1479481006262491, "type": "numerical", "mean": 0.0}, {"std": 0.0, "global_mean": 0.00406, "feature_label": "Soil_Type11", "global_std": 0.06358896787631148, "cluster_label": "cluster_0", "diff": -0.06384755305192576, "type": "numerical", "mean": 0.0}, {"std": 0.0, "global_mean": 0.22507, "feature_label": "Soil_Type12", "global_std": 0.4176305056533356, "cluster_label": "cluster_0", "diff": -0.5389213597984264, "type": "numerical", "mean": 0.0}, {"std": 0.0, "global_mean": 0.00476, "feature_label": "Soil_Type13", "global_std": 0.0688286987667399, "cluster_label": "cluster_0", "diff": -0.06915719874541891, "type": "numerical", "mean": 0.0}, {"std": 0.0, "global_mean": 0.00169, "feature_label": "Soil_Type14", "global_std": 0.041075062648818446, "cluster_label": "cluster_0", "diff": -0.04114418557189015, "type": "numerical", "mean": 0.0}, {"std": 0.1791385073304624, "global_mean": 0.02046, "feature_label": "Soil_Type16", "global_std": 0.14156831854588645, "cluster_label": "cluster_0", "diff": 0.08993051547157578, "type": "numerical", "mean": 0.03319131186127581}, {"std": 0.0, "global_mean": 0.00612, "feature_label": "Soil_Type17", "global_std": 0.07799106632182777, "cluster_label": "cluster_0", "diff": -0.07847052603109701, "type": "numerical", "mean": 0.0}, {"std": 0.0, "global_mean": 0.01812, "feature_label": "Soil_Type18", "global_std": 0.13338606943145956, "cluster_label": "cluster_0", "diff": -0.13584626998332058, "type": "numerical", "mean": 0.0}, {"std": 0.0, "global_mean": 0.0067, "feature_label": "Soil_Type19", "global_std": 0.0815792654525377, "cluster_label": "cluster_0", "diff": -0.08212871203036289, "type": "numerical", "mean": 0.0}, {"std": 0.0, "global_mean": 0.00623, "feature_label": "Soil_Type2", "global_std": 0.07868449029195297, "cluster_label": "cluster_0", "diff": -0.07917697600739418, "type": "numerical", "mean": 0.0}, {"std": 0.305398317327174, "global_mean": 0.04834, "feature_label": "Soil_Type20", "global_std": 0.21448474173466808, "cluster_label": "cluster_0", "diff": 0.2599846111398186, "type": "numerical", "mean": 0.1041027321753121}, {"std": 0.0, "global_mean": 0.00016, "feature_label": "Soil_Type21", "global_std": 0.012648161912321884, "cluster_label": "cluster_0", "diff": -0.012650059440188495, "type": "numerical", "mean": 0.0}, {"std": 0.0, "global_mean": 0.00463, "feature_label": "Soil_Type22", "global_std": 0.0678867379249512, "cluster_label": "cluster_0", "diff": -0.06820183354690669, "type": "numerical", "mean": 0.0}, {"std": 0.31610084337855293, "global_mean": 0.05523, "feature_label": "Soil_Type23", "global_std": 0.2284297898734785, "cluster_label": "cluster_0", "diff": 0.25112410170371585, "type": "numerical", "mean": 0.11259422578434586}, {"std": 0.11762988119768893, "global_mean": 0.01762, "feature_label": "Soil_Type24", "global_std": 0.1315663661315037, "cluster_label": "cluster_0", "diff": -0.02726144693922817, "type": "numerical", "mean": 0.014033310490718947}, {"std": 0.0, "global_mean": 0.00054, "feature_label": "Soil_Type26", "global_std": 0.023231741156024856, "cluster_label": "cluster_0", "diff": -0.02324406063124364, "type": "numerical", "mean": 0.0}, {"std": 0.0, "global_mean": 0.00015, "feature_label": "Soil_Type27", "global_std": 0.01224659135392681, "cluster_label": "cluster_0", "diff": -0.012248306133927071, "type": "numerical", "mean": 0.0}, {"std": 0.0, "global_mean": 9e-05, "feature_label": "Soil_Type28", "global_std": 0.009486453495831125, "cluster_label": "cluster_0", "diff": -0.0094872124803596, "type": "numerical", "mean": 0.0}, {"std": 0.4420637861221903, "global_mean": 0.37298, "feature_label": "Soil_Type29", "global_std": 0.48359927448556783, "cluster_label": "cluster_0", "diff": 0.7457729408087898, "type": "numerical", "mean": 0.733635253106099}, {"std": 0.0, "global_mean": 0.00962, "feature_label": "Soil_Type3", "global_std": 0.09760917413593723, "cluster_label": "cluster_0", "diff": -0.09855630974402599, "type": "numerical", "mean": 0.0}, {"std": 0.0, "global_mean": 0.11125, "feature_label": "Soil_Type30", "global_std": 0.31444304133541273, "cluster_label": "cluster_0", "diff": -0.35380016529394565, "type": "numerical", "mean": 0.0}, {"std": 0.0, "global_mean": 0.00332, "feature_label": "Soil_Type31", "global_std": 0.05752400099162454, "cluster_label": "cluster_0", "diff": -0.057715039683755485, "type": "numerical", "mean": 0.0}, {"std": 0.0, "global_mean": 0.0069, "feature_label": "Soil_Type32", "global_std": 0.0827795779441241, "cluster_label": "cluster_0", "diff": -0.08335389200289803, "type": "numerical", "mean": 0.0}, {"std": 0.0, "global_mean": 0.00616, "feature_label": "Soil_Type33", "global_std": 0.07824394942178904, "cluster_label": "cluster_0", "diff": -0.07872813227759422, "type": "numerical", "mean": 0.0}, {"std": 0.0, "global_mean": 0.00022, "feature_label": "Soil_Type34", "global_std": 0.01483083947517497, "cluster_label": "cluster_0", "diff": -0.014833954636772475, "type": "numerical", "mean": 0.0}, {"std": 0.0, "global_mean": 0.00102, "feature_label": "Soil_Type35", "global_std": 0.03192130620278964, "cluster_label": "cluster_0", "diff": -0.03195357964113828, "type": "numerical", "mean": 0.0}, {"std": 0.0, "global_mean": 0.0001, "feature_label": "Soil_Type36", "global_std": 0.00999954998540971, "cluster_label": "cluster_0", "diff": -0.010000450034842515, "type": "numerical", "mean": 0.0}, {"std": 0.0, "global_mean": 0.00034, "feature_label": "Soil_Type37", "global_std": 0.01843604618349693, "cluster_label": "cluster_0", "diff": -0.018442132147854555, "type": "numerical", "mean": 0.0}, {"std": 0.0, "global_mean": 0.00803, "feature_label": "Soil_Type38", "global_std": 0.08925020311479692, "cluster_label": "cluster_0", "diff": -0.08997178403808803, "type": "numerical", "mean": 0.0}, {"std": 0.0, "global_mean": 0.00863, "feature_label": "Soil_Type39", "global_std": 0.09249653321096128, "cluster_label": "cluster_0", "diff": -0.09330079409913825, "type": "numerical", "mean": 0.0}, {"std": 0.0, "global_mean": 0.00843, "feature_label": "Soil_Type4", "global_std": 0.09142766917178577, "cluster_label": "cluster_0", "diff": -0.09220403490939552, "type": "numerical", "mean": 0.0}, {"std": 0.0, "global_mean": 0.00736, "feature_label": "Soil_Type40", "global_std": 0.0854745778524686, "cluster_label": "cluster_0", "diff": -0.08610747411591264, "type": "numerical", "mean": 0.0}, {"std": 0.0, "global_mean": 0.00165, "feature_label": "Soil_Type5", "global_std": 0.040586869464636, "cluster_label": "cluster_0", "diff": -0.04065354194015067, "type": "numerical", "mean": 0.0}, {"std": 0.0, "global_mean": 0.0065, "feature_label": "Soil_Type6", "global_std": 0.08036052873224228, "cluster_label": "cluster_0", "diff": -0.08088548075209549, "type": "numerical", "mean": 0.0}, {"std": 0.0, "global_mean": 0.00139, "feature_label": "Soil_Type8", "global_std": 0.037256969560305234, "cluster_label": "cluster_0", "diff": -0.037308455744101916, "type": "numerical", "mean": 0.0}, {"std": 0.0, "global_mean": 0.0001, "feature_label": "Soil_Type9", "global_std": 0.009999549985410531, "cluster_label": "cluster_0", "diff": -0.010000450034841695, "type": "numerical", "mean": 0.0}, {"std": 37.20894037179509, "global_mean": 35.24209, "feature_label": "Vertical_Distance_To_Hydrology", "global_std": 42.6227578815217, "cluster_label": "cluster_0", "diff": -0.21543167229318497, "type": "numerical", "mean": 26.05979799183625}, {"std": 0.09396552123246038, "global_mean": 0.88477, "feature_label": "Wilderness_Area1", "global_std": 0.3193009029586182, "cluster_label": "cluster_0", "diff": 0.33298177175182736, "type": "numerical", "mean": 0.9910913803891189}, {"std": 0.0, "global_mean": 0.00499, "feature_label": "Wilderness_Area2", "global_std": 0.07046381732144123, "cluster_label": "cluster_0", "diff": -0.07081648695296568, "type": "numerical", "mean": 0.0}, {"std": 0.09014795833814339, "global_mean": 0.06349, "feature_label": "Wilderness_Area3", "global_std": 0.24384342208868526, "cluster_label": "cluster_0", "diff": -0.22677033098326385, "type": "numerical", "mean": 0.008193546464857135}, {"std": 0.02673168732455741, "global_mean": 0.04675, "feature_label": "Wilderness_Area4", "global_std": 0.21110396289233793, "cluster_label": "cluster_0", "diff": -0.2180675635987644, "type": "numerical", "mean": 0.0007150731460238953}], "label": "cluster_0", "size": 33563}, {"feature_stats": [{"std": 88.3771563751547, "global_mean": 138.16292, "feature_label": "Aspect", "global_std": 103.7792014726471, "cluster_label": "cluster_1", "diff": -0.24217553793106694, "type": "numerical", "mean": 113.03013605730513}, {"std": 1.1571817701692317, "global_mean": 4.0, "feature_label": "Cover_Type", "global_std": 2.000066140846952, "cluster_label": "cluster_1", "diff": -0.8042438659482273, "type": "numerical", "mean": 2.391459074733096}, {"std": 136.61807737688991, "global_mean": 2862.03668, "feature_label": "Elevation", "global_std": 231.37658417787077, "cluster_label": "cluster_1", "diff": -0.29820476802874774, "type": "numerical", "mean": 2793.039079387954}, {"std": 18.783787832745894, "global_mean": 139.3013, "feature_label": "Hillshade_3pm", "global_std": 31.175546466051568, "cluster_label": "cluster_1", "diff": -0.04972174626134939, "type": "numerical", "mean": 137.75119738905607}, {"std": 11.077953465542926, "global_mean": 218.23359, "feature_label": "Hillshade_9am", "global_std": 20.922249953517216, "cluster_label": "cluster_1", "diff": 0.27479292569560804, "type": "numerical", "mean": 223.9828762768618}, {"std": 10.464439620611644, "global_mean": 225.45098, "feature_label": "Hillshade_Noon", "global_std": 16.652574879642664, "cluster_label": "cluster_1", "diff": 0.16895571012038155, "type": "numerical", "mean": 228.26452761412284}, {"std": 1740.4163312072421, "global_mean": 3589.61817, "feature_label": "Horizontal_Distance_To_Fire_Points", "global_std": 1781.4471060836497, "cluster_label": "cluster_1", "diff": 0.23401108804292492, "type": "numerical", "mean": 4006.496545585555}, {"std": 165.44777826851688, "global_mean": 260.57953, "feature_label": "Horizontal_Distance_To_Hydrology", "global_std": 202.77771978946984, "cluster_label": "cluster_1", "diff": 0.10431314658119258, "type": "numerical", "mean": 281.73191200779894}, {"std": 1391.308279570645, "global_mean": 3344.2516, "feature_label": "Horizontal_Distance_To_Roadways", "global_std": 1776.8835379643085, "cluster_label": "cluster_1", "diff": -0.34330691352931125, "type": "numerical", "mean": 2734.2351968804305}, {"std": 4.066206868833906, "global_mean": 11.80279, "feature_label": "Slope", "global_std": 6.498327515485875, "cluster_label": "cluster_1", "diff": -0.5234204283444344, "type": "numerical", "mean": 8.40143262832196}, {"std": 0.0, "global_mean": 0.00355, "feature_label": "Soil_Type1", "global_std": 0.0594763219638576, "cluster_label": "cluster_1", "diff": -0.05968761824507666, "type": "numerical", "mean": 0.0}, {"std": 0.0, "global_mean": 0.02142, "feature_label": "Soil_Type10", "global_std": 0.1447805001168068, "cluster_label": "cluster_1", "diff": -0.1479481006262491, "type": "numerical", "mean": 0.0}, {"std": 0.0, "global_mean": 0.00406, "feature_label": "Soil_Type11", "global_std": 0.06358896787631148, "cluster_label": "cluster_1", "diff": -0.06384755305192576, "type": "numerical", "mean": 0.0}, {"std": 0.2664853555631021, "global_mean": 0.22507, "feature_label": "Soil_Type12", "global_std": 0.4176305056533356, "cluster_label": "cluster_1", "diff": 1.6713348110095774, "type": "numerical", "mean": 0.9230704022379519}, {"std": 0.0, "global_mean": 0.00476, "feature_label": "Soil_Type13", "global_std": 0.0688286987667399, "cluster_label": "cluster_1", "diff": -0.06915719874541891, "type": "numerical", "mean": 0.0}, {"std": 0.0, "global_mean": 0.00169, "feature_label": "Soil_Type14", "global_std": 0.041075062648818446, "cluster_label": "cluster_1", "diff": -0.04114418557189015, "type": "numerical", "mean": 0.0}, {"std": 0.009206916607596195, "global_mean": 0.02046, "feature_label": "Soil_Type16", "global_std": 0.14156831854588645, "cluster_label": "cluster_1", "diff": -0.143925062490383, "type": "numerical", "mean": 8.477090662484635e-05}, {"std": 0.0, "global_mean": 0.00612, "feature_label": "Soil_Type17", "global_std": 0.07799106632182777, "cluster_label": "cluster_1", "diff": -0.07847052603109701, "type": "numerical", "mean": 0.0}, {"std": 0.2662833675149117, "global_mean": 0.01812, "feature_label": "Soil_Type18", "global_std": 0.13338606943145956, "cluster_label": "cluster_1", "diff": 0.43994430342116636, "type": "numerical", "mean": 0.0768024414021108}, {"std": 0.0, "global_mean": 0.0067, "feature_label": "Soil_Type19", "global_std": 0.0815792654525377, "cluster_label": "cluster_1", "diff": -0.08212871203036289, "type": "numerical", "mean": 0.0}, {"std": 0.0, "global_mean": 0.00623, "feature_label": "Soil_Type2", "global_std": 0.07868449029195297, "cluster_label": "cluster_1", "diff": -0.07917697600739418, "type": "numerical", "mean": 0.0}, {"std": 0.006510411147725779, "global_mean": 0.04834, "feature_label": "Soil_Type20", "global_std": 0.21448474173466808, "cluster_label": "cluster_1", "diff": -0.22517972213816007, "type": "numerical", "mean": 4.238545331242318e-05}, {"std": 0.0, "global_mean": 0.00016, "feature_label": "Soil_Type21", "global_std": 0.012648161912321884, "cluster_label": "cluster_1", "diff": -0.012650059440188495, "type": "numerical", "mean": 0.0}, {"std": 0.0, "global_mean": 0.00463, "feature_label": "Soil_Type22", "global_std": 0.0678867379249512, "cluster_label": "cluster_1", "diff": -0.06820183354690669, "type": "numerical", "mean": 0.0}, {"std": 0.0, "global_mean": 0.05523, "feature_label": "Soil_Type23", "global_std": 0.2284297898734785, "cluster_label": "cluster_1", "diff": -0.24178107430992474, "type": "numerical", "mean": 0.0}, {"std": 0.0, "global_mean": 0.01762, "feature_label": "Soil_Type24", "global_std": 0.1315663661315037, "cluster_label": "cluster_1", "diff": -0.13392480554177802, "type": "numerical", "mean": 0.0}, {"std": 0.0, "global_mean": 0.00054, "feature_label": "Soil_Type26", "global_std": 0.023231741156024856, "cluster_label": "cluster_1", "diff": -0.02324406063124364, "type": "numerical", "mean": 0.0}, {"std": 0.0, "global_mean": 0.00015, "feature_label": "Soil_Type27", "global_std": 0.01224659135392681, "cluster_label": "cluster_1", "diff": -0.012248306133927071, "type": "numerical", "mean": 0.0}, {"std": 0.0, "global_mean": 9e-05, "feature_label": "Soil_Type28", "global_std": 0.009486453495831125, "cluster_label": "cluster_1", "diff": -0.0094872124803596, "type": "numerical", "mean": 0.0}, {"std": 0.0, "global_mean": 0.37298, "feature_label": "Soil_Type29", "global_std": 0.48359927448556783, "cluster_label": "cluster_1", "diff": -0.7712583944563608, "type": "numerical", "mean": 0.0}, {"std": 0.0, "global_mean": 0.00962, "feature_label": "Soil_Type3", "global_std": 0.09760917413593723, "cluster_label": "cluster_1", "diff": -0.09855630974402599, "type": "numerical", "mean": 0.0}, {"std": 0.0, "global_mean": 0.11125, "feature_label": "Soil_Type30", "global_std": 0.31444304133541273, "cluster_label": "cluster_1", "diff": -0.35380016529394565, "type": "numerical", "mean": 0.0}, {"std": 0.0, "global_mean": 0.00332, "feature_label": "Soil_Type31", "global_std": 0.05752400099162454, "cluster_label": "cluster_1", "diff": -0.057715039683755485, "type": "numerical", "mean": 0.0}, {"std": 0.0, "global_mean": 0.0069, "feature_label": "Soil_Type32", "global_std": 0.0827795779441241, "cluster_label": "cluster_1", "diff": -0.08335389200289803, "type": "numerical", "mean": 0.0}, {"std": 0.0, "global_mean": 0.00616, "feature_label": "Soil_Type33", "global_std": 0.07824394942178904, "cluster_label": "cluster_1", "diff": -0.07872813227759422, "type": "numerical", "mean": 0.0}, {"std": 0.0, "global_mean": 0.00022, "feature_label": "Soil_Type34", "global_std": 0.01483083947517497, "cluster_label": "cluster_1", "diff": -0.014833954636772475, "type": "numerical", "mean": 0.0}, {"std": 0.0, "global_mean": 0.00102, "feature_label": "Soil_Type35", "global_std": 0.03192130620278964, "cluster_label": "cluster_1", "diff": -0.03195357964113828, "type": "numerical", "mean": 0.0}, {"std": 0.0, "global_mean": 0.0001, "feature_label": "Soil_Type36", "global_std": 0.00999954998540971, "cluster_label": "cluster_1", "diff": -0.010000450034842515, "type": "numerical", "mean": 0.0}, {"std": 0.0, "global_mean": 0.00034, "feature_label": "Soil_Type37", "global_std": 0.01843604618349693, "cluster_label": "cluster_1", "diff": -0.018442132147854555, "type": "numerical", "mean": 0.0}, {"std": 0.0, "global_mean": 0.00803, "feature_label": "Soil_Type38", "global_std": 0.08925020311479692, "cluster_label": "cluster_1", "diff": -0.08997178403808803, "type": "numerical", "mean": 0.0}, {"std": 0.0, "global_mean": 0.00863, "feature_label": "Soil_Type39", "global_std": 0.09249653321096128, "cluster_label": "cluster_1", "diff": -0.09330079409913825, "type": "numerical", "mean": 0.0}, {"std": 0.0, "global_mean": 0.00843, "feature_label": "Soil_Type4", "global_std": 0.09142766917178577, "cluster_label": "cluster_1", "diff": -0.09220403490939552, "type": "numerical", "mean": 0.0}, {"std": 0.0, "global_mean": 0.00736, "feature_label": "Soil_Type40", "global_std": 0.0854745778524686, "cluster_label": "cluster_1", "diff": -0.08610747411591264, "type": "numerical", "mean": 0.0}, {"std": 0.0, "global_mean": 0.00165, "feature_label": "Soil_Type5", "global_std": 0.040586869464636, "cluster_label": "cluster_1", "diff": -0.04065354194015067, "type": "numerical", "mean": 0.0}, {"std": 0.0, "global_mean": 0.0065, "feature_label": "Soil_Type6", "global_std": 0.08036052873224228, "cluster_label": "cluster_1", "diff": -0.08088548075209549, "type": "numerical", "mean": 0.0}, {"std": 0.0, "global_mean": 0.00139, "feature_label": "Soil_Type8", "global_std": 0.037256969560305234, "cluster_label": "cluster_1", "diff": -0.037308455744101916, "type": "numerical", "mean": 0.0}, {"std": 0.0, "global_mean": 0.0001, "feature_label": "Soil_Type9", "global_std": 0.009999549985410531, "cluster_label": "cluster_1", "diff": -0.010000450034841695, "type": "numerical", "mean": 0.0}, {"std": 33.19357581877941, "global_mean": 35.24209, "feature_label": "Vertical_Distance_To_Hydrology", "global_std": 42.6227578815217, "cluster_label": "cluster_1", "diff": -0.045441216418414816, "type": "numerical", "mean": 33.305260034756074}, {"std": 0.0, "global_mean": 0.88477, "feature_label": "Wilderness_Area1", "global_std": 0.3193009029586182, "cluster_label": "cluster_1", "diff": 0.3608821614104048, "type": "numerical", "mean": 1.0}, {"std": 0.0, "global_mean": 0.00499, "feature_label": "Wilderness_Area2", "global_std": 0.07046381732144123, "cluster_label": "cluster_1", "diff": -0.07081648695296568, "type": "numerical", "mean": 0.0}, {"std": 0.0, "global_mean": 0.06349, "feature_label": "Wilderness_Area3", "global_std": 0.24384342208868526, "cluster_label": "cluster_1", "diff": -0.26037200206659195, "type": "numerical", "mean": 0.0}, {"std": 0.0, "global_mean": 0.04675, "feature_label": "Wilderness_Area4", "global_std": 0.21110396289233793, "cluster_label": "cluster_1", "diff": -0.22145486687922714, "type": "numerical", "mean": 0.0}], "label": "cluster_1", "size": 23593}, {"feature_stats": [{"std": 59.86556793950088, "global_mean": 138.16292, "feature_label": "Aspect", "global_std": 103.7792014726471, "cluster_label": "cluster_2", "diff": 1.3367793113840882, "type": "numerical", "mean": 276.89280948059576}, {"std": 1.9330292718813171, "global_mean": 4.0, "feature_label": "Cover_Type", "global_std": 2.000066140846952, "cluster_label": "cluster_2", "diff": -0.6677594107819558, "type": "numerical", "mean": 2.6644370122630994}, {"std": 146.72088151719817, "global_mean": 2862.03668, "feature_label": "Elevation", "global_std": 231.37658417787077, "cluster_label": "cluster_2", "diff": 0.34556377606625593, "type": "numerical", "mean": 2941.992046121817}, {"std": 16.344648492994292, "global_mean": 139.3013, "feature_label": "Hillshade_3pm", "global_std": 31.175546466051568, "cluster_label": "cluster_2", "diff": 1.1377973438964444, "type": "numerical", "mean": 174.77275396359366}, {"std": 19.297112155118658, "global_mean": 218.23359, "feature_label": "Hillshade_9am", "global_std": 20.922249953517216, "cluster_label": "cluster_2", "diff": -1.0226677864930231, "type": "numerical", "mean": 196.83707895158278}, {"std": 15.233269805796766, "global_mean": 225.45098, "feature_label": "Hillshade_Noon", "global_std": 16.652574879642664, "cluster_label": "cluster_2", "diff": 0.5640528195348397, "type": "numerical", "mean": 234.84391181337747}, {"std": 1567.3171083276025, "global_mean": 3589.61817, "feature_label": "Horizontal_Distance_To_Fire_Points", "global_std": 1781.4471060836497, "cluster_label": "cluster_2", "diff": 0.28357727268782207, "type": "numerical", "mean": 4094.796081780815}, {"std": 253.73498202096187, "global_mean": 260.57953, "feature_label": "Horizontal_Distance_To_Hydrology", "global_std": 202.77771978946984, "cluster_label": "cluster_2", "diff": 0.3112546103497344, "type": "numerical", "mean": 323.69503016067904}, {"std": 1564.7296462989907, "global_mean": 3344.2516, "feature_label": "Horizontal_Distance_To_Roadways", "global_std": 1776.8835379643085, "cluster_label": "cluster_2", "diff": 0.7035475269132551, "type": "numerical", "mean": 4594.373618747664}, {"std": 5.923990370454675, "global_mean": 11.80279, "feature_label": "Slope", "global_std": 6.498327515485875, "cluster_label": "cluster_2", "diff": -0.01207283994885167, "type": "numerical", "mean": 11.72433673197032}, {"std": 0.0, "global_mean": 0.00355, "feature_label": "Soil_Type1", "global_std": 0.0594763219638576, "cluster_label": "cluster_2", "diff": -0.05968761824507666, "type": "numerical", "mean": 0.0}, {"std": 0.0, "global_mean": 0.02142, "feature_label": "Soil_Type10", "global_std": 0.1447805001168068, "cluster_label": "cluster_2", "diff": -0.1479481006262491, "type": "numerical", "mean": 0.0}, {"std": 0.0, "global_mean": 0.00406, "feature_label": "Soil_Type11", "global_std": 0.06358896787631148, "cluster_label": "cluster_2", "diff": -0.06384755305192576, "type": "numerical", "mean": 0.0}, {"std": 0.1933982434121024, "global_mean": 0.22507, "feature_label": "Soil_Type12", "global_std": 0.4176305056533356, "cluster_label": "cluster_2", "diff": -0.4457402280005616, "type": "numerical", "mean": 0.038915283190092353}, {"std": 0.0, "global_mean": 0.00476, "feature_label": "Soil_Type13", "global_std": 0.0688286987667399, "cluster_label": "cluster_2", "diff": -0.06915719874541891, "type": "numerical", "mean": 0.0}, {"std": 0.0, "global_mean": 0.00169, "feature_label": "Soil_Type14", "global_std": 0.041075062648818446, "cluster_label": "cluster_2", "diff": -0.04114418557189015, "type": "numerical", "mean": 0.0}, {"std": 0.2172162586402172, "global_mean": 0.02046, "feature_label": "Soil_Type16", "global_std": 0.14156831854588645, "cluster_label": "cluster_2", "diff": 0.2061549630372478, "type": "numerical", "mean": 0.049645011477072544}, {"std": 0.0, "global_mean": 0.00612, "feature_label": "Soil_Type17", "global_std": 0.07799106632182777, "cluster_label": "cluster_2", "diff": -0.07847052603109701, "type": "numerical", "mean": 0.0}, {"std": 0.0, "global_mean": 0.01812, "feature_label": "Soil_Type18", "global_std": 0.13338606943145956, "cluster_label": "cluster_2", "diff": -0.13584626998332058, "type": "numerical", "mean": 0.0}, {"std": 0.0, "global_mean": 0.0067, "feature_label": "Soil_Type19", "global_std": 0.0815792654525377, "cluster_label": "cluster_2", "diff": -0.08212871203036289, "type": "numerical", "mean": 0.0}, {"std": 0.0, "global_mean": 0.00623, "feature_label": "Soil_Type2", "global_std": 0.07868449029195297, "cluster_label": "cluster_2", "diff": -0.07917697600739418, "type": "numerical", "mean": 0.0}, {"std": 0.25745104679826886, "global_mean": 0.04834, "feature_label": "Soil_Type20", "global_std": 0.21448474173466808, "cluster_label": "cluster_2", "diff": 0.10738002399900087, "type": "numerical", "mean": 0.07137137671488816}, {"std": 0.0, "global_mean": 0.00016, "feature_label": "Soil_Type21", "global_std": 0.012648161912321884, "cluster_label": "cluster_2", "diff": -0.012650059440188495, "type": "numerical", "mean": 0.0}, {"std": 0.0, "global_mean": 0.00463, "feature_label": "Soil_Type22", "global_std": 0.0678867379249512, "cluster_label": "cluster_2", "diff": -0.06820183354690669, "type": "numerical", "mean": 0.0}, {"std": 0.2856555959723182, "global_mean": 0.05523, "feature_label": "Soil_Type23", "global_std": 0.2284297898734785, "cluster_label": "cluster_2", "diff": 0.15058425322563207, "type": "numerical", "mean": 0.08962792932258581}, {"std": 0.24964821874295062, "global_mean": 0.01762, "feature_label": "Soil_Type24", "global_std": 0.1315663661315037, "cluster_label": "cluster_2", "diff": 0.37365589049895254, "type": "numerical", "mean": 0.06678054769657824}, {"std": 0.0, "global_mean": 0.00054, "feature_label": "Soil_Type26", "global_std": 0.023231741156024856, "cluster_label": "cluster_2", "diff": -0.02324406063124364, "type": "numerical", "mean": 0.0}, {"std": 0.0, "global_mean": 0.00015, "feature_label": "Soil_Type27", "global_std": 0.01224659135392681, "cluster_label": "cluster_2", "diff": -0.012248306133927071, "type": "numerical", "mean": 0.0}, {"std": 0.0, "global_mean": 9e-05, "feature_label": "Soil_Type28", "global_std": 0.009486453495831125, "cluster_label": "cluster_2", "diff": -0.0094872124803596, "type": "numerical", "mean": 0.0}, {"std": 0.4678014746781522, "global_mean": 0.37298, "feature_label": "Soil_Type29", "global_std": 0.48359927448556783, "cluster_label": "cluster_2", "diff": 0.627751316341757, "type": "numerical", "mean": 0.6765600811402338}, {"std": 0.0, "global_mean": 0.00962, "feature_label": "Soil_Type3", "global_std": 0.09760917413593723, "cluster_label": "cluster_2", "diff": -0.09855630974402599, "type": "numerical", "mean": 0.0}, {"std": 0.07640564091876585, "global_mean": 0.11125, "feature_label": "Soil_Type30", "global_std": 0.31444304133541273, "cluster_label": "cluster_2", "diff": -0.3351259068976485, "type": "numerical", "mean": 0.005871990604815032}, {"std": 0.0, "global_mean": 0.00332, "feature_label": "Soil_Type31", "global_std": 0.05752400099162454, "cluster_label": "cluster_2", "diff": -0.057715039683755485, "type": "numerical", "mean": 0.0}, {"std": 0.0, "global_mean": 0.0069, "feature_label": "Soil_Type32", "global_std": 0.0827795779441241, "cluster_label": "cluster_2", "diff": -0.08335389200289803, "type": "numerical", "mean": 0.0}, {"std": 0.0, "global_mean": 0.00616, "feature_label": "Soil_Type33", "global_std": 0.07824394942178904, "cluster_label": "cluster_2", "diff": -0.07872813227759422, "type": "numerical", "mean": 0.0}, {"std": 0.0, "global_mean": 0.00022, "feature_label": "Soil_Type34", "global_std": 0.01483083947517497, "cluster_label": "cluster_2", "diff": -0.014833954636772475, "type": "numerical", "mean": 0.0}, {"std": 0.0, "global_mean": 0.00102, "feature_label": "Soil_Type35", "global_std": 0.03192130620278964, "cluster_label": "cluster_2", "diff": -0.03195357964113828, "type": "numerical", "mean": 0.0}, {"std": 0.0, "global_mean": 0.0001, "feature_label": "Soil_Type36", "global_std": 0.00999954998540971, "cluster_label": "cluster_2", "diff": -0.010000450034842515, "type": "numerical", "mean": 0.0}, {"std": 0.0, "global_mean": 0.00034, "feature_label": "Soil_Type37", "global_std": 0.01843604618349693, "cluster_label": "cluster_2", "diff": -0.018442132147854555, "type": "numerical", "mean": 0.0}, {"std": 0.0, "global_mean": 0.00803, "feature_label": "Soil_Type38", "global_std": 0.08925020311479692, "cluster_label": "cluster_2", "diff": -0.08997178403808803, "type": "numerical", "mean": 0.0}, {"std": 0.0, "global_mean": 0.00863, "feature_label": "Soil_Type39", "global_std": 0.09249653321096128, "cluster_label": "cluster_2", "diff": -0.09330079409913825, "type": "numerical", "mean": 0.0}, {"std": 0.0, "global_mean": 0.00843, "feature_label": "Soil_Type4", "global_std": 0.09142766917178577, "cluster_label": "cluster_2", "diff": -0.09220403490939552, "type": "numerical", "mean": 0.0}, {"std": 0.0, "global_mean": 0.00736, "feature_label": "Soil_Type40", "global_std": 0.0854745778524686, "cluster_label": "cluster_2", "diff": -0.08610747411591264, "type": "numerical", "mean": 0.0}, {"std": 0.0, "global_mean": 0.00165, "feature_label": "Soil_Type5", "global_std": 0.040586869464636, "cluster_label": "cluster_2", "diff": -0.04065354194015067, "type": "numerical", "mean": 0.0}, {"std": 0.0, "global_mean": 0.0065, "feature_label": "Soil_Type6", "global_std": 0.08036052873224228, "cluster_label": "cluster_2", "diff": -0.08088548075209549, "type": "numerical", "mean": 0.0}, {"std": 0.0, "global_mean": 0.00139, "feature_label": "Soil_Type8", "global_std": 0.037256969560305234, "cluster_label": "cluster_2", "diff": -0.037308455744101916, "type": "numerical", "mean": 0.0}, {"std": 0.0, "global_mean": 0.0001, "feature_label": "Soil_Type9", "global_std": 0.009999549985410531, "cluster_label": "cluster_2", "diff": -0.010000450034841695, "type": "numerical", "mean": 0.0}, {"std": 44.11312256842984, "global_mean": 35.24209, "feature_label": "Vertical_Distance_To_Hydrology", "global_std": 42.6227578815217, "cluster_label": "cluster_2", "diff": 0.18800617298355277, "type": "numerical", "mean": 43.25543159130945}, {"std": 0.13729209962287148, "global_mean": 0.88477, "feature_label": "Wilderness_Area1", "global_std": 0.3193009029586182, "cluster_label": "cluster_2", "diff": 0.30069622513678546, "type": "numerical", "mean": 0.9807825762024235}, {"std": 0.0, "global_mean": 0.00499, "feature_label": "Wilderness_Area2", "global_std": 0.07046381732144123, "cluster_label": "cluster_2", "diff": -0.07081648695296568, "type": "numerical", "mean": 0.0}, {"std": 0.13116232053230173, "global_mean": 0.06349, "feature_label": "Wilderness_Area3", "global_std": 0.24384342208868526, "cluster_label": "cluster_2", "diff": -0.18856687318952528, "type": "numerical", "mean": 0.017509208348903006}, {"std": 0.04129634953897662, "global_mean": 0.04675, "feature_label": "Wilderness_Area4", "global_std": 0.21110396289233793, "cluster_label": "cluster_2", "diff": -0.21336304602816783, "type": "numerical", "mean": 0.001708215448673464}], "label": "cluster_2", "size": 18733}, {"feature_stats": [{"std": 139.36207267080056, "global_mean": 138.16292, "feature_label": "Aspect", "global_std": 103.7792014726471, "cluster_label": "cluster_3", "diff": 0.47071684938439545, "type": "numerical", "mean": 187.01353874883287}, {"std": 1.485805159415567, "global_mean": 4.0, "feature_label": "Cover_Type", "global_std": 2.000066140846952, "cluster_label": "cluster_3", "diff": 0.31744981926036236, "type": "numerical", "mean": 4.634920634920635}, {"std": 193.70757655675672, "global_mean": 2862.03668, "feature_label": "Elevation", "global_std": 231.37658417787077, "cluster_label": "cluster_3", "diff": -2.07701899968319, "type": "numerical", "mean": 2381.4631185807657}, {"std": 48.93740341812525, "global_mean": 139.3013, "feature_label": "Hillshade_3pm", "global_std": 31.175546466051568, "cluster_label": "cluster_3", "diff": 0.34494306984667594, "type": "numerical", "mean": 150.05508870214751}, {"std": 36.61186292264533, "global_mean": 218.23359, "feature_label": "Hillshade_9am", "global_std": 20.922249953517216, "cluster_label": "cluster_3", "diff": -1.6626706671510452, "type": "numerical", "mean": 183.4467787114846}, {"std": 24.598975335742836, "global_mean": 225.45098, "feature_label": "Hillshade_Noon", "global_std": 16.652574879642664, "cluster_label": "cluster_3", "diff": -1.345815744549792, "type": "numerical", "mean": 203.03968253968253}, {"std": 547.7495831728604, "global_mean": 3589.61817, "feature_label": "Horizontal_Distance_To_Fire_Points", "global_std": 1781.4471060836497, "cluster_label": "cluster_3", "diff": -1.486123066398463, "type": "numerical", "mean": 942.1685340802987}, {"std": 130.37224752159688, "global_mean": 260.57953, "feature_label": "Horizontal_Distance_To_Hydrology", "global_std": 202.77771978946984, "cluster_label": "cluster_3", "diff": -0.4524010808177058, "type": "numerical", "mean": 168.84267040149393}, {"std": 611.81477696139, "global_mean": 3344.2516, "feature_label": "Horizontal_Distance_To_Roadways", "global_std": 1776.8835379643085, "cluster_label": "cluster_3", "diff": -1.3085352879205698, "type": "numerical", "mean": 1019.1367880485527}, {"std": 7.769146938594376, "global_mean": 11.80279, "feature_label": "Slope", "global_std": 6.498327515485875, "cluster_label": "cluster_3", "diff": 1.542192678762122, "type": "numerical", "mean": 21.824463118580766}, {"std": 0.0, "global_mean": 0.00355, "feature_label": "Soil_Type1", "global_std": 0.0594763219638576, "cluster_label": "cluster_3", "diff": -0.05968761824507666, "type": "numerical", "mean": 0.0}, {"std": 0.0, "global_mean": 0.02142, "feature_label": "Soil_Type10", "global_std": 0.1447805001168068, "cluster_label": "cluster_3", "diff": 6.759059398264932, "type": "numerical", "mean": 1.0}, {"std": 0.0, "global_mean": 0.00406, "feature_label": "Soil_Type11", "global_std": 0.06358896787631148, "cluster_label": "cluster_3", "diff": -0.06384755305192576, "type": "numerical", "mean": 0.0}, {"std": 0.0, "global_mean": 0.22507, "feature_label": "Soil_Type12", "global_std": 0.4176305056533356, "cluster_label": "cluster_3", "diff": -0.5389213597984264, "type": "numerical", "mean": 0.0}, {"std": 0.0, "global_mean": 0.00476, "feature_label": "Soil_Type13", "global_std": 0.0688286987667399, "cluster_label": "cluster_3", "diff": -0.06915719874541891, "type": "numerical", "mean": 0.0}, {"std": 0.0, "global_mean": 0.00169, "feature_label": "Soil_Type14", "global_std": 0.041075062648818446, "cluster_label": "cluster_3", "diff": -0.04114418557189015, "type": "numerical", "mean": 0.0}, {"std": 0.0, "global_mean": 0.02046, "feature_label": "Soil_Type16", "global_std": 0.14156831854588645, "cluster_label": "cluster_3", "diff": -0.1445238610598339, "type": "numerical", "mean": 0.0}, {"std": 0.0, "global_mean": 0.00612, "feature_label": "Soil_Type17", "global_std": 0.07799106632182777, "cluster_label": "cluster_3", "diff": -0.07847052603109701, "type": "numerical", "mean": 0.0}, {"std": 0.0, "global_mean": 0.01812, "feature_label": "Soil_Type18", "global_std": 0.13338606943145956, "cluster_label": "cluster_3", "diff": -0.13584626998332058, "type": "numerical", "mean": 0.0}, {"std": 0.0, "global_mean": 0.0067, "feature_label": "Soil_Type19", "global_std": 0.0815792654525377, "cluster_label": "cluster_3", "diff": -0.08212871203036289, "type": "numerical", "mean": 0.0}, {"std": 0.0, "global_mean": 0.00623, "feature_label": "Soil_Type2", "global_std": 0.07868449029195297, "cluster_label": "cluster_3", "diff": -0.07917697600739418, "type": "numerical", "mean": 0.0}, {"std": 0.0, "global_mean": 0.04834, "feature_label": "Soil_Type20", "global_std": 0.21448474173466808, "cluster_label": "cluster_3", "diff": -0.22537733737628665, "type": "numerical", "mean": 0.0}, {"std": 0.0, "global_mean": 0.00016, "feature_label": "Soil_Type21", "global_std": 0.012648161912321884, "cluster_label": "cluster_3", "diff": -0.012650059440188495, "type": "numerical", "mean": 0.0}, {"std": 0.0, "global_mean": 0.00463, "feature_label": "Soil_Type22", "global_std": 0.0678867379249512, "cluster_label": "cluster_3", "diff": -0.06820183354690669, "type": "numerical", "mean": 0.0}, {"std": 0.0, "global_mean": 0.05523, "feature_label": "Soil_Type23", "global_std": 0.2284297898734785, "cluster_label": "cluster_3", "diff": -0.24178107430992474, "type": "numerical", "mean": 0.0}, {"std": 0.0, "global_mean": 0.01762, "feature_label": "Soil_Type24", "global_std": 0.1315663661315037, "cluster_label": "cluster_3", "diff": -0.13392480554177802, "type": "numerical", "mean": 0.0}, {"std": 0.0, "global_mean": 0.00054, "feature_label": "Soil_Type26", "global_std": 0.023231741156024856, "cluster_label": "cluster_3", "diff": -0.02324406063124364, "type": "numerical", "mean": 0.0}, {"std": 0.0, "global_mean": 0.00015, "feature_label": "Soil_Type27", "global_std": 0.01224659135392681, "cluster_label": "cluster_3", "diff": -0.012248306133927071, "type": "numerical", "mean": 0.0}, {"std": 0.0, "global_mean": 9e-05, "feature_label": "Soil_Type28", "global_std": 0.009486453495831125, "cluster_label": "cluster_3", "diff": -0.0094872124803596, "type": "numerical", "mean": 0.0}, {"std": 0.0, "global_mean": 0.37298, "feature_label": "Soil_Type29", "global_std": 0.48359927448556783, "cluster_label": "cluster_3", "diff": -0.7712583944563608, "type": "numerical", "mean": 0.0}, {"std": 0.0, "global_mean": 0.00962, "feature_label": "Soil_Type3", "global_std": 0.09760917413593723, "cluster_label": "cluster_3", "diff": -0.09855630974402599, "type": "numerical", "mean": 0.0}, {"std": 0.0, "global_mean": 0.11125, "feature_label": "Soil_Type30", "global_std": 0.31444304133541273, "cluster_label": "cluster_3", "diff": -0.35380016529394565, "type": "numerical", "mean": 0.0}, {"std": 0.0, "global_mean": 0.00332, "feature_label": "Soil_Type31", "global_std": 0.05752400099162454, "cluster_label": "cluster_3", "diff": -0.057715039683755485, "type": "numerical", "mean": 0.0}, {"std": 0.0, "global_mean": 0.0069, "feature_label": "Soil_Type32", "global_std": 0.0827795779441241, "cluster_label": "cluster_3", "diff": -0.08335389200289803, "type": "numerical", "mean": 0.0}, {"std": 0.0, "global_mean": 0.00616, "feature_label": "Soil_Type33", "global_std": 0.07824394942178904, "cluster_label": "cluster_3", "diff": -0.07872813227759422, "type": "numerical", "mean": 0.0}, {"std": 0.0, "global_mean": 0.00022, "feature_label": "Soil_Type34", "global_std": 0.01483083947517497, "cluster_label": "cluster_3", "diff": -0.014833954636772475, "type": "numerical", "mean": 0.0}, {"std": 0.0, "global_mean": 0.00102, "feature_label": "Soil_Type35", "global_std": 0.03192130620278964, "cluster_label": "cluster_3", "diff": -0.03195357964113828, "type": "numerical", "mean": 0.0}, {"std": 0.0, "global_mean": 0.0001, "feature_label": "Soil_Type36", "global_std": 0.00999954998540971, "cluster_label": "cluster_3", "diff": -0.010000450034842515, "type": "numerical", "mean": 0.0}, {"std": 0.0, "global_mean": 0.00034, "feature_label": "Soil_Type37", "global_std": 0.01843604618349693, "cluster_label": "cluster_3", "diff": -0.018442132147854555, "type": "numerical", "mean": 0.0}, {"std": 0.0, "global_mean": 0.00803, "feature_label": "Soil_Type38", "global_std": 0.08925020311479692, "cluster_label": "cluster_3", "diff": -0.08997178403808803, "type": "numerical", "mean": 0.0}, {"std": 0.0, "global_mean": 0.00863, "feature_label": "Soil_Type39", "global_std": 0.09249653321096128, "cluster_label": "cluster_3", "diff": -0.09330079409913825, "type": "numerical", "mean": 0.0}, {"std": 0.0, "global_mean": 0.00843, "feature_label": "Soil_Type4", "global_std": 0.09142766917178577, "cluster_label": "cluster_3", "diff": -0.09220403490939552, "type": "numerical", "mean": 0.0}, {"std": 0.0, "global_mean": 0.00736, "feature_label": "Soil_Type40", "global_std": 0.0854745778524686, "cluster_label": "cluster_3", "diff": -0.08610747411591264, "type": "numerical", "mean": 0.0}, {"std": 0.0, "global_mean": 0.00165, "feature_label": "Soil_Type5", "global_std": 0.040586869464636, "cluster_label": "cluster_3", "diff": -0.04065354194015067, "type": "numerical", "mean": 0.0}, {"std": 0.0, "global_mean": 0.0065, "feature_label": "Soil_Type6", "global_std": 0.08036052873224228, "cluster_label": "cluster_3", "diff": -0.08088548075209549, "type": "numerical", "mean": 0.0}, {"std": 0.0, "global_mean": 0.00139, "feature_label": "Soil_Type8", "global_std": 0.037256969560305234, "cluster_label": "cluster_3", "diff": -0.037308455744101916, "type": "numerical", "mean": 0.0}, {"std": 0.0, "global_mean": 0.0001, "feature_label": "Soil_Type9", "global_std": 0.009999549985410531, "cluster_label": "cluster_3", "diff": -0.010000450034841695, "type": "numerical", "mean": 0.0}, {"std": 53.18565368205736, "global_mean": 35.24209, "feature_label": "Vertical_Distance_To_Hydrology", "global_std": 42.6227578815217, "cluster_label": "cluster_3", "diff": 0.4362359106855069, "type": "numerical", "mean": 53.83566760037348}, {"std": 0.0, "global_mean": 0.88477, "feature_label": "Wilderness_Area1", "global_std": 0.3193009029586182, "cluster_label": "cluster_3", "diff": -2.7709599058498977, "type": "numerical", "mean": 0.0}, {"std": 0.0, "global_mean": 0.00499, "feature_label": "Wilderness_Area2", "global_std": 0.07046381732144123, "cluster_label": "cluster_3", "diff": -0.07081648695296568, "type": "numerical", "mean": 0.0}, {"std": 0.46182559953098196, "global_mean": 0.06349, "feature_label": "Wilderness_Area3", "global_std": 0.24384342208868526, "cluster_label": "cluster_3", "diff": 1.0032390753224723, "type": "numerical", "mean": 0.3081232492997199}, {"std": 0.46182559953098196, "global_mean": 0.04675, "feature_label": "Wilderness_Area4", "global_std": 0.21110396289233793, "cluster_label": "cluster_3", "diff": 3.055967030942436, "type": "numerical", "mean": 0.6918767507002801}], "label": "cluster_3", "size": 2142}, {"feature_stats": [{"std": 72.68448050072041, "global_mean": 138.16292, "feature_label": "Aspect", "global_std": 103.7792014726471, "cluster_label": "cluster_4", "diff": 0.030949674195997624, "type": "numerical", "mean": 141.37485247389924}, {"std": 1.6391723319194778, "global_mean": 4.0, "feature_label": "Cover_Type", "global_std": 2.000066140846952, "cluster_label": "cluster_4", "diff": 0.013230760224744226, "type": "numerical", "mean": 4.0264623955431755}, {"std": 152.07368524540703, "global_mean": 2862.03668, "feature_label": "Elevation", "global_std": 231.37658417787077, "cluster_label": "cluster_4", "diff": -0.16088437835750047, "type": "numerical", "mean": 2824.8118020880615}, {"std": 34.02901828134749, "global_mean": 139.3013, "feature_label": "Hillshade_3pm", "global_std": 31.175546466051568, "cluster_label": "cluster_4", "diff": -0.45053124715957527, "type": "numerical", "mean": 125.2557421697685}, {"std": 17.757210155575375, "global_mean": 218.23359, "feature_label": "Hillshade_9am", "global_std": 20.922249953517216, "cluster_label": "cluster_4", "diff": 0.5162272738053855, "type": "numerical", "mean": 229.03422605537904}, {"std": 17.809602852296305, "global_mean": 225.45098, "feature_label": "Hillshade_Noon", "global_std": 16.652574879642664, "cluster_label": "cluster_4", "diff": 0.11186646933662317, "type": "numerical", "mean": 227.31384475714935}, {"std": 1638.1129415147027, "global_mean": 3589.61817, "feature_label": "Horizontal_Distance_To_Fire_Points", "global_std": 1781.4471060836497, "cluster_label": "cluster_4", "diff": -0.16213221885831255, "type": "numerical", "mean": 3300.7881979119384}, {"std": 153.7308375809224, "global_mean": 260.57953, "feature_label": "Horizontal_Distance_To_Hydrology", "global_std": 202.77771978946984, "cluster_label": "cluster_4", "diff": -0.29811986993293194, "type": "numerical", "mean": 200.1274625510667}, {"std": 1793.2707024942192, "global_mean": 3344.2516, "feature_label": "Horizontal_Distance_To_Roadways", "global_std": 1776.8835379643085, "cluster_label": "cluster_4", "diff": -0.11593083118455383, "type": "numerical", "mean": 3138.256014525647}, {"std": 6.970795282818006, "global_mean": 11.80279, "feature_label": "Slope", "global_std": 6.498327515485875, "cluster_label": "cluster_4", "diff": 0.47649773232148795, "type": "numerical", "mean": 14.899228325011348}, {"std": 0.0, "global_mean": 0.00355, "feature_label": "Soil_Type1", "global_std": 0.0594763219638576, "cluster_label": "cluster_4", "diff": -0.05968761824507666, "type": "numerical", "mean": 0.0}, {"std": 0.0, "global_mean": 0.02142, "feature_label": "Soil_Type10", "global_std": 0.1447805001168068, "cluster_label": "cluster_4", "diff": -0.1479481006262491, "type": "numerical", "mean": 0.0}, {"std": 0.0, "global_mean": 0.00406, "feature_label": "Soil_Type11", "global_std": 0.06358896787631148, "cluster_label": "cluster_4", "diff": -0.06384755305192576, "type": "numerical", "mean": 0.0}, {"std": 0.0, "global_mean": 0.22507, "feature_label": "Soil_Type12", "global_std": 0.4176305056533356, "cluster_label": "cluster_4", "diff": -0.5389213597984264, "type": "numerical", "mean": 0.0}, {"std": 0.0, "global_mean": 0.00476, "feature_label": "Soil_Type13", "global_std": 0.0688286987667399, "cluster_label": "cluster_4", "diff": -0.06915719874541891, "type": "numerical", "mean": 0.0}, {"std": 0.0, "global_mean": 0.00169, "feature_label": "Soil_Type14", "global_std": 0.041075062648818446, "cluster_label": "cluster_4", "diff": -0.04114418557189015, "type": "numerical", "mean": 0.0}, {"std": 0.0, "global_mean": 0.02046, "feature_label": "Soil_Type16", "global_std": 0.14156831854588645, "cluster_label": "cluster_4", "diff": -0.1445238610598339, "type": "numerical", "mean": 0.0}, {"std": 0.0, "global_mean": 0.00612, "feature_label": "Soil_Type17", "global_std": 0.07799106632182777, "cluster_label": "cluster_4", "diff": -0.07847052603109701, "type": "numerical", "mean": 0.0}, {"std": 0.0, "global_mean": 0.01812, "feature_label": "Soil_Type18", "global_std": 0.13338606943145956, "cluster_label": "cluster_4", "diff": -0.13584626998332058, "type": "numerical", "mean": 0.0}, {"std": 0.0, "global_mean": 0.0067, "feature_label": "Soil_Type19", "global_std": 0.0815792654525377, "cluster_label": "cluster_4", "diff": -0.08212871203036289, "type": "numerical", "mean": 0.0}, {"std": 0.0, "global_mean": 0.00623, "feature_label": "Soil_Type2", "global_std": 0.07868449029195297, "cluster_label": "cluster_4", "diff": -0.07917697600739418, "type": "numerical", "mean": 0.0}, {"std": 0.0, "global_mean": 0.04834, "feature_label": "Soil_Type20", "global_std": 0.21448474173466808, "cluster_label": "cluster_4", "diff": -0.22537733737628665, "type": "numerical", "mean": 0.0}, {"std": 0.0, "global_mean": 0.00016, "feature_label": "Soil_Type21", "global_std": 0.012648161912321884, "cluster_label": "cluster_4", "diff": -0.012650059440188495, "type": "numerical", "mean": 0.0}, {"std": 0.0, "global_mean": 0.00463, "feature_label": "Soil_Type22", "global_std": 0.0678867379249512, "cluster_label": "cluster_4", "diff": -0.06820183354690669, "type": "numerical", "mean": 0.0}, {"std": 0.0, "global_mean": 0.05523, "feature_label": "Soil_Type23", "global_std": 0.2284297898734785, "cluster_label": "cluster_4", "diff": -0.24178107430992474, "type": "numerical", "mean": 0.0}, {"std": 0.0, "global_mean": 0.01762, "feature_label": "Soil_Type24", "global_std": 0.1315663661315037, "cluster_label": "cluster_4", "diff": -0.13392480554177802, "type": "numerical", "mean": 0.0}, {"std": 0.0, "global_mean": 0.00054, "feature_label": "Soil_Type26", "global_std": 0.023231741156024856, "cluster_label": "cluster_4", "diff": -0.02324406063124364, "type": "numerical", "mean": 0.0}, {"std": 0.0, "global_mean": 0.00015, "feature_label": "Soil_Type27", "global_std": 0.01224659135392681, "cluster_label": "cluster_4", "diff": -0.012248306133927071, "type": "numerical", "mean": 0.0}, {"std": 0.0, "global_mean": 9e-05, "feature_label": "Soil_Type28", "global_std": 0.009486453495831125, "cluster_label": "cluster_4", "diff": -0.0094872124803596, "type": "numerical", "mean": 0.0}, {"std": 0.0, "global_mean": 0.37298, "feature_label": "Soil_Type29", "global_std": 0.48359927448556783, "cluster_label": "cluster_4", "diff": -0.7712583944563608, "type": "numerical", "mean": 0.0}, {"std": 0.0, "global_mean": 0.00962, "feature_label": "Soil_Type3", "global_std": 0.09760917413593723, "cluster_label": "cluster_4", "diff": -0.09855630974402599, "type": "numerical", "mean": 0.0}, {"std": 0.0, "global_mean": 0.11125, "feature_label": "Soil_Type30", "global_std": 0.31444304133541273, "cluster_label": "cluster_4", "diff": 2.8264260395954532, "type": "numerical", "mean": 1.0}, {"std": 0.0, "global_mean": 0.00332, "feature_label": "Soil_Type31", "global_std": 0.05752400099162454, "cluster_label": "cluster_4", "diff": -0.057715039683755485, "type": "numerical", "mean": 0.0}, {"std": 0.0, "global_mean": 0.0069, "feature_label": "Soil_Type32", "global_std": 0.0827795779441241, "cluster_label": "cluster_4", "diff": -0.08335389200289803, "type": "numerical", "mean": 0.0}, {"std": 0.0, "global_mean": 0.00616, "feature_label": "Soil_Type33", "global_std": 0.07824394942178904, "cluster_label": "cluster_4", "diff": -0.07872813227759422, "type": "numerical", "mean": 0.0}, {"std": 0.0, "global_mean": 0.00022, "feature_label": "Soil_Type34", "global_std": 0.01483083947517497, "cluster_label": "cluster_4", "diff": -0.014833954636772475, "type": "numerical", "mean": 0.0}, {"std": 0.0, "global_mean": 0.00102, "feature_label": "Soil_Type35", "global_std": 0.03192130620278964, "cluster_label": "cluster_4", "diff": -0.03195357964113828, "type": "numerical", "mean": 0.0}, {"std": 0.0, "global_mean": 0.0001, "feature_label": "Soil_Type36", "global_std": 0.00999954998540971, "cluster_label": "cluster_4", "diff": -0.010000450034842515, "type": "numerical", "mean": 0.0}, {"std": 0.0, "global_mean": 0.00034, "feature_label": "Soil_Type37", "global_std": 0.01843604618349693, "cluster_label": "cluster_4", "diff": -0.018442132147854555, "type": "numerical", "mean": 0.0}, {"std": 0.0, "global_mean": 0.00803, "feature_label": "Soil_Type38", "global_std": 0.08925020311479692, "cluster_label": "cluster_4", "diff": -0.08997178403808803, "type": "numerical", "mean": 0.0}, {"std": 0.0, "global_mean": 0.00863, "feature_label": "Soil_Type39", "global_std": 0.09249653321096128, "cluster_label": "cluster_4", "diff": -0.09330079409913825, "type": "numerical", "mean": 0.0}, {"std": 0.0, "global_mean": 0.00843, "feature_label": "Soil_Type4", "global_std": 0.09142766917178577, "cluster_label": "cluster_4", "diff": -0.09220403490939552, "type": "numerical", "mean": 0.0}, {"std": 0.0, "global_mean": 0.00736, "feature_label": "Soil_Type40", "global_std": 0.0854745778524686, "cluster_label": "cluster_4", "diff": -0.08610747411591264, "type": "numerical", "mean": 0.0}, {"std": 0.0, "global_mean": 0.00165, "feature_label": "Soil_Type5", "global_std": 0.040586869464636, "cluster_label": "cluster_4", "diff": -0.04065354194015067, "type": "numerical", "mean": 0.0}, {"std": 0.0, "global_mean": 0.0065, "feature_label": "Soil_Type6", "global_std": 0.08036052873224228, "cluster_label": "cluster_4", "diff": -0.08088548075209549, "type": "numerical", "mean": 0.0}, {"std": 0.0, "global_mean": 0.00139, "feature_label": "Soil_Type8", "global_std": 0.037256969560305234, "cluster_label": "cluster_4", "diff": -0.037308455744101916, "type": "numerical", "mean": 0.0}, {"std": 0.0, "global_mean": 0.0001, "feature_label": "Soil_Type9", "global_std": 0.009999549985410531, "cluster_label": "cluster_4", "diff": -0.010000450034841695, "type": "numerical", "mean": 0.0}, {"std": 36.926876641659796, "global_mean": 35.24209, "feature_label": "Vertical_Distance_To_Hydrology", "global_std": 42.6227578815217, "cluster_label": "cluster_4", "diff": -0.0521984241506777, "type": "numerical", "mean": 33.01724920562869}, {"std": 0.0, "global_mean": 0.88477, "feature_label": "Wilderness_Area1", "global_std": 0.3193009029586182, "cluster_label": "cluster_4", "diff": 0.3608821614104048, "type": "numerical", "mean": 1.0}, {"std": 0.0, "global_mean": 0.00499, "feature_label": "Wilderness_Area2", "global_std": 0.07046381732144123, "cluster_label": "cluster_4", "diff": -0.07081648695296568, "type": "numerical", "mean": 0.0}, {"std": 0.0, "global_mean": 0.06349, "feature_label": "Wilderness_Area3", "global_std": 0.24384342208868526, "cluster_label": "cluster_4", "diff": -0.26037200206659195, "type": "numerical", "mean": 0.0}, {"std": 0.0, "global_mean": 0.04675, "feature_label": "Wilderness_Area4", "global_std": 0.21110396289233793, "cluster_label": "cluster_4", "diff": -0.22145486687922714, "type": "numerical", "mean": 0.0}], "label": "cluster_4", "size": 11015}, {"feature_stats": [{"std": 102.88835029078479, "global_mean": 138.16292, "feature_label": "Aspect", "global_std": 103.7792014726471, "cluster_label": "cluster_outliers", "diff": 0.13067357284345787, "type": "numerical", "mean": 151.72411904327186}, {"std": 1.987734067331865, "global_mean": 4.0, "feature_label": "Cover_Type", "global_std": 2.000066140846952, "cluster_label": "cluster_outliers", "diff": 0.12294675377091877, "type": "numerical", "mean": 4.245901639344262}, {"std": 445.6942632363145, "global_mean": 2862.03668, "feature_label": "Elevation", "global_std": 231.37658417787077, "cluster_label": "cluster_outliers", "diff": -0.20063048832851316, "type": "numerical", "mean": 2815.6154829286106}, {"std": 43.124304573158746, "global_mean": 139.3013, "feature_label": "Hillshade_3pm", "global_std": 31.175546466051568, "cluster_label": "cluster_outliers", "diff": -0.1480611826092916, "type": "numerical", "mean": 134.68541172174548}, {"std": 26.281769845664723, "global_mean": 218.23359, "feature_label": "Hillshade_9am", "global_std": 20.922249953517216, "cluster_label": "cluster_outliers", "diff": -0.030847687880971083, "type": "numerical", "mean": 217.58818696366623}, {"std": 19.857981466318787, "global_mean": 225.45098, "feature_label": "Hillshade_Noon", "global_std": 16.652574879642664, "cluster_label": "cluster_outliers", "diff": -0.12579762582828133, "type": "numerical", "mean": 223.35612561621326}, {"std": 1283.8737299265404, "global_mean": 3589.61817, "feature_label": "Horizontal_Distance_To_Fire_Points", "global_std": 1781.4471060836497, "cluster_label": "cluster_outliers", "diff": -1.0555239013537083, "type": "numerical", "mean": 1709.2581705313128}, {"std": 230.56614473689416, "global_mean": 260.57953, "feature_label": "Horizontal_Distance_To_Hydrology", "global_std": 202.77771978946984, "cluster_label": "cluster_outliers", "diff": -0.011548648550312311, "type": "numerical", "mean": 258.2377213803177}, {"std": 1401.1852067418001, "global_mean": 3344.2516, "feature_label": "Horizontal_Distance_To_Roadways", "global_std": 1776.8835379643085, "cluster_label": "cluster_outliers", "diff": -0.7680437032512007, "type": "numerical", "mean": 1979.527387255797}, {"std": 8.38160330776474, "global_mean": 11.80279, "feature_label": "Slope", "global_std": 6.498327515485875, "cluster_label": "cluster_outliers", "diff": 0.4944635202762094, "type": "numerical", "mean": 15.015975899214899}, {"std": 0.17708986647050431, "global_mean": 0.00355, "feature_label": "Soil_Type1", "global_std": 0.0594763219638576, "cluster_label": "cluster_outliers", "diff": 0.4852057380181756, "type": "numerical", "mean": 0.032408252693080154}, {"std": 0.0, "global_mean": 0.02142, "feature_label": "Soil_Type10", "global_std": 0.1447805001168068, "cluster_label": "cluster_outliers", "diff": -0.1479481006262491, "type": "numerical", "mean": 0.0}, {"std": 0.18892749454045285, "global_mean": 0.00406, "feature_label": "Soil_Type11", "global_std": 0.06358896787631148, "cluster_label": "cluster_outliers", "diff": 0.5190222027626238, "type": "numerical", "mean": 0.03706408617856491}, {"std": 0.0, "global_mean": 0.22507, "feature_label": "Soil_Type12", "global_std": 0.4176305056533356, "cluster_label": "cluster_outliers", "diff": -0.5389213597984264, "type": "numerical", "mean": 0.0}, {"std": 0.20388710590790424, "global_mean": 0.00476, "feature_label": "Soil_Type13", "global_std": 0.0688286987667399, "cluster_label": "cluster_outliers", "diff": 0.5621847653354548, "type": "numerical", "mean": 0.04345444586452438}, {"std": 0.12325385594875747, "global_mean": 0.00169, "feature_label": "Soil_Type14", "global_std": 0.041075062648818446, "cluster_label": "cluster_outliers", "diff": 0.3344645926998841, "type": "numerical", "mean": 0.015428154098959285}, {"std": 0.0, "global_mean": 0.02046, "feature_label": "Soil_Type16", "global_std": 0.14156831854588645, "cluster_label": "cluster_outliers", "diff": -0.1445238610598339, "type": "numerical", "mean": 0.0}, {"std": 0.22968099751849208, "global_mean": 0.00612, "feature_label": "Soil_Type17", "global_std": 0.07799106632182777, "cluster_label": "cluster_outliers", "diff": 0.6378935969476963, "type": "numerical", "mean": 0.055870001825817056}, {"std": 0.0, "global_mean": 0.01812, "feature_label": "Soil_Type18", "global_std": 0.13338606943145956, "cluster_label": "cluster_outliers", "diff": -0.13584626998332058, "type": "numerical", "mean": 0.0}, {"std": 0.23964342791130658, "global_mean": 0.0067, "feature_label": "Soil_Type19", "global_std": 0.0815792654525377, "cluster_label": "cluster_outliers", "diff": 0.6676313028533589, "type": "numerical", "mean": 0.06116487127989775}, {"std": 0.23161265873760295, "global_mean": 0.00623, "feature_label": "Soil_Type2", "global_std": 0.07868449029195297, "cluster_label": "cluster_outliers", "diff": 0.6436363890409368, "type": "numerical", "mean": 0.056874201205039256}, {"std": 0.013511662952863202, "global_mean": 0.04834, "feature_label": "Soil_Type20", "global_std": 0.21448474173466808, "cluster_label": "cluster_outliers", "diff": -0.22452608006149363, "type": "numerical", "mean": 0.00018258170531312764}, {"std": 0.03819231984502711, "global_mean": 0.00016, "feature_label": "Soil_Type21", "global_std": 0.012648161912321884, "cluster_label": "cluster_outliers", "diff": 0.1028334118049137, "type": "numerical", "mean": 0.001460653642505021}, {"std": 0.20120836261553826, "global_mean": 0.00463, "feature_label": "Soil_Type22", "global_std": 0.0678867379249512, "cluster_label": "cluster_outliers", "diff": 0.5544185201769083, "type": "numerical", "mean": 0.04226766477998904}, {"std": 0.07680646284719932, "global_mean": 0.05523, "feature_label": "Soil_Type23", "global_std": 0.2284297898734785, "cluster_label": "cluster_outliers", "diff": -0.21580414097752845, "type": "numerical", "mean": 0.005933905422676648}, {"std": 0.06032107300456305, "global_mean": 0.01762, "feature_label": "Soil_Type24", "global_std": 0.1315663661315037, "cluster_label": "cluster_outliers", "diff": -0.10616973246624245, "type": "numerical", "mean": 0.0036516341062625525}, {"std": 0.07004178682175145, "global_mean": 0.00054, "feature_label": "Soil_Type26", "global_std": 0.023231741156024856, "cluster_label": "cluster_outliers", "diff": 0.18895295079146626, "type": "numerical", "mean": 0.004929706043454446}, {"std": 0.036981245056215716, "global_mean": 0.00015, "feature_label": "Soil_Type27", "global_std": 0.01224659135392681, "cluster_label": "cluster_outliers", "diff": 0.09956752492255523, "type": "numerical", "mean": 0.001369362789848457}, {"std": 0.02865340415554262, "global_mean": 9e-05, "feature_label": "Soil_Type28", "global_std": 0.009486453495831125, "cluster_label": "cluster_outliers", "diff": 0.07712235918624255, "type": "numerical", "mean": 0.0008216176739090743}, {"std": 0.009554624673768016, "global_mean": 0.37298, "feature_label": "Soil_Type29", "global_std": 0.48359927448556783, "cluster_label": "cluster_outliers", "diff": -0.7710696206978525, "type": "numerical", "mean": 9.129085265656382e-05}, {"std": 0.2830484862246807, "global_mean": 0.00962, "feature_label": "Soil_Type3", "global_std": 0.09760917413593723, "cluster_label": "cluster_outliers", "diff": 0.801172645377628, "type": "numerical", "mean": 0.08782180025561438}, {"std": 0.0, "global_mean": 0.11125, "feature_label": "Soil_Type30", "global_std": 0.31444304133541273, "cluster_label": "cluster_outliers", "diff": -0.35380016529394565, "type": "numerical", "mean": 0.0}, {"std": 0.17144281077025603, "global_mean": 0.00332, "feature_label": "Soil_Type31", "global_std": 0.05752400099162454, "cluster_label": "cluster_outliers", "diff": 0.46917047869999, "type": "numerical", "mean": 0.030308563081979184}, {"std": 0.24295730130137294, "global_mean": 0.0069, "feature_label": "Soil_Type32", "global_std": 0.0827795779441241, "cluster_label": "cluster_outliers", "diff": 0.6775908953158715, "type": "numerical", "mean": 0.06299068833302902}, {"std": 0.23038580018781465, "global_mean": 0.00616, "feature_label": "Soil_Type33", "global_std": 0.07824394942178904, "cluster_label": "cluster_outliers", "diff": 0.6399877000904378, "type": "numerical", "mean": 0.056235165236443306}, {"std": 0.044772179864012336, "global_mean": 0.00022, "feature_label": "Soil_Type34", "global_std": 0.01483083947517497, "cluster_label": "cluster_outliers", "diff": 0.12058648206920228, "type": "numerical", "mean": 0.002008398758444404}, {"std": 0.09605103883106585, "global_mean": 0.00102, "feature_label": "Soil_Type35", "global_std": 0.03192130620278964, "cluster_label": "cluster_outliers", "diff": 0.2597533734457549, "type": "numerical", "mean": 0.00931166697096951}, {"std": 0.03020196014012294, "global_mean": 0.0001, "feature_label": "Soil_Type36", "global_std": 0.00999954998540971, "cluster_label": "cluster_outliers", "diff": 0.08129451102817112, "type": "numerical", "mean": 0.0009129085265656381}, {"std": 0.055628566100642, "global_mean": 0.00034, "feature_label": "Soil_Type37", "global_std": 0.01843604618349693, "cluster_label": "cluster_outliers", "diff": 0.14991766471041235, "type": "numerical", "mean": 0.0031038889903231698}, {"std": 0.2606509273421679, "global_mean": 0.00803, "feature_label": "Soil_Type38", "global_std": 0.08925020311479692, "cluster_label": "cluster_outliers", "diff": 0.7313883039488394, "type": "numerical", "mean": 0.07330655468322074}, {"std": 0.269413645710455, "global_mean": 0.00863, "feature_label": "Soil_Type39", "global_std": 0.09249653321096128, "cluster_label": "cluster_outliers", "diff": 0.7584501105853444, "type": "numerical", "mean": 0.07878400584261457}, {"std": 0.26653726092734276, "global_mean": 0.00843, "feature_label": "Soil_Type4", "global_std": 0.09142766917178577, "cluster_label": "cluster_outliers", "diff": 0.7495344616160339, "type": "numerical", "mean": 0.0769581887894833}, {"std": 0.25036230667788606, "global_mean": 0.00736, "feature_label": "Soil_Type40", "global_std": 0.0854745778524686, "cluster_label": "cluster_outliers", "diff": 0.6999749990985537, "type": "numerical", "mean": 0.06719006755523096}, {"std": 0.12180907816520778, "global_mean": 0.00165, "feature_label": "Soil_Type5", "global_std": 0.040586869464636, "cluster_label": "cluster_outliers", "diff": 0.3304761087824225, "type": "numerical", "mean": 0.01506299068833303}, {"std": 0.23626897172919897, "global_mean": 0.0065, "feature_label": "Soil_Type6", "global_std": 0.08036052873224228, "cluster_label": "cluster_outliers", "diff": 0.6575249697873923, "type": "numerical", "mean": 0.059339054226766476}, {"std": 0.11193547586216282, "global_mean": 0.00139, "feature_label": "Soil_Type8", "global_std": 0.037256969560305234, "cluster_label": "cluster_outliers", "diff": 0.30328361787377206, "type": "numerical", "mean": 0.01268942851926237}, {"std": 0.030201960140123375, "global_mean": 0.0001, "feature_label": "Soil_Type9", "global_std": 0.009999549985410531, "cluster_label": "cluster_outliers", "diff": 0.08129451102816446, "type": "numerical", "mean": 0.0009129085265656381}, {"std": 63.036160739454616, "global_mean": 35.24209, "feature_label": "Vertical_Distance_To_Hydrology", "global_std": 42.6227578815217, "cluster_label": "cluster_outliers", "diff": 0.4036202774298246, "type": "numerical", "mean": 52.44549936096403}, {"std": 0.4028118369578156, "global_mean": 0.88477, "feature_label": "Wilderness_Area1", "global_std": 0.3193009029586182, "cluster_label": "cluster_outliers", "diff": -2.1328120608503545, "type": "numerical", "mean": 0.20376118312945043}, {"std": 0.20852559989141486, "global_mean": 0.00499, "feature_label": "Wilderness_Area2", "global_std": 0.07046381732144123, "cluster_label": "cluster_outliers", "diff": 0.5756732606549007, "type": "numerical", "mean": 0.04555413547562534}, {"std": 0.49874702524783987, "global_mean": 0.06349, "feature_label": "Wilderness_Area3", "global_std": 0.24384342208868526, "cluster_label": "cluster_outliers", "diff": 1.6437403690369308, "type": "numerical", "mean": 0.46430527661128357}, {"std": 0.45208948203991417, "global_mean": 0.04675, "feature_label": "Wilderness_Area4", "global_std": 0.21110396289233793, "cluster_label": "cluster_outliers", "diff": 1.135125089555285, "type": "numerical", "mean": 0.28637940478364066}], "label": "cluster_outliers", "size": 10954}], "global_stats": {"Soil_Type39": {"std": 0.09249653321096128, "mean": 0.00863, "label": "Soil_Type39"}, "Soil_Type22": {"std": 0.0678867379249512, "mean": 0.00463, "label": "Soil_Type22"}, "Soil_Type18": {"std": 0.13338606943145956, "mean": 0.01812, "label": "Soil_Type18"}, "Soil_Type19": {"std": 0.0815792654525377, "mean": 0.0067, "label": "Soil_Type19"}, "Soil_Type30": {"std": 0.31444304133541273, "mean": 0.11125, "label": "Soil_Type30"}, "Soil_Type31": {"std": 0.05752400099162454, "mean": 0.00332, "label": "Soil_Type31"}, "Elevation": {"std": 231.37658417787077, "mean": 2862.03668, "label": "Elevation"}, "Hillshade_3pm": {"std": 31.175546466051568, "mean": 139.3013, "label": "Hillshade_3pm"}, "Soil_Type34": {"std": 0.01483083947517497, "mean": 0.00022, "label": "Soil_Type34"}, "Soil_Type35": {"std": 0.03192130620278964, "mean": 0.00102, "label": "Soil_Type35"}, "Soil_Type10": {"std": 0.1447805001168068, "mean": 0.02142, "label": "Soil_Type10"}, "Soil_Type11": {"std": 0.06358896787631148, "mean": 0.00406, "label": "Soil_Type11"}, "Soil_Type12": {"std": 0.4176305056533356, "mean": 0.22507, "label": "Soil_Type12"}, "Soil_Type13": {"std": 0.0688286987667399, "mean": 0.00476, "label": "Soil_Type13"}, "Soil_Type14": {"std": 0.041075062648818446, "mean": 0.00169, "label": "Soil_Type14"}, "Soil_Type16": {"std": 0.14156831854588645, "mean": 0.02046, "label": "Soil_Type16"}, "Soil_Type17": {"std": 0.07799106632182777, "mean": 0.00612, "label": "Soil_Type17"}, "Horizontal_Distance_To_Roadways": {"std": 1776.8835379643085, "mean": 3344.2516, "label": "Horizontal_Distance_To_Roadways"}, "Horizontal_Distance_To_Fire_Points": {"std": 1781.4471060836497, "mean": 3589.61817, "label": "Horizontal_Distance_To_Fire_Points"}, "Vertical_Distance_To_Hydrology": {"std": 42.6227578815217, "mean": 35.24209, "label": "Vertical_Distance_To_Hydrology"}, "Wilderness_Area1": {"std": 0.3193009029586182, "mean": 0.88477, "label": "Wilderness_Area1"}, "Wilderness_Area2": {"std": 0.07046381732144123, "mean": 0.00499, "label": "Wilderness_Area2"}, "Wilderness_Area3": {"std": 0.24384342208868526, "mean": 0.06349, "label": "Wilderness_Area3"}, "Wilderness_Area4": {"std": 0.21110396289233793, "mean": 0.04675, "label": "Wilderness_Area4"}, "Soil_Type32": {"std": 0.0827795779441241, "mean": 0.0069, "label": "Soil_Type32"}, "Soil_Type5": {"std": 0.040586869464636, "mean": 0.00165, "label": "Soil_Type5"}, "Cover_Type": {"std": 2.000066140846952, "mean": 4.0, "label": "Cover_Type"}, "Soil_Type33": {"std": 0.07824394942178904, "mean": 0.00616, "label": "Soil_Type33"}, "Horizontal_Distance_To_Hydrology": {"std": 202.77771978946984, "mean": 260.57953, "label": "Horizontal_Distance_To_Hydrology"}, "Soil_Type36": {"std": 0.00999954998540971, "mean": 0.0001, "label": "Soil_Type36"}, "Soil_Type37": {"std": 0.01843604618349693, "mean": 0.00034, "label": "Soil_Type37"}, "Slope": {"std": 6.498327515485875, "mean": 11.80279, "label": "Slope"}, "Soil_Type29": {"std": 0.48359927448556783, "mean": 0.37298, "label": "Soil_Type29"}, "Soil_Type28": {"std": 0.009486453495831125, "mean": 9e-05, "label": "Soil_Type28"}, "Soil_Type40": {"std": 0.0854745778524686, "mean": 0.00736, "label": "Soil_Type40"}, "Soil_Type24": {"std": 0.1315663661315037, "mean": 0.01762, "label": "Soil_Type24"}, "Soil_Type27": {"std": 0.01224659135392681, "mean": 0.00015, "label": "Soil_Type27"}, "Soil_Type26": {"std": 0.023231741156024856, "mean": 0.00054, "label": "Soil_Type26"}, "Soil_Type21": {"std": 0.012648161912321884, "mean": 0.00016, "label": "Soil_Type21"}, "Soil_Type20": {"std": 0.21448474173466808, "mean": 0.04834, "label": "Soil_Type20"}, "Soil_Type23": {"std": 0.2284297898734785, "mean": 0.05523, "label": "Soil_Type23"}, "Hillshade_9am": {"std": 20.922249953517216, "mean": 218.23359, "label": "Hillshade_9am"}, "Soil_Type8": {"std": 0.037256969560305234, "mean": 0.00139, "label": "Soil_Type8"}, "Soil_Type9": {"std": 0.009999549985410531, "mean": 0.0001, "label": "Soil_Type9"}, "Aspect": {"std": 103.7792014726471, "mean": 138.16292, "label": "Aspect"}, "Soil_Type2": {"std": 0.07868449029195297, "mean": 0.00623, "label": "Soil_Type2"}, "Soil_Type3": {"std": 0.09760917413593723, "mean": 0.00962, "label": "Soil_Type3"}, "Soil_Type1": {"std": 0.0594763219638576, "mean": 0.00355, "label": "Soil_Type1"}, "Soil_Type6": {"std": 0.08036052873224228, "mean": 0.0065, "label": "Soil_Type6"}, "Soil_Type38": {"std": 0.08925020311479692, "mean": 0.00803, "label": "Soil_Type38"}, "Soil_Type4": {"std": 0.09142766917178577, "mean": 0.00843, "label": "Soil_Type4"}, "Hillshade_Noon": {"std": 16.652574879642664, "mean": 225.45098, "label": "Hillshade_Noon"}}, "nb_rows": 100000}