{
    "metrics": {
        "nbClusters": 5, 
        "silhouette": 0.19882162491541563, 
        "inertia": 1183268.6372299097
    }, 
    "reduce_vars": [], 
    "train_nb_features": 52, 
    "train_nb_records": 89046, 
    "variables_importance": {
        "variables": [
            "Aspect", 
            "Cover_Type", 
            "Elevation", 
            "Hillshade_3pm", 
            "Hillshade_9am", 
            "Hillshade_Noon", 
            "Horizontal_Distance_To_Fire_Points", 
            "Horizontal_Distance_To_Hydrology", 
            "Horizontal_Distance_To_Roadways", 
            "Slope", 
            "Soil_Type10", 
            "Soil_Type12", 
            "Soil_Type16", 
            "Soil_Type18", 
            "Soil_Type20", 
            "Soil_Type23", 
            "Soil_Type24", 
            "Soil_Type29", 
            "Soil_Type30", 
            "Vertical_Distance_To_Hydrology", 
            "Wilderness_Area1", 
            "Wilderness_Area3", 
            "Wilderness_Area4"
        ], 
        "importances": [
            0.12779449613928329, 
            0.0049628186543046703, 
            0.034300761236491471, 
            0.088669422882199062, 
            0.05122897276809639, 
            0.031100209049302188, 
            0.014126361480536561, 
            0.015530630838214885, 
            0.031589891594339191, 
            0.011798272304538395, 
            0.016424192536068166, 
            0.22262073191282744, 
            0.0052403023722869587, 
            0.017002790909165927, 
            0.015774146205316461, 
            0.018909529357066125, 
            0.0034515629186783734, 
            0.10337725346349114, 
            0.1571542586880717, 
            0.010594830605297598, 
            0.010281771540418127, 
            0.0017176432293082489, 
            0.0063491493146977185
        ]
    }, 
    "cluster_description": [
        {
            "variable": "Soil_Type39", 
            "var": 0.0, 
            "values": [
                {
                    "cluster": "cluster_0", 
                    "col": 0, 
                    "value": 0.0
                }, 
                {
                    "cluster": "cluster_1", 
                    "col": 1, 
                    "value": 0.0
                }, 
                {
                    "cluster": "cluster_2", 
                    "col": 2, 
                    "value": 0.0
                }, 
                {
                    "cluster": "cluster_3", 
                    "col": 3, 
                    "value": 0.0
                }, 
                {
                    "cluster": "cluster_4", 
                    "col": 4, 
                    "value": 0.0
                }, 
                {
                    "cluster": "cluster_outliers", 
                    "col": 6, 
                    "value": 0.078784005842614566
                }
            ]
        }, 
        {
            "variable": "Hillshade_9am", 
            "var": 335.43, 
            "values": [
                {
                    "cluster": "cluster_0", 
                    "col": 0, 
                    "value": 225.02058814766261
                }, 
                {
                    "cluster": "cluster_1", 
                    "col": 1, 
                    "value": 223.98287627686179
                }, 
                {
                    "cluster": "cluster_2", 
                    "col": 2, 
                    "value": 196.83707895158278
                }, 
                {
                    "cluster": "cluster_3", 
                    "col": 3, 
                    "value": 183.4467787114846
                }, 
                {
                    "cluster": "cluster_4", 
                    "col": 4, 
                    "value": 229.03422605537904
                }, 
                {
                    "cluster": "cluster_outliers", 
                    "col": 6, 
                    "value": 217.58818696366623
                }
            ]
        }, 
        {
            "variable": "Soil_Type18", 
            "var": 0.0, 
            "values": [
                {
                    "cluster": "cluster_0", 
                    "col": 0, 
                    "value": 0.0
                }, 
                {
                    "cluster": "cluster_1", 
                    "col": 1, 
                    "value": 0.076802441402110802
                }, 
                {
                    "cluster": "cluster_2", 
                    "col": 2, 
                    "value": 0.0
                }, 
                {
                    "cluster": "cluster_3", 
                    "col": 3, 
                    "value": 0.0
                }, 
                {
                    "cluster": "cluster_4", 
                    "col": 4, 
                    "value": 0.0
                }, 
                {
                    "cluster": "cluster_outliers", 
                    "col": 6, 
                    "value": 0.0
                }
            ]
        }, 
        {
            "variable": "Soil_Type19", 
            "var": 0.0, 
            "values": [
                {
                    "cluster": "cluster_0", 
                    "col": 0, 
                    "value": 0.0
                }, 
                {
                    "cluster": "cluster_1", 
                    "col": 1, 
                    "value": 0.0
                }, 
                {
                    "cluster": "cluster_2", 
                    "col": 2, 
                    "value": 0.0
                }, 
                {
                    "cluster": "cluster_3", 
                    "col": 3, 
                    "value": 0.0
                }, 
                {
                    "cluster": "cluster_4", 
                    "col": 4, 
                    "value": 0.0
                }, 
                {
                    "cluster": "cluster_outliers", 
                    "col": 6, 
                    "value": 0.061164871279897753
                }
            ]
        }, 
        {
            "variable": "Soil_Type30", 
            "var": 0.17, 
            "values": [
                {
                    "cluster": "cluster_0", 
                    "col": 0, 
                    "value": 0.0
                }, 
                {
                    "cluster": "cluster_1", 
                    "col": 1, 
                    "value": 0.0
                }, 
                {
                    "cluster": "cluster_2", 
                    "col": 2, 
                    "value": 0.0058719906048150319
                }, 
                {
                    "cluster": "cluster_3", 
                    "col": 3, 
                    "value": 0.0
                }, 
                {
                    "cluster": "cluster_4", 
                    "col": 4, 
                    "value": 1.0
                }, 
                {
                    "cluster": "cluster_outliers", 
                    "col": 6, 
                    "value": 0.0
                }
            ]
        }, 
        {
            "variable": "Soil_Type31", 
            "var": 0.0, 
            "values": [
                {
                    "cluster": "cluster_0", 
                    "col": 0, 
                    "value": 0.0
                }, 
                {
                    "cluster": "cluster_1", 
                    "col": 1, 
                    "value": 0.0
                }, 
                {
                    "cluster": "cluster_2", 
                    "col": 2, 
                    "value": 0.0
                }, 
                {
                    "cluster": "cluster_3", 
                    "col": 3, 
                    "value": 0.0
                }, 
                {
                    "cluster": "cluster_4", 
                    "col": 4, 
                    "value": 0.0
                }, 
                {
                    "cluster": "cluster_outliers", 
                    "col": 6, 
                    "value": 0.030308563081979184
                }
            ]
        }, 
        {
            "variable": "Elevation", 
            "var": 41848.19, 
            "values": [
                {
                    "cluster": "cluster_0", 
                    "col": 0, 
                    "value": 2923.9493489854899
                }, 
                {
                    "cluster": "cluster_1", 
                    "col": 1, 
                    "value": 2793.0390793879542
                }, 
                {
                    "cluster": "cluster_2", 
                    "col": 2, 
                    "value": 2941.9920461218171
                }, 
                {
                    "cluster": "cluster_3", 
                    "col": 3, 
                    "value": 2381.4631185807657
                }, 
                {
                    "cluster": "cluster_4", 
                    "col": 4, 
                    "value": 2824.8118020880615
                }, 
                {
                    "cluster": "cluster_outliers", 
                    "col": 6, 
                    "value": 2815.6154829286106
                }
            ]
        }, 
        {
            "variable": "Soil_Type37", 
            "var": 0.0, 
            "values": [
                {
                    "cluster": "cluster_0", 
                    "col": 0, 
                    "value": 0.0
                }, 
                {
                    "cluster": "cluster_1", 
                    "col": 1, 
                    "value": 0.0
                }, 
                {
                    "cluster": "cluster_2", 
                    "col": 2, 
                    "value": 0.0
                }, 
                {
                    "cluster": "cluster_3", 
                    "col": 3, 
                    "value": 0.0
                }, 
                {
                    "cluster": "cluster_4", 
                    "col": 4, 
                    "value": 0.0
                }, 
                {
                    "cluster": "cluster_outliers", 
                    "col": 6, 
                    "value": 0.0031038889903231698
                }
            ]
        }, 
        {
            "variable": "Soil_Type34", 
            "var": 0.0, 
            "values": [
                {
                    "cluster": "cluster_0", 
                    "col": 0, 
                    "value": 0.0
                }, 
                {
                    "cluster": "cluster_1", 
                    "col": 1, 
                    "value": 0.0
                }, 
                {
                    "cluster": "cluster_2", 
                    "col": 2, 
                    "value": 0.0
                }, 
                {
                    "cluster": "cluster_3", 
                    "col": 3, 
                    "value": 0.0
                }, 
                {
                    "cluster": "cluster_4", 
                    "col": 4, 
                    "value": 0.0
                }, 
                {
                    "cluster": "cluster_outliers", 
                    "col": 6, 
                    "value": 0.0020083987584444038
                }
            ]
        }, 
        {
            "variable": "Soil_Type35", 
            "var": 0.0, 
            "values": [
                {
                    "cluster": "cluster_0", 
                    "col": 0, 
                    "value": 0.0
                }, 
                {
                    "cluster": "cluster_1", 
                    "col": 1, 
                    "value": 0.0
                }, 
                {
                    "cluster": "cluster_2", 
                    "col": 2, 
                    "value": 0.0
                }, 
                {
                    "cluster": "cluster_3", 
                    "col": 3, 
                    "value": 0.0
                }, 
                {
                    "cluster": "cluster_4", 
                    "col": 4, 
                    "value": 0.0
                }, 
                {
                    "cluster": "cluster_outliers", 
                    "col": 6, 
                    "value": 0.0093116669709695093
                }
            ]
        }, 
        {
            "variable": "Soil_Type10", 
            "var": 0.17, 
            "values": [
                {
                    "cluster": "cluster_0", 
                    "col": 0, 
                    "value": 0.0
                }, 
                {
                    "cluster": "cluster_1", 
                    "col": 1, 
                    "value": 0.0
                }, 
                {
                    "cluster": "cluster_2", 
                    "col": 2, 
                    "value": 0.0
                }, 
                {
                    "cluster": "cluster_3", 
                    "col": 3, 
                    "value": 1.0
                }, 
                {
                    "cluster": "cluster_4", 
                    "col": 4, 
                    "value": 0.0
                }, 
                {
                    "cluster": "cluster_outliers", 
                    "col": 6, 
                    "value": 0.0
                }
            ]
        }, 
        {
            "variable": "Soil_Type11", 
            "var": 0.0, 
            "values": [
                {
                    "cluster": "cluster_0", 
                    "col": 0, 
                    "value": 0.0
                }, 
                {
                    "cluster": "cluster_1", 
                    "col": 1, 
                    "value": 0.0
                }, 
                {
                    "cluster": "cluster_2", 
                    "col": 2, 
                    "value": 0.0
                }, 
                {
                    "cluster": "cluster_3", 
                    "col": 3, 
                    "value": 0.0
                }, 
                {
                    "cluster": "cluster_4", 
                    "col": 4, 
                    "value": 0.0
                }, 
                {
                    "cluster": "cluster_outliers", 
                    "col": 6, 
                    "value": 0.037064086178564909
                }
            ]
        }, 
        {
            "variable": "Soil_Type12", 
            "var": 0.14, 
            "values": [
                {
                    "cluster": "cluster_0", 
                    "col": 0, 
                    "value": 0.0
                }, 
                {
                    "cluster": "cluster_1", 
                    "col": 1, 
                    "value": 0.92307040223795189
                }, 
                {
                    "cluster": "cluster_2", 
                    "col": 2, 
                    "value": 0.038915283190092353
                }, 
                {
                    "cluster": "cluster_3", 
                    "col": 3, 
                    "value": 0.0
                }, 
                {
                    "cluster": "cluster_4", 
                    "col": 4, 
                    "value": 0.0
                }, 
                {
                    "cluster": "cluster_outliers", 
                    "col": 6, 
                    "value": 0.0
                }
            ]
        }, 
        {
            "variable": "Soil_Type13", 
            "var": 0.0, 
            "values": [
                {
                    "cluster": "cluster_0", 
                    "col": 0, 
                    "value": 0.0
                }, 
                {
                    "cluster": "cluster_1", 
                    "col": 1, 
                    "value": 0.0
                }, 
                {
                    "cluster": "cluster_2", 
                    "col": 2, 
                    "value": 0.0
                }, 
                {
                    "cluster": "cluster_3", 
                    "col": 3, 
                    "value": 0.0
                }, 
                {
                    "cluster": "cluster_4", 
                    "col": 4, 
                    "value": 0.0
                }, 
                {
                    "cluster": "cluster_outliers", 
                    "col": 6, 
                    "value": 0.043454445864524377
                }
            ]
        }, 
        {
            "variable": "Soil_Type14", 
            "var": 0.0, 
            "values": [
                {
                    "cluster": "cluster_0", 
                    "col": 0, 
                    "value": 0.0
                }, 
                {
                    "cluster": "cluster_1", 
                    "col": 1, 
                    "value": 0.0
                }, 
                {
                    "cluster": "cluster_2", 
                    "col": 2, 
                    "value": 0.0
                }, 
                {
                    "cluster": "cluster_3", 
                    "col": 3, 
                    "value": 0.0
                }, 
                {
                    "cluster": "cluster_4", 
                    "col": 4, 
                    "value": 0.0
                }, 
                {
                    "cluster": "cluster_outliers", 
                    "col": 6, 
                    "value": 0.015428154098959285
                }
            ]
        }, 
        {
            "variable": "Soil_Type16", 
            "var": 0.0, 
            "values": [
                {
                    "cluster": "cluster_0", 
                    "col": 0, 
                    "value": 0.033191311861275809
                }, 
                {
                    "cluster": "cluster_1", 
                    "col": 1, 
                    "value": 8.4770906624846354e-05
                }, 
                {
                    "cluster": "cluster_2", 
                    "col": 2, 
                    "value": 0.049645011477072544
                }, 
                {
                    "cluster": "cluster_3", 
                    "col": 3, 
                    "value": 0.0
                }, 
                {
                    "cluster": "cluster_4", 
                    "col": 4, 
                    "value": 0.0
                }, 
                {
                    "cluster": "cluster_outliers", 
                    "col": 6, 
                    "value": 0.0
                }
            ]
        }, 
        {
            "variable": "Soil_Type17", 
            "var": 0.0, 
            "values": [
                {
                    "cluster": "cluster_0", 
                    "col": 0, 
                    "value": 0.0
                }, 
                {
                    "cluster": "cluster_1", 
                    "col": 1, 
                    "value": 0.0
                }, 
                {
                    "cluster": "cluster_2", 
                    "col": 2, 
                    "value": 0.0
                }, 
                {
                    "cluster": "cluster_3", 
                    "col": 3, 
                    "value": 0.0
                }, 
                {
                    "cluster": "cluster_4", 
                    "col": 4, 
                    "value": 0.0
                }, 
                {
                    "cluster": "cluster_outliers", 
                    "col": 6, 
                    "value": 0.055870001825817056
                }
            ]
        }, 
        {
            "variable": "Horizontal_Distance_To_Roadways", 
            "var": 1606726.81, 
            "values": [
                {
                    "cluster": "cluster_0", 
                    "col": 0, 
                    "value": 3736.7137621785896
                }, 
                {
                    "cluster": "cluster_1", 
                    "col": 1, 
                    "value": 2734.2351968804305
                }, 
                {
                    "cluster": "cluster_2", 
                    "col": 2, 
                    "value": 4594.3736187476643
                }, 
                {
                    "cluster": "cluster_3", 
                    "col": 3, 
                    "value": 1019.1367880485527
                }, 
                {
                    "cluster": "cluster_4", 
                    "col": 4, 
                    "value": 3138.2560145256471
                }, 
                {
                    "cluster": "cluster_outliers", 
                    "col": 6, 
                    "value": 1979.5273872557971
                }
            ]
        }, 
        {
            "variable": "Horizontal_Distance_To_Fire_Points", 
            "var": 1799609.85, 
            "values": [
                {
                    "cluster": "cluster_0", 
                    "col": 0, 
                    "value": 3892.0599469654085
                }, 
                {
                    "cluster": "cluster_1", 
                    "col": 1, 
                    "value": 4006.4965455855549
                }, 
                {
                    "cluster": "cluster_2", 
                    "col": 2, 
                    "value": 4094.7960817808148
                }, 
                {
                    "cluster": "cluster_3", 
                    "col": 3, 
                    "value": 942.16853408029874
                }, 
                {
                    "cluster": "cluster_4", 
                    "col": 4, 
                    "value": 3300.7881979119384
                }, 
                {
                    "cluster": "cluster_outliers", 
                    "col": 6, 
                    "value": 1709.2581705313128
                }
            ]
        }, 
        {
            "variable": "Vertical_Distance_To_Hydrology", 
            "var": 128.84, 
            "values": [
                {
                    "cluster": "cluster_0", 
                    "col": 0, 
                    "value": 26.059797991836248
                }, 
                {
                    "cluster": "cluster_1", 
                    "col": 1, 
                    "value": 33.305260034756074
                }, 
                {
                    "cluster": "cluster_2", 
                    "col": 2, 
                    "value": 43.255431591309453
                }, 
                {
                    "cluster": "cluster_3", 
                    "col": 3, 
                    "value": 53.835667600373483
                }, 
                {
                    "cluster": "cluster_4", 
                    "col": 4, 
                    "value": 33.017249205628687
                }, 
                {
                    "cluster": "cluster_outliers", 
                    "col": 6, 
                    "value": 52.445499360964028
                }
            ]
        }, 
        {
            "variable": "Wilderness_Area1", 
            "var": 0.22, 
            "values": [
                {
                    "cluster": "cluster_0", 
                    "col": 0, 
                    "value": 0.99109138038911893
                }, 
                {
                    "cluster": "cluster_1", 
                    "col": 1, 
                    "value": 1.0
                }, 
                {
                    "cluster": "cluster_2", 
                    "col": 2, 
                    "value": 0.98078257620242348
                }, 
                {
                    "cluster": "cluster_3", 
                    "col": 3, 
                    "value": 0.0
                }, 
                {
                    "cluster": "cluster_4", 
                    "col": 4, 
                    "value": 1.0
                }, 
                {
                    "cluster": "cluster_outliers", 
                    "col": 6, 
                    "value": 0.20376118312945043
                }
            ]
        }, 
        {
            "variable": "Wilderness_Area2", 
            "var": 0.0, 
            "values": [
                {
                    "cluster": "cluster_0", 
                    "col": 0, 
                    "value": 0.0
                }, 
                {
                    "cluster": "cluster_1", 
                    "col": 1, 
                    "value": 0.0
                }, 
                {
                    "cluster": "cluster_2", 
                    "col": 2, 
                    "value": 0.0
                }, 
                {
                    "cluster": "cluster_3", 
                    "col": 3, 
                    "value": 0.0
                }, 
                {
                    "cluster": "cluster_4", 
                    "col": 4, 
                    "value": 0.0
                }, 
                {
                    "cluster": "cluster_outliers", 
                    "col": 6, 
                    "value": 0.04555413547562534
                }
            ]
        }, 
        {
            "variable": "Wilderness_Area3", 
            "var": 0.04, 
            "values": [
                {
                    "cluster": "cluster_0", 
                    "col": 0, 
                    "value": 0.0081935464648571349
                }, 
                {
                    "cluster": "cluster_1", 
                    "col": 1, 
                    "value": 0.0
                }, 
                {
                    "cluster": "cluster_2", 
                    "col": 2, 
                    "value": 0.017509208348903006
                }, 
                {
                    "cluster": "cluster_3", 
                    "col": 3, 
                    "value": 0.3081232492997199
                }, 
                {
                    "cluster": "cluster_4", 
                    "col": 4, 
                    "value": 0.0
                }, 
                {
                    "cluster": "cluster_outliers", 
                    "col": 6, 
                    "value": 0.46430527661128357
                }
            ]
        }, 
        {
            "variable": "Wilderness_Area4", 
            "var": 0.08, 
            "values": [
                {
                    "cluster": "cluster_0", 
                    "col": 0, 
                    "value": 0.00071507314602389533
                }, 
                {
                    "cluster": "cluster_1", 
                    "col": 1, 
                    "value": 0.0
                }, 
                {
                    "cluster": "cluster_2", 
                    "col": 2, 
                    "value": 0.001708215448673464
                }, 
                {
                    "cluster": "cluster_3", 
                    "col": 3, 
                    "value": 0.6918767507002801
                }, 
                {
                    "cluster": "cluster_4", 
                    "col": 4, 
                    "value": 0.0
                }, 
                {
                    "cluster": "cluster_outliers", 
                    "col": 6, 
                    "value": 0.28637940478364066
                }
            ]
        }, 
        {
            "variable": "Soil_Type32", 
            "var": 0.0, 
            "values": [
                {
                    "cluster": "cluster_0", 
                    "col": 0, 
                    "value": 0.0
                }, 
                {
                    "cluster": "cluster_1", 
                    "col": 1, 
                    "value": 0.0
                }, 
                {
                    "cluster": "cluster_2", 
                    "col": 2, 
                    "value": 0.0
                }, 
                {
                    "cluster": "cluster_3", 
                    "col": 3, 
                    "value": 0.0
                }, 
                {
                    "cluster": "cluster_4", 
                    "col": 4, 
                    "value": 0.0
                }, 
                {
                    "cluster": "cluster_outliers", 
                    "col": 6, 
                    "value": 0.062990688333029024
                }
            ]
        }, 
        {
            "variable": "Hillshade_3pm", 
            "var": 348.83, 
            "values": [
                {
                    "cluster": "cluster_0", 
                    "col": 0, 
                    "value": 126.02252480409975
                }, 
                {
                    "cluster": "cluster_1", 
                    "col": 1, 
                    "value": 137.75119738905607
                }, 
                {
                    "cluster": "cluster_2", 
                    "col": 2, 
                    "value": 174.77275396359366
                }, 
                {
                    "cluster": "cluster_3", 
                    "col": 3, 
                    "value": 150.05508870214751
                }, 
                {
                    "cluster": "cluster_4", 
                    "col": 4, 
                    "value": 125.2557421697685
                }, 
                {
                    "cluster": "cluster_outliers", 
                    "col": 6, 
                    "value": 134.68541172174548
                }
            ]
        }, 
        {
            "variable": "Cover_Type", 
            "var": 0.94, 
            "values": [
                {
                    "cluster": "cluster_0", 
                    "col": 0, 
                    "value": 2.6787994891443168
                }, 
                {
                    "cluster": "cluster_1", 
                    "col": 1, 
                    "value": 2.3914590747330959
                }, 
                {
                    "cluster": "cluster_2", 
                    "col": 2, 
                    "value": 2.6644370122630994
                }, 
                {
                    "cluster": "cluster_3", 
                    "col": 3, 
                    "value": 4.6349206349206353
                }, 
                {
                    "cluster": "cluster_4", 
                    "col": 4, 
                    "value": 4.0264623955431755
                }, 
                {
                    "cluster": "cluster_outliers", 
                    "col": 6, 
                    "value": 4.2459016393442619
                }
            ]
        }, 
        {
            "variable": "Hillshade_Noon", 
            "var": 119.09, 
            "values": [
                {
                    "cluster": "cluster_0", 
                    "col": 0, 
                    "value": 219.73321812710427
                }, 
                {
                    "cluster": "cluster_1", 
                    "col": 1, 
                    "value": 228.26452761412284
                }, 
                {
                    "cluster": "cluster_2", 
                    "col": 2, 
                    "value": 234.84391181337747
                }, 
                {
                    "cluster": "cluster_3", 
                    "col": 3, 
                    "value": 203.03968253968253
                }, 
                {
                    "cluster": "cluster_4", 
                    "col": 4, 
                    "value": 227.31384475714935
                }, 
                {
                    "cluster": "cluster_outliers", 
                    "col": 6, 
                    "value": 223.35612561621326
                }
            ]
        }, 
        {
            "variable": "Soil_Type33", 
            "var": 0.0, 
            "values": [
                {
                    "cluster": "cluster_0", 
                    "col": 0, 
                    "value": 0.0
                }, 
                {
                    "cluster": "cluster_1", 
                    "col": 1, 
                    "value": 0.0
                }, 
                {
                    "cluster": "cluster_2", 
                    "col": 2, 
                    "value": 0.0
                }, 
                {
                    "cluster": "cluster_3", 
                    "col": 3, 
                    "value": 0.0
                }, 
                {
                    "cluster": "cluster_4", 
                    "col": 4, 
                    "value": 0.0
                }, 
                {
                    "cluster": "cluster_outliers", 
                    "col": 6, 
                    "value": 0.056235165236443306
                }
            ]
        }, 
        {
            "variable": "Horizontal_Distance_To_Hydrology", 
            "var": 3119.15, 
            "values": [
                {
                    "cluster": "cluster_0", 
                    "col": 0, 
                    "value": 236.94163215445579
                }, 
                {
                    "cluster": "cluster_1", 
                    "col": 1, 
                    "value": 281.73191200779894
                }, 
                {
                    "cluster": "cluster_2", 
                    "col": 2, 
                    "value": 323.69503016067904
                }, 
                {
                    "cluster": "cluster_3", 
                    "col": 3, 
                    "value": 168.84267040149393
                }, 
                {
                    "cluster": "cluster_4", 
                    "col": 4, 
                    "value": 200.12746255106671
                }, 
                {
                    "cluster": "cluster_outliers", 
                    "col": 6, 
                    "value": 258.23772138031768
                }
            ]
        }, 
        {
            "variable": "Soil_Type36", 
            "var": 0.0, 
            "values": [
                {
                    "cluster": "cluster_0", 
                    "col": 0, 
                    "value": 0.0
                }, 
                {
                    "cluster": "cluster_1", 
                    "col": 1, 
                    "value": 0.0
                }, 
                {
                    "cluster": "cluster_2", 
                    "col": 2, 
                    "value": 0.0
                }, 
                {
                    "cluster": "cluster_3", 
                    "col": 3, 
                    "value": 0.0
                }, 
                {
                    "cluster": "cluster_4", 
                    "col": 4, 
                    "value": 0.0
                }, 
                {
                    "cluster": "cluster_outliers", 
                    "col": 6, 
                    "value": 0.00091290852656563813
                }
            ]
        }, 
        {
            "variable": "Soil_Type38", 
            "var": 0.0, 
            "values": [
                {
                    "cluster": "cluster_0", 
                    "col": 0, 
                    "value": 0.0
                }, 
                {
                    "cluster": "cluster_1", 
                    "col": 1, 
                    "value": 0.0
                }, 
                {
                    "cluster": "cluster_2", 
                    "col": 2, 
                    "value": 0.0
                }, 
                {
                    "cluster": "cluster_3", 
                    "col": 3, 
                    "value": 0.0
                }, 
                {
                    "cluster": "cluster_4", 
                    "col": 4, 
                    "value": 0.0
                }, 
                {
                    "cluster": "cluster_outliers", 
                    "col": 6, 
                    "value": 0.07330655468322074
                }
            ]
        }, 
        {
            "variable": "Slope", 
            "var": 21.12, 
            "values": [
                {
                    "cluster": "cluster_0", 
                    "col": 0, 
                    "value": 11.533057235646396
                }, 
                {
                    "cluster": "cluster_1", 
                    "col": 1, 
                    "value": 8.4014326283219596
                }, 
                {
                    "cluster": "cluster_2", 
                    "col": 2, 
                    "value": 11.72433673197032
                }, 
                {
                    "cluster": "cluster_3", 
                    "col": 3, 
                    "value": 21.824463118580766
                }, 
                {
                    "cluster": "cluster_4", 
                    "col": 4, 
                    "value": 14.899228325011348
                }, 
                {
                    "cluster": "cluster_outliers", 
                    "col": 6, 
                    "value": 15.015975899214899
                }
            ]
        }, 
        {
            "variable": "Soil_Type29", 
            "var": 0.13, 
            "values": [
                {
                    "cluster": "cluster_0", 
                    "col": 0, 
                    "value": 0.73363525310609901
                }, 
                {
                    "cluster": "cluster_1", 
                    "col": 1, 
                    "value": 0.0
                }, 
                {
                    "cluster": "cluster_2", 
                    "col": 2, 
                    "value": 0.6765600811402338
                }, 
                {
                    "cluster": "cluster_3", 
                    "col": 3, 
                    "value": 0.0
                }, 
                {
                    "cluster": "cluster_4", 
                    "col": 4, 
                    "value": 0.0
                }, 
                {
                    "cluster": "cluster_outliers", 
                    "col": 6, 
                    "value": 9.1290852656563819e-05
                }
            ]
        }, 
        {
            "variable": "Soil_Type28", 
            "var": 0.0, 
            "values": [
                {
                    "cluster": "cluster_0", 
                    "col": 0, 
                    "value": 0.0
                }, 
                {
                    "cluster": "cluster_1", 
                    "col": 1, 
                    "value": 0.0
                }, 
                {
                    "cluster": "cluster_2", 
                    "col": 2, 
                    "value": 0.0
                }, 
                {
                    "cluster": "cluster_3", 
                    "col": 3, 
                    "value": 0.0
                }, 
                {
                    "cluster": "cluster_4", 
                    "col": 4, 
                    "value": 0.0
                }, 
                {
                    "cluster": "cluster_outliers", 
                    "col": 6, 
                    "value": 0.00082161767390907434
                }
            ]
        }, 
        {
            "variable": "Soil_Type40", 
            "var": 0.0, 
            "values": [
                {
                    "cluster": "cluster_0", 
                    "col": 0, 
                    "value": 0.0
                }, 
                {
                    "cluster": "cluster_1", 
                    "col": 1, 
                    "value": 0.0
                }, 
                {
                    "cluster": "cluster_2", 
                    "col": 2, 
                    "value": 0.0
                }, 
                {
                    "cluster": "cluster_3", 
                    "col": 3, 
                    "value": 0.0
                }, 
                {
                    "cluster": "cluster_4", 
                    "col": 4, 
                    "value": 0.0
                }, 
                {
                    "cluster": "cluster_outliers", 
                    "col": 6, 
                    "value": 0.067190067555230965
                }
            ]
        }, 
        {
            "variable": "Soil_Type24", 
            "var": 0.0, 
            "values": [
                {
                    "cluster": "cluster_0", 
                    "col": 0, 
                    "value": 0.014033310490718947
                }, 
                {
                    "cluster": "cluster_1", 
                    "col": 1, 
                    "value": 0.0
                }, 
                {
                    "cluster": "cluster_2", 
                    "col": 2, 
                    "value": 0.066780547696578235
                }, 
                {
                    "cluster": "cluster_3", 
                    "col": 3, 
                    "value": 0.0
                }, 
                {
                    "cluster": "cluster_4", 
                    "col": 4, 
                    "value": 0.0
                }, 
                {
                    "cluster": "cluster_outliers", 
                    "col": 6, 
                    "value": 0.0036516341062625525
                }
            ]
        }, 
        {
            "variable": "Soil_Type27", 
            "var": 0.0, 
            "values": [
                {
                    "cluster": "cluster_0", 
                    "col": 0, 
                    "value": 0.0
                }, 
                {
                    "cluster": "cluster_1", 
                    "col": 1, 
                    "value": 0.0
                }, 
                {
                    "cluster": "cluster_2", 
                    "col": 2, 
                    "value": 0.0
                }, 
                {
                    "cluster": "cluster_3", 
                    "col": 3, 
                    "value": 0.0
                }, 
                {
                    "cluster": "cluster_4", 
                    "col": 4, 
                    "value": 0.0
                }, 
                {
                    "cluster": "cluster_outliers", 
                    "col": 6, 
                    "value": 0.0013693627898484571
                }
            ]
        }, 
        {
            "variable": "Soil_Type26", 
            "var": 0.0, 
            "values": [
                {
                    "cluster": "cluster_0", 
                    "col": 0, 
                    "value": 0.0
                }, 
                {
                    "cluster": "cluster_1", 
                    "col": 1, 
                    "value": 0.0
                }, 
                {
                    "cluster": "cluster_2", 
                    "col": 2, 
                    "value": 0.0
                }, 
                {
                    "cluster": "cluster_3", 
                    "col": 3, 
                    "value": 0.0
                }, 
                {
                    "cluster": "cluster_4", 
                    "col": 4, 
                    "value": 0.0
                }, 
                {
                    "cluster": "cluster_outliers", 
                    "col": 6, 
                    "value": 0.0049297060434544456
                }
            ]
        }, 
        {
            "variable": "Soil_Type21", 
            "var": 0.0, 
            "values": [
                {
                    "cluster": "cluster_0", 
                    "col": 0, 
                    "value": 0.0
                }, 
                {
                    "cluster": "cluster_1", 
                    "col": 1, 
                    "value": 0.0
                }, 
                {
                    "cluster": "cluster_2", 
                    "col": 2, 
                    "value": 0.0
                }, 
                {
                    "cluster": "cluster_3", 
                    "col": 3, 
                    "value": 0.0
                }, 
                {
                    "cluster": "cluster_4", 
                    "col": 4, 
                    "value": 0.0
                }, 
                {
                    "cluster": "cluster_outliers", 
                    "col": 6, 
                    "value": 0.0014606536425050211
                }
            ]
        }, 
        {
            "variable": "Soil_Type20", 
            "var": 0.0, 
            "values": [
                {
                    "cluster": "cluster_0", 
                    "col": 0, 
                    "value": 0.1041027321753121
                }, 
                {
                    "cluster": "cluster_1", 
                    "col": 1, 
                    "value": 4.2385453312423177e-05
                }, 
                {
                    "cluster": "cluster_2", 
                    "col": 2, 
                    "value": 0.071371376714888163
                }, 
                {
                    "cluster": "cluster_3", 
                    "col": 3, 
                    "value": 0.0
                }, 
                {
                    "cluster": "cluster_4", 
                    "col": 4, 
                    "value": 0.0
                }, 
                {
                    "cluster": "cluster_outliers", 
                    "col": 6, 
                    "value": 0.00018258170531312764
                }
            ]
        }, 
        {
            "variable": "Soil_Type23", 
            "var": 0.0, 
            "values": [
                {
                    "cluster": "cluster_0", 
                    "col": 0, 
                    "value": 0.11259422578434586
                }, 
                {
                    "cluster": "cluster_1", 
                    "col": 1, 
                    "value": 0.0
                }, 
                {
                    "cluster": "cluster_2", 
                    "col": 2, 
                    "value": 0.089627929322585814
                }, 
                {
                    "cluster": "cluster_3", 
                    "col": 3, 
                    "value": 0.0
                }, 
                {
                    "cluster": "cluster_4", 
                    "col": 4, 
                    "value": 0.0
                }, 
                {
                    "cluster": "cluster_outliers", 
                    "col": 6, 
                    "value": 0.0059339054226766478
                }
            ]
        }, 
        {
            "variable": "Soil_Type22", 
            "var": 0.0, 
            "values": [
                {
                    "cluster": "cluster_0", 
                    "col": 0, 
                    "value": 0.0
                }, 
                {
                    "cluster": "cluster_1", 
                    "col": 1, 
                    "value": 0.0
                }, 
                {
                    "cluster": "cluster_2", 
                    "col": 2, 
                    "value": 0.0
                }, 
                {
                    "cluster": "cluster_3", 
                    "col": 3, 
                    "value": 0.0
                }, 
                {
                    "cluster": "cluster_4", 
                    "col": 4, 
                    "value": 0.0
                }, 
                {
                    "cluster": "cluster_outliers", 
                    "col": 6, 
                    "value": 0.042267664779989042
                }
            ]
        }, 
        {
            "variable": "Soil_Type8", 
            "var": 0.0, 
            "values": [
                {
                    "cluster": "cluster_0", 
                    "col": 0, 
                    "value": 0.0
                }, 
                {
                    "cluster": "cluster_1", 
                    "col": 1, 
                    "value": 0.0
                }, 
                {
                    "cluster": "cluster_2", 
                    "col": 2, 
                    "value": 0.0
                }, 
                {
                    "cluster": "cluster_3", 
                    "col": 3, 
                    "value": 0.0
                }, 
                {
                    "cluster": "cluster_4", 
                    "col": 4, 
                    "value": 0.0
                }, 
                {
                    "cluster": "cluster_outliers", 
                    "col": 6, 
                    "value": 0.01268942851926237
                }
            ]
        }, 
        {
            "variable": "Soil_Type9", 
            "var": 0.0, 
            "values": [
                {
                    "cluster": "cluster_0", 
                    "col": 0, 
                    "value": 0.0
                }, 
                {
                    "cluster": "cluster_1", 
                    "col": 1, 
                    "value": 0.0
                }, 
                {
                    "cluster": "cluster_2", 
                    "col": 2, 
                    "value": 0.0
                }, 
                {
                    "cluster": "cluster_3", 
                    "col": 3, 
                    "value": 0.0
                }, 
                {
                    "cluster": "cluster_4", 
                    "col": 4, 
                    "value": 0.0
                }, 
                {
                    "cluster": "cluster_outliers", 
                    "col": 6, 
                    "value": 0.00091290852656563813
                }
            ]
        }, 
        {
            "variable": "Aspect", 
            "var": 5016.67, 
            "values": [
                {
                    "cluster": "cluster_0", 
                    "col": 0, 
                    "value": 69.800852128832346
                }, 
                {
                    "cluster": "cluster_1", 
                    "col": 1, 
                    "value": 113.03013605730513
                }, 
                {
                    "cluster": "cluster_2", 
                    "col": 2, 
                    "value": 276.89280948059576
                }, 
                {
                    "cluster": "cluster_3", 
                    "col": 3, 
                    "value": 187.01353874883287
                }, 
                {
                    "cluster": "cluster_4", 
                    "col": 4, 
                    "value": 141.37485247389924
                }, 
                {
                    "cluster": "cluster_outliers", 
                    "col": 6, 
                    "value": 151.72411904327186
                }
            ]
        }, 
        {
            "variable": "Soil_Type2", 
            "var": 0.0, 
            "values": [
                {
                    "cluster": "cluster_0", 
                    "col": 0, 
                    "value": 0.0
                }, 
                {
                    "cluster": "cluster_1", 
                    "col": 1, 
                    "value": 0.0
                }, 
                {
                    "cluster": "cluster_2", 
                    "col": 2, 
                    "value": 0.0
                }, 
                {
                    "cluster": "cluster_3", 
                    "col": 3, 
                    "value": 0.0
                }, 
                {
                    "cluster": "cluster_4", 
                    "col": 4, 
                    "value": 0.0
                }, 
                {
                    "cluster": "cluster_outliers", 
                    "col": 6, 
                    "value": 0.056874201205039256
                }
            ]
        }, 
        {
            "variable": "Soil_Type3", 
            "var": 0.0, 
            "values": [
                {
                    "cluster": "cluster_0", 
                    "col": 0, 
                    "value": 0.0
                }, 
                {
                    "cluster": "cluster_1", 
                    "col": 1, 
                    "value": 0.0
                }, 
                {
                    "cluster": "cluster_2", 
                    "col": 2, 
                    "value": 0.0
                }, 
                {
                    "cluster": "cluster_3", 
                    "col": 3, 
                    "value": 0.0
                }, 
                {
                    "cluster": "cluster_4", 
                    "col": 4, 
                    "value": 0.0
                }, 
                {
                    "cluster": "cluster_outliers", 
                    "col": 6, 
                    "value": 0.087821800255614382
                }
            ]
        }, 
        {
            "variable": "Soil_Type1", 
            "var": 0.0, 
            "values": [
                {
                    "cluster": "cluster_0", 
                    "col": 0, 
                    "value": 0.0
                }, 
                {
                    "cluster": "cluster_1", 
                    "col": 1, 
                    "value": 0.0
                }, 
                {
                    "cluster": "cluster_2", 
                    "col": 2, 
                    "value": 0.0
                }, 
                {
                    "cluster": "cluster_3", 
                    "col": 3, 
                    "value": 0.0
                }, 
                {
                    "cluster": "cluster_4", 
                    "col": 4, 
                    "value": 0.0
                }, 
                {
                    "cluster": "cluster_outliers", 
                    "col": 6, 
                    "value": 0.032408252693080154
                }
            ]
        }, 
        {
            "variable": "Soil_Type6", 
            "var": 0.0, 
            "values": [
                {
                    "cluster": "cluster_0", 
                    "col": 0, 
                    "value": 0.0
                }, 
                {
                    "cluster": "cluster_1", 
                    "col": 1, 
                    "value": 0.0
                }, 
                {
                    "cluster": "cluster_2", 
                    "col": 2, 
                    "value": 0.0
                }, 
                {
                    "cluster": "cluster_3", 
                    "col": 3, 
                    "value": 0.0
                }, 
                {
                    "cluster": "cluster_4", 
                    "col": 4, 
                    "value": 0.0
                }, 
                {
                    "cluster": "cluster_outliers", 
                    "col": 6, 
                    "value": 0.059339054226766476
                }
            ]
        }, 
        {
            "variable": "Soil_Type4", 
            "var": 0.0, 
            "values": [
                {
                    "cluster": "cluster_0", 
                    "col": 0, 
                    "value": 0.0
                }, 
                {
                    "cluster": "cluster_1", 
                    "col": 1, 
                    "value": 0.0
                }, 
                {
                    "cluster": "cluster_2", 
                    "col": 2, 
                    "value": 0.0
                }, 
                {
                    "cluster": "cluster_3", 
                    "col": 3, 
                    "value": 0.0
                }, 
                {
                    "cluster": "cluster_4", 
                    "col": 4, 
                    "value": 0.0
                }, 
                {
                    "cluster": "cluster_outliers", 
                    "col": 6, 
                    "value": 0.076958188789483295
                }
            ]
        }, 
        {
            "variable": "Soil_Type5", 
            "var": 0.0, 
            "values": [
                {
                    "cluster": "cluster_0", 
                    "col": 0, 
                    "value": 0.0
                }, 
                {
                    "cluster": "cluster_1", 
                    "col": 1, 
                    "value": 0.0
                }, 
                {
                    "cluster": "cluster_2", 
                    "col": 2, 
                    "value": 0.0
                }, 
                {
                    "cluster": "cluster_3", 
                    "col": 3, 
                    "value": 0.0
                }, 
                {
                    "cluster": "cluster_4", 
                    "col": 4, 
                    "value": 0.0
                }, 
                {
                    "cluster": "cluster_outliers", 
                    "col": 6, 
                    "value": 0.01506299068833303
                }
            ]
        }, 
        {
            "variable": "cluster_size", 
            "var": 122654349.07, 
            "values": [
                {
                    "cluster": "cluster_0", 
                    "col": 0, 
                    "value": 33563
                }, 
                {
                    "cluster": "cluster_1", 
                    "col": 1, 
                    "value": 23593
                }, 
                {
                    "cluster": "cluster_2", 
                    "col": 2, 
                    "value": 18733
                }, 
                {
                    "cluster": "cluster_4", 
                    "col": 4, 
                    "value": 11015
                }, 
                {
                    "cluster": "cluster_outliers", 
                    "col": 6, 
                    "value": 10954
                }, 
                {
                    "cluster": "cluster_3", 
                    "col": 3, 
                    "value": 2142
                }
            ]
        }
    ], 
    "train_nb_outliers": 10954, 
    "summary": {
        "clusters": []
    }
}