{
    "trainingTime": 15144, 
    "state": "DONE", 
    "startTime": 1493934169733, 
    "preprocessingTime": 45736, 
    "progress": {
        "top_level_todo": [], 
        "stack": [], 
        "top_level_done": [
            {
                "name": "Loading source dataset", 
                "time": 706
            }, 
            {
                "name": "Collecting statistics", 
                "time": 200
            }, 
            {
                "name": "Preprocessing data", 
                "time": 44789
            }, 
            {
                "name": "Fitting model", 
                "time": 7672
            }, 
            {
                "name": "Saving model", 
                "time": 24
            }, 
            {
                "name": "Scoring model", 
                "time": 7448
            }
        ]
    }, 
    "endTime": 1493934230613, 
    "modelId": "m1"
}