{
  "projectType": "REGULAR",
  "owner": "admin",
  "permissions": [],
  "tutorialProject": false,
  "settings": {
    "flowAnchorSourcesAndSinks": true,
    "exposedComputables": [],
    "gitCommitMode": "AUTO",
    "disableAutomaticTriggers": false
  },
  "name": "Telstra Network Disruptions",
  "shortDesc": "The project *Telstra Network Disruptions* was created by Nandish Balaraju on Apr 28th 2017",
  "checklists": {
    "checklists": [
      {
        "title": "Your new project\u0027s Todo",
        "createdOn": 0,
        "items": [
          {
            "done": true,
            "text": "Create the project",
            "createdOn": 1493371039846,
            "createdBy": "admin",
            "stateChangedOn": 0
          },
          {
            "done": false,
            "text": "Set a project image (click on the color next to the project title)",
            "createdOn": 1493371039846,
            "createdBy": "admin",
            "stateChangedOn": 0
          },
          {
            "done": false,
            "text": "Import your [first dataset](datasets/new/)",
            "createdOn": 1493371039846,
            "createdBy": "admin",
            "stateChangedOn": 0
          },
          {
            "done": false,
            "text": "Invite [other users](settings/permissions/) to collaborate",
            "createdOn": 1493371039846,
            "createdBy": "admin",
            "stateChangedOn": 0
          },
          {
            "done": false,
            "text": "Organize your work by replacing this with a real todo",
            "createdOn": 1493371039846,
            "createdBy": "admin",
            "stateChangedOn": 0
          }
        ]
      }
    ]
  },
  "tags": []
}