[
    {
        "parameters": {
            "max_features": "auto", 
            "min_samples_split": 30, 
            "n_estimators": 100, 
            "max_depth": 6, 
            "min_samples_leaf": 10
        }, 
        "score_time": 55, 
        "test_score": 0.7085519295100015, 
        "fit_time": 3364, 
        "num_samples": 2897, 
        "best_iteration": null, 
        "train_score": 0.741858407866099, 
        "parameter_id": 0, 
        "time": 3419, 
        "done_at": 1525621065652, 
        "grid_point_id": "{\"max_features\": \"auto\", \"min_samples_split\": 30, \"n_estimators\": 100, \"max_depth\": 6, \"min_samples_leaf\": 10}@0"
    }, 
    {
        "parameters": {
            "max_features": "auto", 
            "min_samples_split": 30, 
            "n_estimators": 100, 
            "max_depth": 6, 
            "min_samples_leaf": 10
        }, 
        "score_time": 51, 
        "test_score": 0.719030214067305, 
        "fit_time": 5960, 
        "num_samples": 2897, 
        "best_iteration": null, 
        "train_score": 0.73586152251239, 
        "parameter_id": 0, 
        "time": 6011, 
        "done_at": 1525621071667, 
        "grid_point_id": "{\"max_features\": \"auto\", \"min_samples_split\": 30, \"n_estimators\": 100, \"max_depth\": 6, \"min_samples_leaf\": 10}@1"
    }, 
    {
        "parameters": {
            "max_features": "auto", 
            "min_samples_split": 30, 
            "n_estimators": 100, 
            "max_depth": 6, 
            "min_samples_leaf": 10
        }, 
        "score_time": 55, 
        "test_score": 0.734421071297389, 
        "fit_time": 911, 
        "num_samples": 2897, 
        "best_iteration": null, 
        "train_score": 0.7262137717220698, 
        "parameter_id": 0, 
        "time": 966, 
        "done_at": 1525621072635, 
        "grid_point_id": "{\"max_features\": \"auto\", \"min_samples_split\": 30, \"n_estimators\": 100, \"max_depth\": 6, \"min_samples_leaf\": 10}@2"
    }, 
    {
        "parameters": {
            "max_features": "auto", 
            "min_samples_split": 30, 
            "n_estimators": 100, 
            "max_depth": 13, 
            "min_samples_leaf": 10
        }, 
        "score_time": 79, 
        "test_score": 0.8975340697469947, 
        "fit_time": 1224, 
        "num_samples": 2897, 
        "best_iteration": null, 
        "train_score": 0.932327191592741, 
        "parameter_id": 1, 
        "time": 1303, 
        "done_at": 1525621073941, 
        "grid_point_id": "{\"max_features\": \"auto\", \"min_samples_split\": 30, \"n_estimators\": 100, \"max_depth\": 13, \"min_samples_leaf\": 10}@0"
    }, 
    {
        "parameters": {
            "max_features": "auto", 
            "min_samples_split": 30, 
            "n_estimators": 100, 
            "max_depth": 13, 
            "min_samples_leaf": 10
        }, 
        "score_time": 80, 
        "test_score": 0.9021431853149683, 
        "fit_time": 1226, 
        "num_samples": 2897, 
        "best_iteration": null, 
        "train_score": 0.9276603235031948, 
        "parameter_id": 1, 
        "time": 1306, 
        "done_at": 1525621075249, 
        "grid_point_id": "{\"max_features\": \"auto\", \"min_samples_split\": 30, \"n_estimators\": 100, \"max_depth\": 13, \"min_samples_leaf\": 10}@1"
    }, 
    {
        "parameters": {
            "max_features": "auto", 
            "min_samples_split": 30, 
            "n_estimators": 100, 
            "max_depth": 13, 
            "min_samples_leaf": 10
        }, 
        "score_time": 79, 
        "test_score": 0.92076211135699, 
        "fit_time": 1235, 
        "num_samples": 2897, 
        "best_iteration": null, 
        "train_score": 0.9221376771552499, 
        "parameter_id": 1, 
        "time": 1314, 
        "done_at": 1525621076565, 
        "grid_point_id": "{\"max_features\": \"auto\", \"min_samples_split\": 30, \"n_estimators\": 100, \"max_depth\": 13, \"min_samples_leaf\": 10}@2"
    }
]