{
  "state": "DONE",
  "preSearchDescription": {
    "gridLength": 2,
    "importantParams": [
      {
        "name": "trees",
        "vals": [
          "100"
        ]
      },
      {
        "name": "depth",
        "vals": [
          "6",
          "13"
        ]
      },
      {
        "name": "min_samples",
        "vals": [
          "10"
        ]
      }
    ]
  },
  "postSearchDescription": {
    "importantParams": [
      {
        "name": "trees",
        "val": "100"
      },
      {
        "name": "depth",
        "val": "13"
      },
      {
        "name": "min_samples",
        "val": "10"
      }
    ]
  },
  "sampleWeightsEnabled": false,
  "modelId": "m1",
  "progress": {
    "top_level_todo": [],
    "stack": [],
    "top_level_done": [
      {
        "name": "Loading train set",
        "time": 1065
      },
      {
        "name": "Loading test set",
        "time": 113
      },
      {
        "name": "Collecting statistics",
        "time": 42
      },
      {
        "name": "Preprocessing train set",
        "time": 91
      },
      {
        "name": "Preprocessing test set",
        "time": 60
      },
      {
        "name": "Grid searching",
        "time": 16133
      },
      {
        "name": "Fitting model",
        "time": 1763
      },
      {
        "name": "Saving model",
        "time": 44
      },
      {
        "name": "Scoring model",
        "time": 737
      }
    ]
  },
  "startTime": 1525621059145,
  "endTime": 1525621079194,
  "preprocessingTime": 1372,
  "trainingTime": 18677
}