[
    {
        "parameters": {
            "alpha": 3.0
        }, 
        "score_time": 8, 
        "test_score": 0.18606437179019553, 
        "fit_time": 312, 
        "num_samples": 26609, 
        "best_iteration": null, 
        "train_score": 0.3299534553937512, 
        "parameter_id": 2, 
        "time": 320, 
        "done_at": 1523111875087, 
        "grid_point_id": "{\"alpha\": 3.0}@0"
    }, 
    {
        "parameters": {
            "alpha": 0.1
        }, 
        "score_time": 24, 
        "test_score": 0.4696653222834639, 
        "fit_time": 560, 
        "num_samples": 26608, 
        "best_iteration": null, 
        "train_score": 0.6783281495753037, 
        "parameter_id": 0, 
        "time": 584, 
        "done_at": 1523111874753, 
        "grid_point_id": "{\"alpha\": 0.1}@2"
    }, 
    {
        "parameters": {
            "alpha": 0.1
        }, 
        "score_time": 8, 
        "test_score": 0.37024202011224305, 
        "fit_time": 508, 
        "num_samples": 26609, 
        "best_iteration": null, 
        "train_score": 0.5879640782381557, 
        "parameter_id": 0, 
        "time": 516, 
        "done_at": 1523111874666, 
        "grid_point_id": "{\"alpha\": 0.1}@0"
    }, 
    {
        "parameters": {
            "alpha": 1.0
        }, 
        "score_time": 7, 
        "test_score": 0.5291018178815746, 
        "fit_time": 319, 
        "num_samples": 26608, 
        "best_iteration": null, 
        "train_score": 0.3888100780954016, 
        "parameter_id": 1, 
        "time": 326, 
        "done_at": 1523111875005, 
        "grid_point_id": "{\"alpha\": 1.0}@1"
    }, 
    {
        "parameters": {
            "alpha": 0.1
        }, 
        "score_time": 14, 
        "test_score": 0.7167202571418714, 
        "fit_time": 561, 
        "num_samples": 26608, 
        "best_iteration": null, 
        "train_score": 0.49089435269152637, 
        "parameter_id": 0, 
        "time": 575, 
        "done_at": 1523111874741, 
        "grid_point_id": "{\"alpha\": 0.1}@1"
    }, 
    {
        "parameters": {
            "alpha": 1.0
        }, 
        "score_time": 35, 
        "test_score": 0.27036935450108135, 
        "fit_time": 541, 
        "num_samples": 26609, 
        "best_iteration": null, 
        "train_score": 0.4823658800114716, 
        "parameter_id": 1, 
        "time": 576, 
        "done_at": 1523111874728, 
        "grid_point_id": "{\"alpha\": 1.0}@0"
    }, 
    {
        "parameters": {
            "alpha": 1.0
        }, 
        "score_time": 4, 
        "test_score": 0.45638649896917594, 
        "fit_time": 511, 
        "num_samples": 26608, 
        "best_iteration": null, 
        "train_score": 0.5545872396452953, 
        "parameter_id": 1, 
        "time": 515, 
        "done_at": 1523111875257, 
        "grid_point_id": "{\"alpha\": 1.0}@2"
    }, 
    {
        "parameters": {
            "alpha": 3.0
        }, 
        "score_time": 8, 
        "test_score": 0.3453879264658529, 
        "fit_time": 208, 
        "num_samples": 26608, 
        "best_iteration": null, 
        "train_score": 0.37209510132915957, 
        "parameter_id": 2, 
        "time": 216, 
        "done_at": 1523111875232, 
        "grid_point_id": "{\"alpha\": 3.0}@2"
    }, 
    {
        "parameters": {
            "alpha": 3.0
        }, 
        "score_time": 12, 
        "test_score": 0.3357297073817893, 
        "fit_time": 419, 
        "num_samples": 26608, 
        "best_iteration": null, 
        "train_score": 0.26533993776977205, 
        "parameter_id": 2, 
        "time": 431, 
        "done_at": 1523111875204, 
        "grid_point_id": "{\"alpha\": 3.0}@1"
    }
]