{
    "gridSize": 3, 
    "nThreads": 4, 
    "metric": "R2", 
    "gridPoints": [
        {
            "index": 0, 
            "finishedAt": 1523111874753.0, 
            "score": 0.51887400451632937, 
            "parameters": {
                "alpha": 0.1
            }, 
            "time": 1675.0
        }, 
        {
            "index": 1, 
            "finishedAt": 1523111875257.0, 
            "score": 0.41861736659798365, 
            "parameters": {
                "alpha": 1.0
            }, 
            "time": 1417.0
        }, 
        {
            "index": 2, 
            "finishedAt": 1523111875232.0, 
            "score": 0.28906137418024497, 
            "parameters": {
                "alpha": 3.0
            }, 
            "time": 967.0
        }
    ], 
    "startedAt": 1523111874093, 
    "nSplits": 3
}