{
    "metrics": {
        "rmse": 6.428236021046398, 
        "pearson": 0.61298881822465856, 
        "mae": 1.196516396826913, 
        "r2": 0.32205953877713245, 
        "mape": 0.5188875799837619, 
        "mse": 41.322218342278418, 
        "evs": 0.32207425111377386, 
        "rmsle": 0
    }, 
    "scatterPlotData": {
        "y": [
            1.1611, 
            1.4933, 
            1.5599, 
            1.9123, 
            2.7483, 
            2.0728, 
            3.29, 
            1.4001, 
            1.7799, 
            1.4705, 
            1.7758, 
            1.5157, 
            1.0112, 
            3.9903, 
            1.6402, 
            1.1676, 
            1.0235, 
            1.078, 
            2.7492, 
            1.1032, 
            1.0424, 
            1.0758, 
            1.1338, 
            0.9387, 
            1.2387, 
            1.94, 
            1.0772, 
            2.2746, 
            7.7212, 
            2.7006, 
            1.5927, 
            4.4502, 
            1.5046, 
            1.158, 
            1.1868, 
            1.2707, 
            1.1662, 
            1.0404, 
            1.4833, 
            1.4565, 
            1.3653, 
            1.2103, 
            1.2949, 
            1.1429, 
            1.4763, 
            1.45, 
            1.8687, 
            1.5313, 
            3.2146, 
            1.7741, 
            1.4138, 
            1.7781, 
            1.5952, 
            5.5212, 
            1.3467, 
            1.1283, 
            1.1727, 
            1.4166, 
            1.7554, 
            4.217, 
            3.3516, 
            0.9705, 
            1.287, 
            6.4499, 
            1.0099, 
            2.6458, 
            3.0679, 
            3.0946, 
            9.1464, 
            1.4675, 
            1.8362, 
            1.4518, 
            1.0854, 
            1.075, 
            1.5273, 
            1.2727, 
            8.2922, 
            1.0535, 
            2.4956, 
            1.0218, 
            1.3542, 
            1.5357, 
            1.1818, 
            5.9287, 
            1.5503, 
            1.265, 
            3.7835, 
            1.3881, 
            1.1077, 
            1.2393, 
            1.1344, 
            1.026, 
            2.8193, 
            7.1008, 
            1.077, 
            1.354, 
            1.2297, 
            2.0462, 
            8.4006, 
            1.3794, 
            3.1655, 
            1.9673, 
            1.4034, 
            1.5034, 
            1.0176, 
            0.8577, 
            0.9853, 
            1.24, 
            2.1301, 
            1.4918, 
            5.7153, 
            1.5704, 
            3.3949, 
            1.2736, 
            1.0601, 
            1.2652, 
            1.3091, 
            1.9792, 
            0.9674, 
            2.1963, 
            5.0262, 
            6.7783, 
            7.7007, 
            2.8369, 
            1.1111, 
            1.1281, 
            1.2289, 
            2.557, 
            1.2219, 
            2.2904, 
            1.6017, 
            1.1175, 
            1.542, 
            1.106, 
            1.5838, 
            2.6649, 
            3.1272, 
            1.8202, 
            2.4999, 
            1.0407, 
            1.0947, 
            1.1865, 
            1.306, 
            2.9934, 
            3.4023, 
            1.2138, 
            1.1797, 
            4.5559, 
            1.4665, 
            2.4969, 
            3.8016, 
            4.5966, 
            1.8562, 
            0.995, 
            1.145, 
            1.1764, 
            0.9313, 
            2.1809, 
            1.04, 
            1.1486, 
            1.0562, 
            1.478, 
            1.3944, 
            1.2938, 
            1.1406, 
            1.7229, 
            1.8381, 
            1.0788, 
            4.6843, 
            1.5665, 
            1.2819, 
            5.2641, 
            1.2178, 
            2.6287, 
            2.2937, 
            5.5358, 
            4.8181, 
            1.0128, 
            1.2594, 
            1.7708, 
            15.0222, 
            1.1866, 
            31.3039, 
            1.2188, 
            1.927, 
            1.5262, 
            1.1978, 
            1.2332, 
            1.1748, 
            1.5024, 
            1.2202, 
            4.6029, 
            1.8865, 
            1.5343, 
            2.8334, 
            1.0084, 
            1.8384, 
            2.1247, 
            1.6816, 
            1.3765, 
            1.0224, 
            1.4716, 
            1.7794, 
            2.9075, 
            1.4972, 
            1.2768, 
            1.1674, 
            3.9986, 
            1.7921, 
            1.2516, 
            1.3088, 
            1.6729, 
            1.5331, 
            2.2535, 
            1.541, 
            3.6278, 
            2.4865, 
            1.4793, 
            3.6094, 
            2.2113, 
            1.4504, 
            6.1802, 
            6.0036, 
            4.8181, 
            2.4366, 
            1.2895, 
            0.8425, 
            2.6583, 
            1.2362, 
            1.1132, 
            1.438, 
            1.152, 
            1.395, 
            1.0567, 
            2.1568, 
            1.5104, 
            2.16, 
            2.2495, 
            1.7844, 
            4.363, 
            2.1003, 
            1.0228, 
            1.3577, 
            3.1138, 
            3.1166, 
            1.6865, 
            1.4274, 
            4.3281, 
            1.9205, 
            4.9908, 
            0.9613, 
            1.2843, 
            5.0974, 
            1.7822, 
            2.1004, 
            1.2348, 
            1.346, 
            2.0453, 
            6.648, 
            7.7691, 
            1.0836, 
            4.6712, 
            2.1341, 
            2.0907, 
            1.2, 
            0.9673, 
            0.9566, 
            1.8341, 
            3.3429, 
            2.8051, 
            1.3155, 
            1.1808, 
            1.1503, 
            1.3078, 
            0.9851, 
            1.5451, 
            1.2434, 
            1.2429, 
            2.176, 
            6.1786, 
            2.9708, 
            4.5636, 
            1.3527, 
            1.7353, 
            1.0447, 
            0.8844, 
            0.881, 
            1.42, 
            1.3318, 
            1.3517, 
            1.5643, 
            1.4501, 
            2.3914, 
            1.1862, 
            1.6167, 
            3.7752, 
            1.2148, 
            1.4546, 
            2.5966, 
            0.9551, 
            1.0443, 
            1.1952, 
            3.2243, 
            2.2186, 
            5.6465, 
            4.0123, 
            1.855, 
            1.2328, 
            1.1913, 
            2.47, 
            1.1868, 
            2.0337, 
            1.4054, 
            3.6195, 
            3.4666, 
            1.586, 
            3.1483, 
            1.3192, 
            1.7053, 
            1.5417, 
            1.2058, 
            4.9476, 
            1.1404, 
            1.0581, 
            1.4681, 
            14.954, 
            1.4624, 
            1.0791, 
            1.1966, 
            1.0687, 
            1.2443, 
            3.0792, 
            0.8477, 
            3.3914, 
            3.9195, 
            1.033, 
            1.2049, 
            2.0312, 
            2.0717, 
            1.1282, 
            1.805, 
            1.309, 
            1.0416, 
            1.5577, 
            2.0672, 
            2.0675, 
            1.4806, 
            1.0895, 
            1.2211, 
            2.0648, 
            1.0749, 
            1.3841, 
            1.2509, 
            1.117, 
            1.1638, 
            1.406, 
            1.5007, 
            2.7189, 
            4.1556, 
            1.6176, 
            1.8997, 
            2.3762, 
            1.2493, 
            1.312, 
            1.0531, 
            0.8464, 
            1.5077, 
            1.2879, 
            4.0796, 
            1.6948, 
            1.0482, 
            3.2283, 
            1.1986, 
            2.5038, 
            1.0196, 
            2.2936, 
            2.071, 
            2.189, 
            2.4779, 
            5.0726, 
            1.1252, 
            1.4749, 
            2.4486, 
            16.2368, 
            1.7908, 
            3.6797, 
            1.3639, 
            2.424, 
            9.2258, 
            1.0901, 
            3.8104, 
            2.4213, 
            1.0426, 
            1.3632, 
            1.5137, 
            5.2298, 
            1.9062, 
            1.2111, 
            1.7265, 
            1.2162, 
            3.0083, 
            1.5999, 
            3.5404, 
            2.1077, 
            1.4032, 
            1.332, 
            1.0537, 
            1.4291, 
            1.1995, 
            2.4867, 
            3.3263, 
            29.0764, 
            1.1069, 
            1.0537, 
            1.201, 
            1.2853, 
            0.8884, 
            1.0798, 
            1.0331, 
            1.1508, 
            3.5913, 
            1.5521, 
            2.5218, 
            1.5918, 
            1.0466, 
            1.342, 
            1.9098, 
            1.7341, 
            0.9827, 
            1.4739, 
            2.3177, 
            2.2557, 
            1.531, 
            0.9605, 
            1.0631, 
            1.5205, 
            1.9139, 
            1.2405, 
            1.2964, 
            4.5637, 
            1.2203, 
            1.6591, 
            1.509, 
            1.3435, 
            0.9512, 
            0.9879, 
            1.2622, 
            1.9504, 
            1.0457, 
            6.347, 
            1.0798, 
            1.2108, 
            2.0905, 
            2.2577, 
            1.6443, 
            1.3846, 
            1.1718, 
            4.6225, 
            1.4826, 
            1.1352, 
            6.0429, 
            2.2014, 
            0.9546, 
            9.605, 
            1.5634, 
            1.6583, 
            1.3029, 
            3.0625, 
            1.1159, 
            0.983, 
            7.5094, 
            1.2378, 
            1.1737, 
            1.7138, 
            0.8929, 
            0.9622, 
            1.2804, 
            1.4033, 
            2.6651, 
            1.5238, 
            2.2022, 
            1.1629, 
            3.8653, 
            3.1499, 
            1.9678, 
            3.8451, 
            1.4254, 
            1.6329, 
            1.6474, 
            2.0391, 
            1.1637, 
            1.3893, 
            1.2961, 
            1.3892, 
            0.9871, 
            1.3018, 
            1.7639, 
            1.2838, 
            2.2627, 
            1.1677, 
            1.1838, 
            1.0407, 
            1.1638, 
            1.0586, 
            1.3109, 
            1.1916, 
            1.472, 
            2.5291, 
            2.318, 
            1.0778, 
            0.9756, 
            1.2688, 
            3.8302, 
            1.1553, 
            1.0512, 
            1.4619, 
            1.8981, 
            1.9363, 
            1.7363, 
            6.2103, 
            1.6276, 
            1.6924, 
            1.1416, 
            1.1939, 
            1.1761, 
            2.1549, 
            1.059, 
            1.0802, 
            1.1484, 
            2.8053, 
            2.8555, 
            0.9323, 
            1.4606, 
            2.4257, 
            1.0818, 
            2.6035, 
            1.003, 
            4.5071, 
            1.3602, 
            1.2272, 
            3.5042, 
            1.5245, 
            3.288, 
            1.0427, 
            1.193, 
            2.5898, 
            1.2391, 
            1.7479, 
            0.7994, 
            0.9634, 
            3.3768, 
            1.2941, 
            1.2611, 
            1.2428, 
            6.4863, 
            1.2925, 
            1.2809, 
            1.2014, 
            1.4717, 
            1.2724, 
            4.397, 
            1.5388, 
            2.1609, 
            2.2394, 
            2.5319, 
            1.0773, 
            2.137, 
            2.5999, 
            1.5437, 
            1.6577, 
            3.4832, 
            2.0513, 
            2.0035, 
            1.1813, 
            1.3892, 
            1.2757, 
            1.489, 
            1.4285, 
            1.1929, 
            1.5708, 
            1.7744, 
            1.2465, 
            1.133, 
            1.2047, 
            1.0438, 
            1.9563, 
            2.1521, 
            1.9603, 
            1.9428, 
            1.1437, 
            19.1977, 
            1.1255, 
            1.8753, 
            1.2868, 
            1.1604, 
            1.0031, 
            2.9153, 
            2.9803, 
            1.043, 
            1.5138, 
            1.6072, 
            1.732, 
            2.3185, 
            1.5728, 
            1.1469, 
            3.3644, 
            1.3174, 
            1.2356, 
            2.6571, 
            2.9369, 
            1.146, 
            1.1384, 
            1.5103, 
            1.3389, 
            8.9701, 
            3.7159, 
            1.603, 
            0.8755, 
            1.1299, 
            2.0523, 
            1.7116, 
            1.0872, 
            1.0469, 
            1.1566, 
            3.1897, 
            1.3884, 
            2.3653, 
            2.0519, 
            1.2517, 
            2.5562, 
            1.2749, 
            1.1677, 
            1.0506, 
            1.3249, 
            0.7742, 
            1.5747, 
            1.1049, 
            1.737, 
            1.7974, 
            1.1651, 
            1.1175, 
            1.3318, 
            2.7778, 
            1.611, 
            5.3373, 
            1.4782, 
            1.6764, 
            1.5133, 
            1.4903, 
            1.3717, 
            1.2435, 
            1.7479, 
            1.2728, 
            1.0042, 
            5.9458, 
            7.2189, 
            1.8939, 
            2.6835, 
            1.4632, 
            2.0446, 
            2.4533, 
            2.6993, 
            1.244, 
            1.6672, 
            2.2699, 
            3.1894, 
            2.2542, 
            1.1281, 
            1.1742, 
            1.8545, 
            1.5537, 
            1.1017, 
            1.188, 
            1.0812, 
            81.5377, 
            7.7984, 
            1.8971, 
            1.346, 
            5.9398, 
            10.0945, 
            2.0878, 
            1.0536, 
            1.4391, 
            1.9628, 
            1.0115, 
            2.075, 
            3.5625, 
            3.3344, 
            1.8461, 
            1.7003, 
            4.0563, 
            0.9802, 
            1.4511, 
            4.196, 
            2.1871, 
            1.1291, 
            1.0515, 
            1.1778, 
            1.8384, 
            4.7878, 
            1.6753, 
            1.1486, 
            3.45, 
            1.97, 
            2.6959, 
            1.7025, 
            1.3191, 
            1.6535, 
            0.9932, 
            1.3477, 
            6.9618, 
            2.5024, 
            1.8003, 
            5.4626, 
            1.8208, 
            1.0262, 
            1.8942, 
            2.5708, 
            1.9102, 
            1.4946, 
            1.5324, 
            1.2208, 
            1.1395, 
            1.36, 
            1.2557, 
            1.0855, 
            1.1964, 
            1.3744, 
            0.9762, 
            1.2816, 
            1.7287, 
            2.0202, 
            2.5601, 
            0.6013, 
            1.1972, 
            1.3475, 
            1.1241, 
            3.9459, 
            1.0279, 
            1.0381, 
            1.6616, 
            1.8759, 
            2.6582, 
            1.2509, 
            1.0921, 
            2.9174, 
            3.6356, 
            2.1407, 
            11.6981, 
            3.5935, 
            2.044, 
            1.5171, 
            2.4246, 
            1.6744, 
            2.2744, 
            1.2528, 
            3.7825, 
            1.0407, 
            1.3243, 
            1.7837, 
            1.9772, 
            1.3966, 
            1.2151, 
            1.243, 
            1.439, 
            1.5714, 
            1.5383, 
            5.6389, 
            1.3278, 
            1.9851, 
            2.9297, 
            1.3733, 
            1.5929, 
            4.5784, 
            1.2989, 
            6.4008, 
            2.1794, 
            1.1431, 
            1.7569, 
            1.196, 
            1.1686, 
            1.3135, 
            0.8492, 
            0.1112, 
            1.3091, 
            1.2279, 
            2.9875, 
            1.1123, 
            1.9109, 
            2.1638, 
            1.0606, 
            1.1141, 
            2.4208, 
            0.9705, 
            1.5295, 
            1.1957, 
            1.0863, 
            1.1326, 
            1.6172, 
            1.1223, 
            3.4959, 
            3.0276, 
            1.4066, 
            2.6518, 
            2.0281, 
            1.5024, 
            1.3546, 
            2.8959, 
            2.9807, 
            1.9174, 
            1.6044, 
            1.212, 
            1.8865, 
            12.6603, 
            1.8967, 
            1.6179, 
            1.6623, 
            1.3707, 
            1.3939, 
            5.3164, 
            1.9505, 
            1.3772, 
            2.0956, 
            1.5078, 
            0.8018, 
            1.2245, 
            1.6479, 
            3.1583, 
            1.1442, 
            5.5594, 
            1.3994, 
            2.6236, 
            1.5159, 
            1.2136, 
            4.6475, 
            1.3174, 
            3.5042, 
            1.0102, 
            0.8509, 
            1.405, 
            1.6013, 
            1.1967, 
            1.1324, 
            1.1755, 
            1.8894, 
            2.0459, 
            5.2655, 
            5.6662, 
            1.1062, 
            1.6575, 
            1.2325, 
            1.1687, 
            0.8511, 
            1.2247, 
            2.053, 
            1.3456, 
            2.065, 
            1.2709, 
            4.188, 
            1.6326, 
            1.5175, 
            1.0667, 
            3.6426, 
            0.9603, 
            1.6417, 
            1.1624, 
            1.1345, 
            2.0589, 
            2.0938, 
            2.3133, 
            1.8468, 
            1.3428, 
            1.7387, 
            1.1184, 
            3.5039, 
            1.102, 
            2.231, 
            2.3697, 
            1.5332, 
            1.7177, 
            1.189, 
            1.2056, 
            1.1579, 
            1.9219, 
            1.07, 
            2.4594, 
            1.1652, 
            1.4904, 
            1.1171, 
            1.0528, 
            1.3792, 
            1.3284, 
            1.3081, 
            1.1333, 
            1.0241, 
            5.1866, 
            3.6259, 
            1.8197, 
            1.4083, 
            1.8725, 
            1.1708, 
            1.0202, 
            3.0295, 
            1.2058, 
            1.1351, 
            1.9716, 
            1.2313, 
            2.3651, 
            4.7393, 
            3.305, 
            1.3863, 
            1.306, 
            1.764, 
            2.0469, 
            2.977, 
            1.2606, 
            5.685, 
            0.9793, 
            1.6947, 
            1.5543, 
            3.2552, 
            2.5861, 
            1.2651, 
            1.5555, 
            2.2545, 
            3.5825, 
            1.5413, 
            2.5648, 
            1.1901, 
            2.9172, 
            1.4406, 
            3.2158, 
            1.515, 
            1.4826, 
            1.1724, 
            1.322, 
            3.2483, 
            2.8873, 
            1.1998, 
            1.5926, 
            4.2211, 
            8.5393, 
            1.5219, 
            2.0944, 
            1.0059, 
            1.0396, 
            1.558, 
            1.2028, 
            1.3518, 
            3.1469, 
            2.2115, 
            1.4308, 
            1.2378, 
            1.0139, 
            1.335, 
            1.3098, 
            1.235, 
            1.8342, 
            2.5357, 
            1.2818, 
            1.1479, 
            1.3119, 
            1.0639, 
            5.9145, 
            1.3824, 
            1.2382, 
            2.7818, 
            2.3435, 
            3.2499, 
            1.4206, 
            1.6857, 
            1.2121, 
            1.6437, 
            1.5567, 
            2.023, 
            1.5046, 
            1.8614, 
            4.7937, 
            1.1631, 
            1.9594, 
            1.0969, 
            2.0519, 
            1.6668, 
            1.4535, 
            1.0594, 
            1.0148, 
            1.2909, 
            3.8627, 
            1.225, 
            11.1955, 
            2.5658, 
            2.2658, 
            1.3838, 
            1.3333, 
            0.9991, 
            1.112, 
            1.6365, 
            2.302, 
            0.9805, 
            2.5497
        ], 
        "x": [
            1.0, 
            2.0, 
            1.0, 
            1.0, 
            6.0, 
            3.0, 
            1.0, 
            1.0, 
            2.0, 
            1.0, 
            1.0, 
            1.0, 
            1.0, 
            2.0, 
            1.0, 
            2.0, 
            1.0, 
            1.0, 
            1.0, 
            1.0, 
            1.0, 
            1.0, 
            1.0, 
            1.0, 
            1.0, 
            1.0, 
            1.0, 
            4.0, 
            6.0, 
            1.0, 
            2.0, 
            1.0, 
            3.0, 
            1.0, 
            1.0, 
            1.0, 
            1.0, 
            1.0, 
            1.0, 
            1.0, 
            1.0, 
            1.0, 
            1.0, 
            1.0, 
            1.0, 
            1.0, 
            4.0, 
            1.0, 
            1.0, 
            3.0, 
            1.0, 
            1.0, 
            1.0, 
            6.0, 
            1.0, 
            1.0, 
            1.0, 
            1.0, 
            2.0, 
            7.0, 
            1.0, 
            1.0, 
            1.0, 
            10.0, 
            1.0, 
            3.0, 
            1.0, 
            1.0, 
            12.0, 
            3.0, 
            2.0, 
            1.0, 
            1.0, 
            1.0, 
            1.0, 
            1.0, 
            24.0, 
            1.0, 
            1.0, 
            1.0, 
            1.0, 
            1.0, 
            1.0, 
            1.0, 
            2.0, 
            1.0, 
            1.0, 
            1.0, 
            1.0, 
            1.0, 
            1.0, 
            1.0, 
            5.0, 
            14.0, 
            1.0, 
            1.0, 
            1.0, 
            2.0, 
            3.0, 
            2.0, 
            5.0, 
            1.0, 
            1.0, 
            1.0, 
            1.0, 
            1.0, 
            1.0, 
            1.0, 
            4.0, 
            1.0, 
            1.0, 
            1.0, 
            3.0, 
            1.0, 
            1.0, 
            1.0, 
            1.0, 
            1.0, 
            1.0, 
            4.0, 
            8.0, 
            1.0, 
            6.0, 
            1.0, 
            1.0, 
            1.0, 
            1.0, 
            1.0, 
            1.0, 
            1.0, 
            2.0, 
            1.0, 
            2.0, 
            1.0, 
            2.0, 
            1.0, 
            3.0, 
            2.0, 
            1.0, 
            1.0, 
            1.0, 
            1.0, 
            1.0, 
            1.0, 
            12.0, 
            1.0, 
            1.0, 
            2.0, 
            1.0, 
            1.0, 
            1.0, 
            1.0, 
            1.0, 
            1.0, 
            1.0, 
            1.0, 
            1.0, 
            4.0, 
            1.0, 
            1.0, 
            1.0, 
            1.0, 
            1.0, 
            1.0, 
            1.0, 
            2.0, 
            1.0, 
            1.0, 
            1.0, 
            1.0, 
            1.0, 
            1.0, 
            2.0, 
            3.0, 
            10.0, 
            13.0, 
            8.0, 
            1.0, 
            1.0, 
            2.0, 
            1.0, 
            1.0, 
            78.0, 
            1.0, 
            1.0, 
            1.0, 
            1.0, 
            2.0, 
            1.0, 
            2.0, 
            1.0, 
            2.0, 
            2.0, 
            2.0, 
            4.0, 
            1.0, 
            1.0, 
            0.0, 
            1.0, 
            1.0, 
            1.0, 
            2.0, 
            2.0, 
            8.0, 
            3.0, 
            1.0, 
            1.0, 
            5.0, 
            3.0, 
            2.0, 
            1.0, 
            2.0, 
            1.0, 
            2.0, 
            1.0, 
            3.0, 
            1.0, 
            1.0, 
            6.0, 
            2.0, 
            1.0, 
            17.0, 
            68.0, 
            1.0, 
            5.0, 
            1.0, 
            1.0, 
            1.0, 
            3.0, 
            1.0, 
            1.0, 
            1.0, 
            1.0, 
            1.0, 
            1.0, 
            2.0, 
            1.0, 
            1.0, 
            2.0, 
            1.0, 
            2.0, 
            1.0, 
            2.0, 
            3.0, 
            7.0, 
            1.0, 
            1.0, 
            2.0, 
            3.0, 
            5.0, 
            1.0, 
            1.0, 
            8.0, 
            1.0, 
            2.0, 
            1.0, 
            2.0, 
            1.0, 
            1.0, 
            7.0, 
            1.0, 
            1.0, 
            1.0, 
            1.0, 
            1.0, 
            1.0, 
            1.0, 
            2.0, 
            1.0, 
            1.0, 
            1.0, 
            1.0, 
            1.0, 
            1.0, 
            1.0, 
            1.0, 
            1.0, 
            1.0, 
            1.0, 
            7.0, 
            2.0, 
            4.0, 
            1.0, 
            2.0, 
            1.0, 
            1.0, 
            1.0, 
            1.0, 
            2.0, 
            1.0, 
            1.0, 
            1.0, 
            1.0, 
            1.0, 
            4.0, 
            1.0, 
            1.0, 
            1.0, 
            1.0, 
            1.0, 
            1.0, 
            1.0, 
            1.0, 
            1.0, 
            5.0, 
            2.0, 
            2.0, 
            1.0, 
            1.0, 
            5.0, 
            1.0, 
            4.0, 
            1.0, 
            3.0, 
            1.0, 
            1.0, 
            1.0, 
            1.0, 
            1.0, 
            2.0, 
            1.0, 
            2.0, 
            1.0, 
            1.0, 
            1.0, 
            2.0, 
            2.0, 
            1.0, 
            1.0, 
            1.0, 
            1.0, 
            3.0, 
            1.0, 
            1.0, 
            6.0, 
            1.0, 
            1.0, 
            1.0, 
            1.0, 
            1.0, 
            1.0, 
            1.0, 
            1.0, 
            2.0, 
            2.0, 
            4.0, 
            1.0, 
            1.0, 
            1.0, 
            1.0, 
            1.0, 
            3.0, 
            1.0, 
            1.0, 
            1.0, 
            1.0, 
            1.0, 
            2.0, 
            8.0, 
            2.0, 
            1.0, 
            1.0, 
            1.0, 
            1.0, 
            1.0, 
            1.0, 
            1.0, 
            1.0, 
            1.0, 
            1.0, 
            1.0, 
            1.0, 
            1.0, 
            4.0, 
            1.0, 
            1.0, 
            2.0, 
            1.0, 
            4.0, 
            3.0, 
            1.0, 
            1.0, 
            1.0, 
            10.0, 
            1.0, 
            4.0, 
            1.0, 
            1.0, 
            7.0, 
            1.0, 
            4.0, 
            1.0, 
            1.0, 
            1.0, 
            1.0, 
            1.0, 
            1.0, 
            1.0, 
            1.0, 
            1.0, 
            1.0, 
            4.0, 
            4.0, 
            1.0, 
            1.0, 
            1.0, 
            1.0, 
            1.0, 
            1.0, 
            2.0, 
            12.0, 
            15.0, 
            1.0, 
            1.0, 
            2.0, 
            1.0, 
            1.0, 
            1.0, 
            1.0, 
            1.0, 
            2.0, 
            2.0, 
            4.0, 
            2.0, 
            1.0, 
            1.0, 
            3.0, 
            1.0, 
            1.0, 
            2.0, 
            1.0, 
            4.0, 
            1.0, 
            1.0, 
            1.0, 
            1.0, 
            2.0, 
            1.0, 
            1.0, 
            7.0, 
            1.0, 
            1.0, 
            2.0, 
            1.0, 
            1.0, 
            1.0, 
            1.0, 
            4.0, 
            1.0, 
            4.0, 
            1.0, 
            1.0, 
            2.0, 
            1.0, 
            2.0, 
            2.0, 
            2.0, 
            1.0, 
            2.0, 
            1.0, 
            6.0, 
            4.0, 
            1.0, 
            11.0, 
            1.0, 
            2.0, 
            1.0, 
            1.0, 
            1.0, 
            1.0, 
            6.0, 
            2.0, 
            1.0, 
            1.0, 
            1.0, 
            1.0, 
            1.0, 
            1.0, 
            2.0, 
            2.0, 
            1.0, 
            1.0, 
            3.0, 
            3.0, 
            1.0, 
            2.0, 
            2.0, 
            3.0, 
            2.0, 
            1.0, 
            1.0, 
            2.0, 
            2.0, 
            1.0, 
            1.0, 
            1.0, 
            1.0, 
            2.0, 
            2.0, 
            1.0, 
            1.0, 
            1.0, 
            1.0, 
            1.0, 
            1.0, 
            1.0, 
            1.0, 
            2.0, 
            1.0, 
            1.0, 
            1.0, 
            1.0, 
            6.0, 
            1.0, 
            1.0, 
            1.0, 
            1.0, 
            1.0, 
            3.0, 
            1.0, 
            1.0, 
            1.0, 
            1.0, 
            2.0, 
            1.0, 
            1.0, 
            1.0, 
            1.0, 
            1.0, 
            2.0, 
            3.0, 
            1.0, 
            1.0, 
            2.0, 
            1.0, 
            3.0, 
            1.0, 
            3.0, 
            1.0, 
            2.0, 
            1.0, 
            1.0, 
            11.0, 
            1.0, 
            1.0, 
            1.0, 
            1.0, 
            2.0, 
            1.0, 
            1.0, 
            4.0, 
            1.0, 
            1.0, 
            1.0, 
            3.0, 
            1.0, 
            1.0, 
            1.0, 
            2.0, 
            1.0, 
            2.0, 
            1.0, 
            2.0, 
            1.0, 
            2.0, 
            1.0, 
            2.0, 
            3.0, 
            1.0, 
            4.0, 
            2.0, 
            1.0, 
            4.0, 
            1.0, 
            1.0, 
            1.0, 
            1.0, 
            1.0, 
            1.0, 
            1.0, 
            1.0, 
            1.0, 
            1.0, 
            1.0, 
            1.0, 
            1.0, 
            1.0, 
            1.0, 
            2.0, 
            1.0, 
            1.0, 
            2.0, 
            2.0, 
            1.0, 
            1.0, 
            1.0, 
            5.0, 
            6.0, 
            1.0, 
            1.0, 
            1.0, 
            2.0, 
            4.0, 
            1.0, 
            1.0, 
            4.0, 
            1.0, 
            1.0, 
            1.0, 
            1.0, 
            1.0, 
            1.0, 
            1.0, 
            1.0, 
            7.0, 
            4.0, 
            1.0, 
            1.0, 
            1.0, 
            2.0, 
            1.0, 
            1.0, 
            1.0, 
            1.0, 
            4.0, 
            1.0, 
            4.0, 
            1.0, 
            1.0, 
            2.0, 
            2.0, 
            1.0, 
            1.0, 
            1.0, 
            1.0, 
            2.0, 
            1.0, 
            3.0, 
            2.0, 
            1.0, 
            1.0, 
            1.0, 
            1.0, 
            1.0, 
            12.0, 
            1.0, 
            1.0, 
            1.0, 
            2.0, 
            1.0, 
            1.0, 
            2.0, 
            1.0, 
            1.0, 
            4.0, 
            4.0, 
            1.0, 
            1.0, 
            1.0, 
            3.0, 
            1.0, 
            2.0, 
            1.0, 
            1.0, 
            1.0, 
            3.0, 
            4.0, 
            1.0, 
            1.0, 
            2.0, 
            1.0, 
            1.0, 
            1.0, 
            1.0, 
            36.0, 
            11.0, 
            1.0, 
            1.0, 
            10.0, 
            4.0, 
            1.0, 
            1.0, 
            1.0, 
            1.0, 
            1.0, 
            1.0, 
            2.0, 
            2.0, 
            1.0, 
            2.0, 
            3.0, 
            1.0, 
            1.0, 
            1.0, 
            3.0, 
            1.0, 
            1.0, 
            1.0, 
            2.0, 
            1.0, 
            1.0, 
            1.0, 
            4.0, 
            1.0, 
            3.0, 
            2.0, 
            1.0, 
            1.0, 
            1.0, 
            2.0, 
            1.0, 
            2.0, 
            1.0, 
            9.0, 
            1.0, 
            1.0, 
            2.0, 
            4.0, 
            1.0, 
            2.0, 
            1.0, 
            1.0, 
            1.0, 
            1.0, 
            1.0, 
            1.0, 
            1.0, 
            1.0, 
            1.0, 
            1.0, 
            1.0, 
            1.0, 
            2.0, 
            1.0, 
            1.0, 
            1.0, 
            1.0, 
            1.0, 
            1.0, 
            1.0, 
            1.0, 
            2.0, 
            2.0, 
            1.0, 
            1.0, 
            7.0, 
            1.0, 
            1.0, 
            8.0, 
            1.0, 
            1.0, 
            1.0, 
            1.0, 
            2.0, 
            1.0, 
            2.0, 
            2.0, 
            1.0, 
            2.0, 
            1.0, 
            2.0, 
            2.0, 
            1.0, 
            1.0, 
            1.0, 
            1.0, 
            1.0, 
            4.0, 
            1.0, 
            5.0, 
            1.0, 
            2.0, 
            1.0, 
            2.0, 
            1.0, 
            3.0, 
            2.0, 
            1.0, 
            1.0, 
            1.0, 
            1.0, 
            1.0, 
            1.0, 
            0.0, 
            1.0, 
            1.0, 
            1.0, 
            1.0, 
            1.0, 
            2.0, 
            1.0, 
            1.0, 
            4.0, 
            1.0, 
            2.0, 
            1.0, 
            1.0, 
            1.0, 
            1.0, 
            1.0, 
            3.0, 
            4.0, 
            2.0, 
            1.0, 
            2.0, 
            1.0, 
            3.0, 
            1.0, 
            2.0, 
            2.0, 
            2.0, 
            1.0, 
            1.0, 
            3.0, 
            1.0, 
            1.0, 
            2.0, 
            2.0, 
            1.0, 
            1.0, 
            2.0, 
            1.0, 
            1.0, 
            1.0, 
            1.0, 
            1.0, 
            3.0, 
            5.0, 
            1.0, 
            5.0, 
            1.0, 
            1.0, 
            -1.0, 
            1.0, 
            5.0, 
            1.0, 
            5.0, 
            1.0, 
            1.0, 
            1.0, 
            2.0, 
            1.0, 
            1.0, 
            1.0, 
            1.0, 
            2.0, 
            3.0, 
            7.0, 
            1.0, 
            2.0, 
            1.0, 
            2.0, 
            1.0, 
            1.0, 
            2.0, 
            1.0, 
            2.0, 
            1.0, 
            9.0, 
            1.0, 
            2.0, 
            1.0, 
            3.0, 
            1.0, 
            1.0, 
            1.0, 
            1.0, 
            1.0, 
            2.0, 
            1.0, 
            2.0, 
            2.0, 
            1.0, 
            1.0, 
            9.0, 
            1.0, 
            1.0, 
            2.0, 
            2.0, 
            2.0, 
            1.0, 
            1.0, 
            1.0, 
            1.0, 
            1.0, 
            4.0, 
            1.0, 
            2.0, 
            1.0, 
            1.0, 
            1.0, 
            1.0, 
            1.0, 
            1.0, 
            1.0, 
            2.0, 
            1.0, 
            1.0, 
            1.0, 
            2.0, 
            1.0, 
            1.0, 
            1.0, 
            1.0, 
            1.0, 
            1.0, 
            1.0, 
            2.0, 
            10.0, 
            8.0, 
            1.0, 
            1.0, 
            1.0, 
            4.0, 
            1.0, 
            1.0, 
            1.0, 
            1.0, 
            1.0, 
            2.0, 
            2.0, 
            2.0, 
            1.0, 
            1.0, 
            3.0, 
            1.0, 
            1.0, 
            1.0, 
            1.0, 
            1.0, 
            2.0, 
            1.0, 
            3.0, 
            1.0, 
            1.0, 
            1.0, 
            1.0, 
            4.0, 
            1.0, 
            1.0, 
            1.0, 
            2.0, 
            3.0, 
            2.0, 
            1.0, 
            1.0, 
            1.0, 
            1.0, 
            1.0, 
            5.0, 
            1.0, 
            1.0, 
            1.0, 
            1.0, 
            2.0, 
            1.0, 
            1.0, 
            2.0, 
            1.0, 
            1.0, 
            1.0, 
            1.0, 
            1.0, 
            1.0, 
            1.0, 
            1.0, 
            2.0, 
            1.0, 
            3.0, 
            2.0, 
            2.0, 
            1.0, 
            2.0, 
            2.0, 
            2.0, 
            1.0, 
            1.0, 
            1.0, 
            1.0, 
            1.0, 
            1.0, 
            4.0, 
            1.0, 
            4.0, 
            1.0, 
            1.0, 
            1.0, 
            1.0, 
            1.0, 
            8.0, 
            4.0, 
            5.0, 
            1.0, 
            1.0, 
            1.0, 
            1.0, 
            1.0, 
            4.0, 
            1.0, 
            1.0
        ]
    }, 
    "processed_feature_names": [
        "item_category_id", 
        "item_cnt_month_avg", 
        "item_cnt_prev_month", 
        "item_id", 
        "shop_id", 
        "dummy:shop_name:\u041c\u043e\u0441\u043a\u0432\u0430 \u0422\u0426 \"\u0421\u0435\u043c\u0435\u043d\u043e\u0432\u0441\u043a\u0438\u0439\"", 
        "dummy:shop_name:\u041c\u043e\u0441\u043a\u0432\u0430 \u0422\u0420\u041a \"\u0410\u0442\u0440\u0438\u0443\u043c\"", 
        "dummy:shop_name:\u0425\u0438\u043c\u043a\u0438 \u0422\u0426 \"\u041c\u0435\u0433\u0430\"", 
        "dummy:shop_name:\u041c\u043e\u0441\u043a\u0432\u0430 \u0422\u0426 \"\u041c\u0415\u0413\u0410 \u0422\u0435\u043f\u043b\u044b\u0439 \u0421\u0442\u0430\u043d\" II", 
        "dummy:shop_name:\u042f\u043a\u0443\u0442\u0441\u043a \u041e\u0440\u0434\u0436\u043e\u043d\u0438\u043a\u0438\u0434\u0437\u0435, 56", 
        "dummy:shop_name:\u0421\u041f\u0431 \u0422\u041a \"\u041d\u0435\u0432\u0441\u043a\u0438\u0439 \u0426\u0435\u043d\u0442\u0440\"", 
        "dummy:shop_name:\u041c\u043e\u0441\u043a\u0432\u0430 \u0422\u0426 \"\u041c\u0415\u0413\u0410 \u0411\u0435\u043b\u0430\u044f \u0414\u0430\u0447\u0430 II\"", 
        "dummy:shop_name:\u0412\u043e\u0440\u043e\u043d\u0435\u0436 (\u041f\u043b\u0435\u0445\u0430\u043d\u043e\u0432\u0441\u043a\u0430\u044f, 13)", 
        "dummy:shop_name:\u0427\u0435\u0445\u043e\u0432 \u0422\u0420\u0426 \"\u041a\u0430\u0440\u043d\u0430\u0432\u0430\u043b\"", 
        "dummy:shop_name:\u041c\u043e\u0441\u043a\u0432\u0430 \u041c\u0422\u0420\u0426 \"\u0410\u0444\u0438 \u041c\u043e\u043b\u043b\"", 
        "dummy:shop_name:\u042f\u043a\u0443\u0442\u0441\u043a \u0422\u0426 \"\u0426\u0435\u043d\u0442\u0440\u0430\u043b\u044c\u043d\u044b\u0439\"", 
        "dummy:shop_name:\u041a\u0443\u0440\u0441\u043a \u0422\u0426 \"\u041f\u0443\u0448\u043a\u0438\u043d\u0441\u043a\u0438\u0439\"", 
        "dummy:shop_name:\u0421\u0435\u0440\u0433\u0438\u0435\u0432 \u041f\u043e\u0441\u0430\u0434 \u0422\u0426 \"7\u042f\"", 
        "dummy:shop_name:\u0422\u044e\u043c\u0435\u043d\u044c \u0422\u0426 \"\u0413\u0443\u0434\u0432\u0438\u043d\"", 
        "dummy:shop_name:\u041d.\u041d\u043e\u0432\u0433\u043e\u0440\u043e\u0434 \u0422\u0420\u0426 \"\u0424\u0430\u043d\u0442\u0430\u0441\u0442\u0438\u043a\u0430\"", 
        "dummy:shop_name:\u0412\u043e\u0440\u043e\u043d\u0435\u0436 \u0422\u0420\u0426 \"\u041c\u0430\u043a\u0441\u0438\u043c\u0438\u0440\"", 
        "dummy:shop_name:\u0421\u0443\u0440\u0433\u0443\u0442 \u0422\u0420\u0426 \"\u0421\u0438\u0442\u0438 \u041c\u043e\u043b\u043b\"", 
        "dummy:shop_name:\u041c\u043e\u0441\u043a\u0432\u0430 \u0422\u0426 \"\u0410\u0440\u0435\u0430\u043b\" (\u0411\u0435\u043b\u044f\u0435\u0432\u043e)", 
        "dummy:shop_name:\u041a\u043e\u043b\u043e\u043c\u043d\u0430 \u0422\u0426 \"\u0420\u0438\u043e\"", 
        "dummy:shop_name:\u041c\u043e\u0441\u043a\u0432\u0430 \u0422\u0426 \"\u041f\u0435\u0440\u043b\u043e\u0432\u0441\u043a\u0438\u0439\"", 
        "dummy:shop_name:\u041a\u0430\u043b\u0443\u0433\u0430 \u0422\u0420\u0426 \"XXI \u0432\u0435\u043a\"", 
        "dummy:shop_name:\u0422\u044e\u043c\u0435\u043d\u044c \u0422\u0426 \"\u0417\u0435\u043b\u0435\u043d\u044b\u0439 \u0411\u0435\u0440\u0435\u0433\"", 
        "dummy:shop_name:\u0423\u0444\u0430 \u0422\u0426 \"\u0421\u0435\u043c\u044c\u044f\" 2", 
        "dummy:shop_name:\u041c\u043e\u0441\u043a\u0432\u0430 \u0422\u041a \"\u0411\u0443\u0434\u0435\u043d\u043e\u0432\u0441\u043a\u0438\u0439\" (\u043f\u0430\u0432.\u041a7)", 
        "dummy:shop_name:\u041a\u0440\u0430\u0441\u043d\u043e\u044f\u0440\u0441\u043a \u0422\u0426 \"\u0418\u044e\u043d\u044c\"", 
        "dummy:shop_name:\u0423\u0444\u0430 \u0422\u041a \"\u0426\u0435\u043d\u0442\u0440\u0430\u043b\u044c\u043d\u044b\u0439\"", 
        "dummy:shop_name:\u041c\u043e\u0441\u043a\u0432\u0430 \u0422\u0426 \"\u041d\u043e\u0432\u044b\u0439 \u0432\u0435\u043a\" (\u041d\u043e\u0432\u043e\u043a\u043e\u0441\u0438\u043d\u043e)", 
        "dummy:shop_name:\u0421\u0430\u043c\u0430\u0440\u0430 \u0422\u0426 \"\u041c\u0435\u043b\u043e\u0434\u0438\u044f\"", 
        "dummy:shop_name:\u041e\u043c\u0441\u043a \u0422\u0426 \"\u041c\u0435\u0433\u0430\"", 
        "dummy:shop_name:\u041d\u043e\u0432\u043e\u0441\u0438\u0431\u0438\u0440\u0441\u043a \u0422\u0426 \"\u041c\u0435\u0433\u0430\"", 
        "dummy:shop_name:\u042f\u0440\u043e\u0441\u043b\u0430\u0432\u043b\u044c \u0422\u0426 \"\u0410\u043b\u044c\u0442\u0430\u0438\u0440\"", 
        "dummy:shop_name:\u041c\u043e\u0441\u043a\u0432\u0430 \u041c\u0430\u0433\u0430\u0437\u0438\u043d \u042121", 
        "dummy:shop_name:\u0420\u043e\u0441\u0442\u043e\u0432\u041d\u0430\u0414\u043e\u043d\u0443 \u0422\u0426 \"\u041c\u0435\u0433\u0430\"", 
        "dummy:shop_name:\u041a\u0430\u0437\u0430\u043d\u044c \u0422\u0426 \"\u041f\u0430\u0440\u043a\u0425\u0430\u0443\u0441\" II", 
        "dummy:shop_name:\u0421\u0430\u043c\u0430\u0440\u0430 \u0422\u0426 \"\u041f\u0430\u0440\u043a\u0425\u0430\u0443\u0441\"", 
        "dummy:shop_name:\u0412\u043e\u043b\u043e\u0433\u0434\u0430 \u0422\u0420\u0426 \"\u041c\u0430\u0440\u043c\u0435\u043b\u0430\u0434\"", 
        "dummy:shop_name:\u0412\u043e\u043b\u0436\u0441\u043a\u0438\u0439 \u0422\u0426 \"\u0412\u043e\u043b\u0433\u0430 \u041c\u043e\u043b\u043b\"", 
        "dummy:shop_name:\u0421\u041f\u0431 \u0422\u041a \"\u0421\u0435\u043d\u043d\u0430\u044f\"", 
        "dummy:shop_name:\u0418\u043d\u0442\u0435\u0440\u043d\u0435\u0442-\u043c\u0430\u0433\u0430\u0437\u0438\u043d \u0427\u0421", 
        "dummy:shop_name:\u0411\u0430\u043b\u0430\u0448\u0438\u0445\u0430 \u0422\u0420\u041a \"\u041e\u043a\u0442\u044f\u0431\u0440\u044c-\u041a\u0438\u043d\u043e\u043c\u0438\u0440\"", 
        "dummy:shop_name:\u0410\u0434\u044b\u0433\u0435\u044f \u0422\u0426 \"\u041c\u0435\u0433\u0430\"", 
        "dummy:shop_name:\u041a\u0440\u0430\u0441\u043d\u043e\u044f\u0440\u0441\u043a \u0422\u0426 \"\u0412\u0437\u043b\u0435\u0442\u043a\u0430 \u041f\u043b\u0430\u0437\u0430\"", 
        "dummy:shop_name:\u0422\u043e\u043c\u0441\u043a \u0422\u0420\u0426 \"\u0418\u0437\u0443\u043c\u0440\u0443\u0434\u043d\u044b\u0439 \u0413\u043e\u0440\u043e\u0434\"", 
        "dummy:shop_name:\u0416\u0443\u043a\u043e\u0432\u0441\u043a\u0438\u0439 \u0443\u043b. \u0427\u043a\u0430\u043b\u043e\u0432\u0430 39\u043c?", 
        "dummy:shop_name:\u0426\u0438\u0444\u0440\u043e\u0432\u043e\u0439 \u0441\u043a\u043b\u0430\u0434 1\u0421-\u041e\u043d\u043b\u0430\u0439\u043d", 
        "dummy:shop_name:\u0422\u044e\u043c\u0435\u043d\u044c \u0422\u0420\u0426 \"\u041a\u0440\u0438\u0441\u0442\u0430\u043b\u043b\"", 
        "dummy:shop_name:\u041a\u0430\u0437\u0430\u043d\u044c \u0422\u0426 \"\u0411\u0435\u0445\u0435\u0442\u043b\u0435\"", 
        "dummy:shop_name:\u0420\u043e\u0441\u0442\u043e\u0432\u041d\u0430\u0414\u043e\u043d\u0443 \u0422\u0420\u041a \"\u041c\u0435\u0433\u0430\u0446\u0435\u043d\u0442\u0440 \u0413\u043e\u0440\u0438\u0437\u043e\u043d\u0442\"", 
        "dummy:shop_name:\u041c\u043e\u0441\u043a\u0432\u0430 \u0422\u0426 \"\u0421\u0435\u0440\u0435\u0431\u0440\u044f\u043d\u044b\u0439 \u0414\u043e\u043c\"", 
        "dummy:shop_name:!\u042f\u043a\u0443\u0442\u0441\u043a \u041e\u0440\u0434\u0436\u043e\u043d\u0438\u043a\u0438\u0434\u0437\u0435, 56 \u0444\u0440\u0430\u043d", 
        "dummy:shop_name:\u041c\u043e\u0441\u043a\u0432\u0430 \u0422\u041a \"\u0411\u0443\u0434\u0435\u043d\u043e\u0432\u0441\u043a\u0438\u0439\" (\u043f\u0430\u0432.\u04102)", 
        "dummy:shop_name:\u041d.\u041d\u043e\u0432\u0433\u043e\u0440\u043e\u0434 \u0422\u0420\u0426 \"\u0420\u0418\u041e\"", 
        "dummy:shop_name:\u041c\u044b\u0442\u0438\u0449\u0438 \u0422\u0420\u041a \"XL-3\"", 
        "dummy:shop_name:!\u042f\u043a\u0443\u0442\u0441\u043a \u0422\u0426 \"\u0426\u0435\u043d\u0442\u0440\u0430\u043b\u044c\u043d\u044b\u0439\" \u0444\u0440\u0430\u043d", 
        "dummy:shop_name:\u0412\u043e\u0440\u043e\u043d\u0435\u0436 \u0422\u0420\u0426 \u0421\u0438\u0442\u0438-\u041f\u0430\u0440\u043a \"\u0413\u0440\u0430\u0434\"", 
        "dummy:shop_name:\u0420\u043e\u0441\u0442\u043e\u0432\u041d\u0430\u0414\u043e\u043d\u0443 \u0422\u0420\u041a \"\u041c\u0435\u0433\u0430\u0446\u0435\u043d\u0442\u0440 \u0413\u043e\u0440\u0438\u0437\u043e\u043d\u0442\" \u041e\u0441\u0442\u0440\u043e\u0432\u043d\u043e\u0439", 
        "dummy:shop_name:\u0412\u044b\u0435\u0437\u0434\u043d\u0430\u044f \u0422\u043e\u0440\u0433\u043e\u0432\u043b\u044f", 
        "dummy:shop_name:\u041c\u043e\u0441\u043a\u0432\u0430 \"\u0420\u0430\u0441\u043f\u0440\u043e\u0434\u0430\u0436\u0430\"", 
        "dummy:shop_name:\u0416\u0443\u043a\u043e\u0432\u0441\u043a\u0438\u0439 \u0443\u043b. \u0427\u043a\u0430\u043b\u043e\u0432\u0430 39\u043c\u00b2", 
        "dummy:shop_name:N/A"
    ], 
    "regression_performance": {
        "max_error": 5.2092247440670301, 
        "median_error": -0.17722185877376517, 
        "error_distribution": [
            {
                "count": 641, 
                "bin_max": -2.9584105188370522, 
                "bin_id": 0, 
                "bin_min": -3.8750006983407328
            }, 
            {
                "count": 501, 
                "bin_max": -2.0508954896254874, 
                "bin_id": 1, 
                "bin_min": -2.9584105188370522
            }, 
            {
                "count": 1325, 
                "bin_max": -1.1433804604139226, 
                "bin_id": 2, 
                "bin_min": -2.0508954896254874
            }, 
            {
                "count": 6259, 
                "bin_max": -0.23586543120235781, 
                "bin_id": 3, 
                "bin_min": -1.1433804604139226
            }, 
            {
                "count": 8685, 
                "bin_max": 0.67164959800920698, 
                "bin_id": 4, 
                "bin_min": -0.23586543120235781
            }, 
            {
                "count": 1277, 
                "bin_max": 1.5791646272207718, 
                "bin_id": 5, 
                "bin_min": 0.67164959800920698
            }, 
            {
                "count": 476, 
                "bin_max": 2.4866796564323366, 
                "bin_id": 6, 
                "bin_min": 1.5791646272207718
            }, 
            {
                "count": 246, 
                "bin_max": 3.3941946856439014, 
                "bin_id": 7, 
                "bin_min": 2.4866796564323366
            }, 
            {
                "count": 157, 
                "bin_max": 4.3017097148554662, 
                "bin_id": 8, 
                "bin_min": 3.3941946856439014
            }, 
            {
                "count": 501, 
                "bin_max": 5.2092247440670301, 
                "bin_id": 9, 
                "bin_min": 4.3017097148554662
            }
        ], 
        "min_error": -3.865925548048617, 
        "average_error": -0.13292279188064993, 
        "std_error": 1.3792667379519654, 
        "p75_error": 0.06816272969001175, 
        "p90_error": 1.0083303039073375, 
        "p25_error": -0.5555830166893725
    }
}