{
  "state": "DONE",
  "preSearchDescription": {
    "gridLength": 3,
    "importantParams": [
      {
        "name": "alpha",
        "vals": [
          "0.1",
          "1.0",
          "3.0"
        ]
      }
    ]
  },
  "postSearchDescription": {
    "importantParams": [
      {
        "name": "alpha",
        "val": "0.1"
      }
    ]
  },
  "modelId": "m1",
  "progress": {
    "top_level_todo": [],
    "stack": [],
    "top_level_done": [
      {
        "name": "Loading train set",
        "time": 251
      },
      {
        "name": "Loading test set",
        "time": 70
      },
      {
        "name": "Collecting statistics",
        "time": 55
      },
      {
        "name": "Preprocessing train set",
        "time": 160
      },
      {
        "name": "Preprocessing test set",
        "time": 54
      },
      {
        "name": "Grid searching",
        "time": 2080
      },
      {
        "name": "Fitting model",
        "time": 1620
      },
      {
        "name": "Saving model",
        "time": 17
      },
      {
        "name": "Scoring model",
        "time": 2064
      }
    ]
  },
  "startTime": 1523111873436,
  "endTime": 1523111879812,
  "preprocessingTime": 594,
  "trainingTime": 5782
}