{
    "metrics": {
        "nbClusters": 5, 
        "silhouette": 0.49007235637420454, 
        "inertia": 81539.049889006579
    }, 
    "reduce_vars": [], 
    "train_nb_features": 58, 
    "train_nb_records": 80226, 
    "variables_importance": {
        "variables": [
            "ImageId", 
            "RowId", 
            "dummy:FeatureName_0:nose_tip_y", 
            "dummy:FeatureName_0:left_eye_center_y", 
            "dummy:FeatureName_0:left_eye_center_x", 
            "dummy:FeatureName_0:right_eye_center_x", 
            "dummy:FeatureName_0:right_eye_center_y", 
            "dummy:FeatureName_0:mouth_center_bottom_lip_x", 
            "dummy:FeatureName_0:mouth_center_bottom_lip_y", 
            "dummy:FeatureName_0:mouth_left_corner_y", 
            "dummy:FeatureName_0:mouth_left_corner_x", 
            "dummy:FeatureName_0:mouth_center_top_lip_x", 
            "dummy:FeatureName_0:mouth_center_top_lip_y", 
            "dummy:FeatureName_0:left_eye_outer_corner_y", 
            "dummy:FeatureName_0:left_eye_outer_corner_x", 
            "dummy:FeatureName_0:right_eye_inner_corner_x", 
            "dummy:FeatureName_0:right_eye_inner_corner_y", 
            "dummy:FeatureName_0:left_eye_inner_corner_x", 
            "dummy:FeatureName_0:left_eye_inner_corner_y", 
            "dummy:FeatureName_0:right_eye_outer_corner_y", 
            "dummy:FeatureName_0:right_eye_outer_corner_x", 
            "dummy:FeatureName_0:mouth_right_corner_y", 
            "dummy:FeatureName_0:mouth_right_corner_x", 
            "dummy:FeatureName_0:left_eyebrow_inner_end_x", 
            "dummy:FeatureName_0:right_eyebrow_inner_end_x", 
            "dummy:FeatureName_0:left_eyebrow_inner_end_y", 
            "dummy:FeatureName_0:right_eyebrow_inner_end_y", 
            "dummy:FeatureName_0:N/A", 
            "dummy:FeatureName_0:__Others__", 
            "dummy:FeatureName:nose_tip_y", 
            "dummy:FeatureName:left_eye_center_y", 
            "dummy:FeatureName:left_eye_center_x", 
            "dummy:FeatureName:right_eye_center_x", 
            "dummy:FeatureName:right_eye_center_y", 
            "dummy:FeatureName:mouth_center_bottom_lip_x", 
            "dummy:FeatureName:mouth_center_bottom_lip_y", 
            "dummy:FeatureName:mouth_left_corner_y", 
            "dummy:FeatureName:mouth_left_corner_x", 
            "dummy:FeatureName:mouth_center_top_lip_x", 
            "dummy:FeatureName:mouth_center_top_lip_y", 
            "dummy:FeatureName:left_eye_outer_corner_y", 
            "dummy:FeatureName:left_eye_outer_corner_x", 
            "dummy:FeatureName:right_eye_inner_corner_x", 
            "dummy:FeatureName:right_eye_inner_corner_y", 
            "dummy:FeatureName:left_eye_inner_corner_x", 
            "dummy:FeatureName:left_eye_inner_corner_y", 
            "dummy:FeatureName:right_eye_outer_corner_y", 
            "dummy:FeatureName:right_eye_outer_corner_x", 
            "dummy:FeatureName:mouth_right_corner_y", 
            "dummy:FeatureName:mouth_right_corner_x", 
            "dummy:FeatureName:left_eyebrow_inner_end_x", 
            "dummy:FeatureName:right_eyebrow_inner_end_x", 
            "dummy:FeatureName:left_eyebrow_inner_end_y", 
            "dummy:FeatureName:right_eyebrow_inner_end_y", 
            "dummy:FeatureName:N/A", 
            "dummy:FeatureName:__Others__"
        ], 
        "importances": [
            0.25099278266750696, 
            0.34262575013701846, 
            8.554130243901948e-05, 
            0.00038738370860372245, 
            0.002162100577031676, 
            0.0069928076223571079, 
            0.0060442154015986783, 
            0.0058175677606329005, 
            0.0060903841199765876, 
            9.7533714364012527e-05, 
            0.0006520149457858584, 
            0.0002069869080739355, 
            0.00048448681825760795, 
            2.813134760386035e-05, 
            0.00053665031021549018, 
            0.0003595011661318738, 
            0.00069607823300460838, 
            0.000542105320420106, 
            0.00054018670030574732, 
            0.00011496864389194454, 
            0.00065625843303310466, 
            0.00027818986731370802, 
            0.00022787569495685836, 
            0.00037682702057555243, 
            0.00027510714295823127, 
            0.00046362972936333195, 
            0.00018840818921259399, 
            0.16609489301870109, 
            0.01073850684243147, 
            0.00027588883121808781, 
            0.0002438014482158424, 
            0.0018955694299588885, 
            0.010211080276487648, 
            0.010095360982789923, 
            0.0094421762763068559, 
            0.0096210416355456772, 
            0.00022473233744626763, 
            0.0001731803238044357, 
            0.00063706904009644351, 
            0.00056967008171630602, 
            0.00058065824685127787, 
            8.5245016320367978e-05, 
            7.9600853434209177e-05, 
            0.00019961157339077923, 
            0.00029770741581568535, 
            0.00037478218974402571, 
            0.00015154672515567161, 
            0.0002243009054812492, 
            0.00017064697824387742, 
            0.00019461128833077077, 
            0.00059647651397251871, 
            0.00061352025588453307, 
            3.3181421472439577e-05, 
            0.00076706069847329501, 
            0.13505973210638081, 
            0.012424873803695976
        ]
    }, 
    "cluster_description": [
        {
            "variable": "dummy:FeatureName_0:nose_tip_x", 
            "var": 0.01, 
            "values": [
                {
                    "cluster": "cluster_0", 
                    "col": 0, 
                    "value": 0.0
                }, 
                {
                    "cluster": "cluster_1", 
                    "col": 1, 
                    "value": 0.0
                }, 
                {
                    "cluster": "cluster_2", 
                    "col": 2, 
                    "value": 0.0
                }, 
                {
                    "cluster": "cluster_3", 
                    "col": 3, 
                    "value": 0.0
                }, 
                {
                    "cluster": "cluster_4", 
                    "col": 4, 
                    "value": 0.0
                }, 
                {
                    "cluster": "cluster_outliers", 
                    "col": 6, 
                    "value": 0.18033781733589563
                }
            ]
        }, 
        {
            "variable": "dummy:FeatureName_0:nose_tip_y", 
            "var": 0.01, 
            "values": [
                {
                    "cluster": "cluster_0", 
                    "col": 0, 
                    "value": 0.0
                }, 
                {
                    "cluster": "cluster_1", 
                    "col": 1, 
                    "value": 0.0
                }, 
                {
                    "cluster": "cluster_2", 
                    "col": 2, 
                    "value": 0.017127799736495388
                }, 
                {
                    "cluster": "cluster_3", 
                    "col": 3, 
                    "value": 0.0
                }, 
                {
                    "cluster": "cluster_4", 
                    "col": 4, 
                    "value": 0.0
                }, 
                {
                    "cluster": "cluster_outliers", 
                    "col": 6, 
                    "value": 0.17705067260038435
                }
            ]
        }, 
        {
            "variable": "dummy:FeatureName_0:left_eye_center_y", 
            "var": 0.0, 
            "values": [
                {
                    "cluster": "cluster_0", 
                    "col": 0, 
                    "value": 0.0
                }, 
                {
                    "cluster": "cluster_1", 
                    "col": 1, 
                    "value": 0.0
                }, 
                {
                    "cluster": "cluster_2", 
                    "col": 2, 
                    "value": 0.026877470355731226
                }, 
                {
                    "cluster": "cluster_3", 
                    "col": 3, 
                    "value": 0.0
                }, 
                {
                    "cluster": "cluster_4", 
                    "col": 4, 
                    "value": 0.0
                }, 
                {
                    "cluster": "cluster_outliers", 
                    "col": 6, 
                    "value": 0.17507838575907758
                }
            ]
        }, 
        {
            "variable": "dummy:FeatureName_0:left_eye_center_x", 
            "var": 0.0, 
            "values": [
                {
                    "cluster": "cluster_0", 
                    "col": 0, 
                    "value": 0.0
                }, 
                {
                    "cluster": "cluster_1", 
                    "col": 1, 
                    "value": 0.097709128774730994
                }, 
                {
                    "cluster": "cluster_2", 
                    "col": 2, 
                    "value": 0.042424242424242427
                }, 
                {
                    "cluster": "cluster_3", 
                    "col": 3, 
                    "value": 0.0
                }, 
                {
                    "cluster": "cluster_4", 
                    "col": 4, 
                    "value": 0.014648633463097483
                }, 
                {
                    "cluster": "cluster_outliers", 
                    "col": 6, 
                    "value": 0.12516435723677558
                }
            ]
        }, 
        {
            "variable": "dummy:FeatureName_0:right_eye_center_x", 
            "var": 0.01, 
            "values": [
                {
                    "cluster": "cluster_0", 
                    "col": 0, 
                    "value": 0.0
                }, 
                {
                    "cluster": "cluster_1", 
                    "col": 1, 
                    "value": 0.2809788267962513
                }, 
                {
                    "cluster": "cluster_2", 
                    "col": 2, 
                    "value": 0.037417654808959158
                }, 
                {
                    "cluster": "cluster_3", 
                    "col": 3, 
                    "value": 0.0
                }, 
                {
                    "cluster": "cluster_4", 
                    "col": 4, 
                    "value": 0.047517758959746359
                }, 
                {
                    "cluster": "cluster_outliers", 
                    "col": 6, 
                    "value": 0.031303732173561243
                }
            ]
        }, 
        {
            "variable": "dummy:FeatureName_0:right_eye_center_y", 
            "var": 0.01, 
            "values": [
                {
                    "cluster": "cluster_0", 
                    "col": 0, 
                    "value": 0.0
                }, 
                {
                    "cluster": "cluster_1", 
                    "col": 1, 
                    "value": 0.17424505380076363
                }, 
                {
                    "cluster": "cluster_2", 
                    "col": 2, 
                    "value": 0.021607378129117259
                }, 
                {
                    "cluster": "cluster_3", 
                    "col": 3, 
                    "value": 0.0
                }, 
                {
                    "cluster": "cluster_4", 
                    "col": 4, 
                    "value": 0.0
                }, 
                {
                    "cluster": "cluster_outliers", 
                    "col": 6, 
                    "value": 0.12531607160918379
                }
            ]
        }, 
        {
            "variable": "dummy:FeatureName_0:mouth_center_bottom_lip_x", 
            "var": 0.01, 
            "values": [
                {
                    "cluster": "cluster_0", 
                    "col": 0, 
                    "value": 0.0
                }, 
                {
                    "cluster": "cluster_1", 
                    "col": 1, 
                    "value": 0.17389795209996528
                }, 
                {
                    "cluster": "cluster_2", 
                    "col": 2, 
                    "value": 0.025032938076416336
                }, 
                {
                    "cluster": "cluster_3", 
                    "col": 3, 
                    "value": 0.0
                }, 
                {
                    "cluster": "cluster_4", 
                    "col": 4, 
                    "value": 0.0
                }, 
                {
                    "cluster": "cluster_outliers", 
                    "col": 6, 
                    "value": 0.12435521391726509
                }
            ]
        }, 
        {
            "variable": "dummy:FeatureName_0:mouth_center_bottom_lip_y", 
            "var": 0.01, 
            "values": [
                {
                    "cluster": "cluster_0", 
                    "col": 0, 
                    "value": 0.0
                }, 
                {
                    "cluster": "cluster_1", 
                    "col": 1, 
                    "value": 0.27316903852828878
                }, 
                {
                    "cluster": "cluster_2", 
                    "col": 2, 
                    "value": 0.0461133069828722
                }, 
                {
                    "cluster": "cluster_3", 
                    "col": 3, 
                    "value": 0.0
                }, 
                {
                    "cluster": "cluster_4", 
                    "col": 4, 
                    "value": 0.047196693020829156
                }, 
                {
                    "cluster": "cluster_outliers", 
                    "col": 6, 
                    "value": 0.031910589663194093
                }
            ]
        }, 
        {
            "variable": "dummy:FeatureName_0:mouth_left_corner_y", 
            "var": 0.0, 
            "values": [
                {
                    "cluster": "cluster_0", 
                    "col": 0, 
                    "value": 0.0
                }, 
                {
                    "cluster": "cluster_1", 
                    "col": 1, 
                    "value": 0.0
                }, 
                {
                    "cluster": "cluster_2", 
                    "col": 2, 
                    "value": 0.042424242424242427
                }, 
                {
                    "cluster": "cluster_3", 
                    "col": 3, 
                    "value": 0.0
                }, 
                {
                    "cluster": "cluster_4", 
                    "col": 4, 
                    "value": 0.040895773969579004
                }, 
                {
                    "cluster": "cluster_outliers", 
                    "col": 6, 
                    "value": 0.0
                }
            ]
        }, 
        {
            "variable": "dummy:FeatureName_0:mouth_left_corner_x", 
            "var": 0.0, 
            "values": [
                {
                    "cluster": "cluster_0", 
                    "col": 0, 
                    "value": 0.0
                }, 
                {
                    "cluster": "cluster_1", 
                    "col": 1, 
                    "value": 0.0
                }, 
                {
                    "cluster": "cluster_2", 
                    "col": 2, 
                    "value": 0.042424242424242427
                }, 
                {
                    "cluster": "cluster_3", 
                    "col": 3, 
                    "value": 0.0
                }, 
                {
                    "cluster": "cluster_4", 
                    "col": 4, 
                    "value": 0.040895773969579004
                }, 
                {
                    "cluster": "cluster_outliers", 
                    "col": 6, 
                    "value": 0.0
                }
            ]
        }, 
        {
            "variable": "dummy:FeatureName_0:mouth_center_top_lip_x", 
            "var": 0.0, 
            "values": [
                {
                    "cluster": "cluster_0", 
                    "col": 0, 
                    "value": 0.0
                }, 
                {
                    "cluster": "cluster_1", 
                    "col": 1, 
                    "value": 0.0
                }, 
                {
                    "cluster": "cluster_2", 
                    "col": 2, 
                    "value": 0.043478260869565216
                }, 
                {
                    "cluster": "cluster_3", 
                    "col": 3, 
                    "value": 0.0
                }, 
                {
                    "cluster": "cluster_4", 
                    "col": 4, 
                    "value": 0.040735241000120402
                }, 
                {
                    "cluster": "cluster_outliers", 
                    "col": 6, 
                    "value": 0.0
                }
            ]
        }, 
        {
            "variable": "dummy:FeatureName_0:mouth_center_top_lip_y", 
            "var": 0.0, 
            "values": [
                {
                    "cluster": "cluster_0", 
                    "col": 0, 
                    "value": 0.0
                }, 
                {
                    "cluster": "cluster_1", 
                    "col": 1, 
                    "value": 0.0
                }, 
                {
                    "cluster": "cluster_2", 
                    "col": 2, 
                    "value": 0.042687747035573126
                }, 
                {
                    "cluster": "cluster_3", 
                    "col": 3, 
                    "value": 0.0
                }, 
                {
                    "cluster": "cluster_4", 
                    "col": 4, 
                    "value": 0.04085564072721435
                }, 
                {
                    "cluster": "cluster_outliers", 
                    "col": 6, 
                    "value": 0.0
                }
            ]
        }, 
        {
            "variable": "dummy:FeatureName_0:left_eye_outer_corner_y", 
            "var": 0.0, 
            "values": [
                {
                    "cluster": "cluster_0", 
                    "col": 0, 
                    "value": 0.0
                }, 
                {
                    "cluster": "cluster_1", 
                    "col": 1, 
                    "value": 0.0
                }, 
                {
                    "cluster": "cluster_2", 
                    "col": 2, 
                    "value": 0.042160737812911728
                }, 
                {
                    "cluster": "cluster_3", 
                    "col": 3, 
                    "value": 0.0
                }, 
                {
                    "cluster": "cluster_4", 
                    "col": 4, 
                    "value": 0.04085564072721435
                }, 
                {
                    "cluster": "cluster_outliers", 
                    "col": 6, 
                    "value": 0.0
                }
            ]
        }, 
        {
            "variable": "dummy:FeatureName_0:left_eye_outer_corner_x", 
            "var": 0.0, 
            "values": [
                {
                    "cluster": "cluster_0", 
                    "col": 0, 
                    "value": 0.0
                }, 
                {
                    "cluster": "cluster_1", 
                    "col": 1, 
                    "value": 0.0
                }, 
                {
                    "cluster": "cluster_2", 
                    "col": 2, 
                    "value": 0.043478260869565216
                }, 
                {
                    "cluster": "cluster_3", 
                    "col": 3, 
                    "value": 0.0
                }, 
                {
                    "cluster": "cluster_4", 
                    "col": 4, 
                    "value": 0.040654974515391101
                }, 
                {
                    "cluster": "cluster_outliers", 
                    "col": 6, 
                    "value": 0.0
                }
            ]
        }, 
        {
            "variable": "dummy:FeatureName_0:right_eye_inner_corner_x", 
            "var": 0.0, 
            "values": [
                {
                    "cluster": "cluster_0", 
                    "col": 0, 
                    "value": 0.0
                }, 
                {
                    "cluster": "cluster_1", 
                    "col": 1, 
                    "value": 0.0
                }, 
                {
                    "cluster": "cluster_2", 
                    "col": 2, 
                    "value": 0.044005270092226614
                }, 
                {
                    "cluster": "cluster_3", 
                    "col": 3, 
                    "value": 0.0
                }, 
                {
                    "cluster": "cluster_4", 
                    "col": 4, 
                    "value": 0.0405747080306618
                }, 
                {
                    "cluster": "cluster_outliers", 
                    "col": 6, 
                    "value": 0.0
                }
            ]
        }, 
        {
            "variable": "dummy:FeatureName_0:right_eye_inner_corner_y", 
            "var": 0.0, 
            "values": [
                {
                    "cluster": "cluster_0", 
                    "col": 0, 
                    "value": 0.0
                }, 
                {
                    "cluster": "cluster_1", 
                    "col": 1, 
                    "value": 0.0
                }, 
                {
                    "cluster": "cluster_2", 
                    "col": 2, 
                    "value": 0.044795783926218712
                }, 
                {
                    "cluster": "cluster_3", 
                    "col": 3, 
                    "value": 0.0
                }, 
                {
                    "cluster": "cluster_4", 
                    "col": 4, 
                    "value": 0.040454308303567846
                }, 
                {
                    "cluster": "cluster_outliers", 
                    "col": 6, 
                    "value": 0.0
                }
            ]
        }, 
        {
            "variable": "dummy:FeatureName_0:left_eye_inner_corner_x", 
            "var": 0.0, 
            "values": [
                {
                    "cluster": "cluster_0", 
                    "col": 0, 
                    "value": 0.0
                }, 
                {
                    "cluster": "cluster_1", 
                    "col": 1, 
                    "value": 0.0
                }, 
                {
                    "cluster": "cluster_2", 
                    "col": 2, 
                    "value": 0.040316205533596841
                }, 
                {
                    "cluster": "cluster_3", 
                    "col": 3, 
                    "value": 0.0
                }, 
                {
                    "cluster": "cluster_4", 
                    "col": 4, 
                    "value": 0.041056306939037605
                }, 
                {
                    "cluster": "cluster_outliers", 
                    "col": 6, 
                    "value": 0.0
                }
            ]
        }, 
        {
            "variable": "dummy:FeatureName_0:left_eye_inner_corner_y", 
            "var": 0.0, 
            "values": [
                {
                    "cluster": "cluster_0", 
                    "col": 0, 
                    "value": 0.0
                }, 
                {
                    "cluster": "cluster_1", 
                    "col": 1, 
                    "value": 0.0
                }, 
                {
                    "cluster": "cluster_2", 
                    "col": 2, 
                    "value": 0.044005270092226614
                }, 
                {
                    "cluster": "cluster_3", 
                    "col": 3, 
                    "value": 0.0
                }, 
                {
                    "cluster": "cluster_4", 
                    "col": 4, 
                    "value": 0.040494441545932493
                }, 
                {
                    "cluster": "cluster_outliers", 
                    "col": 6, 
                    "value": 0.0
                }
            ]
        }, 
        {
            "variable": "dummy:FeatureName_0:right_eye_outer_corner_y", 
            "var": 0.0, 
            "values": [
                {
                    "cluster": "cluster_0", 
                    "col": 0, 
                    "value": 0.0
                }, 
                {
                    "cluster": "cluster_1", 
                    "col": 1, 
                    "value": 0.0
                }, 
                {
                    "cluster": "cluster_2", 
                    "col": 2, 
                    "value": 0.046903820816864297
                }, 
                {
                    "cluster": "cluster_3", 
                    "col": 3, 
                    "value": 0.0
                }, 
                {
                    "cluster": "cluster_4", 
                    "col": 4, 
                    "value": 0.040052975879921342
                }, 
                {
                    "cluster": "cluster_outliers", 
                    "col": 6, 
                    "value": 0.0
                }
            ]
        }, 
        {
            "variable": "dummy:FeatureName_0:right_eye_outer_corner_x", 
            "var": 0.0, 
            "values": [
                {
                    "cluster": "cluster_0", 
                    "col": 0, 
                    "value": 0.0
                }, 
                {
                    "cluster": "cluster_1", 
                    "col": 1, 
                    "value": 0.0
                }, 
                {
                    "cluster": "cluster_2", 
                    "col": 2, 
                    "value": 0.045322793148880103
                }, 
                {
                    "cluster": "cluster_3", 
                    "col": 3, 
                    "value": 0.0
                }, 
                {
                    "cluster": "cluster_4", 
                    "col": 4, 
                    "value": 0.040293775334109244
                }, 
                {
                    "cluster": "cluster_outliers", 
                    "col": 6, 
                    "value": 0.0
                }
            ]
        }, 
        {
            "variable": "dummy:FeatureName_0:mouth_right_corner_y", 
            "var": 0.0, 
            "values": [
                {
                    "cluster": "cluster_0", 
                    "col": 0, 
                    "value": 0.0
                }, 
                {
                    "cluster": "cluster_1", 
                    "col": 1, 
                    "value": 0.0
                }, 
                {
                    "cluster": "cluster_2", 
                    "col": 2, 
                    "value": 0.044005270092226614
                }, 
                {
                    "cluster": "cluster_3", 
                    "col": 3, 
                    "value": 0.0
                }, 
                {
                    "cluster": "cluster_4", 
                    "col": 4, 
                    "value": 0.040414175061203192
                }, 
                {
                    "cluster": "cluster_outliers", 
                    "col": 6, 
                    "value": 0.0
                }
            ]
        }, 
        {
            "variable": "dummy:FeatureName_0:mouth_right_corner_x", 
            "var": 0.0, 
            "values": [
                {
                    "cluster": "cluster_0", 
                    "col": 0, 
                    "value": 0.0
                }, 
                {
                    "cluster": "cluster_1", 
                    "col": 1, 
                    "value": 0.0
                }, 
                {
                    "cluster": "cluster_2", 
                    "col": 2, 
                    "value": 0.04137022397891963
                }, 
                {
                    "cluster": "cluster_3", 
                    "col": 3, 
                    "value": 0.0
                }, 
                {
                    "cluster": "cluster_4", 
                    "col": 4, 
                    "value": 0.040815507484849703
                }, 
                {
                    "cluster": "cluster_outliers", 
                    "col": 6, 
                    "value": 0.0
                }
            ]
        }, 
        {
            "variable": "dummy:FeatureName_0:left_eyebrow_inner_end_x", 
            "var": 0.0, 
            "values": [
                {
                    "cluster": "cluster_0", 
                    "col": 0, 
                    "value": 0.0
                }, 
                {
                    "cluster": "cluster_1", 
                    "col": 1, 
                    "value": 0.0
                }, 
                {
                    "cluster": "cluster_2", 
                    "col": 2, 
                    "value": 0.040052700922266142
                }, 
                {
                    "cluster": "cluster_3", 
                    "col": 3, 
                    "value": 0.0
                }, 
                {
                    "cluster": "cluster_4", 
                    "col": 4, 
                    "value": 0.04085564072721435
                }, 
                {
                    "cluster": "cluster_outliers", 
                    "col": 6, 
                    "value": 0.0
                }
            ]
        }, 
        {
            "variable": "dummy:FeatureName_0:right_eyebrow_inner_end_x", 
            "var": 0.0, 
            "values": [
                {
                    "cluster": "cluster_0", 
                    "col": 0, 
                    "value": 0.0
                }, 
                {
                    "cluster": "cluster_1", 
                    "col": 1, 
                    "value": 0.0
                }, 
                {
                    "cluster": "cluster_2", 
                    "col": 2, 
                    "value": 0.045059288537549404
                }, 
                {
                    "cluster": "cluster_3", 
                    "col": 3, 
                    "value": 0.0
                }, 
                {
                    "cluster": "cluster_4", 
                    "col": 4, 
                    "value": 0.040093109122285989
                }, 
                {
                    "cluster": "cluster_outliers", 
                    "col": 6, 
                    "value": 0.0
                }
            ]
        }, 
        {
            "variable": "dummy:FeatureName_0:left_eyebrow_inner_end_y", 
            "var": 0.0, 
            "values": [
                {
                    "cluster": "cluster_0", 
                    "col": 0, 
                    "value": 0.0
                }, 
                {
                    "cluster": "cluster_1", 
                    "col": 1, 
                    "value": 0.0
                }, 
                {
                    "cluster": "cluster_2", 
                    "col": 2, 
                    "value": 0.043741765480895915
                }, 
                {
                    "cluster": "cluster_3", 
                    "col": 3, 
                    "value": 0.0
                }, 
                {
                    "cluster": "cluster_4", 
                    "col": 4, 
                    "value": 0.040293775334109244
                }, 
                {
                    "cluster": "cluster_outliers", 
                    "col": 6, 
                    "value": 0.0
                }
            ]
        }, 
        {
            "variable": "dummy:FeatureName_0:right_eyebrow_inner_end_y", 
            "var": 0.0, 
            "values": [
                {
                    "cluster": "cluster_0", 
                    "col": 0, 
                    "value": 0.0
                }, 
                {
                    "cluster": "cluster_1", 
                    "col": 1, 
                    "value": 0.0
                }, 
                {
                    "cluster": "cluster_2", 
                    "col": 2, 
                    "value": 0.039525691699604744
                }, 
                {
                    "cluster": "cluster_3", 
                    "col": 3, 
                    "value": 0.0
                }, 
                {
                    "cluster": "cluster_4", 
                    "col": 4, 
                    "value": 0.040935907211943651
                }, 
                {
                    "cluster": "cluster_outliers", 
                    "col": 6, 
                    "value": 0.0
                }
            ]
        }, 
        {
            "variable": "dummy:FeatureName_0:N/A", 
            "var": 0.27, 
            "values": [
                {
                    "cluster": "cluster_0", 
                    "col": 0, 
                    "value": 1.0
                }, 
                {
                    "cluster": "cluster_1", 
                    "col": 1, 
                    "value": 0.0
                }, 
                {
                    "cluster": "cluster_2", 
                    "col": 2, 
                    "value": 0.0
                }, 
                {
                    "cluster": "cluster_3", 
                    "col": 3, 
                    "value": 1.0
                }, 
                {
                    "cluster": "cluster_4", 
                    "col": 4, 
                    "value": 0.0
                }, 
                {
                    "cluster": "cluster_outliers", 
                    "col": 6, 
                    "value": 0.0
                }
            ]
        }, 
        {
            "variable": "dummy:FeatureName_0:__Others__", 
            "var": 0.0, 
            "values": [
                {
                    "cluster": "cluster_0", 
                    "col": 0, 
                    "value": 0.0
                }, 
                {
                    "cluster": "cluster_1", 
                    "col": 1, 
                    "value": 0.0
                }, 
                {
                    "cluster": "cluster_2", 
                    "col": 2, 
                    "value": 0.0076416337285902507
                }, 
                {
                    "cluster": "cluster_3", 
                    "col": 3, 
                    "value": 0.0
                }, 
                {
                    "cluster": "cluster_4", 
                    "col": 4, 
                    "value": 0.15940923867239234
                }, 
                {
                    "cluster": "cluster_outliers", 
                    "col": 6, 
                    "value": 0.029483159704662688
                }
            ]
        }, 
        {
            "variable": "dummy:FeatureName:nose_tip_x", 
            "var": 0.01, 
            "values": [
                {
                    "cluster": "cluster_0", 
                    "col": 0, 
                    "value": 0.0
                }, 
                {
                    "cluster": "cluster_1", 
                    "col": 1, 
                    "value": 0.0
                }, 
                {
                    "cluster": "cluster_2", 
                    "col": 2, 
                    "value": 0.0
                }, 
                {
                    "cluster": "cluster_3", 
                    "col": 3, 
                    "value": 0.0
                }, 
                {
                    "cluster": "cluster_4", 
                    "col": 4, 
                    "value": 0.0
                }, 
                {
                    "cluster": "cluster_outliers", 
                    "col": 6, 
                    "value": 0.18033781733589563
                }
            ]
        }, 
        {
            "variable": "dummy:FeatureName:nose_tip_y", 
            "var": 0.01, 
            "values": [
                {
                    "cluster": "cluster_0", 
                    "col": 0, 
                    "value": 0.0
                }, 
                {
                    "cluster": "cluster_1", 
                    "col": 1, 
                    "value": 0.0
                }, 
                {
                    "cluster": "cluster_2", 
                    "col": 2, 
                    "value": 0.017127799736495388
                }, 
                {
                    "cluster": "cluster_3", 
                    "col": 3, 
                    "value": 0.0
                }, 
                {
                    "cluster": "cluster_4", 
                    "col": 4, 
                    "value": 0.0
                }, 
                {
                    "cluster": "cluster_outliers", 
                    "col": 6, 
                    "value": 0.17705067260038435
                }
            ]
        }, 
        {
            "variable": "dummy:FeatureName:left_eye_center_y", 
            "var": 0.0, 
            "values": [
                {
                    "cluster": "cluster_0", 
                    "col": 0, 
                    "value": 0.0
                }, 
                {
                    "cluster": "cluster_1", 
                    "col": 1, 
                    "value": 0.0
                }, 
                {
                    "cluster": "cluster_2", 
                    "col": 2, 
                    "value": 0.026877470355731226
                }, 
                {
                    "cluster": "cluster_3", 
                    "col": 3, 
                    "value": 0.0
                }, 
                {
                    "cluster": "cluster_4", 
                    "col": 4, 
                    "value": 0.0
                }, 
                {
                    "cluster": "cluster_outliers", 
                    "col": 6, 
                    "value": 0.17507838575907758
                }
            ]
        }, 
        {
            "variable": "dummy:FeatureName:left_eye_center_x", 
            "var": 0.0, 
            "values": [
                {
                    "cluster": "cluster_0", 
                    "col": 0, 
                    "value": 0.0
                }, 
                {
                    "cluster": "cluster_1", 
                    "col": 1, 
                    "value": 0.097709128774730994
                }, 
                {
                    "cluster": "cluster_2", 
                    "col": 2, 
                    "value": 0.042424242424242427
                }, 
                {
                    "cluster": "cluster_3", 
                    "col": 3, 
                    "value": 0.0
                }, 
                {
                    "cluster": "cluster_4", 
                    "col": 4, 
                    "value": 0.014648633463097483
                }, 
                {
                    "cluster": "cluster_outliers", 
                    "col": 6, 
                    "value": 0.12516435723677558
                }
            ]
        }, 
        {
            "variable": "dummy:FeatureName:right_eye_center_x", 
            "var": 0.01, 
            "values": [
                {
                    "cluster": "cluster_0", 
                    "col": 0, 
                    "value": 0.0
                }, 
                {
                    "cluster": "cluster_1", 
                    "col": 1, 
                    "value": 0.2809788267962513
                }, 
                {
                    "cluster": "cluster_2", 
                    "col": 2, 
                    "value": 0.037417654808959158
                }, 
                {
                    "cluster": "cluster_3", 
                    "col": 3, 
                    "value": 0.0
                }, 
                {
                    "cluster": "cluster_4", 
                    "col": 4, 
                    "value": 0.047517758959746359
                }, 
                {
                    "cluster": "cluster_outliers", 
                    "col": 6, 
                    "value": 0.031303732173561243
                }
            ]
        }, 
        {
            "variable": "dummy:FeatureName:right_eye_center_y", 
            "var": 0.01, 
            "values": [
                {
                    "cluster": "cluster_0", 
                    "col": 0, 
                    "value": 0.0
                }, 
                {
                    "cluster": "cluster_1", 
                    "col": 1, 
                    "value": 0.17424505380076363
                }, 
                {
                    "cluster": "cluster_2", 
                    "col": 2, 
                    "value": 0.021607378129117259
                }, 
                {
                    "cluster": "cluster_3", 
                    "col": 3, 
                    "value": 0.0
                }, 
                {
                    "cluster": "cluster_4", 
                    "col": 4, 
                    "value": 0.0
                }, 
                {
                    "cluster": "cluster_outliers", 
                    "col": 6, 
                    "value": 0.12531607160918379
                }
            ]
        }, 
        {
            "variable": "dummy:FeatureName:mouth_center_bottom_lip_x", 
            "var": 0.01, 
            "values": [
                {
                    "cluster": "cluster_0", 
                    "col": 0, 
                    "value": 0.0
                }, 
                {
                    "cluster": "cluster_1", 
                    "col": 1, 
                    "value": 0.17389795209996528
                }, 
                {
                    "cluster": "cluster_2", 
                    "col": 2, 
                    "value": 0.025032938076416336
                }, 
                {
                    "cluster": "cluster_3", 
                    "col": 3, 
                    "value": 0.0
                }, 
                {
                    "cluster": "cluster_4", 
                    "col": 4, 
                    "value": 0.0
                }, 
                {
                    "cluster": "cluster_outliers", 
                    "col": 6, 
                    "value": 0.12435521391726509
                }
            ]
        }, 
        {
            "variable": "dummy:FeatureName:mouth_center_bottom_lip_y", 
            "var": 0.01, 
            "values": [
                {
                    "cluster": "cluster_0", 
                    "col": 0, 
                    "value": 0.0
                }, 
                {
                    "cluster": "cluster_1", 
                    "col": 1, 
                    "value": 0.27316903852828878
                }, 
                {
                    "cluster": "cluster_2", 
                    "col": 2, 
                    "value": 0.0461133069828722
                }, 
                {
                    "cluster": "cluster_3", 
                    "col": 3, 
                    "value": 0.0
                }, 
                {
                    "cluster": "cluster_4", 
                    "col": 4, 
                    "value": 0.047196693020829156
                }, 
                {
                    "cluster": "cluster_outliers", 
                    "col": 6, 
                    "value": 0.031910589663194093
                }
            ]
        }, 
        {
            "variable": "dummy:FeatureName:mouth_left_corner_y", 
            "var": 0.0, 
            "values": [
                {
                    "cluster": "cluster_0", 
                    "col": 0, 
                    "value": 0.0
                }, 
                {
                    "cluster": "cluster_1", 
                    "col": 1, 
                    "value": 0.0
                }, 
                {
                    "cluster": "cluster_2", 
                    "col": 2, 
                    "value": 0.042424242424242427
                }, 
                {
                    "cluster": "cluster_3", 
                    "col": 3, 
                    "value": 0.0
                }, 
                {
                    "cluster": "cluster_4", 
                    "col": 4, 
                    "value": 0.040895773969579004
                }, 
                {
                    "cluster": "cluster_outliers", 
                    "col": 6, 
                    "value": 0.0
                }
            ]
        }, 
        {
            "variable": "dummy:FeatureName:mouth_left_corner_x", 
            "var": 0.0, 
            "values": [
                {
                    "cluster": "cluster_0", 
                    "col": 0, 
                    "value": 0.0
                }, 
                {
                    "cluster": "cluster_1", 
                    "col": 1, 
                    "value": 0.0
                }, 
                {
                    "cluster": "cluster_2", 
                    "col": 2, 
                    "value": 0.042424242424242427
                }, 
                {
                    "cluster": "cluster_3", 
                    "col": 3, 
                    "value": 0.0
                }, 
                {
                    "cluster": "cluster_4", 
                    "col": 4, 
                    "value": 0.040895773969579004
                }, 
                {
                    "cluster": "cluster_outliers", 
                    "col": 6, 
                    "value": 0.0
                }
            ]
        }, 
        {
            "variable": "dummy:FeatureName:mouth_center_top_lip_x", 
            "var": 0.0, 
            "values": [
                {
                    "cluster": "cluster_0", 
                    "col": 0, 
                    "value": 0.0
                }, 
                {
                    "cluster": "cluster_1", 
                    "col": 1, 
                    "value": 0.0
                }, 
                {
                    "cluster": "cluster_2", 
                    "col": 2, 
                    "value": 0.043478260869565216
                }, 
                {
                    "cluster": "cluster_3", 
                    "col": 3, 
                    "value": 0.0
                }, 
                {
                    "cluster": "cluster_4", 
                    "col": 4, 
                    "value": 0.040735241000120402
                }, 
                {
                    "cluster": "cluster_outliers", 
                    "col": 6, 
                    "value": 0.0
                }
            ]
        }, 
        {
            "variable": "dummy:FeatureName:mouth_center_top_lip_y", 
            "var": 0.0, 
            "values": [
                {
                    "cluster": "cluster_0", 
                    "col": 0, 
                    "value": 0.0
                }, 
                {
                    "cluster": "cluster_1", 
                    "col": 1, 
                    "value": 0.0
                }, 
                {
                    "cluster": "cluster_2", 
                    "col": 2, 
                    "value": 0.042687747035573126
                }, 
                {
                    "cluster": "cluster_3", 
                    "col": 3, 
                    "value": 0.0
                }, 
                {
                    "cluster": "cluster_4", 
                    "col": 4, 
                    "value": 0.04085564072721435
                }, 
                {
                    "cluster": "cluster_outliers", 
                    "col": 6, 
                    "value": 0.0
                }
            ]
        }, 
        {
            "variable": "dummy:FeatureName:left_eye_outer_corner_y", 
            "var": 0.0, 
            "values": [
                {
                    "cluster": "cluster_0", 
                    "col": 0, 
                    "value": 0.0
                }, 
                {
                    "cluster": "cluster_1", 
                    "col": 1, 
                    "value": 0.0
                }, 
                {
                    "cluster": "cluster_2", 
                    "col": 2, 
                    "value": 0.042160737812911728
                }, 
                {
                    "cluster": "cluster_3", 
                    "col": 3, 
                    "value": 0.0
                }, 
                {
                    "cluster": "cluster_4", 
                    "col": 4, 
                    "value": 0.04085564072721435
                }, 
                {
                    "cluster": "cluster_outliers", 
                    "col": 6, 
                    "value": 0.0
                }
            ]
        }, 
        {
            "variable": "dummy:FeatureName:left_eye_outer_corner_x", 
            "var": 0.0, 
            "values": [
                {
                    "cluster": "cluster_0", 
                    "col": 0, 
                    "value": 0.0
                }, 
                {
                    "cluster": "cluster_1", 
                    "col": 1, 
                    "value": 0.0
                }, 
                {
                    "cluster": "cluster_2", 
                    "col": 2, 
                    "value": 0.043478260869565216
                }, 
                {
                    "cluster": "cluster_3", 
                    "col": 3, 
                    "value": 0.0
                }, 
                {
                    "cluster": "cluster_4", 
                    "col": 4, 
                    "value": 0.040654974515391101
                }, 
                {
                    "cluster": "cluster_outliers", 
                    "col": 6, 
                    "value": 0.0
                }
            ]
        }, 
        {
            "variable": "dummy:FeatureName:right_eye_inner_corner_x", 
            "var": 0.0, 
            "values": [
                {
                    "cluster": "cluster_0", 
                    "col": 0, 
                    "value": 0.0
                }, 
                {
                    "cluster": "cluster_1", 
                    "col": 1, 
                    "value": 0.0
                }, 
                {
                    "cluster": "cluster_2", 
                    "col": 2, 
                    "value": 0.044005270092226614
                }, 
                {
                    "cluster": "cluster_3", 
                    "col": 3, 
                    "value": 0.0
                }, 
                {
                    "cluster": "cluster_4", 
                    "col": 4, 
                    "value": 0.0405747080306618
                }, 
                {
                    "cluster": "cluster_outliers", 
                    "col": 6, 
                    "value": 0.0
                }
            ]
        }, 
        {
            "variable": "dummy:FeatureName:right_eye_inner_corner_y", 
            "var": 0.0, 
            "values": [
                {
                    "cluster": "cluster_0", 
                    "col": 0, 
                    "value": 0.0
                }, 
                {
                    "cluster": "cluster_1", 
                    "col": 1, 
                    "value": 0.0
                }, 
                {
                    "cluster": "cluster_2", 
                    "col": 2, 
                    "value": 0.044795783926218712
                }, 
                {
                    "cluster": "cluster_3", 
                    "col": 3, 
                    "value": 0.0
                }, 
                {
                    "cluster": "cluster_4", 
                    "col": 4, 
                    "value": 0.040454308303567846
                }, 
                {
                    "cluster": "cluster_outliers", 
                    "col": 6, 
                    "value": 0.0
                }
            ]
        }, 
        {
            "variable": "dummy:FeatureName:left_eye_inner_corner_x", 
            "var": 0.0, 
            "values": [
                {
                    "cluster": "cluster_0", 
                    "col": 0, 
                    "value": 0.0
                }, 
                {
                    "cluster": "cluster_1", 
                    "col": 1, 
                    "value": 0.0
                }, 
                {
                    "cluster": "cluster_2", 
                    "col": 2, 
                    "value": 0.040316205533596841
                }, 
                {
                    "cluster": "cluster_3", 
                    "col": 3, 
                    "value": 0.0
                }, 
                {
                    "cluster": "cluster_4", 
                    "col": 4, 
                    "value": 0.041056306939037605
                }, 
                {
                    "cluster": "cluster_outliers", 
                    "col": 6, 
                    "value": 0.0
                }
            ]
        }, 
        {
            "variable": "dummy:FeatureName:left_eye_inner_corner_y", 
            "var": 0.0, 
            "values": [
                {
                    "cluster": "cluster_0", 
                    "col": 0, 
                    "value": 0.0
                }, 
                {
                    "cluster": "cluster_1", 
                    "col": 1, 
                    "value": 0.0
                }, 
                {
                    "cluster": "cluster_2", 
                    "col": 2, 
                    "value": 0.044005270092226614
                }, 
                {
                    "cluster": "cluster_3", 
                    "col": 3, 
                    "value": 0.0
                }, 
                {
                    "cluster": "cluster_4", 
                    "col": 4, 
                    "value": 0.040494441545932493
                }, 
                {
                    "cluster": "cluster_outliers", 
                    "col": 6, 
                    "value": 0.0
                }
            ]
        }, 
        {
            "variable": "dummy:FeatureName:right_eye_outer_corner_y", 
            "var": 0.0, 
            "values": [
                {
                    "cluster": "cluster_0", 
                    "col": 0, 
                    "value": 0.0
                }, 
                {
                    "cluster": "cluster_1", 
                    "col": 1, 
                    "value": 0.0
                }, 
                {
                    "cluster": "cluster_2", 
                    "col": 2, 
                    "value": 0.046903820816864297
                }, 
                {
                    "cluster": "cluster_3", 
                    "col": 3, 
                    "value": 0.0
                }, 
                {
                    "cluster": "cluster_4", 
                    "col": 4, 
                    "value": 0.040052975879921342
                }, 
                {
                    "cluster": "cluster_outliers", 
                    "col": 6, 
                    "value": 0.0
                }
            ]
        }, 
        {
            "variable": "dummy:FeatureName:right_eye_outer_corner_x", 
            "var": 0.0, 
            "values": [
                {
                    "cluster": "cluster_0", 
                    "col": 0, 
                    "value": 0.0
                }, 
                {
                    "cluster": "cluster_1", 
                    "col": 1, 
                    "value": 0.0
                }, 
                {
                    "cluster": "cluster_2", 
                    "col": 2, 
                    "value": 0.045322793148880103
                }, 
                {
                    "cluster": "cluster_3", 
                    "col": 3, 
                    "value": 0.0
                }, 
                {
                    "cluster": "cluster_4", 
                    "col": 4, 
                    "value": 0.040293775334109244
                }, 
                {
                    "cluster": "cluster_outliers", 
                    "col": 6, 
                    "value": 0.0
                }
            ]
        }, 
        {
            "variable": "dummy:FeatureName:mouth_right_corner_y", 
            "var": 0.0, 
            "values": [
                {
                    "cluster": "cluster_0", 
                    "col": 0, 
                    "value": 0.0
                }, 
                {
                    "cluster": "cluster_1", 
                    "col": 1, 
                    "value": 0.0
                }, 
                {
                    "cluster": "cluster_2", 
                    "col": 2, 
                    "value": 0.044005270092226614
                }, 
                {
                    "cluster": "cluster_3", 
                    "col": 3, 
                    "value": 0.0
                }, 
                {
                    "cluster": "cluster_4", 
                    "col": 4, 
                    "value": 0.040414175061203192
                }, 
                {
                    "cluster": "cluster_outliers", 
                    "col": 6, 
                    "value": 0.0
                }
            ]
        }, 
        {
            "variable": "dummy:FeatureName:mouth_right_corner_x", 
            "var": 0.0, 
            "values": [
                {
                    "cluster": "cluster_0", 
                    "col": 0, 
                    "value": 0.0
                }, 
                {
                    "cluster": "cluster_1", 
                    "col": 1, 
                    "value": 0.0
                }, 
                {
                    "cluster": "cluster_2", 
                    "col": 2, 
                    "value": 0.04137022397891963
                }, 
                {
                    "cluster": "cluster_3", 
                    "col": 3, 
                    "value": 0.0
                }, 
                {
                    "cluster": "cluster_4", 
                    "col": 4, 
                    "value": 0.040815507484849703
                }, 
                {
                    "cluster": "cluster_outliers", 
                    "col": 6, 
                    "value": 0.0
                }
            ]
        }, 
        {
            "variable": "dummy:FeatureName:left_eyebrow_inner_end_x", 
            "var": 0.0, 
            "values": [
                {
                    "cluster": "cluster_0", 
                    "col": 0, 
                    "value": 0.0
                }, 
                {
                    "cluster": "cluster_1", 
                    "col": 1, 
                    "value": 0.0
                }, 
                {
                    "cluster": "cluster_2", 
                    "col": 2, 
                    "value": 0.040052700922266142
                }, 
                {
                    "cluster": "cluster_3", 
                    "col": 3, 
                    "value": 0.0
                }, 
                {
                    "cluster": "cluster_4", 
                    "col": 4, 
                    "value": 0.04085564072721435
                }, 
                {
                    "cluster": "cluster_outliers", 
                    "col": 6, 
                    "value": 0.0
                }
            ]
        }, 
        {
            "variable": "dummy:FeatureName:right_eyebrow_inner_end_x", 
            "var": 0.0, 
            "values": [
                {
                    "cluster": "cluster_0", 
                    "col": 0, 
                    "value": 0.0
                }, 
                {
                    "cluster": "cluster_1", 
                    "col": 1, 
                    "value": 0.0
                }, 
                {
                    "cluster": "cluster_2", 
                    "col": 2, 
                    "value": 0.045059288537549404
                }, 
                {
                    "cluster": "cluster_3", 
                    "col": 3, 
                    "value": 0.0
                }, 
                {
                    "cluster": "cluster_4", 
                    "col": 4, 
                    "value": 0.040093109122285989
                }, 
                {
                    "cluster": "cluster_outliers", 
                    "col": 6, 
                    "value": 0.0
                }
            ]
        }, 
        {
            "variable": "dummy:FeatureName:left_eyebrow_inner_end_y", 
            "var": 0.0, 
            "values": [
                {
                    "cluster": "cluster_0", 
                    "col": 0, 
                    "value": 0.0
                }, 
                {
                    "cluster": "cluster_1", 
                    "col": 1, 
                    "value": 0.0
                }, 
                {
                    "cluster": "cluster_2", 
                    "col": 2, 
                    "value": 0.043741765480895915
                }, 
                {
                    "cluster": "cluster_3", 
                    "col": 3, 
                    "value": 0.0
                }, 
                {
                    "cluster": "cluster_4", 
                    "col": 4, 
                    "value": 0.040293775334109244
                }, 
                {
                    "cluster": "cluster_outliers", 
                    "col": 6, 
                    "value": 0.0
                }
            ]
        }, 
        {
            "variable": "dummy:FeatureName:right_eyebrow_inner_end_y", 
            "var": 0.0, 
            "values": [
                {
                    "cluster": "cluster_0", 
                    "col": 0, 
                    "value": 0.0
                }, 
                {
                    "cluster": "cluster_1", 
                    "col": 1, 
                    "value": 0.0
                }, 
                {
                    "cluster": "cluster_2", 
                    "col": 2, 
                    "value": 0.039525691699604744
                }, 
                {
                    "cluster": "cluster_3", 
                    "col": 3, 
                    "value": 0.0
                }, 
                {
                    "cluster": "cluster_4", 
                    "col": 4, 
                    "value": 0.040935907211943651
                }, 
                {
                    "cluster": "cluster_outliers", 
                    "col": 6, 
                    "value": 0.0
                }
            ]
        }, 
        {
            "variable": "dummy:FeatureName:N/A", 
            "var": 0.27, 
            "values": [
                {
                    "cluster": "cluster_0", 
                    "col": 0, 
                    "value": 1.0
                }, 
                {
                    "cluster": "cluster_1", 
                    "col": 1, 
                    "value": 0.0
                }, 
                {
                    "cluster": "cluster_2", 
                    "col": 2, 
                    "value": 0.0
                }, 
                {
                    "cluster": "cluster_3", 
                    "col": 3, 
                    "value": 1.0
                }, 
                {
                    "cluster": "cluster_4", 
                    "col": 4, 
                    "value": 0.0
                }, 
                {
                    "cluster": "cluster_outliers", 
                    "col": 6, 
                    "value": 0.0
                }
            ]
        }, 
        {
            "variable": "dummy:FeatureName:__Others__", 
            "var": 0.0, 
            "values": [
                {
                    "cluster": "cluster_0", 
                    "col": 0, 
                    "value": 0.0
                }, 
                {
                    "cluster": "cluster_1", 
                    "col": 1, 
                    "value": 0.0
                }, 
                {
                    "cluster": "cluster_2", 
                    "col": 2, 
                    "value": 0.0076416337285902507
                }, 
                {
                    "cluster": "cluster_3", 
                    "col": 3, 
                    "value": 0.0
                }, 
                {
                    "cluster": "cluster_4", 
                    "col": 4, 
                    "value": 0.15940923867239234
                }, 
                {
                    "cluster": "cluster_outliers", 
                    "col": 6, 
                    "value": 0.029483159704662688
                }
            ]
        }, 
        {
            "variable": "RowId", 
            "var": 763405453.17, 
            "values": [
                {
                    "cluster": "cluster_0", 
                    "col": 0, 
                    "value": 11070.837429012588
                }, 
                {
                    "cluster": "cluster_1", 
                    "col": 1, 
                    "value": 23759.0
                }, 
                {
                    "cluster": "cluster_2", 
                    "col": 2, 
                    "value": 68788.276416337292
                }, 
                {
                    "cluster": "cluster_3", 
                    "col": 3, 
                    "value": 70892.111391062193
                }, 
                {
                    "cluster": "cluster_4", 
                    "col": 4, 
                    "value": 8687.6778905967822
                }, 
                {
                    "cluster": "cluster_outliers", 
                    "col": 6, 
                    "value": 33303.611459492262
                }
            ]
        }, 
        {
            "variable": "ImageId", 
            "var": 260043.57, 
            "values": [
                {
                    "cluster": "cluster_0", 
                    "col": 0, 
                    "value": 0.0
                }, 
                {
                    "cluster": "cluster_1", 
                    "col": 1, 
                    "value": 1292.6331135022563
                }, 
                {
                    "cluster": "cluster_2", 
                    "col": 2, 
                    "value": 459.32542819499344
                }, 
                {
                    "cluster": "cluster_3", 
                    "col": 3, 
                    "value": 0.0
                }, 
                {
                    "cluster": "cluster_4", 
                    "col": 4, 
                    "value": 277.26772885981461
                }, 
                {
                    "cluster": "cluster_outliers", 
                    "col": 6, 
                    "value": 850.83346819055328
                }
            ]
        }, 
        {
            "variable": "cluster_size", 
            "var": 181950233.87, 
            "values": [
                {
                    "cluster": "cluster_0", 
                    "col": 0, 
                    "value": 38211
                }, 
                {
                    "cluster": "cluster_4", 
                    "col": 4, 
                    "value": 24917
                }, 
                {
                    "cluster": "cluster_outliers", 
                    "col": 6, 
                    "value": 19774
                }, 
                {
                    "cluster": "cluster_3", 
                    "col": 3, 
                    "value": 7541
                }, 
                {
                    "cluster": "cluster_1", 
                    "col": 1, 
                    "value": 5762
                }, 
                {
                    "cluster": "cluster_2", 
                    "col": 2, 
                    "value": 3795
                }
            ]
        }
    ], 
    "train_nb_outliers": 19774, 
    "summary": {
        "clusters": []
    }
}