{
    "trainingTime": 7175, 
    "state": "DONE", 
    "startTime": 1493890410744, 
    "preprocessingTime": 12538, 
    "progress": {
        "top_level_todo": [], 
        "stack": [], 
        "top_level_done": [
            {
                "name": "Loading source dataset", 
                "time": 61
            }, 
            {
                "name": "Collecting statistics", 
                "time": 27
            }, 
            {
                "name": "Preprocessing data", 
                "time": 12447
            }, 
            {
                "name": "Fitting model", 
                "time": 3948
            }, 
            {
                "name": "Saving model", 
                "time": 2
            }, 
            {
                "name": "Scoring model", 
                "time": 3225
            }
        ]
    }, 
    "endTime": 1493890430457, 
    "modelId": "m1"
}