{
    "trainingTime": 388, 
    "state": "DONE", 
    "startTime": 1493901568928, 
    "preprocessingTime": 120, 
    "progress": {
        "top_level_todo": [], 
        "stack": [], 
        "top_level_done": [
            {
                "name": "Loading train set", 
                "time": 22
            }, 
            {
                "name": "Loading test set", 
                "time": 6
            }, 
            {
                "name": "Collecting statistics", 
                "time": 18
            }, 
            {
                "name": "Preprocessing train set", 
                "time": 35
            }, 
            {
                "name": "Preprocessing test set", 
                "time": 38
            }, 
            {
                "name": "Fitting model", 
                "time": 69
            }, 
            {
                "name": "Saving model", 
                "time": 1
            }, 
            {
                "name": "Scoring model", 
                "time": 318
            }
        ]
    }, 
    "endTime": 1493901569436, 
    "modelId": "NA"
}