{
  "state": "DONE",
  "preSearchDescription": {
    "gridLength": 1,
    "importantParams": [
      {
        "name": "k",
        "vals": [
          "5"
        ]
      },
      {
        "name": "p",
        "val": "2"
      }
    ]
  },
  "postSearchDescription": {
    "importantParams": [
      {
        "name": "k",
        "val": "5"
      },
      {
        "name": "p",
        "val": "2"
      }
    ]
  },
  "modelId": "m1",
  "progress": {
    "top_level_todo": [],
    "stack": [],
    "top_level_done": [
      {
        "name": "Loading train set",
        "time": 17
      },
      {
        "name": "Loading test set",
        "time": 8
      },
      {
        "name": "Collecting statistics",
        "time": 66
      },
      {
        "name": "Preprocessing train set",
        "time": 90
      },
      {
        "name": "Preprocessing test set",
        "time": 72
      },
      {
        "name": "Fitting model",
        "time": 143
      },
      {
        "name": "Saving model",
        "time": 39
      },
      {
        "name": "Scoring model",
        "time": 3597
      }
    ]
  },
  "startTime": 1524748306862,
  "endTime": 1524748310900,
  "preprocessingTime": 258,
  "trainingTime": 3780
}