{
    "metrics": {
        "pearson": 0.27961575520597742, 
        "r2": 0.078006283182146752, 
        "rmse": 1.3790985649831269, 
        "mape": 0.28026775171722207, 
        "mae": 0.9425864904669552, 
        "mse": 1.9019128519385196, 
        "evs": 0.078006321669654044, 
        "rmsle": 0.2651186636015944
    }, 
    "scatterPlotData": {
        "y": [
            3.5554, 
            3.3261, 
            2.9944, 
            3.5246, 
            3.3433, 
            3.8916, 
            3.3338, 
            3.7306, 
            3.4053, 
            4.5272, 
            3.2517, 
            3.4817, 
            3.9938, 
            3.2999, 
            3.1624, 
            3.3526, 
            3.5526, 
            3.4405, 
            4.357, 
            4.5267, 
            4.2635, 
            3.4869, 
            3.4977, 
            3.3042, 
            3.2026, 
            3.3781, 
            3.525, 
            3.428, 
            3.9871, 
            2.7492, 
            3.4904, 
            2.9759, 
            3.5347, 
            3.7949, 
            3.7636, 
            2.9676, 
            3.3434, 
            3.2027, 
            3.1507, 
            3.6188, 
            3.4579, 
            3.3527, 
            3.2545, 
            3.9318, 
            3.52, 
            3.2309, 
            3.2488, 
            3.5049, 
            3.0268, 
            3.7033, 
            2.9682, 
            3.1872, 
            3.3226, 
            3.5041, 
            3.2176, 
            3.1524, 
            3.1048, 
            3.8109, 
            3.3567, 
            3.3951, 
            3.3248, 
            3.5953, 
            3.4719, 
            3.0121, 
            4.3187, 
            3.2565, 
            3.5336, 
            3.3733, 
            3.1295, 
            3.3406, 
            4.634, 
            3.8558, 
            3.5326, 
            2.8826, 
            3.3027, 
            2.9473, 
            3.1258, 
            3.2286, 
            3.1493, 
            3.3171, 
            3.339, 
            3.1564, 
            3.1441, 
            3.5281, 
            3.11, 
            3.3131, 
            3.4624, 
            3.8105, 
            3.4918, 
            4.7798, 
            3.2335, 
            3.1739, 
            3.4403, 
            3.0238, 
            3.3765, 
            3.1604, 
            3.7065, 
            3.6127, 
            3.7709, 
            3.9992, 
            4.4325, 
            3.0869, 
            3.3227, 
            2.997, 
            3.1555, 
            3.6134, 
            4.3165, 
            3.1918, 
            3.16, 
            3.5583, 
            3.9669, 
            3.0551, 
            3.4828, 
            3.7732, 
            2.9238, 
            4.0793, 
            3.0303, 
            3.0539, 
            3.6259, 
            3.1891, 
            4.0175, 
            3.6143, 
            3.878, 
            3.9439, 
            4.0724, 
            3.0397, 
            3.5355, 
            4.1038, 
            4.0302, 
            3.2699, 
            3.3599, 
            4.2759, 
            3.1986, 
            3.599, 
            4.4745, 
            3.6302, 
            3.4082, 
            3.3819, 
            3.7708, 
            3.4039, 
            3.2407, 
            3.1779, 
            3.2127, 
            3.4065, 
            3.3385, 
            3.3114, 
            3.4101, 
            3.7414, 
            3.4655, 
            3.2225, 
            3.3714, 
            3.289, 
            3.025, 
            3.2419, 
            3.3447, 
            4.3703, 
            3.6007, 
            3.0396, 
            3.2881, 
            3.8279, 
            4.0164, 
            3.4088, 
            3.8751, 
            3.3162, 
            3.3073, 
            4.1264, 
            3.6666, 
            3.6659, 
            3.2769, 
            3.7647, 
            3.7708, 
            4.0352, 
            3.7876, 
            3.5402, 
            3.2329, 
            3.0776, 
            3.4924, 
            3.605, 
            2.9375, 
            3.6891, 
            3.2408, 
            3.1902, 
            3.1982, 
            4.0414, 
            3.0495, 
            3.0856, 
            4.1, 
            3.5381, 
            3.0752, 
            4.2138, 
            3.5651, 
            3.1845, 
            3.3486, 
            3.2843, 
            3.6864, 
            3.222, 
            3.7047, 
            3.9324, 
            3.3317, 
            3.1276, 
            3.8551, 
            3.2749, 
            4.3338, 
            3.1456, 
            3.4442, 
            3.4966, 
            3.704, 
            3.3566, 
            3.8016, 
            3.7102, 
            3.6654, 
            3.5938, 
            3.2135, 
            3.1429, 
            3.6576, 
            3.1728, 
            3.3171, 
            3.2121, 
            3.3255, 
            3.5231, 
            2.9601, 
            3.0074, 
            3.2421, 
            3.4523, 
            3.7471, 
            3.4099, 
            3.0629, 
            4.307, 
            3.1346, 
            3.4421, 
            4.4501, 
            2.9525, 
            3.3452, 
            3.176, 
            3.4509, 
            4.5318, 
            3.3619, 
            3.2363, 
            3.1519, 
            3.4255, 
            3.4349, 
            3.0089, 
            3.178, 
            3.2643, 
            3.6069, 
            4.0126, 
            4.5218, 
            3.1954, 
            3.5023, 
            3.8183, 
            3.3898, 
            3.0539, 
            3.7237, 
            3.5913, 
            3.2837, 
            3.8875, 
            4.3988, 
            3.2228, 
            3.1401, 
            3.4818, 
            3.7949, 
            3.451, 
            4.0643, 
            3.2631, 
            3.1908, 
            3.2782, 
            3.1388, 
            3.358, 
            3.3892, 
            3.3425, 
            3.5646, 
            3.3486, 
            3.7739, 
            3.4809, 
            4.1211, 
            4.0508, 
            3.925, 
            3.3936, 
            3.0691, 
            3.0717, 
            3.1614, 
            3.1082, 
            3.5897, 
            3.1919, 
            3.2417, 
            3.2231, 
            3.4936, 
            3.534, 
            3.57, 
            2.9441, 
            3.2705, 
            3.3542, 
            3.7818, 
            3.7138, 
            3.6389, 
            3.42, 
            3.564, 
            4.1015, 
            4.1539, 
            3.9964, 
            3.8208, 
            3.1932, 
            3.1908, 
            3.031, 
            3.2809, 
            3.3418, 
            2.933, 
            3.4973, 
            3.497, 
            4.4791, 
            4.0759, 
            3.1013, 
            3.4235, 
            3.6504, 
            3.2034, 
            4.1135, 
            2.9985, 
            3.5907, 
            3.3794, 
            4.0203, 
            3.5896, 
            4.0474, 
            3.0695, 
            3.287, 
            3.3898, 
            3.2375, 
            4.2836, 
            3.4259, 
            3.214, 
            3.7402, 
            3.7298, 
            3.3447, 
            3.3276, 
            3.2921, 
            3.9387, 
            3.5207, 
            4.049, 
            3.9435, 
            3.0468, 
            3.5572, 
            3.326, 
            3.4691, 
            4.4599, 
            3.0352, 
            2.9665, 
            3.6348, 
            3.3277, 
            3.6501, 
            3.077, 
            3.2618, 
            3.497, 
            3.658, 
            3.3764, 
            4.1328, 
            3.1454, 
            3.3528, 
            3.2006, 
            3.3279, 
            3.1986, 
            3.5821, 
            2.9055, 
            3.2657, 
            3.5955, 
            3.5397, 
            3.6802, 
            2.9596, 
            3.3692, 
            3.4363, 
            3.3979, 
            4.5801, 
            3.3387, 
            3.3976, 
            3.0965, 
            3.3565, 
            3.7051, 
            3.2062, 
            3.2186, 
            3.5691, 
            3.6391, 
            3.2265, 
            3.1917, 
            3.1556, 
            3.5939, 
            3.5185, 
            4.2473, 
            3.5486, 
            4.4703, 
            3.1604, 
            3.224, 
            3.4674, 
            3.4304, 
            3.4241, 
            3.3155, 
            3.5605, 
            4.036, 
            3.4158, 
            3.5299, 
            3.0209, 
            3.3866, 
            3.4758, 
            3.3152, 
            3.5681, 
            3.1949, 
            3.6315, 
            3.521, 
            3.5242, 
            4.0747, 
            3.193, 
            3.5379, 
            3.4676, 
            3.2875, 
            3.4374, 
            3.7764, 
            3.2561, 
            3.0921, 
            4.2723, 
            3.5598, 
            3.2374, 
            3.3704, 
            4.5046, 
            3.3056, 
            3.4863, 
            3.392, 
            3.5683, 
            3.1482, 
            3.1337, 
            3.0389, 
            3.517, 
            3.3476, 
            3.4923, 
            3.287, 
            3.4136, 
            3.4211, 
            4.1214, 
            2.6789, 
            3.799, 
            3.5369, 
            3.8317, 
            3.5551, 
            3.37, 
            3.0957, 
            3.3756, 
            3.4098, 
            4.6343, 
            3.2837, 
            3.4171, 
            4.3826, 
            3.3747, 
            3.5163, 
            3.2792, 
            3.7605, 
            3.3583, 
            3.4821, 
            3.1059, 
            3.3994, 
            2.8962, 
            3.5429, 
            3.5395, 
            3.3629, 
            2.7847, 
            3.3894, 
            3.6421, 
            3.05, 
            3.1487, 
            3.4927, 
            3.2797, 
            3.5995, 
            3.2161, 
            4.3394, 
            4.218, 
            3.5192, 
            3.0757, 
            3.6522, 
            3.262, 
            3.8599, 
            3.3696, 
            3.3371, 
            3.425, 
            3.3967, 
            3.4891, 
            4.1176, 
            4.3293, 
            3.2677, 
            3.3211, 
            3.2946, 
            3.3802, 
            4.3487, 
            3.2345, 
            3.9324, 
            3.1748, 
            3.2982, 
            3.1451, 
            3.2686, 
            4.0474, 
            3.494, 
            3.65, 
            3.4434, 
            3.0929, 
            3.1694, 
            3.2054, 
            3.5688, 
            4.1438, 
            3.4001, 
            3.4903, 
            3.3141, 
            3.3022, 
            4.5149, 
            3.0614, 
            4.1838, 
            3.9238, 
            3.683, 
            3.1885, 
            3.5325, 
            3.9706, 
            3.8169, 
            3.4386, 
            3.7393, 
            3.3686, 
            3.3453, 
            3.5834, 
            4.9154, 
            3.1745, 
            3.067, 
            3.5308, 
            3.2807, 
            3.4484, 
            3.4886, 
            3.1513, 
            4.5021, 
            3.3582, 
            4.483, 
            3.331, 
            4.1529, 
            2.723, 
            3.4205, 
            3.14, 
            3.3605, 
            3.5726, 
            2.7068, 
            3.2515, 
            3.4224, 
            3.3901, 
            4.6704, 
            2.8958, 
            3.1827, 
            3.8244, 
            3.1672, 
            3.1755, 
            3.8504, 
            4.0029, 
            3.5477, 
            2.9324, 
            3.6575, 
            3.7716, 
            3.51, 
            3.3017, 
            4.1028, 
            4.23, 
            3.5178, 
            3.2483, 
            3.26, 
            3.554, 
            3.4187, 
            3.1193, 
            3.3383, 
            3.3242, 
            3.8598, 
            3.2355, 
            3.3774, 
            3.2534, 
            3.1404, 
            3.5237, 
            3.3333, 
            3.3073, 
            3.259, 
            3.2741, 
            3.5304, 
            3.3923, 
            3.2659, 
            3.5956, 
            3.4309, 
            2.7367, 
            3.4538, 
            3.3539, 
            3.0296, 
            3.5478, 
            2.8317, 
            3.4769, 
            3.2057, 
            4.3703, 
            3.368, 
            3.403, 
            3.2959, 
            2.847, 
            3.0179, 
            3.1033, 
            3.3074, 
            3.229, 
            3.5439, 
            3.489, 
            3.2687, 
            3.4519, 
            3.2412, 
            3.081, 
            3.6409, 
            3.3694, 
            3.2202, 
            3.0371, 
            4.5786, 
            3.5268, 
            3.1184, 
            3.2945, 
            3.2778, 
            3.7645, 
            3.2924, 
            2.9851, 
            3.5437, 
            3.1997, 
            3.904, 
            3.7033, 
            3.0688, 
            3.9686, 
            3.329, 
            3.668, 
            3.4215, 
            3.4692, 
            3.4741, 
            3.2316, 
            3.3918, 
            4.1929, 
            3.1693, 
            4.4989, 
            3.7774, 
            3.2523, 
            3.428, 
            3.4223, 
            3.2741, 
            3.4285, 
            3.4981, 
            3.0041, 
            3.9313, 
            3.1489, 
            3.4023, 
            4.5573, 
            3.4169, 
            3.654, 
            3.3722, 
            3.1573, 
            3.4045, 
            3.4575, 
            4.0938, 
            3.506, 
            3.6078, 
            3.3348, 
            3.714, 
            3.3401, 
            4.3765, 
            3.4191, 
            3.39, 
            3.3391, 
            3.2681, 
            3.6577, 
            4.3461, 
            4.2441, 
            3.7562, 
            3.1214, 
            3.1348, 
            3.2193, 
            3.5168, 
            3.5519, 
            2.9183, 
            3.1965, 
            3.9511, 
            3.3965, 
            3.6539, 
            3.3032, 
            3.6457, 
            3.2585, 
            3.2544, 
            3.7353, 
            3.568, 
            3.4555, 
            3.5579, 
            4.1863, 
            4.4944, 
            3.5637, 
            3.1583, 
            3.0586, 
            3.2514, 
            3.3376, 
            3.3111, 
            3.504, 
            3.2906, 
            3.4483, 
            3.3733, 
            3.3654, 
            3.318, 
            3.272, 
            2.9253, 
            3.3777, 
            3.1853, 
            3.1839, 
            4.0436, 
            3.462, 
            4.0346, 
            4.3582, 
            4.0643, 
            3.4343, 
            3.4127, 
            4.3847, 
            3.2923, 
            3.0908, 
            3.1778, 
            3.1974, 
            4.1606, 
            4.2275, 
            4.591, 
            3.4343, 
            3.7681, 
            3.2102, 
            3.3513, 
            3.4893, 
            3.4594, 
            3.5557, 
            2.911, 
            3.4461, 
            3.5571, 
            3.2223, 
            3.6114, 
            3.2769, 
            3.541, 
            3.4878, 
            3.3396, 
            3.6779, 
            3.4953, 
            3.7061, 
            3.6731, 
            4.2644, 
            4.1584, 
            4.216, 
            3.1463, 
            3.3317, 
            3.3451, 
            2.9922, 
            4.4944, 
            3.6429, 
            3.4409, 
            3.3418, 
            2.9941, 
            3.0253, 
            3.4516, 
            3.3096, 
            3.2967, 
            3.0103, 
            3.486, 
            3.649, 
            3.4403, 
            3.4607, 
            3.719, 
            3.3019, 
            3.2165, 
            3.2019, 
            3.1988, 
            3.2199, 
            3.3854, 
            3.2574, 
            3.4142, 
            3.1221, 
            4.6989, 
            3.0058, 
            3.3902, 
            3.212, 
            4.2408, 
            3.3148, 
            3.1946, 
            3.3479, 
            3.3294, 
            3.3313, 
            3.2466, 
            4.2233, 
            3.233, 
            3.6307, 
            3.0828, 
            3.8427, 
            2.8541, 
            3.1064, 
            3.4243, 
            3.8172, 
            3.3073, 
            3.3762, 
            3.2917, 
            4.1592, 
            3.4596, 
            4.1837, 
            3.4854, 
            3.1849, 
            3.3686, 
            3.2623, 
            3.4775, 
            3.33, 
            3.5983, 
            3.1669, 
            2.871, 
            3.4421, 
            3.6478, 
            3.9629, 
            3.4324, 
            3.1157, 
            3.1639, 
            3.403, 
            3.7357, 
            3.1389, 
            3.297, 
            2.935, 
            3.6781, 
            3.3651, 
            3.1719, 
            4.6355, 
            3.8503, 
            3.2966, 
            3.1803, 
            3.7135, 
            3.4413, 
            3.0366, 
            4.3846, 
            3.6673, 
            4.1921, 
            3.6094, 
            3.2454, 
            4.4105, 
            3.165, 
            3.96, 
            3.0589, 
            3.3135, 
            3.4951, 
            3.5045, 
            3.5641, 
            3.3374, 
            3.3864, 
            3.3607, 
            4.1079, 
            3.7252, 
            3.5062, 
            3.3775, 
            3.5936, 
            3.1576, 
            4.0346, 
            3.4279, 
            3.3356, 
            3.8427, 
            3.4606, 
            3.5512, 
            4.0934, 
            3.7744, 
            3.2153, 
            3.4842, 
            2.8165, 
            3.2972, 
            4.4349, 
            2.9434, 
            4.3931, 
            3.3058, 
            3.4049, 
            3.3393, 
            4.0597, 
            3.2961, 
            3.5828, 
            3.1577, 
            4.04, 
            3.1157, 
            3.3531, 
            3.3354, 
            3.3671, 
            4.4467, 
            3.5276, 
            3.0265, 
            3.2132, 
            3.6491, 
            3.2928, 
            3.6518, 
            3.5303, 
            3.1371, 
            3.3104, 
            3.3125, 
            3.6236, 
            3.7241, 
            3.2601, 
            3.0759, 
            3.6408, 
            3.5944, 
            3.4518, 
            2.8654, 
            3.1145, 
            4.1078, 
            3.2806, 
            3.2006, 
            3.7739, 
            3.1223, 
            3.2008, 
            3.2515, 
            3.5388, 
            3.3779, 
            3.2326, 
            3.3888, 
            3.3691, 
            3.1128, 
            3.135, 
            3.1695, 
            4.4684, 
            3.566, 
            3.2389, 
            3.2379, 
            3.0265, 
            3.6319, 
            3.5676, 
            3.4232, 
            3.8176, 
            2.8647, 
            3.1222, 
            3.3043, 
            3.2454, 
            3.9926, 
            3.3244, 
            3.2794, 
            3.1893, 
            2.9721, 
            3.5512, 
            3.2394, 
            3.2174, 
            3.9901, 
            3.2297, 
            3.4645, 
            3.448, 
            3.3501, 
            3.1334, 
            4.1584, 
            3.3931, 
            3.219, 
            4.7044, 
            3.547, 
            3.023, 
            3.3253, 
            3.0291, 
            3.3384, 
            3.4727, 
            3.5285, 
            3.4373, 
            3.3732, 
            3.3346, 
            3.5101, 
            3.3857, 
            3.2985, 
            3.3678, 
            4.2589, 
            3.5245, 
            3.1863, 
            4.7367, 
            3.3219, 
            3.2708, 
            3.3636, 
            2.9398, 
            3.553, 
            3.448, 
            3.3516, 
            3.0251, 
            3.6827, 
            4.3751, 
            3.2005, 
            3.4642, 
            2.9924, 
            3.1384, 
            3.3188, 
            3.6267, 
            3.4068, 
            4.0633, 
            3.0111, 
            3.6162, 
            3.2816, 
            3.2539, 
            3.7577, 
            3.4161, 
            3.083, 
            3.5864, 
            3.1318, 
            3.1917, 
            3.3099, 
            3.2405, 
            3.0625, 
            3.5838, 
            3.3532, 
            3.3892, 
            3.3916, 
            3.2034, 
            4.3488, 
            3.5327, 
            3.0712, 
            3.0314, 
            3.7863, 
            3.1914, 
            3.2328
        ], 
        "x": [
            3.0, 
            3.0, 
            4.0, 
            3.0, 
            3.0, 
            3.0, 
            10.0, 
            5.0, 
            2.0, 
            4.0, 
            3.0, 
            3.0, 
            5.0, 
            3.0, 
            2.0, 
            2.0, 
            3.0, 
            2.0, 
            4.0, 
            4.0, 
            4.0, 
            3.0, 
            2.0, 
            3.0, 
            3.0, 
            3.0, 
            3.0, 
            3.0, 
            5.0, 
            2.0, 
            3.0, 
            3.0, 
            3.0, 
            5.0, 
            3.0, 
            4.0, 
            3.0, 
            5.0, 
            4.0, 
            4.0, 
            4.0, 
            3.0, 
            2.0, 
            3.0, 
            3.0, 
            2.0, 
            3.0, 
            2.0, 
            3.0, 
            5.0, 
            3.0, 
            2.0, 
            2.0, 
            10.0, 
            2.0, 
            3.0, 
            3.0, 
            2.0, 
            3.0, 
            4.0, 
            3.0, 
            3.0, 
            3.0, 
            3.0, 
            4.0, 
            7.0, 
            3.0, 
            3.0, 
            4.0, 
            3.0, 
            4.0, 
            10.0, 
            2.0, 
            3.0, 
            3.0, 
            2.0, 
            3.0, 
            3.0, 
            2.0, 
            3.0, 
            2.0, 
            5.0, 
            6.0, 
            6.0, 
            2.0, 
            5.0, 
            3.0, 
            3.0, 
            3.0, 
            4.0, 
            3.0, 
            3.0, 
            10.0, 
            2.0, 
            3.0, 
            4.0, 
            4.0, 
            3.0, 
            7.0, 
            5.0, 
            4.0, 
            3.0, 
            4.0, 
            2.0, 
            2.0, 
            3.0, 
            4.0, 
            2.0, 
            3.0, 
            7.0, 
            5.0, 
            2.0, 
            4.0, 
            3.0, 
            2.0, 
            6.0, 
            3.0, 
            2.0, 
            3.0, 
            4.0, 
            8.0, 
            2.0, 
            10.0, 
            6.0, 
            5.0, 
            4.0, 
            3.0, 
            5.0, 
            3.0, 
            3.0, 
            2.0, 
            5.0, 
            3.0, 
            4.0, 
            4.0, 
            5.0, 
            3.0, 
            8.0, 
            2.0, 
            3.0, 
            3.0, 
            4.0, 
            3.0, 
            3.0, 
            4.0, 
            2.0, 
            5.0, 
            6.0, 
            3.0, 
            2.0, 
            3.0, 
            3.0, 
            3.0, 
            2.0, 
            3.0, 
            4.0, 
            6.0, 
            2.0, 
            2.0, 
            3.0, 
            5.0, 
            3.0, 
            6.0, 
            3.0, 
            3.0, 
            5.0, 
            2.0, 
            2.0, 
            3.0, 
            6.0, 
            2.0, 
            5.0, 
            4.0, 
            4.0, 
            8.0, 
            2.0, 
            3.0, 
            3.0, 
            2.0, 
            4.0, 
            2.0, 
            3.0, 
            2.0, 
            5.0, 
            3.0, 
            2.0, 
            5.0, 
            2.0, 
            3.0, 
            5.0, 
            3.0, 
            3.0, 
            4.0, 
            2.0, 
            4.0, 
            3.0, 
            4.0, 
            5.0, 
            2.0, 
            2.0, 
            6.0, 
            3.0, 
            4.0, 
            3.0, 
            3.0, 
            5.0, 
            4.0, 
            3.0, 
            4.0, 
            3.0, 
            5.0, 
            3.0, 
            4.0, 
            3.0, 
            6.0, 
            3.0, 
            5.0, 
            3.0, 
            2.0, 
            4.0, 
            3.0, 
            3.0, 
            5.0, 
            4.0, 
            5.0, 
            3.0, 
            2.0, 
            7.0, 
            6.0, 
            4.0, 
            4.0, 
            4.0, 
            3.0, 
            3.0, 
            3.0, 
            4.0, 
            3.0, 
            2.0, 
            4.0, 
            2.0, 
            4.0, 
            3.0, 
            3.0, 
            3.0, 
            5.0, 
            6.0, 
            4.0, 
            5.0, 
            2.0, 
            3.0, 
            5.0, 
            4.0, 
            3.0, 
            5.0, 
            3.0, 
            3.0, 
            4.0, 
            3.0, 
            3.0, 
            3.0, 
            5.0, 
            3.0, 
            5.0, 
            5.0, 
            10.0, 
            3.0, 
            2.0, 
            2.0, 
            3.0, 
            3.0, 
            10.0, 
            4.0, 
            3.0, 
            2.0, 
            5.0, 
            5.0, 
            5.0, 
            3.0, 
            3.0, 
            3.0, 
            2.0, 
            2.0, 
            5.0, 
            5.0, 
            2.0, 
            3.0, 
            3.0, 
            3.0, 
            3.0, 
            4.0, 
            3.0, 
            2.0, 
            3.0, 
            3.0, 
            2.0, 
            5.0, 
            10.0, 
            5.0, 
            5.0, 
            5.0, 
            6.0, 
            3.0, 
            3.0, 
            4.0, 
            4.0, 
            3.0, 
            3.0, 
            3.0, 
            3.0, 
            3.0, 
            5.0, 
            5.0, 
            4.0, 
            3.0, 
            3.0, 
            5.0, 
            4.0, 
            2.0, 
            2.0, 
            5.0, 
            10.0, 
            5.0, 
            3.0, 
            8.0, 
            3.0, 
            3.0, 
            5.0, 
            3.0, 
            2.0, 
            3.0, 
            3.0, 
            4.0, 
            4.0, 
            3.0, 
            3.0, 
            8.0, 
            4.0, 
            5.0, 
            2.0, 
            4.0, 
            2.0, 
            3.0, 
            4.0, 
            3.0, 
            4.0, 
            3.0, 
            2.0, 
            3.0, 
            3.0, 
            2.0, 
            3.0, 
            3.0, 
            3.0, 
            5.0, 
            3.0, 
            3.0, 
            3.0, 
            3.0, 
            3.0, 
            3.0, 
            3.0, 
            3.0, 
            3.0, 
            5.0, 
            3.0, 
            4.0, 
            2.0, 
            3.0, 
            3.0, 
            5.0, 
            2.0, 
            4.0, 
            3.0, 
            2.0, 
            3.0, 
            3.0, 
            2.0, 
            4.0, 
            4.0, 
            6.0, 
            4.0, 
            3.0, 
            3.0, 
            3.0, 
            6.0, 
            4.0, 
            4.0, 
            3.0, 
            3.0, 
            2.0, 
            8.0, 
            3.0, 
            4.0, 
            5.0, 
            5.0, 
            3.0, 
            3.0, 
            3.0, 
            5.0, 
            2.0, 
            3.0, 
            4.0, 
            3.0, 
            4.0, 
            3.0, 
            2.0, 
            3.0, 
            3.0, 
            3.0, 
            5.0, 
            3.0, 
            2.0, 
            4.0, 
            3.0, 
            3.0, 
            2.0, 
            2.0, 
            4.0, 
            3.0, 
            4.0, 
            2.0, 
            2.0, 
            4.0, 
            2.0, 
            2.0, 
            5.0, 
            4.0, 
            3.0, 
            4.0, 
            3.0, 
            8.0, 
            3.0, 
            3.0, 
            5.0, 
            3.0, 
            2.0, 
            3.0, 
            6.0, 
            4.0, 
            3.0, 
            4.0, 
            3.0, 
            3.0, 
            4.0, 
            3.0, 
            2.0, 
            4.0, 
            3.0, 
            3.0, 
            3.0, 
            7.0, 
            2.0, 
            4.0, 
            2.0, 
            3.0, 
            3.0, 
            2.0, 
            3.0, 
            3.0, 
            6.0, 
            3.0, 
            3.0, 
            3.0, 
            10.0, 
            3.0, 
            3.0, 
            3.0, 
            4.0, 
            4.0, 
            5.0, 
            5.0, 
            2.0, 
            2.0, 
            2.0, 
            4.0, 
            8.0, 
            2.0, 
            3.0, 
            2.0, 
            4.0, 
            2.0, 
            4.0, 
            3.0, 
            3.0, 
            2.0, 
            3.0, 
            2.0, 
            3.0, 
            5.0, 
            2.0, 
            2.0, 
            3.0, 
            3.0, 
            5.0, 
            3.0, 
            4.0, 
            4.0, 
            2.0, 
            3.0, 
            3.0, 
            2.0, 
            6.0, 
            3.0, 
            2.0, 
            3.0, 
            3.0, 
            5.0, 
            3.0, 
            6.0, 
            3.0, 
            2.0, 
            4.0, 
            2.0, 
            2.0, 
            4.0, 
            2.0, 
            6.0, 
            2.0, 
            3.0, 
            6.0, 
            4.0, 
            3.0, 
            3.0, 
            4.0, 
            4.0, 
            5.0, 
            7.0, 
            2.0, 
            4.0, 
            3.0, 
            4.0, 
            4.0, 
            2.0, 
            6.0, 
            3.0, 
            2.0, 
            3.0, 
            4.0, 
            4.0, 
            3.0, 
            3.0, 
            3.0, 
            5.0, 
            2.0, 
            3.0, 
            3.0, 
            3.0, 
            3.0, 
            5.0, 
            6.0, 
            5.0, 
            3.0, 
            3.0, 
            6.0, 
            2.0, 
            2.0, 
            5.0, 
            5.0, 
            3.0, 
            3.0, 
            2.0, 
            5.0, 
            2.0, 
            2.0, 
            3.0, 
            3.0, 
            5.0, 
            2.0, 
            6.0, 
            3.0, 
            2.0, 
            2.0, 
            4.0, 
            2.0, 
            10.0, 
            5.0, 
            3.0, 
            4.0, 
            2.0, 
            3.0, 
            2.0, 
            3.0, 
            3.0, 
            3.0, 
            3.0, 
            3.0, 
            2.0, 
            3.0, 
            2.0, 
            4.0, 
            3.0, 
            3.0, 
            2.0, 
            3.0, 
            3.0, 
            3.0, 
            3.0, 
            2.0, 
            3.0, 
            10.0, 
            3.0, 
            5.0, 
            3.0, 
            3.0, 
            2.0, 
            3.0, 
            3.0, 
            3.0, 
            4.0, 
            4.0, 
            2.0, 
            3.0, 
            3.0, 
            7.0, 
            3.0, 
            2.0, 
            2.0, 
            4.0, 
            3.0, 
            3.0, 
            3.0, 
            5.0, 
            3.0, 
            3.0, 
            3.0, 
            3.0, 
            4.0, 
            3.0, 
            3.0, 
            5.0, 
            2.0, 
            4.0, 
            3.0, 
            3.0, 
            3.0, 
            3.0, 
            3.0, 
            4.0, 
            3.0, 
            8.0, 
            2.0, 
            2.0, 
            3.0, 
            4.0, 
            2.0, 
            2.0, 
            3.0, 
            3.0, 
            3.0, 
            2.0, 
            2.0, 
            3.0, 
            3.0, 
            3.0, 
            4.0, 
            2.0, 
            4.0, 
            3.0, 
            3.0, 
            3.0, 
            2.0, 
            2.0, 
            4.0, 
            4.0, 
            4.0, 
            4.0, 
            2.0, 
            3.0, 
            3.0, 
            4.0, 
            2.0, 
            3.0, 
            3.0, 
            5.0, 
            2.0, 
            3.0, 
            2.0, 
            10.0, 
            2.0, 
            2.0, 
            3.0, 
            8.0, 
            5.0, 
            5.0, 
            4.0, 
            3.0, 
            4.0, 
            3.0, 
            3.0, 
            3.0, 
            3.0, 
            3.0, 
            3.0, 
            2.0, 
            3.0, 
            3.0, 
            2.0, 
            2.0, 
            3.0, 
            4.0, 
            5.0, 
            3.0, 
            5.0, 
            3.0, 
            5.0, 
            3.0, 
            3.0, 
            3.0, 
            2.0, 
            5.0, 
            2.0, 
            3.0, 
            3.0, 
            3.0, 
            6.0, 
            4.0, 
            4.0, 
            4.0, 
            3.0, 
            2.0, 
            3.0, 
            3.0, 
            2.0, 
            2.0, 
            5.0, 
            7.0, 
            5.0, 
            5.0, 
            10.0, 
            5.0, 
            2.0, 
            2.0, 
            2.0, 
            4.0, 
            5.0, 
            3.0, 
            3.0, 
            4.0, 
            4.0, 
            6.0, 
            2.0, 
            3.0, 
            2.0, 
            2.0, 
            4.0, 
            2.0, 
            2.0, 
            2.0, 
            3.0, 
            2.0, 
            3.0, 
            2.0, 
            4.0, 
            4.0, 
            10.0, 
            6.0, 
            3.0, 
            3.0, 
            2.0, 
            3.0, 
            3.0, 
            3.0, 
            3.0, 
            3.0, 
            3.0, 
            3.0, 
            6.0, 
            3.0, 
            4.0, 
            3.0, 
            3.0, 
            3.0, 
            4.0, 
            5.0, 
            2.0, 
            3.0, 
            7.0, 
            2.0, 
            2.0, 
            5.0, 
            4.0, 
            3.0, 
            4.0, 
            3.0, 
            3.0, 
            4.0, 
            3.0, 
            5.0, 
            3.0, 
            6.0, 
            2.0, 
            5.0, 
            3.0, 
            5.0, 
            5.0, 
            3.0, 
            3.0, 
            2.0, 
            5.0, 
            3.0, 
            4.0, 
            3.0, 
            6.0, 
            4.0, 
            2.0, 
            5.0, 
            3.0, 
            3.0, 
            2.0, 
            3.0, 
            4.0, 
            3.0, 
            6.0, 
            2.0, 
            3.0, 
            3.0, 
            2.0, 
            5.0, 
            4.0, 
            3.0, 
            2.0, 
            2.0, 
            3.0, 
            3.0, 
            3.0, 
            2.0, 
            5.0, 
            5.0, 
            5.0, 
            4.0, 
            3.0, 
            5.0, 
            3.0, 
            3.0, 
            3.0, 
            3.0, 
            6.0, 
            3.0, 
            3.0, 
            6.0, 
            3.0, 
            3.0, 
            2.0, 
            3.0, 
            3.0, 
            5.0, 
            5.0, 
            3.0, 
            4.0, 
            3.0, 
            2.0, 
            3.0, 
            5.0, 
            4.0, 
            2.0, 
            3.0, 
            4.0, 
            2.0, 
            2.0, 
            6.0, 
            4.0, 
            4.0, 
            2.0, 
            3.0, 
            4.0, 
            2.0, 
            3.0, 
            3.0, 
            5.0, 
            3.0, 
            3.0, 
            2.0, 
            3.0, 
            4.0, 
            3.0, 
            2.0, 
            3.0, 
            3.0, 
            6.0, 
            3.0, 
            4.0, 
            3.0, 
            3.0, 
            3.0, 
            3.0, 
            10.0, 
            3.0, 
            3.0, 
            2.0, 
            2.0, 
            2.0, 
            4.0, 
            3.0, 
            5.0, 
            2.0, 
            3.0, 
            4.0, 
            3.0, 
            2.0, 
            2.0, 
            3.0, 
            2.0, 
            4.0, 
            2.0, 
            3.0, 
            3.0, 
            2.0, 
            5.0, 
            5.0, 
            3.0, 
            3.0, 
            5.0, 
            3.0, 
            3.0, 
            3.0, 
            3.0, 
            3.0, 
            2.0, 
            3.0, 
            4.0, 
            2.0, 
            5.0, 
            2.0, 
            4.0, 
            6.0, 
            3.0, 
            3.0, 
            3.0, 
            2.0, 
            5.0, 
            3.0, 
            3.0, 
            3.0, 
            3.0, 
            4.0, 
            4.0, 
            2.0, 
            3.0, 
            4.0, 
            5.0, 
            2.0, 
            2.0, 
            3.0, 
            5.0, 
            3.0, 
            3.0, 
            4.0, 
            3.0, 
            2.0, 
            6.0, 
            3.0, 
            4.0, 
            2.0, 
            4.0, 
            2.0, 
            3.0, 
            4.0, 
            3.0, 
            3.0, 
            3.0, 
            3.0, 
            3.0, 
            2.0, 
            4.0, 
            10.0, 
            6.0, 
            4.0, 
            3.0, 
            7.0, 
            2.0, 
            3.0, 
            4.0, 
            6.0, 
            3.0, 
            4.0, 
            2.0, 
            6.0, 
            3.0, 
            5.0, 
            3.0, 
            3.0, 
            2.0, 
            3.0, 
            3.0, 
            2.0, 
            4.0, 
            3.0, 
            3.0, 
            3.0, 
            3.0, 
            4.0, 
            3.0, 
            3.0, 
            7.0, 
            2.0, 
            3.0, 
            7.0, 
            3.0, 
            3.0, 
            8.0
        ]
    }, 
    "regression_performance": {
        "max_error": 4.552362552456569, 
        "median_error": -0.33377742024394297, 
        "error_distribution": [
            {
                "count": 592, 
                "bin_max": -1.0451292010922999, 
                "bin_id": 0, 
                "bin_min": -1.6732921645461174
            }, 
            {
                "count": 619, 
                "bin_max": -0.42318567292020348, 
                "bin_id": 1, 
                "bin_min": -1.0451292010922999
            }, 
            {
                "count": 969, 
                "bin_max": 0.19875785525189293, 
                "bin_id": 2, 
                "bin_min": -0.42318567292020348
            }, 
            {
                "count": 300, 
                "bin_max": 0.82070138342398957, 
                "bin_id": 3, 
                "bin_min": 0.19875785525189293
            }, 
            {
                "count": 239, 
                "bin_max": 1.4426449115960862, 
                "bin_id": 4, 
                "bin_min": 0.82070138342398957
            }, 
            {
                "count": 116, 
                "bin_max": 2.0645884397681824, 
                "bin_id": 5, 
                "bin_min": 1.4426449115960862
            }, 
            {
                "count": 83, 
                "bin_max": 2.6865319679402795, 
                "bin_id": 6, 
                "bin_min": 2.0645884397681824
            }, 
            {
                "count": 44, 
                "bin_max": 3.3084754961123757, 
                "bin_id": 7, 
                "bin_min": 2.6865319679402795
            }, 
            {
                "count": 20, 
                "bin_max": 3.9304190242844719, 
                "bin_id": 8, 
                "bin_min": 3.3084754961123757
            }, 
            {
                "count": 74, 
                "bin_max": 4.552362552456569, 
                "bin_id": 9, 
                "bin_min": 3.9304190242844719
            }
        ], 
        "min_error": -1.6670727292643965, 
        "average_error": -0.02590890768280855, 
        "std_error": 1.2499208320987187, 
        "p75_error": 0.51108630795962418, 
        "p90_error": 1.6293685474841797, 
        "p25_error": -0.67437640055320225
    }
}