[
    {
        "parameters": {
            "max_features": "auto", 
            "min_samples_split": 30, 
            "n_estimators": 100, 
            "max_depth": 6, 
            "min_samples_leaf": 10
        }, 
        "score_time": 819, 
        "test_score": -0.04628112831429587, 
        "fit_time": 159578, 
        "num_samples": 26637, 
        "best_iteration": null, 
        "train_score": 0.7806539606881144, 
        "parameter_id": 0, 
        "time": 160397, 
        "done_at": 1525700435710, 
        "grid_point_id": "{\"max_features\": \"auto\", \"min_samples_split\": 30, \"n_estimators\": 100, \"max_depth\": 6, \"min_samples_leaf\": 10}@2"
    }, 
    {
        "parameters": {
            "max_features": "auto", 
            "min_samples_split": 30, 
            "n_estimators": 100, 
            "max_depth": 6, 
            "min_samples_leaf": 10
        }, 
        "score_time": 483, 
        "test_score": -2.5236541582747165, 
        "fit_time": 163514, 
        "num_samples": 26638, 
        "best_iteration": null, 
        "train_score": 0.6830221190720515, 
        "parameter_id": 0, 
        "time": 163997, 
        "done_at": 1525700439309, 
        "grid_point_id": "{\"max_features\": \"auto\", \"min_samples_split\": 30, \"n_estimators\": 100, \"max_depth\": 6, \"min_samples_leaf\": 10}@0"
    }, 
    {
        "parameters": {
            "max_features": "auto", 
            "min_samples_split": 30, 
            "n_estimators": 100, 
            "max_depth": 6, 
            "min_samples_leaf": 10
        }, 
        "score_time": 579, 
        "test_score": -0.03437828717132696, 
        "fit_time": 166720, 
        "num_samples": 26637, 
        "best_iteration": null, 
        "train_score": 0.6856739739775608, 
        "parameter_id": 0, 
        "time": 167299, 
        "done_at": 1525700442049, 
        "grid_point_id": "{\"max_features\": \"auto\", \"min_samples_split\": 30, \"n_estimators\": 100, \"max_depth\": 6, \"min_samples_leaf\": 10}@1"
    }, 
    {
        "parameters": {
            "max_features": "auto", 
            "min_samples_split": 30, 
            "n_estimators": 100, 
            "max_depth": 14, 
            "min_samples_leaf": 10
        }, 
        "score_time": 435, 
        "test_score": -2.524027434971168, 
        "fit_time": 235206, 
        "num_samples": 26638, 
        "best_iteration": null, 
        "train_score": 0.9062438733377225, 
        "parameter_id": 1, 
        "time": 235641, 
        "done_at": 1525700510303, 
        "grid_point_id": "{\"max_features\": \"auto\", \"min_samples_split\": 30, \"n_estimators\": 100, \"max_depth\": 14, \"min_samples_leaf\": 10}@0"
    }, 
    {
        "parameters": {
            "max_features": "auto", 
            "min_samples_split": 30, 
            "n_estimators": 100, 
            "max_depth": 14, 
            "min_samples_leaf": 10
        }, 
        "score_time": 359, 
        "test_score": -0.06685428699457052, 
        "fit_time": 127886, 
        "num_samples": 26637, 
        "best_iteration": null, 
        "train_score": 0.9300652198532846, 
        "parameter_id": 1, 
        "time": 128245, 
        "done_at": 1525700568295, 
        "grid_point_id": "{\"max_features\": \"auto\", \"min_samples_split\": 30, \"n_estimators\": 100, \"max_depth\": 14, \"min_samples_leaf\": 10}@2"
    }, 
    {
        "parameters": {
            "max_features": "auto", 
            "min_samples_split": 30, 
            "n_estimators": 100, 
            "max_depth": 14, 
            "min_samples_leaf": 10
        }, 
        "score_time": 240, 
        "test_score": -0.5940226231305763, 
        "fit_time": 132895, 
        "num_samples": 26637, 
        "best_iteration": null, 
        "train_score": 0.9068620809263535, 
        "parameter_id": 1, 
        "time": 133135, 
        "done_at": 1525700569378, 
        "grid_point_id": "{\"max_features\": \"auto\", \"min_samples_split\": 30, \"n_estimators\": 100, \"max_depth\": 14, \"min_samples_leaf\": 10}@1"
    }
]