{
  "state": "DONE",
  "preSearchDescription": {
    "gridLength": 2,
    "importantParams": [
      {
        "name": "trees",
        "vals": [
          "100"
        ]
      },
      {
        "name": "depth",
        "vals": [
          "6",
          "14"
        ]
      },
      {
        "name": "min_samples",
        "vals": [
          "10"
        ]
      }
    ]
  },
  "postSearchDescription": {
    "importantParams": [
      {
        "name": "trees",
        "val": "100"
      },
      {
        "name": "depth",
        "val": "6"
      },
      {
        "name": "min_samples",
        "val": "10"
      }
    ]
  },
  "modelId": "m1",
  "progress": {
    "top_level_todo": [],
    "stack": [],
    "top_level_done": [
      {
        "name": "Loading train set",
        "time": 185
      },
      {
        "name": "Loading test set",
        "time": 53
      },
      {
        "name": "Collecting statistics",
        "time": 131
      },
      {
        "name": "Preprocessing train set",
        "time": 276
      },
      {
        "name": "Preprocessing test set",
        "time": 99
      },
      {
        "name": "Grid searching",
        "time": 296768
      },
      {
        "name": "Fitting model",
        "time": 81838
      },
      {
        "name": "Saving model",
        "time": 35
      },
      {
        "name": "Scoring model",
        "time": 4856
      }
    ]
  },
  "startTime": 1525700272728,
  "endTime": 1525700656973,
  "preprocessingTime": 747,
  "trainingTime": 383498
}