{
  "trainedWithDSSVersion": "4.0.1",
  "isValid": true,
  "type": "REGRESSION",
  "algorithm_name": "FOREST_REGRESSOR",
  "columns": [
    "Bathroom",
    "Bedroom2",
    "BuildingArea",
    "Car",
    "Date_parsed",
    "Distance",
    "Landsize",
    "Lattitude",
    "Longtitude",
    "Postcode",
    "Rooms",
    "YearBuilt",
    "dummy:geopoint:POINT(144.9966 -37.8361)",
    "dummy:geopoint:POINT(144.9906 -37.8231)",
    "dummy:geopoint:POINT(144.9449 -37.8424)",
    "dummy:geopoint:POINT(145.0094 -37.8127)",
    "dummy:geopoint:POINT(144.9767 -37.859)",
    "dummy:geopoint:POINT(145.0104 -37.822)",
    "dummy:geopoint:POINT(144.9415 -37.8435)",
    "dummy:geopoint:POINT(144.9646 -37.8106)",
    "dummy:geopoint:POINT(144.8741 -37.8413)",
    "dummy:geopoint:POINT(144.9683 -37.828)",
    "dummy:geopoint:POINT(144.968 -37.8369)",
    "dummy:geopoint:POINT(145.005 -37.8198)",
    "dummy:geopoint:POINT(144.9687 -37.8267)",
    "dummy:geopoint:POINT(144.9713 -37.7546)",
    "dummy:geopoint:POINT(144.9825 -37.8573)",
    "dummy:geopoint:POINT(144.9989 -37.7112)",
    "dummy:geopoint:POINT(145.1098 -37.8161)",
    "dummy:geopoint:POINT(144.9845 -37.8042)",
    "dummy:geopoint:POINT(144.9911 -37.809)",
    "dummy:geopoint:POINT(144.9898 -37.8201)",
    "dummy:geopoint:POINT(144.9965 -37.8173)",
    "dummy:geopoint:POINT(144.9237 -37.758)",
    "dummy:geopoint:POINT(144.9847 -37.8376)",
    "dummy:geopoint:POINT(145.0496 -37.8269)",
    "dummy:geopoint:POINT(144.8924 -37.7907)",
    "dummy:geopoint:POINT(144.9904 -37.8437)",
    "dummy:geopoint:POINT(144.9691 -37.8095)",
    "dummy:geopoint:POINT(144.9936 -37.847)",
    "dummy:geopoint:POINT(144.8861 -37.8284)",
    "dummy:geopoint:POINT(144.8485 -37.7908)",
    "dummy:geopoint:POINT(145.0642 -37.8972)",
    "dummy:geopoint:POINT(144.9679 -37.8311)",
    "dummy:geopoint:POINT(145.0228 -37.9164)",
    "dummy:geopoint:POINT(144.9255 -37.7833)",
    "dummy:geopoint:POINT(144.9911 -37.796)",
    "dummy:geopoint:POINT(144.8875 -37.7943)",
    "dummy:geopoint:POINT(145.0448 -37.8318)",
    "dummy:geopoint:POINT(144.9982 -37.823)",
    "dummy:geopoint:POINT(144.894 -37.8173)",
    "dummy:geopoint:POINT(145.0262 -37.8543)",
    "dummy:geopoint:POINT(145.017 -37.8186)",
    "dummy:geopoint:POINT(144.985 -37.8035)",
    "dummy:geopoint:POINT(144.9607 -37.7775)",
    "dummy:geopoint:POINT(144.9385 -37.8405)",
    "dummy:geopoint:POINT(145.0103 -37.8195)",
    "dummy:geopoint:POINT(144.9692 -37.8295)",
    "dummy:geopoint:POINT(145.0396 -37.8866)",
    "dummy:geopoint:POINT(144.9727 -37.8157)",
    "dummy:geopoint:POINT(144.933 -37.7893)",
    "dummy:geopoint:POINT(145.0184 -37.8424)",
    "dummy:geopoint:POINT(144.988 -37.851)",
    "dummy:geopoint:POINT(144.9802 -37.7941)",
    "dummy:geopoint:POINT(144.9389 -37.8407)",
    "dummy:geopoint:N/A",
    "dummy:geopoint:__Others__",
    "dummy:CouncilArea:Moreland",
    "dummy:CouncilArea:Boroondara",
    "dummy:CouncilArea:Moonee Valley",
    "dummy:CouncilArea:Darebin",
    "dummy:CouncilArea:Glen Eira",
    "dummy:CouncilArea:Maribyrnong",
    "dummy:CouncilArea:Stonnington",
    "dummy:CouncilArea:Yarra",
    "dummy:CouncilArea:Port Phillip",
    "dummy:CouncilArea:Banyule",
    "dummy:CouncilArea:Melbourne",
    "dummy:CouncilArea:Hobsons Bay",
    "dummy:CouncilArea:Bayside",
    "dummy:CouncilArea:Manningham",
    "dummy:CouncilArea:Brimbank",
    "dummy:CouncilArea:Whitehorse",
    "dummy:CouncilArea:N/A",
    "dummy:CouncilArea:__Others__",
    "dummy:Suburb:Reservoir",
    "dummy:Suburb:Richmond",
    "dummy:Suburb:Brunswick",
    "dummy:Suburb:Bentleigh East",
    "dummy:Suburb:South Yarra",
    "dummy:Suburb:Northcote",
    "dummy:Suburb:Preston",
    "dummy:Suburb:Yarraville",
    "dummy:Suburb:Essendon",
    "dummy:Suburb:Brighton",
    "dummy:Suburb:Hawthorn",
    "dummy:Suburb:Coburg",
    "dummy:Suburb:Carnegie",
    "dummy:Suburb:St Kilda",
    "dummy:Suburb:Glen Iris",
    "dummy:Suburb:Balwyn North",
    "dummy:Suburb:Pascoe Vale",
    "dummy:Suburb:Kew",
    "dummy:Suburb:Port Melbourne",
    "dummy:Suburb:Footscray",
    "dummy:Suburb:Moonee Ponds",
    "dummy:Suburb:Ascot Vale",
    "dummy:Suburb:Newport",
    "dummy:Suburb:Elwood",
    "dummy:Suburb:Brunswick West",
    "dummy:Suburb:Brighton East",
    "dummy:Suburb:Glenroy",
    "dummy:Suburb:Doncaster",
    "dummy:Suburb:Surrey Hills",
    "dummy:Suburb:Camberwell",
    "dummy:Suburb:Ivanhoe",
    "dummy:Suburb:Thornbury",
    "dummy:Suburb:Malvern East",
    "dummy:Suburb:Bentleigh",
    "dummy:Suburb:Hampton",
    "dummy:Suburb:Hawthorn East",
    "dummy:Suburb:Kensington",
    "dummy:Suburb:Prahran",
    "dummy:Suburb:Maribyrnong",
    "dummy:Suburb:Balwyn",
    "dummy:Suburb:Templestowe Lower",
    "dummy:Suburb:Keilor East",
    "dummy:Suburb:Williamstown",
    "dummy:Suburb:Fawkner",
    "dummy:Suburb:Sunshine West",
    "dummy:Suburb:Ormond",
    "dummy:Suburb:North Melbourne",
    "dummy:Suburb:South Melbourne",
    "dummy:Suburb:Toorak",
    "dummy:Suburb:West Footscray",
    "dummy:Suburb:Sunshine",
    "dummy:Suburb:Fitzroy North",
    "dummy:Suburb:Armadale",
    "dummy:Suburb:Box Hill",
    "dummy:Suburb:Burwood",
    "dummy:Suburb:Moorabbin",
    "dummy:Suburb:Brunswick East",
    "dummy:Suburb:Windsor",
    "dummy:Suburb:Murrumbeena",
    "dummy:Suburb:Coburg North",
    "dummy:Suburb:Seddon",
    "dummy:Suburb:Ashburton",
    "dummy:Suburb:Altona",
    "dummy:Suburb:Collingwood",
    "dummy:Suburb:Hadfield",
    "dummy:Suburb:Maidstone",
    "dummy:Suburb:Heidelberg Heights",
    "dummy:Suburb:Airport West",
    "dummy:Suburb:Elsternwick",
    "dummy:Suburb:Malvern",
    "dummy:Suburb:Rosanna",
    "dummy:Suburb:Bulleen",
    "dummy:Suburb:Melbourne",
    "dummy:Suburb:Fitzroy",
    "dummy:Suburb:Braybrook",
    "dummy:Suburb:Southbank",
    "dummy:Suburb:Avondale Heights",
    "dummy:Suburb:Canterbury",
    "dummy:Suburb:Heidelberg",
    "dummy:Suburb:Abbotsford",
    "dummy:Suburb:Aberfeldie",
    "dummy:Suburb:Ashwood",
    "dummy:Suburb:Caulfield South",
    "dummy:Suburb:Niddrie",
    "dummy:Suburb:Clifton Hill",
    "dummy:Suburb:Altona North",
    "dummy:Suburb:Strathmore",
    "dummy:Suburb:Albert Park",
    "dummy:Suburb:Fairfield",
    "dummy:Suburb:Heidelberg West",
    "dummy:Suburb:Oakleigh",
    "dummy:Suburb:Kingsville",
    "dummy:Suburb:Flemington",
    "dummy:Suburb:Oakleigh South",
    "dummy:Suburb:Carlton North",
    "dummy:Suburb:Hughesdale",
    "dummy:Suburb:Watsonia",
    "dummy:Suburb:Oak Park",
    "dummy:Suburb:Sunshine North",
    "dummy:Suburb:Kew East",
    "dummy:Suburb:Viewbank",
    "dummy:Suburb:Mont Albert",
    "dummy:Suburb:Spotswood",
    "dummy:Suburb:West Melbourne",
    "dummy:Suburb:Cremorne",
    "dummy:Suburb:Yallambie",
    "dummy:Suburb:Albion",
    "dummy:Suburb:Carlton",
    "dummy:Suburb:N/A",
    "dummy:Suburb:__Others__",
    "dummy:Address:25 Gray St",
    "dummy:Address:38 Lily St",
    "dummy:Address:12 Witchwood Cl",
    "dummy:Address:3 Clive Ct",
    "dummy:Address:41 Helston St",
    "dummy:Address:15 Ellendale St",
    "dummy:Address:28 Blair St",
    "dummy:Address:122 Stephen St",
    "dummy:Address:80 South Rd",
    "dummy:Address:18 William St",
    "dummy:Address:3/220 Warrigal Rd",
    "dummy:Address:47 Clifton St",
    "dummy:Address:70 Park St",
    "dummy:Address:4 Adelaide St",
    "dummy:Address:59 Hope St",
    "dummy:Address:11 Nottingham St",
    "dummy:Address:36 Belford Rd",
    "dummy:Address:2/102 Rathcown Rd",
    "dummy:Address:14 Rose St",
    "dummy:Address:N/A",
    "dummy:Address:__Others__",
    "dummy:Date:27/11/2016",
    "dummy:Date:25/02/2017",
    "dummy:Date:15/10/2016",
    "dummy:Date:4/03/2017",
    "dummy:Date:10/12/2016",
    "dummy:Date:12/11/2016",
    "dummy:Date:3/12/2016",
    "dummy:Date:19/11/2016",
    "dummy:Date:28/05/2016",
    "dummy:Date:18/06/2016",
    "dummy:Date:7/05/2016",
    "dummy:Date:17/09/2016",
    "dummy:Date:4/06/2016",
    "dummy:Date:8/10/2016",
    "dummy:Date:24/09/2016",
    "dummy:Date:10/09/2016",
    "dummy:Date:16/04/2016",
    "dummy:Date:3/09/2016",
    "dummy:Date:27/06/2016",
    "dummy:Date:28/08/2016",
    "dummy:Date:18/03/2017",
    "dummy:Date:22/05/2016",
    "dummy:Date:7/11/2016",
    "dummy:Date:22/08/2016",
    "dummy:Date:6/08/2016",
    "dummy:Date:14/05/2016",
    "dummy:Date:30/07/2016",
    "dummy:Date:16/07/2016",
    "dummy:Date:26/07/2016",
    "dummy:Date:13/08/2016",
    "dummy:Date:N/A",
    "dummy:Date:__Others__",
    "dummy:SellerG:Nelson",
    "dummy:SellerG:Jellis",
    "dummy:SellerG:hockingstuart",
    "dummy:SellerG:Barry",
    "dummy:SellerG:Marshall",
    "dummy:SellerG:Buxton",
    "dummy:SellerG:Ray",
    "dummy:SellerG:Biggin",
    "dummy:SellerG:Brad",
    "dummy:SellerG:Fletchers",
    "dummy:SellerG:Greg",
    "dummy:SellerG:Jas",
    "dummy:SellerG:Sweeney",
    "dummy:SellerG:Woodards",
    "dummy:SellerG:Miles",
    "dummy:SellerG:RT",
    "dummy:SellerG:Gary",
    "dummy:SellerG:Village",
    "dummy:SellerG:Noel",
    "dummy:SellerG:Hodges",
    "dummy:SellerG:McGrath",
    "dummy:SellerG:Kay",
    "dummy:SellerG:Stockdale",
    "dummy:SellerG:Williams",
    "dummy:SellerG:Raine",
    "dummy:SellerG:Chisholm",
    "dummy:SellerG:Love",
    "dummy:SellerG:Harcourts",
    "dummy:SellerG:Rendina",
    "dummy:SellerG:Douglas",
    "dummy:SellerG:LITTLE",
    "dummy:SellerG:Collins",
    "dummy:SellerG:Cayzer",
    "dummy:SellerG:Burnham",
    "dummy:SellerG:Alexkarbon",
    "dummy:SellerG:Nick",
    "dummy:SellerG:RW",
    "dummy:SellerG:YPA",
    "dummy:SellerG:Dingle",
    "dummy:SellerG:Harrington",
    "dummy:SellerG:Peter",
    "dummy:SellerG:Eview",
    "dummy:SellerG:Walshe",
    "dummy:SellerG:Bells",
    "dummy:SellerG:Edward",
    "dummy:SellerG:Buckingham",
    "dummy:SellerG:Frank",
    "dummy:SellerG:McDonald",
    "dummy:SellerG:Moonee",
    "dummy:SellerG:Thomson",
    "dummy:SellerG:Castran",
    "dummy:SellerG:Beller",
    "dummy:SellerG:Wilson",
    "dummy:SellerG:Lindellas",
    "dummy:SellerG:Purplebricks",
    "dummy:SellerG:Whiting",
    "dummy:SellerG:Haughton",
    "dummy:SellerG:Gunn\u0026Co",
    "dummy:SellerG:C21",
    "dummy:SellerG:N/A",
    "dummy:SellerG:__Others__",
    "dummy:Type:h",
    "dummy:Type:u",
    "dummy:Type:t",
    "dummy:Type:N/A",
    "dummy:Type:__Others__",
    "dummy:Method:S",
    "dummy:Method:SP",
    "dummy:Method:PI",
    "dummy:Method:VB",
    "dummy:Method:N/A",
    "dummy:Method:__Others__"
  ]
}