{
    "modelInputIsSparse": false, 
    "modelInputNRows": 3846, 
    "modelInputNCols": 320, 
    "modelInputMemory": 9845760, 
    "rawImportance": {
        "variables": [
            "Bathroom", 
            "Bedroom2", 
            "BuildingArea", 
            "Car", 
            "Date_parsed", 
            "Distance", 
            "Landsize", 
            "Lattitude", 
            "Longtitude", 
            "Postcode", 
            "Rooms", 
            "YearBuilt", 
            "dummy:geopoint:__Others__", 
            "dummy:CouncilArea:Moreland", 
            "dummy:CouncilArea:Boroondara", 
            "dummy:CouncilArea:Moonee Valley", 
            "dummy:CouncilArea:Darebin", 
            "dummy:CouncilArea:Glen Eira", 
            "dummy:CouncilArea:Maribyrnong", 
            "dummy:CouncilArea:Stonnington", 
            "dummy:CouncilArea:Yarra", 
            "dummy:CouncilArea:Port Phillip", 
            "dummy:CouncilArea:Banyule", 
            "dummy:CouncilArea:Melbourne", 
            "dummy:CouncilArea:Hobsons Bay", 
            "dummy:CouncilArea:Bayside", 
            "dummy:CouncilArea:Manningham", 
            "dummy:CouncilArea:Brimbank", 
            "dummy:CouncilArea:Whitehorse", 
            "dummy:CouncilArea:__Others__", 
            "dummy:Suburb:Reservoir", 
            "dummy:Suburb:Richmond", 
            "dummy:Suburb:Brunswick", 
            "dummy:Suburb:Bentleigh East", 
            "dummy:Suburb:South Yarra", 
            "dummy:Suburb:Northcote", 
            "dummy:Suburb:Preston", 
            "dummy:Suburb:Yarraville", 
            "dummy:Suburb:Essendon", 
            "dummy:Suburb:Brighton", 
            "dummy:Suburb:Coburg", 
            "dummy:Suburb:St Kilda", 
            "dummy:Suburb:Glen Iris", 
            "dummy:Suburb:Balwyn North", 
            "dummy:Suburb:Pascoe Vale", 
            "dummy:Suburb:Kew", 
            "dummy:Suburb:Footscray", 
            "dummy:Suburb:Moonee Ponds", 
            "dummy:Suburb:Ascot Vale", 
            "dummy:Suburb:Newport", 
            "dummy:Suburb:Elwood", 
            "dummy:Suburb:Brunswick West", 
            "dummy:Suburb:Brighton East", 
            "dummy:Suburb:Doncaster", 
            "dummy:Suburb:Thornbury", 
            "dummy:Suburb:Malvern East", 
            "dummy:Suburb:Hampton", 
            "dummy:Suburb:Hawthorn East", 
            "dummy:Suburb:Templestowe Lower", 
            "dummy:Suburb:Williamstown", 
            "dummy:Suburb:Fawkner", 
            "dummy:Suburb:Sunshine West", 
            "dummy:Suburb:Toorak", 
            "dummy:Suburb:Sunshine", 
            "dummy:Suburb:Box Hill", 
            "dummy:Suburb:Coburg North", 
            "dummy:Suburb:Seddon", 
            "dummy:Suburb:Hadfield", 
            "dummy:Suburb:Bulleen", 
            "dummy:Suburb:Southbank", 
            "dummy:Suburb:Heidelberg", 
            "dummy:Suburb:Aberfeldie", 
            "dummy:Suburb:Strathmore", 
            "dummy:Suburb:Albert Park", 
            "dummy:Suburb:Heidelberg West", 
            "dummy:Suburb:Carlton North", 
            "dummy:Suburb:Viewbank", 
            "dummy:Suburb:__Others__", 
            "dummy:Date:27/11/2016", 
            "dummy:Date:25/02/2017", 
            "dummy:Date:10/12/2016", 
            "dummy:Date:12/11/2016", 
            "dummy:Date:3/12/2016", 
            "dummy:Date:28/05/2016", 
            "dummy:Date:18/06/2016", 
            "dummy:Date:17/09/2016", 
            "dummy:Date:4/06/2016", 
            "dummy:Date:3/09/2016", 
            "dummy:Date:22/05/2016", 
            "dummy:Date:22/08/2016", 
            "dummy:Date:__Others__", 
            "dummy:SellerG:Nelson", 
            "dummy:SellerG:Jellis", 
            "dummy:SellerG:hockingstuart", 
            "dummy:SellerG:Barry", 
            "dummy:SellerG:Marshall", 
            "dummy:SellerG:Buxton", 
            "dummy:SellerG:Ray", 
            "dummy:SellerG:Biggin", 
            "dummy:SellerG:Fletchers", 
            "dummy:SellerG:Greg", 
            "dummy:SellerG:Jas", 
            "dummy:SellerG:Sweeney", 
            "dummy:SellerG:Miles", 
            "dummy:SellerG:Village", 
            "dummy:SellerG:Noel", 
            "dummy:SellerG:McGrath", 
            "dummy:SellerG:Kay", 
            "dummy:SellerG:Collins", 
            "dummy:SellerG:Cayzer", 
            "dummy:SellerG:YPA", 
            "dummy:SellerG:__Others__", 
            "dummy:Type:h", 
            "dummy:Type:u", 
            "dummy:Type:t", 
            "dummy:Method:S", 
            "dummy:Method:SP", 
            "dummy:Method:PI", 
            "dummy:Method:VB"
        ], 
        "importances": [
            0.034640165052826501, 
            0.0054522408721087278, 
            0.38670573488373611, 
            0.0035658930911714021, 
            0.0070290583908209246, 
            0.091656821037770037, 
            0.060906414278316327, 
            0.043935610948245024, 
            0.022872130982177875, 
            0.10370749472055694, 
            0.036441673544649548, 
            0.035207681679594309, 
            2.0545608558407863e-05, 
            0.00010388300813513293, 
            0.0067156359583797776, 
            0.00069198975948029664, 
            5.6606387921316258e-05, 
            0.0013023478472917707, 
            8.9374137140545016e-05, 
            0.017026029447703029, 
            0.00030518168112628489, 
            8.2401667120941306e-05, 
            9.0452765787739028e-05, 
            0.00012500906846877268, 
            4.2082503930600368e-05, 
            0.00077709614232048863, 
            2.2773481699270797e-05, 
            3.6489966711268119e-05, 
            0.00054157775546857464, 
            0.0001965850635622353, 
            3.1707187313224135e-05, 
            1.3258986143986273e-05, 
            1.0909846395581802e-05, 
            1.2152603133490105e-05, 
            3.0715246816410984e-05, 
            0.00078403772599683927, 
            1.1465878242423315e-06, 
            1.3719134547584705e-05, 
            6.4816092635483645e-05, 
            0.00076359171995483836, 
            9.3052783851981129e-05, 
            3.7136531307268247e-06, 
            1.3260240612075042e-05, 
            2.1723903174205989e-06, 
            7.6554605742102049e-07, 
            0.00032469256325051314, 
            1.7505737522241107e-05, 
            7.8613038246232933e-06, 
            1.2097687605173361e-05, 
            1.0264944813927672e-05, 
            2.5937573632717143e-06, 
            1.0116995004256335e-06, 
            7.5995452967799935e-06, 
            6.2988436703885186e-05, 
            1.2556779517738012e-05, 
            1.395130776995e-05, 
            2.9428589012313872e-05, 
            1.304615240680403e-05, 
            6.1713490107398361e-05, 
            9.2746177454382686e-05, 
            1.4170281192745405e-06, 
            6.9176621919427554e-05, 
            0.00040478842157335988, 
            5.6354550784225436e-06, 
            7.7430195317733906e-05, 
            1.1071320349569062e-06, 
            1.0412419117865442e-06, 
            7.0692396933113978e-07, 
            8.9092267412915332e-06, 
            5.6599350764004522e-07, 
            1.5878239013365722e-05, 
            2.4959035266193462e-05, 
            3.2069175100896409e-05, 
            2.7298954216478065e-05, 
            1.4018198871594579e-06, 
            0.0003535652958912288, 
            7.4945918802837437e-06, 
            0.00011183497941704969, 
            8.4317631800034693e-05, 
            3.0486421273879702e-05, 
            5.5627151266856183e-06, 
            0.00010089654147188994, 
            2.6159847780473361e-06, 
            7.717282812926402e-07, 
            3.4406552443425765e-05, 
            3.1735729562927745e-06, 
            7.718703395691854e-05, 
            5.8482811547832518e-06, 
            7.5782305185839975e-07, 
            2.8794158762072579e-06, 
            3.305240455486147e-06, 
            0.00022236152970464226, 
            0.0009634017686261559, 
            0.00010753492390972537, 
            3.3227529946352831e-05, 
            0.0016529302548494711, 
            0.00011553466170846886, 
            1.7724269071457232e-05, 
            1.9813834995129092e-05, 
            1.7672634371723709e-05, 
            1.2978156417609581e-05, 
            5.3920073755563333e-06, 
            8.9856628178852023e-06, 
            0.00022627824238627723, 
            5.7525764366785762e-06, 
            1.0013013035653385e-05, 
            0.0002574894235678754, 
            9.1873615956380688e-05, 
            7.4993740281390623e-05, 
            2.3289878621276642e-05, 
            9.7298113553290645e-07, 
            1.5800439740953147e-06, 
            0.12559117561049918, 
            0.0036224895556127407, 
            0.00021519385108083235, 
            0.0017452280643385561, 
            6.6708462118938641e-05, 
            0.00042261283984658572, 
            0.00011324194418007838
        ]
    }
}