{
  "state": "DONE",
  "preSearchDescription": {
    "gridLength": 1,
    "importantParams": [
      {
        "name": "trees",
        "vals": [
          "100"
        ]
      },
      {
        "name": "depth",
        "vals": [
          "24"
        ]
      },
      {
        "name": "min_samples",
        "vals": [
          "6"
        ]
      }
    ]
  },
  "postSearchDescription": {
    "importantParams": [
      {
        "name": "trees",
        "val": "100"
      },
      {
        "name": "depth",
        "val": "24"
      },
      {
        "name": "min_samples",
        "val": "6"
      }
    ]
  },
  "modelId": "m1",
  "progress": {
    "top_level_todo": [],
    "stack": [],
    "top_level_done": [
      {
        "name": "Loading train set",
        "time": 130
      },
      {
        "name": "Loading test set",
        "time": 79
      },
      {
        "name": "Collecting statistics",
        "time": 133
      },
      {
        "name": "Preprocessing train set",
        "time": 217
      },
      {
        "name": "Preprocessing test set",
        "time": 166
      },
      {
        "name": "Fitting model",
        "time": 7614
      },
      {
        "name": "Saving model",
        "time": 9
      },
      {
        "name": "Scoring model",
        "time": 765
      }
    ]
  },
  "startTime": 1493927606346,
  "endTime": 1493927615462,
  "preprocessingTime": 728,
  "trainingTime": 8388
}