{
  "type": "chart",
  "params": {
    "datasetSmartName": "Model_analysis",
    "engineType": "LINO",
    "refreshableSelection": {
      "selection": {
        "useMemTable": false,
        "filter": {
          "distinct": false,
          "enabled": false
        },
        "partitionSelectionMethod": "ALL",
        "latestPartitionsN": 1,
        "samplingMethod": "HEAD_SEQUENTIAL",
        "maxRecords": 10000,
        "targetRatio": 0.02,
        "withinFirstN": -1,
        "maxReadUncompressedBytes": -1
      },
      "autoRefreshSample": false,
      "_refreshTrigger": 0
    },
    "def": {
      "type": "grouped_columns",
      "variant": "normal",
      "name": "Avg. of importance by feature_name",
      "userEditedName": false,
      "genericDimension0": [
        {
          "column": "feature_name",
          "type": "ALPHANUM",
          "maxValues": 20,
          "generateOthersCategory": false,
          "oneTickPerBin": false,
          "filters": [],
          "isA": "dimension",
          "possibleSorts": [
            {
              "type": "NATURAL",
              "label": "Natural ordering",
              "sortAscending": true
            },
            {
              "type": "AGGREGATION",
              "measureIdx": 0,
              "label": "Average of importance, descending"
            },
            {
              "type": "AGGREGATION",
              "measureIdx": 0,
              "label": "Average of importance, ascending",
              "sortAscending": true
            }
          ],
          "sort": {
            "type": "AGGREGATION",
            "measureIdx": 0,
            "label": "Average of importance, descending"
          }
        }
      ],
      "genericDimension1": [],
      "genericMeasures": [
        {
          "column": "importance",
          "function": "AVG",
          "type": "NUMERICAL",
          "displayed": true,
          "isA": "measure",
          "displayAxis": "axis1",
          "displayType": "column",
          "computeMode": "NORMAL",
          "computeModeDim": 0
        }
      ],
      "xDimension": [],
      "yDimension": [],
      "uaXDimension": [],
      "uaYDimension": [],
      "uaSize": [],
      "uaShape": [],
      "uaColor": [],
      "uaTooltip": [],
      "groupDimension": [],
      "xMeasure": [],
      "yMeasure": [],
      "colorMeasure": [],
      "sizeMeasure": [],
      "geometry": [],
      "tooltipMeasures": [],
      "boxplotBreakdownDim": [],
      "boxplotValue": [],
      "filters": [],
      "axis1LogScale": false,
      "axis2LogScale": false,
      "includeZero": true,
      "smoothing": true,
      "showLegend": true,
      "showXAxis": false,
      "strokeWidth": 1,
      "hexbinRadius": 20,
      "hexbinNumber": 20,
      "hexbinRadiusMode": "NUM_HEXAGONS",
      "colorOptions": {
        "singleColor": "#659a88",
        "transparency": 0.75,
        "colorPalette": "default",
        "ccScaleMode": "NORMAL"
      },
      "colorPaletteType": "LINEAR",
      "bubblesOptions": {
        "defaultRadius": 5.0,
        "singleShape": "FILLED_CIRCLE"
      },
      "computeMode": "NORMAL",
      "xAxisMode": "NORMAL",
      "yAxisMode": "NORMAL",
      "pieOptions": {
        "donutHoleSize": 54.0
      },
      "scatterOptions": {
        "equalScales": false,
        "identityLine": false
      },
      "mapOptions": {
        "tilesLayer": "cartodb-positron",
        "lockSquareGrid": false
      },
      "mapGridOptions": {
        "gridLonDeg": 0.5,
        "gridLatDeg": 0.5
      },
      "disableSafetyLimits": false,
      "useLiveProcessingIfAvailable": true
    }
  },
  "owner": "admin",
  "listed": false,
  "name": "Avg. of importance by feature_name on Model_analysis",
  "dashboardCreationId": "tnHuI3E",
  "versionTag": {
    "versionNumber": 1,
    "lastModifiedBy": {
      "login": "admin"
    },
    "lastModifiedOn": 1493646827027
  },
  "creationTag": {
    "versionNumber": 0,
    "lastModifiedBy": {
      "login": "admin"
    },
    "lastModifiedOn": 1493646513010
  },
  "tags": [],
  "checklists": {
    "checklists": []
  }
}