{
  "type": "chart",
  "params": {
    "datasetSmartName": "HR_comma_sep_prepared",
    "engineType": "LINO",
    "refreshableSelection": {
      "selection": {
        "useMemTable": false,
        "filter": {
          "distinct": false,
          "enabled": false
        },
        "partitionSelectionMethod": "ALL",
        "latestPartitionsN": 1,
        "samplingMethod": "HEAD_SEQUENTIAL",
        "maxRecords": 10000,
        "targetRatio": 0.02,
        "withinFirstN": -1,
        "maxReadUncompressedBytes": -1
      },
      "autoRefreshSample": false,
      "_refreshTrigger": 0
    },
    "def": {
      "type": "grouped_columns",
      "variant": "normal",
      "name": "Avg. of left by satisfaction_level",
      "userEditedName": false,
      "genericDimension0": [
        {
          "column": "satisfaction_level",
          "type": "NUMERICAL",
          "numParams": {
            "mode": "FIXED_NB",
            "nbBins": 30,
            "binSize": 100,
            "emptyBinsMode": "ZEROS"
          },
          "maxValues": 100,
          "generateOthersCategory": true,
          "oneTickPerBin": false,
          "filters": [],
          "isA": "dimension",
          "possibleSorts": [
            {
              "type": "NATURAL",
              "label": "Natural ordering",
              "sortAscending": true
            },
            {
              "type": "AGGREGATION",
              "measureIdx": 0,
              "label": "Average of left, descending"
            },
            {
              "type": "AGGREGATION",
              "measureIdx": 0,
              "label": "Average of left, ascending",
              "sortAscending": true
            }
          ],
          "sort": {
            "type": "NATURAL",
            "label": "Natural ordering",
            "sortAscending": true
          }
        }
      ],
      "genericDimension1": [],
      "genericMeasures": [
        {
          "column": "left",
          "function": "AVG",
          "type": "NUMERICAL",
          "displayed": true,
          "isA": "measure",
          "displayAxis": "axis1",
          "displayType": "column",
          "computeMode": "NORMAL",
          "computeModeDim": 0
        }
      ],
      "xDimension": [],
      "yDimension": [],
      "uaXDimension": [],
      "uaYDimension": [],
      "uaSize": [],
      "uaShape": [],
      "uaColor": [],
      "uaTooltip": [],
      "groupDimension": [],
      "xMeasure": [],
      "yMeasure": [],
      "colorMeasure": [],
      "sizeMeasure": [],
      "geometry": [],
      "tooltipMeasures": [],
      "boxplotBreakdownDim": [],
      "boxplotValue": [],
      "filters": [
        {
          "filterType": "ALPHANUM_FACET",
          "column": "sales",
          "columnType": "ALPHANUM",
          "isA": "filter",
          "excludedValues": {},
          "explicitExclude": false
        }
      ],
      "axis1LogScale": false,
      "axis2LogScale": false,
      "includeZero": true,
      "smoothing": true,
      "showLegend": true,
      "showXAxis": false,
      "strokeWidth": 1,
      "hexbinRadius": 20,
      "hexbinNumber": 20,
      "hexbinRadiusMode": "NUM_HEXAGONS",
      "colorOptions": {
        "singleColor": "#659a88",
        "transparency": 0.75,
        "colorPalette": "dku_tritanopia1",
        "ccScaleMode": "NORMAL"
      },
      "colorPaletteType": "LINEAR",
      "bubblesOptions": {
        "defaultRadius": 5.0,
        "singleShape": "FILLED_CIRCLE"
      },
      "computeMode": "NORMAL",
      "xAxisMode": "NORMAL",
      "yAxisMode": "NORMAL",
      "pieOptions": {
        "donutHoleSize": 54.0
      },
      "scatterOptions": {
        "equalScales": false,
        "identityLine": false
      },
      "mapOptions": {
        "tilesLayer": "cartodb-positron",
        "lockSquareGrid": false
      },
      "mapGridOptions": {
        "gridLonDeg": 0.5,
        "gridLatDeg": 0.5
      },
      "disableSafetyLimits": false,
      "useLiveProcessingIfAvailable": true
    }
  },
  "owner": "admin",
  "listed": false,
  "name": "Avg. of left by satisfaction_level on HR_comma_sep_prepared",
  "dashboardCreationId": "tnHuI3E",
  "versionTag": {
    "versionNumber": 9,
    "lastModifiedBy": {
      "login": "admin"
    },
    "lastModifiedOn": 1493641620807
  },
  "creationTag": {
    "versionNumber": 0,
    "lastModifiedBy": {
      "login": "admin"
    },
    "lastModifiedOn": 1493638861363
  },
  "tags": [],
  "checklists": {
    "checklists": []
  }
}