{
  "type": "jupyter",
  "params": {
    "notebookSmartName": "HR Analytics",
    "exportTimestamp": 0,
    "loadLast": true
  },
  "owner": "admin",
  "listed": false,
  "name": "HR Analytics (2017-05-04 11:24)",
  "dashboardCreationId": "tnHuI3E",
  "versionTag": {
    "versionNumber": 0,
    "lastModifiedBy": {
      "login": "admin"
    },
    "lastModifiedOn": 1493897054372
  },
  "creationTag": {
    "versionNumber": 0,
    "lastModifiedBy": {
      "login": "admin"
    },
    "lastModifiedOn": 1493897054372
  },
  "tags": [],
  "checklists": {
    "checklists": []
  }
}