{
    "per_feature": {
        "item_category_name": {
            "stats": {}
        }, 
        "item_cnt_month_avg": {
            "stats": {
                "std": 7.173391793470092, 
                "p99": 12.0, 
                "min": -3.5, 
                "max": 560.1363636359999, 
                "average": 2.2384153816934362, 
                "median": 1.4
            }, 
            "missing_impute_with_value": 2.2384153816934362
        }, 
        "item_category_id": {
            "stats": {
                "std": 16.076059448335908, 
                "p99": 75.0, 
                "min": 2.0, 
                "max": 83.0, 
                "average": 41.41196261682243, 
                "median": 40.0
            }, 
            "missing_impute_with_value": 41.41196261682243
        }, 
        "item_name": {
            "stats": {}
        }, 
        "item_cnt_prev_month": {
            "stats": {
                "std": 2.1751535305536565, 
                "p99": 5.0, 
                "min": 0.0, 
                "max": 87.0, 
                "average": 0.3171339563862928, 
                "median": 0.0
            }, 
            "missing_impute_with_value": 0.3171339563862928
        }, 
        "date_block_num": {
            "stats": {}
        }, 
        "month": {
            "stats": {}
        }, 
        "item_cnt_month": {
            "stats": {}
        }, 
        "shop_id": {
            "stats": {
                "std": 16.581913462643886, 
                "p99": 59.0, 
                "min": 0.0, 
                "max": 59.0, 
                "average": 33.07663551401869, 
                "median": 31.0
            }, 
            "missing_impute_with_value": 33.07663551401869
        }, 
        "year": {
            "stats": {}
        }, 
        "item_id": {
            "stats": {
                "std": 6253.460414304529, 
                "p99": 21893.04, 
                "min": 28.0, 
                "max": 22167.0, 
                "average": 10756.923364485981, 
                "median": 10627.0
            }, 
            "missing_impute_with_value": 10756.923364485981
        }, 
        "shop_name": {
            "stats": {
                "mostFrequentValue": "\u041c\u043e\u0441\u043a\u0432\u0430 \u0422\u0426 \"\u0421\u0435\u043c\u0435\u043d\u043e\u0432\u0441\u043a\u0438\u0439\"", 
                "leastFrequentValue": "\u041d\u043e\u0432\u043e\u0441\u0438\u0431\u0438\u0440\u0441\u043a \u0422\u0420\u0426 \"\u0413\u0430\u043b\u0435\u0440\u0435\u044f \u041d\u043e\u0432\u043e\u0441\u0438\u0431\u0438\u0440\u0441\u043a\""
            }, 
            "category_possible_counts": [
                486, 
                440, 
                356, 
                316, 
                315, 
                278, 
                243, 
                230, 
                219, 
                190, 
                179, 
                178, 
                177, 
                172, 
                170, 
                168, 
                165, 
                163, 
                161, 
                160, 
                159, 
                159, 
                158, 
                154, 
                144, 
                143, 
                142, 
                132, 
                131, 
                127, 
                123, 
                123, 
                120, 
                118, 
                113, 
                113, 
                112, 
                109, 
                97, 
                94, 
                86, 
                80, 
                75, 
                65, 
                62, 
                60, 
                56, 
                41, 
                32, 
                27, 
                23, 
                22, 
                21, 
                13, 
                11, 
                6, 
                4, 
                2, 
                1
            ], 
            "category_possible_values": [
                "\u041c\u043e\u0441\u043a\u0432\u0430 \u0422\u0426 \"\u0421\u0435\u043c\u0435\u043d\u043e\u0432\u0441\u043a\u0438\u0439\"", 
                "\u041c\u043e\u0441\u043a\u0432\u0430 \u0422\u0420\u041a \"\u0410\u0442\u0440\u0438\u0443\u043c\"", 
                "\u0425\u0438\u043c\u043a\u0438 \u0422\u0426 \"\u041c\u0435\u0433\u0430\"", 
                "\u041c\u043e\u0441\u043a\u0432\u0430 \u0422\u0426 \"\u041c\u0415\u0413\u0410 \u0422\u0435\u043f\u043b\u044b\u0439 \u0421\u0442\u0430\u043d\" II", 
                "\u042f\u043a\u0443\u0442\u0441\u043a \u041e\u0440\u0434\u0436\u043e\u043d\u0438\u043a\u0438\u0434\u0437\u0435, 56", 
                "\u0421\u041f\u0431 \u0422\u041a \"\u041d\u0435\u0432\u0441\u043a\u0438\u0439 \u0426\u0435\u043d\u0442\u0440\"", 
                "\u0427\u0435\u0445\u043e\u0432 \u0422\u0420\u0426 \"\u041a\u0430\u0440\u043d\u0430\u0432\u0430\u043b\"", 
                "\u041c\u043e\u0441\u043a\u0432\u0430 \u0422\u0426 \"\u041c\u0415\u0413\u0410 \u0411\u0435\u043b\u0430\u044f \u0414\u0430\u0447\u0430 II\"", 
                "\u0412\u043e\u0440\u043e\u043d\u0435\u0436 (\u041f\u043b\u0435\u0445\u0430\u043d\u043e\u0432\u0441\u043a\u0430\u044f, 13)", 
                "\u041c\u043e\u0441\u043a\u0432\u0430 \u0422\u0426 \"\u0410\u0440\u0435\u0430\u043b\" (\u0411\u0435\u043b\u044f\u0435\u0432\u043e)", 
                "\u0412\u043e\u0440\u043e\u043d\u0435\u0436 \u0422\u0420\u0426 \"\u041c\u0430\u043a\u0441\u0438\u043c\u0438\u0440\"", 
                "\u0422\u044e\u043c\u0435\u043d\u044c \u0422\u0426 \"\u0413\u0443\u0434\u0432\u0438\u043d\"", 
                "\u041c\u043e\u0441\u043a\u0432\u0430 \u041c\u0422\u0420\u0426 \"\u0410\u0444\u0438 \u041c\u043e\u043b\u043b\"", 
                "\u0421\u0435\u0440\u0433\u0438\u0435\u0432 \u041f\u043e\u0441\u0430\u0434 \u0422\u0426 \"7\u042f\"", 
                "\u042f\u043a\u0443\u0442\u0441\u043a \u0422\u0426 \"\u0426\u0435\u043d\u0442\u0440\u0430\u043b\u044c\u043d\u044b\u0439\"", 
                "\u041a\u043e\u043b\u043e\u043c\u043d\u0430 \u0422\u0426 \"\u0420\u0438\u043e\"", 
                "\u041c\u043e\u0441\u043a\u0432\u0430 \u0422\u0426 \"\u041f\u0435\u0440\u043b\u043e\u0432\u0441\u043a\u0438\u0439\"", 
                "\u041a\u0430\u043b\u0443\u0433\u0430 \u0422\u0420\u0426 \"XXI \u0432\u0435\u043a\"", 
                "\u0423\u0444\u0430 \u0422\u041a \"\u0426\u0435\u043d\u0442\u0440\u0430\u043b\u044c\u043d\u044b\u0439\"", 
                "\u041a\u0443\u0440\u0441\u043a \u0422\u0426 \"\u041f\u0443\u0448\u043a\u0438\u043d\u0441\u043a\u0438\u0439\"", 
                "\u041d.\u041d\u043e\u0432\u0433\u043e\u0440\u043e\u0434 \u0422\u0420\u0426 \"\u0424\u0430\u043d\u0442\u0430\u0441\u0442\u0438\u043a\u0430\"", 
                "\u0421\u0443\u0440\u0433\u0443\u0442 \u0422\u0420\u0426 \"\u0421\u0438\u0442\u0438 \u041c\u043e\u043b\u043b\"", 
                "\u0422\u044e\u043c\u0435\u043d\u044c \u0422\u0426 \"\u0417\u0435\u043b\u0435\u043d\u044b\u0439 \u0411\u0435\u0440\u0435\u0433\"", 
                "\u0423\u0444\u0430 \u0422\u0426 \"\u0421\u0435\u043c\u044c\u044f\" 2", 
                "\u041c\u043e\u0441\u043a\u0432\u0430 \u0422\u041a \"\u0411\u0443\u0434\u0435\u043d\u043e\u0432\u0441\u043a\u0438\u0439\" (\u043f\u0430\u0432.\u041a7)", 
                "\u041c\u043e\u0441\u043a\u0432\u0430 \u0422\u0426 \"\u041d\u043e\u0432\u044b\u0439 \u0432\u0435\u043a\" (\u041d\u043e\u0432\u043e\u043a\u043e\u0441\u0438\u043d\u043e)", 
                "\u0421\u0430\u043c\u0430\u0440\u0430 \u0422\u0426 \"\u041c\u0435\u043b\u043e\u0434\u0438\u044f\"", 
                "\u0420\u043e\u0441\u0442\u043e\u0432\u041d\u0430\u0414\u043e\u043d\u0443 \u0422\u0426 \"\u041c\u0435\u0433\u0430\"", 
                "\u041a\u0440\u0430\u0441\u043d\u043e\u044f\u0440\u0441\u043a \u0422\u0426 \"\u0418\u044e\u043d\u044c\"", 
                "\u041e\u043c\u0441\u043a \u0422\u0426 \"\u041c\u0435\u0433\u0430\"", 
                "\u041d\u043e\u0432\u043e\u0441\u0438\u0431\u0438\u0440\u0441\u043a \u0422\u0426 \"\u041c\u0435\u0433\u0430\"", 
                "\u0421\u041f\u0431 \u0422\u041a \"\u0421\u0435\u043d\u043d\u0430\u044f\"", 
                "\u0412\u043e\u043b\u043e\u0433\u0434\u0430 \u0422\u0420\u0426 \"\u041c\u0430\u0440\u043c\u0435\u043b\u0430\u0434\"", 
                "\u042f\u0440\u043e\u0441\u043b\u0430\u0432\u043b\u044c \u0422\u0426 \"\u0410\u043b\u044c\u0442\u0430\u0438\u0440\"", 
                "\u041a\u0430\u0437\u0430\u043d\u044c \u0422\u0426 \"\u041f\u0430\u0440\u043a\u0425\u0430\u0443\u0441\" II", 
                "\u041c\u043e\u0441\u043a\u0432\u0430 \u041c\u0430\u0433\u0430\u0437\u0438\u043d \u042121", 
                "\u0412\u043e\u043b\u0436\u0441\u043a\u0438\u0439 \u0422\u0426 \"\u0412\u043e\u043b\u0433\u0430 \u041c\u043e\u043b\u043b\"", 
                "\u0418\u043d\u0442\u0435\u0440\u043d\u0435\u0442-\u043c\u0430\u0433\u0430\u0437\u0438\u043d \u0427\u0421", 
                "\u0421\u0430\u043c\u0430\u0440\u0430 \u0422\u0426 \"\u041f\u0430\u0440\u043a\u0425\u0430\u0443\u0441\"", 
                "\u0411\u0430\u043b\u0430\u0448\u0438\u0445\u0430 \u0422\u0420\u041a \"\u041e\u043a\u0442\u044f\u0431\u0440\u044c-\u041a\u0438\u043d\u043e\u043c\u0438\u0440\"", 
                "\u0422\u043e\u043c\u0441\u043a \u0422\u0420\u0426 \"\u0418\u0437\u0443\u043c\u0440\u0443\u0434\u043d\u044b\u0439 \u0413\u043e\u0440\u043e\u0434\"", 
                "\u0410\u0434\u044b\u0433\u0435\u044f \u0422\u0426 \"\u041c\u0435\u0433\u0430\"", 
                "\u0426\u0438\u0444\u0440\u043e\u0432\u043e\u0439 \u0441\u043a\u043b\u0430\u0434 1\u0421-\u041e\u043d\u043b\u0430\u0439\u043d", 
                "\u041a\u0440\u0430\u0441\u043d\u043e\u044f\u0440\u0441\u043a \u0422\u0426 \"\u0412\u0437\u043b\u0435\u0442\u043a\u0430 \u041f\u043b\u0430\u0437\u0430\"", 
                "\u0416\u0443\u043a\u043e\u0432\u0441\u043a\u0438\u0439 \u0443\u043b. \u0427\u043a\u0430\u043b\u043e\u0432\u0430 39\u043c?", 
                "\u0422\u044e\u043c\u0435\u043d\u044c \u0422\u0420\u0426 \"\u041a\u0440\u0438\u0441\u0442\u0430\u043b\u043b\"", 
                "\u041a\u0430\u0437\u0430\u043d\u044c \u0422\u0426 \"\u0411\u0435\u0445\u0435\u0442\u043b\u0435\"", 
                "\u0420\u043e\u0441\u0442\u043e\u0432\u041d\u0430\u0414\u043e\u043d\u0443 \u0422\u0420\u041a \"\u041c\u0435\u0433\u0430\u0446\u0435\u043d\u0442\u0440 \u0413\u043e\u0440\u0438\u0437\u043e\u043d\u0442\"", 
                "\u041c\u043e\u0441\u043a\u0432\u0430 \u0422\u0426 \"\u0421\u0435\u0440\u0435\u0431\u0440\u044f\u043d\u044b\u0439 \u0414\u043e\u043c\"", 
                "!\u042f\u043a\u0443\u0442\u0441\u043a \u041e\u0440\u0434\u0436\u043e\u043d\u0438\u043a\u0438\u0434\u0437\u0435, 56 \u0444\u0440\u0430\u043d", 
                "\u041c\u043e\u0441\u043a\u0432\u0430 \u0422\u041a \"\u0411\u0443\u0434\u0435\u043d\u043e\u0432\u0441\u043a\u0438\u0439\" (\u043f\u0430\u0432.\u04102)", 
                "\u041c\u044b\u0442\u0438\u0449\u0438 \u0422\u0420\u041a \"XL-3\"", 
                "\u041d.\u041d\u043e\u0432\u0433\u043e\u0440\u043e\u0434 \u0422\u0420\u0426 \"\u0420\u0418\u041e\"", 
                "!\u042f\u043a\u0443\u0442\u0441\u043a \u0422\u0426 \"\u0426\u0435\u043d\u0442\u0440\u0430\u043b\u044c\u043d\u044b\u0439\" \u0444\u0440\u0430\u043d", 
                "\u0412\u043e\u0440\u043e\u043d\u0435\u0436 \u0422\u0420\u0426 \u0421\u0438\u0442\u0438-\u041f\u0430\u0440\u043a \"\u0413\u0440\u0430\u0434\"", 
                "\u0420\u043e\u0441\u0442\u043e\u0432\u041d\u0430\u0414\u043e\u043d\u0443 \u0422\u0420\u041a \"\u041c\u0435\u0433\u0430\u0446\u0435\u043d\u0442\u0440 \u0413\u043e\u0440\u0438\u0437\u043e\u043d\u0442\" \u041e\u0441\u0442\u0440\u043e\u0432\u043d\u043e\u0439", 
                "\u041c\u043e\u0441\u043a\u0432\u0430 \"\u0420\u0430\u0441\u043f\u0440\u043e\u0434\u0430\u0436\u0430\"", 
                "\u0412\u044b\u0435\u0437\u0434\u043d\u0430\u044f \u0422\u043e\u0440\u0433\u043e\u0432\u043b\u044f", 
                "\u0416\u0443\u043a\u043e\u0432\u0441\u043a\u0438\u0439 \u0443\u043b. \u0427\u043a\u0430\u043b\u043e\u0432\u0430 39\u043c\u00b2"
            ]
        }
    }, 
    "feature_order": [
        "item_category_name", 
        "item_cnt_month_avg", 
        "item_category_id", 
        "item_name", 
        "item_cnt_prev_month", 
        "date_block_num", 
        "month", 
        "item_cnt_month", 
        "shop_id", 
        "year", 
        "item_id", 
        "shop_name"
    ]
}