{
    "gridSize": 22, 
    "nThreads": 4, 
    "metric": "ROC_AUC", 
    "gridPoints": [
        {
            "index": 0, 
            "finishedAt": 1524753365664.0, 
            "score": 0.5, 
            "parameters": {
                "penalty": "l1", 
                "C": 0.01
            }, 
            "time": 682.0
        }, 
        {
            "index": 1, 
            "finishedAt": 1524753365991.0, 
            "score": 0.58387044576774938, 
            "parameters": {
                "penalty": "l2", 
                "C": 0.01
            }, 
            "time": 805.0
        }, 
        {
            "index": 2, 
            "finishedAt": 1524753366167.0, 
            "score": 0.51854837463800496, 
            "parameters": {
                "penalty": "l1", 
                "C": 0.1
            }, 
            "time": 735.0
        }, 
        {
            "index": 3, 
            "finishedAt": 1524753366530.0, 
            "score": 0.57275637067789931, 
            "parameters": {
                "penalty": "l2", 
                "C": 0.1
            }, 
            "time": 1143.0
        }, 
        {
            "index": 4, 
            "finishedAt": 1524753366956.0, 
            "score": 0.54467794647970635, 
            "parameters": {
                "penalty": "l1", 
                "C": 1.0
            }, 
            "time": 1222.0
        }, 
        {
            "index": 5, 
            "finishedAt": 1524753367590.0, 
            "score": 0.5483967419319864, 
            "parameters": {
                "penalty": "l2", 
                "C": 1.0
            }, 
            "time": 1956.0
        }, 
        {
            "index": 6, 
            "finishedAt": 1524753369276.0, 
            "score": 0.53131452225743936, 
            "parameters": {
                "penalty": "l1", 
                "C": 10.0
            }, 
            "time": 4806.0
        }, 
        {
            "index": 7, 
            "finishedAt": 1524753370158.0, 
            "score": 0.53966480590282073, 
            "parameters": {
                "penalty": "l2", 
                "C": 10.0
            }, 
            "time": 3874.0
        }, 
        {
            "index": 8, 
            "finishedAt": 1524753378552.0, 
            "score": 0.53123534654460769, 
            "parameters": {
                "penalty": "l1", 
                "C": 100.0
            }, 
            "time": 17686.0
        }, 
        {
            "index": 9, 
            "finishedAt": 1524753375628.0, 
            "score": 0.54003853225442311, 
            "parameters": {
                "penalty": "l2", 
                "C": 100.0
            }, 
            "time": 7641.0
        }, 
        {
            "index": 10, 
            "finishedAt": 1524753382286.0, 
            "score": 0.53152749743158778, 
            "parameters": {
                "penalty": "l1", 
                "C": 55.0
            }, 
            "time": 12682.0
        }, 
        {
            "index": 11, 
            "finishedAt": 1524753381146.0, 
            "score": 0.53993946370329182, 
            "parameters": {
                "penalty": "l2", 
                "C": 55.0
            }, 
            "time": 7057.0
        }, 
        {
            "index": 12, 
            "finishedAt": 1524753387016.0, 
            "score": 0.53159869531986781, 
            "parameters": {
                "penalty": "l1", 
                "C": 50.0
            }, 
            "time": 13385.0
        }, 
        {
            "index": 13, 
            "finishedAt": 1524753386423.0, 
            "score": 0.53980306190030169, 
            "parameters": {
                "penalty": "l2", 
                "C": 50.0
            }, 
            "time": 6079.0
        }, 
        {
            "index": 14, 
            "finishedAt": 1524753392638.0, 
            "score": 0.5314520334265479, 
            "parameters": {
                "penalty": "l1", 
                "C": 60.0
            }, 
            "time": 13179.0
        }, 
        {
            "index": 15, 
            "finishedAt": 1524753390902.0, 
            "score": 0.53992181796572369, 
            "parameters": {
                "penalty": "l2", 
                "C": 60.0
            }, 
            "time": 7160.0
        }, 
        {
            "index": 16, 
            "finishedAt": 1524753395606.0, 
            "score": 0.53238991019935866, 
            "parameters": {
                "penalty": "l1", 
                "C": 33.0
            }, 
            "time": 9222.0
        }, 
        {
            "index": 17, 
            "finishedAt": 1524753395614.0, 
            "score": 0.53975614737724231, 
            "parameters": {
                "penalty": "l2", 
                "C": 33.0
            }, 
            "time": 6513.0
        }, 
        {
            "index": 18, 
            "finishedAt": 1524753397716.0, 
            "score": 0.53091107314431318, 
            "parameters": {
                "penalty": "l1", 
                "C": 12.0
            }, 
            "time": 4815.0
        }, 
        {
            "index": 19, 
            "finishedAt": 1524753397759.0, 
            "score": 0.53987698315473875, 
            "parameters": {
                "penalty": "l2", 
                "C": 12.0
            }, 
            "time": 4880.0
        }, 
        {
            "index": 20, 
            "finishedAt": 1524753401983.0, 
            "score": 0.53193807554009098, 
            "parameters": {
                "penalty": "l1", 
                "C": 44.0
            }, 
            "time": 9978.0
        }, 
        {
            "index": 21, 
            "finishedAt": 1524753401742.0, 
            "score": 0.5398819215851266, 
            "parameters": {
                "penalty": "l2", 
                "C": 44.0
            }, 
            "time": 5159.0
        }
    ], 
    "startedAt": 1524753365291, 
    "nSplits": 3
}