{
    "usedGridSearch": true, 
    "probaAware": true, 
    "gridSize": 22, 
    "modelInputNRows": 1228, 
    "modelInputNCols": 1854, 
    "modelInputMemory": 18213696, 
    "gridCells": [
        {
            "scoreTimeStd": 0.0028674417556808752, 
            "scoreTime": 0.059666666666666666, 
            "fitTime": 0.16766666666666666, 
            "score": 0.5, 
            "params": {
                "penalty": "l1", 
                "C": 0.01
            }, 
            "fitTimeStd": 0.012657891697365014, 
            "scoreStd": 0.0
        }, 
        {
            "scoreTimeStd": 0.024589970855343989, 
            "scoreTime": 0.05000000000000001, 
            "fitTime": 0.21833333333333335, 
            "score": 0.58376695859545447, 
            "params": {
                "penalty": "l2", 
                "C": 0.01
            }, 
            "fitTimeStd": 0.035612107803698188, 
            "scoreStd": 0.031173744009203429
        }, 
        {
            "scoreTimeStd": 0.01329995822884, 
            "scoreTime": 0.086333333333333331, 
            "fitTime": 0.15866666666666665, 
            "score": 0.51854837463800485, 
            "params": {
                "penalty": "l1", 
                "C": 0.1
            }, 
            "fitTimeStd": 0.042944408509399942, 
            "scoreStd": 0.012848160593226325
        }, 
        {
            "scoreTimeStd": 0.0070395706939809588, 
            "scoreTime": 0.03266666666666667, 
            "fitTime": 0.34833333333333333, 
            "score": 0.57277005488273025, 
            "params": {
                "penalty": "l2", 
                "C": 0.1
            }, 
            "fitTimeStd": 0.037249906785863991, 
            "scoreStd": 0.021860066473217084
        }, 
        {
            "scoreTimeStd": 0.010370899457402697, 
            "scoreTime": 0.029333333333333333, 
            "fitTime": 0.37799999999999995, 
            "score": 0.54466025672096596, 
            "params": {
                "penalty": "l1", 
                "C": 1.0
            }, 
            "fitTimeStd": 0.0092014491612281823, 
            "scoreStd": 0.010360273665257953
        }, 
        {
            "scoreTimeStd": 0.0028284271247461909, 
            "scoreTime": 0.02, 
            "fitTime": 0.63200000000000001, 
            "score": 0.5483991107637326, 
            "params": {
                "penalty": "l2", 
                "C": 1.0
            }, 
            "fitTimeStd": 0.039064049969249254, 
            "scoreStd": 0.0094188483205325454
        }, 
        {
            "scoreTimeStd": 0.0023570226039551587, 
            "scoreTime": 0.022333333333333334, 
            "fitTime": 1.5796666666666666, 
            "score": 0.53130299181821317, 
            "params": {
                "penalty": "l1", 
                "C": 10.0
            }, 
            "fitTimeStd": 0.3977623522769454, 
            "scoreStd": 0.004338989967541295
        }, 
        {
            "scoreTimeStd": 0.0035590260840104369, 
            "scoreTime": 0.024999999999999998, 
            "fitTime": 1.2663333333333335, 
            "score": 0.53966480590282073, 
            "params": {
                "penalty": "l2", 
                "C": 10.0
            }, 
            "fitTimeStd": 0.1008937835327606, 
            "scoreStd": 0.0056907890559717653
        }, 
        {
            "scoreTimeStd": 0.0062360956446232347, 
            "scoreTime": 0.036666666666666667, 
            "fitTime": 5.8586666666666671, 
            "score": 0.5312121437306474, 
            "params": {
                "penalty": "l1", 
                "C": 100.0
            }, 
            "fitTimeStd": 2.2015304272760399, 
            "scoreStd": 0.0063709506372456991
        }, 
        {
            "scoreTimeStd": 0.0071180521680208756, 
            "scoreTime": 0.024000000000000004, 
            "fitTime": 2.5230000000000001, 
            "score": 0.54001375836103305, 
            "params": {
                "penalty": "l2", 
                "C": 100.0
            }, 
            "fitTimeStd": 0.12611370530860885, 
            "scoreStd": 0.0081628054187403067
        }, 
        {
            "scoreTimeStd": 0.0047140452079103157, 
            "scoreTime": 0.023333333333333334, 
            "fitTime": 4.2039999999999997, 
            "score": 0.53149680213383554, 
            "params": {
                "penalty": "l1", 
                "C": 55.0
            }, 
            "fitTimeStd": 1.6925792940558697, 
            "scoreStd": 0.0082691881972443634
        }, 
        {
            "scoreTimeStd": 0.013441230102437302, 
            "scoreTime": 0.029000000000000001, 
            "fitTime": 2.3233333333333333, 
            "score": 0.53992315906200328, 
            "params": {
                "penalty": "l2", 
                "C": 55.0
            }, 
            "fitTimeStd": 0.25719685500064382, 
            "scoreStd": 0.0068311847482631412
        }, 
        {
            "scoreTimeStd": 0.027390184778898853, 
            "scoreTime": 0.039333333333333338, 
            "fitTime": 4.4223333333333334, 
            "score": 0.53156820293677276, 
            "params": {
                "penalty": "l1", 
                "C": 50.0
            }, 
            "fitTimeStd": 1.0140093140049993, 
            "scoreStd": 0.0081983352601414147
        }, 
        {
            "scoreTimeStd": 0.0037416573867739404, 
            "scoreTime": 0.021000000000000001, 
            "fitTime": 2.0053333333333332, 
            "score": 0.5398140775014123, 
            "params": {
                "penalty": "l2", 
                "C": 50.0
            }, 
            "fitTimeStd": 0.1419021572148296, 
            "scoreStd": 0.0064875847147663982
        }, 
        {
            "scoreTimeStd": 0.0069442222186665518, 
            "scoreTime": 0.02633333333333333, 
            "fitTime": 4.3666666666666671, 
            "score": 0.53144700019034219, 
            "params": {
                "penalty": "l1", 
                "C": 60.0
            }, 
            "fitTimeStd": 1.2659658587637961, 
            "scoreStd": 0.0077473891530033326
        }, 
        {
            "scoreTimeStd": 0.011323525167642021, 
            "scoreTime": 0.038333333333333337, 
            "fitTime": 2.3483333333333332, 
            "score": 0.53990338884104805, 
            "params": {
                "penalty": "l2", 
                "C": 60.0
            }, 
            "fitTimeStd": 0.1618236351368022, 
            "scoreStd": 0.0071469097468223738
        }, 
        {
            "scoreTimeStd": 0.0029439202887759515, 
            "scoreTime": 0.047000000000000007, 
            "fitTime": 3.0269999999999997, 
            "score": 0.53235815144948728, 
            "params": {
                "penalty": "l1", 
                "C": 33.0
            }, 
            "fitTimeStd": 1.0991245000757042, 
            "scoreStd": 0.0087277168966524935
        }, 
        {
            "scoreTimeStd": 0.010780641085864153, 
            "scoreTime": 0.027666666666666669, 
            "fitTime": 2.1433333333333331, 
            "score": 0.53974647025095801, 
            "params": {
                "penalty": "l2", 
                "C": 33.0
            }, 
            "fitTimeStd": 0.057563491516373085, 
            "scoreStd": 0.0057165460463806496
        }, 
        {
            "scoreTimeStd": 0.0074833147735478807, 
            "scoreTime": 0.050999999999999997, 
            "fitTime": 1.5540000000000003, 
            "score": 0.53089921970518827, 
            "params": {
                "penalty": "l1", 
                "C": 12.0
            }, 
            "fitTimeStd": 0.30443718563933675, 
            "scoreStd": 0.0048674763025475572
        }, 
        {
            "scoreTimeStd": 0.017378147196982767, 
            "scoreTime": 0.041000000000000002, 
            "fitTime": 1.5856666666666666, 
            "score": 0.53989576160496644, 
            "params": {
                "penalty": "l2", 
                "C": 12.0
            }, 
            "fitTimeStd": 0.28679531996801411, 
            "scoreStd": 0.0058752453582646431
        }, 
        {
            "scoreTimeStd": 0.0049888765156985895, 
            "scoreTime": 0.019666666666666666, 
            "fitTime": 3.3063333333333333, 
            "score": 0.53190633942402743, 
            "params": {
                "penalty": "l1", 
                "C": 44.0
            }, 
            "fitTimeStd": 0.65767790157661676, 
            "scoreStd": 0.0086414891047034131
        }, 
        {
            "scoreTimeStd": 0.0028284271247461909, 
            "scoreTime": 0.019, 
            "fitTime": 1.7006666666666668, 
            "score": 0.5398690285411849, 
            "params": {
                "penalty": "l2", 
                "C": 44.0
            }, 
            "fitTimeStd": 0.10894137057253425, 
            "scoreStd": 0.0062039775026715323
        }
    ], 
    "gridBestScore": 0.58376695859545447, 
    "modelInputIsSparse": false
}