{
  "state": "DONE",
  "preSearchDescription": {
    "gridLength": 22,
    "importantParams": [
      {
        "name": "penalty",
        "vals": [
          "l1",
          "l2"
        ]
      },
      {
        "name": "C",
        "vals": [
          "0.01",
          "0.1",
          "1.0",
          "10.0",
          "100.0",
          "55.0",
          "50.0",
          "60.0",
          "33.0",
          "12.0",
          "44.0"
        ]
      }
    ]
  },
  "postSearchDescription": {
    "importantParams": [
      {
        "name": "C",
        "val": "0.01"
      },
      {
        "name": "penalty",
        "val": "l2"
      }
    ]
  },
  "modelId": "m1",
  "progress": {
    "top_level_todo": [],
    "stack": [],
    "top_level_done": [
      {
        "name": "Loading train set",
        "time": 14
      },
      {
        "name": "Loading test set",
        "time": 10
      },
      {
        "name": "Collecting statistics",
        "time": 7
      },
      {
        "name": "Preprocessing train set",
        "time": 184433
      },
      {
        "name": "Preprocessing test set",
        "time": 1773
      },
      {
        "name": "Grid searching",
        "time": 37321
      },
      {
        "name": "Fitting model",
        "time": 205
      },
      {
        "name": "Saving model",
        "time": 3
      },
      {
        "name": "Scoring model",
        "time": 117
      }
    ]
  },
  "startTime": 1524753179038,
  "endTime": 1524753402924,
  "preprocessingTime": 186240,
  "trainingTime": 37646
}