{
    "metrics": {
        "rmse": 5.557032926219055, 
        "pearson": 0.8329147541813523, 
        "mae": 1.2953082806850478, 
        "r2": 0.65129802341807208, 
        "mape": 0.6270435106771068, 
        "mse": 30.880614943082708, 
        "evs": 0.65129864606566557, 
        "rmsle": 0
    }, 
    "scatterPlotData": {
        "y": [
            0.6012, 
            1.4688, 
            0.7351, 
            3.0192, 
            1.4337, 
            4.273, 
            0.8915, 
            1.3906, 
            1.4522, 
            1.7034, 
            2.2101, 
            0.806, 
            1.3637, 
            0.2921, 
            1.622, 
            0.9443, 
            1.0401, 
            6.3277, 
            6.7228, 
            0.8211, 
            4.5569, 
            1.3438, 
            0.9606, 
            3.8019, 
            0.9938, 
            5.3105, 
            2.1902, 
            1.0912, 
            1.6147, 
            5.0203, 
            2.3706, 
            1.0373, 
            2.3721, 
            12.7483, 
            3.3509, 
            1.0373, 
            4.5049, 
            1.1158, 
            1.5944, 
            1.9075, 
            0.3797, 
            1.0617, 
            1.4518, 
            1.6644, 
            1.1847, 
            1.0373, 
            -0.0707, 
            1.3732, 
            0.8376, 
            0.7216, 
            4.8081, 
            0.9624, 
            1.588, 
            3.7695, 
            2.4245, 
            0.5338, 
            1.7521, 
            1.4117, 
            10.2934, 
            3.1104, 
            9.9846, 
            1.9489, 
            0.1074, 
            1.4414, 
            3.2466, 
            2.2515, 
            0.8962, 
            1.6422, 
            0.9832, 
            1.0373, 
            0.6694, 
            2.5345, 
            19.6302, 
            1.2416, 
            1.0792, 
            1.4791, 
            1.0643, 
            1.333, 
            0.7782, 
            0.9149, 
            1.2445, 
            1.2815, 
            0.9254, 
            1.9714, 
            1.9528, 
            1.8951, 
            7.6592, 
            -0.6412, 
            1.9778, 
            1.5643, 
            1.0373, 
            1.5352, 
            1.0415, 
            1.7252, 
            1.5508, 
            0.7075, 
            0.9806, 
            1.4211, 
            3.5137, 
            0.9686, 
            1.2606, 
            3.1968, 
            8.2806, 
            1.4642, 
            0.9941, 
            2.4483, 
            2.4529, 
            0.5708, 
            1.2345, 
            4.5437, 
            1.2358, 
            1.0373, 
            2.5645, 
            1.0401, 
            7.4276, 
            1.4544, 
            2.8035, 
            1.074, 
            2.4118, 
            1.2872, 
            1.5248, 
            0.5783, 
            1.5187, 
            1.9384, 
            1.1152, 
            1.6676, 
            0.5315, 
            0.9261, 
            2.0472, 
            1.4552, 
            2.4666, 
            1.4325, 
            1.1077, 
            1.503, 
            1.4497, 
            3.0684, 
            0.4166, 
            10.9153, 
            1.0922, 
            1.0373, 
            1.1155, 
            3.1426, 
            1.1509, 
            2.2853, 
            1.6412, 
            3.9802, 
            1.0104, 
            5.8506, 
            1.0766, 
            1.4293, 
            1.5703, 
            1.1803, 
            7.3268, 
            2.8674, 
            4.0569, 
            4.5854, 
            1.1953, 
            0.624, 
            4.1943, 
            0.4433, 
            1.133, 
            1.0787, 
            3.2324, 
            0.9453, 
            1.5858, 
            0.5764, 
            0.9139, 
            1.309, 
            2.8523, 
            3.4333, 
            1.8329, 
            1.0819, 
            1.3664, 
            4.4923, 
            0.9462, 
            2.2644, 
            2.9575, 
            5.0114, 
            0.9661, 
            1.9205, 
            1.953, 
            0.5255, 
            2.0344, 
            5.0351, 
            0.8247, 
            1.2242, 
            1.5605, 
            0.079, 
            1.2176, 
            1.2108, 
            1.4016, 
            2.912, 
            1.1134, 
            0.705, 
            5.0051, 
            1.5891, 
            1.8752, 
            1.1169, 
            14.3819, 
            1.6138, 
            3.3445, 
            0.6259, 
            2.9905, 
            1.3108, 
            2.4499, 
            3.427, 
            3.2577, 
            7.4021, 
            1.0373, 
            1.0373, 
            1.0649, 
            1.2569, 
            3.3648, 
            5.7673, 
            1.1343, 
            2.5162, 
            1.2417, 
            1.225, 
            2.5574, 
            1.2246, 
            1.2331, 
            4.6602, 
            2.3822, 
            1.9868, 
            0.0455, 
            1.0373, 
            2.4083, 
            0.3388, 
            2.2329, 
            2.648, 
            1.4157, 
            1.4902, 
            1.1727, 
            2.0512, 
            1.4698, 
            1.9308, 
            1.6679, 
            1.5438, 
            1.1095, 
            1.9921, 
            3.1918, 
            0.6752, 
            1.3865, 
            0.1409, 
            2.0648, 
            1.6466, 
            1.4386, 
            1.0373, 
            1.7609, 
            0.9671, 
            1.6686, 
            -1.0763, 
            1.0537, 
            1.2238, 
            0.8048, 
            -0.1055, 
            20.8916, 
            1.0586, 
            0.8249, 
            1.0335, 
            1.2196, 
            1.4344, 
            2.4077, 
            3.3537, 
            1.5766, 
            2.6174, 
            4.6221, 
            1.2276, 
            0.9796, 
            12.9902, 
            0.5215, 
            1.2113, 
            1.8281, 
            1.9464, 
            0.8512, 
            2.5816, 
            1.7372, 
            3.3327, 
            0.6541, 
            1.7291, 
            1.3273, 
            0.8877, 
            1.4594, 
            3.4303, 
            1.0373, 
            0.575, 
            1.6808, 
            16.719, 
            1.8696, 
            1.4069, 
            1.3972, 
            2.6164, 
            -0.6585, 
            1.209, 
            1.0442, 
            1.8463, 
            0.911, 
            2.1107, 
            1.214, 
            1.1643, 
            2.1467, 
            7.7376, 
            2.2141, 
            4.1799, 
            1.435, 
            4.4567, 
            2.6727, 
            1.2405, 
            2.7767, 
            3.0778, 
            1.0211, 
            4.0412, 
            0.2108, 
            1.085, 
            4.4973, 
            1.338, 
            2.2223, 
            2.5658, 
            1.547, 
            2.264, 
            1.3925, 
            2.9333, 
            2.2889, 
            0.672, 
            2.2712, 
            2.7074, 
            2.7448, 
            2.6316, 
            0.2822, 
            1.0373, 
            1.1083, 
            1.1386, 
            1.1386, 
            0.3887, 
            0.6965, 
            1.1637, 
            0.8891, 
            1.2421, 
            1.7494, 
            1.2942, 
            2.9443, 
            0.3594, 
            1.7938, 
            5.4489, 
            2.469, 
            1.2743, 
            2.0956, 
            2.0229, 
            1.0426, 
            0.6452, 
            0.9684, 
            0.3093, 
            1.2063, 
            2.464, 
            0.534, 
            1.1341, 
            0.3518, 
            2.0065, 
            1.8386, 
            1.9647, 
            1.7118, 
            1.9936, 
            2.1095, 
            2.7139, 
            1.2801, 
            2.419, 
            1.5192, 
            0.7981, 
            1.7691, 
            1.6475, 
            1.6251, 
            1.3959, 
            1.8165, 
            0.806, 
            0.6249, 
            1.3867, 
            3.0664, 
            2.0904, 
            1.0824, 
            1.3372, 
            5.8934, 
            1.7684, 
            4.6255, 
            2.7705, 
            2.5867, 
            2.6176, 
            3.5587, 
            4.3654, 
            1.9665, 
            1.0949, 
            1.233, 
            1.4392, 
            1.4108, 
            1.0373, 
            2.0159, 
            1.6291, 
            1.5823, 
            1.0606, 
            1.8408, 
            0.7198, 
            1.0796, 
            1.1136, 
            0.8189, 
            1.5745, 
            0.8036, 
            1.1881, 
            8.5889, 
            3.5407, 
            1.7422, 
            1.344, 
            1.6399, 
            3.8725, 
            1.1348, 
            2.8186, 
            2.1459, 
            0.655, 
            0.7901, 
            1.6874, 
            1.9978, 
            1.7573, 
            2.914, 
            1.5067, 
            1.457, 
            1.6952, 
            1.116, 
            3.4967, 
            1.2774, 
            2.7752, 
            2.8539, 
            8.4918, 
            2.0866, 
            4.9638, 
            7.3116, 
            2.921, 
            2.7017, 
            0.522, 
            8.956, 
            -0.2647, 
            1.4228, 
            4.1155, 
            1.0933, 
            1.0373, 
            3.8665, 
            0.5096, 
            0.7983, 
            2.0349, 
            3.9411, 
            1.4185, 
            1.3389, 
            1.0201, 
            0.0738, 
            2.8841, 
            1.9141, 
            3.2978, 
            1.2037, 
            1.1576, 
            1.2261, 
            0.6553, 
            1.2696, 
            1.365, 
            0.8711, 
            2.6278, 
            1.9399, 
            1.3704, 
            2.9463, 
            5.0496, 
            1.1477, 
            1.7106, 
            1.5403, 
            2.8354, 
            2.2631, 
            4.3146, 
            0.8475, 
            4.5692, 
            1.2397, 
            2.129, 
            2.8405, 
            2.2498, 
            1.0373, 
            0.844, 
            6.3431, 
            1.3885, 
            2.0411, 
            1.0765, 
            0.419, 
            1.4832, 
            2.5399, 
            0.8043, 
            1.0981, 
            1.0134, 
            1.7545, 
            1.035, 
            1.4558, 
            1.8057, 
            3.695, 
            1.2747, 
            2.7062, 
            2.1762, 
            7.9918, 
            2.9915, 
            1.2106, 
            1.8547, 
            1.6624, 
            1.8201, 
            0.4453, 
            2.9891, 
            3.393, 
            2.8747, 
            1.2068, 
            0.8281, 
            1.1616, 
            1.3575, 
            -0.305, 
            0.5221, 
            5.9711, 
            1.5574, 
            0.56, 
            0.7919, 
            0.3721, 
            21.8615, 
            0.1274, 
            11.5936, 
            0.6804, 
            1.274, 
            0.6835, 
            0.0145, 
            1.33, 
            1.1679, 
            1.0904, 
            1.3905, 
            1.1401, 
            1.4037, 
            1.0373, 
            3.2561, 
            0.3164, 
            1.5219, 
            1.3312, 
            2.3052, 
            1.6023, 
            1.2105, 
            1.5288, 
            0.6875, 
            5.5332, 
            2.6199, 
            0.9719, 
            1.0373, 
            1.0373, 
            1.7824, 
            1.8952, 
            3.4506, 
            1.4779, 
            1.323, 
            0.0409, 
            3.9985, 
            1.0373, 
            2.152, 
            3.5299, 
            1.745, 
            0.8209, 
            2.9758, 
            0.096, 
            1.2388, 
            1.1567, 
            2.0485, 
            -0.4949, 
            1.6404, 
            3.4047, 
            1.7239, 
            1.5756, 
            1.3744, 
            0.7291, 
            2.4068, 
            -0.3206, 
            1.0373, 
            1.4186, 
            0.7041, 
            1.15, 
            1.11, 
            0.3453, 
            0.5269, 
            0.9529, 
            2.4186, 
            2.2076, 
            2.5046, 
            1.1491, 
            1.9938, 
            1.0701, 
            1.8939, 
            1.0918, 
            1.8838, 
            1.8468, 
            6.1067, 
            1.0047, 
            2.9427, 
            3.2582, 
            1.6489, 
            1.6883, 
            3.2361, 
            1.294, 
            1.4654, 
            1.656, 
            3.0229, 
            5.735, 
            1.9681, 
            1.2133, 
            0.9239, 
            0.6904, 
            0.8666, 
            1.4369, 
            2.7752, 
            1.532, 
            1.306, 
            0.3769, 
            10.5449, 
            2.1571, 
            1.4065, 
            3.1568, 
            1.6286, 
            1.4612, 
            0.4111, 
            1.107, 
            0.8293, 
            1.3995, 
            3.3258, 
            0.8753, 
            1.5729, 
            0.8219, 
            1.551, 
            1.8054, 
            1.2988, 
            1.7706, 
            1.6432, 
            0.8731, 
            22.3236, 
            2.5824, 
            -3.5921, 
            1.2461, 
            1.0545, 
            11.9713, 
            1.8629, 
            0.8737, 
            1.2717, 
            4.9767, 
            5.6178, 
            8.3316, 
            1.1474, 
            3.192, 
            1.5907, 
            1.4217, 
            0.8316, 
            1.2538, 
            0.3692, 
            0.7559, 
            1.8895, 
            1.1803, 
            1.142, 
            1.1201, 
            -0.2543, 
            1.5099, 
            0.8278, 
            2.3296, 
            1.4234, 
            2.5656, 
            2.6749, 
            1.129, 
            1.2127, 
            1.0373, 
            1.3541, 
            1.745, 
            1.0373, 
            7.2922, 
            2.7694, 
            0.9325, 
            0.8335, 
            0.6546, 
            0.9013, 
            1.611, 
            1.7697, 
            0.7678, 
            1.3087, 
            0.5733, 
            1.1017, 
            2.7685, 
            2.1316, 
            1.4448, 
            1.6917, 
            0.8267, 
            1.693, 
            2.4909, 
            4.81, 
            1.3133, 
            1.1149, 
            2.1426, 
            1.0956, 
            1.392, 
            1.9505, 
            1.4101, 
            1.2003, 
            8.1543, 
            27.9668, 
            2.9627, 
            1.8162, 
            1.3318, 
            0.5376, 
            1.0373, 
            4.0807, 
            2.8834, 
            1.0373, 
            1.0485, 
            0.9338, 
            1.5419, 
            2.0787, 
            7.4528, 
            1.6875, 
            1.2798, 
            0.5894, 
            1.894, 
            1.0373, 
            1.2792, 
            0.7599, 
            0.5642, 
            1.181, 
            1.1291, 
            0.7249, 
            1.3914, 
            0.7653, 
            1.1455, 
            1.0373, 
            -2.1196, 
            1.5134, 
            1.117, 
            1.2773, 
            0.959, 
            1.3504, 
            5.0725, 
            3.5861, 
            1.2035, 
            2.1573, 
            1.6191, 
            0.8129, 
            2.0662, 
            0.9608, 
            2.187, 
            3.187, 
            4.7496, 
            1.1556, 
            1.1089, 
            1.4447, 
            2.581, 
            0.6371, 
            3.584, 
            0.7316, 
            2.0932, 
            1.6857, 
            1.8124, 
            1.1941, 
            3.3839, 
            1.5851, 
            1.1201, 
            2.3984, 
            1.3317, 
            2.6683, 
            0.7295, 
            0.2452, 
            1.6986, 
            1.6497, 
            5.583, 
            1.2468, 
            5.2229, 
            1.0373, 
            0.8477, 
            5.2796, 
            4.1191, 
            3.2987, 
            0.8088, 
            1.2608, 
            1.576, 
            0.765, 
            0.9629, 
            1.2685, 
            0.5315, 
            0.3876, 
            4.3599, 
            2.2008, 
            2.8634, 
            1.6004, 
            1.1317, 
            0.0924, 
            1.0571, 
            2.3887, 
            2.9074, 
            1.444, 
            1.2972, 
            2.2485, 
            0.8561, 
            0.8138, 
            0.7913, 
            1.7018, 
            0.8148, 
            1.0373, 
            3.2312, 
            2.2712, 
            1.3216, 
            1.1145, 
            1.6682, 
            1.1511, 
            2.2445, 
            2.5956, 
            1.6028, 
            0.8814, 
            0.2555, 
            1.0793, 
            8.6189, 
            0.8407, 
            1.5516, 
            0.7712, 
            2.3915, 
            5.1162, 
            1.3147, 
            1.6371, 
            3.473, 
            0.259, 
            1.3862, 
            4.1477, 
            0.3233, 
            0.7989, 
            0.3045, 
            0.682, 
            0.9838, 
            1.139, 
            0.936, 
            2.1672, 
            1.1172, 
            1.5757, 
            3.0574, 
            1.5014, 
            0.6978, 
            1.6507, 
            2.8313, 
            5.1962, 
            1.4522, 
            1.261, 
            0.2503, 
            1.3296, 
            0.9626, 
            10.768, 
            0.9508, 
            0.7953, 
            3.3393, 
            0.7509, 
            1.2694, 
            1.2477, 
            0.6524, 
            5.3661, 
            1.6773, 
            4.1463, 
            2.0762, 
            1.5481, 
            1.2018, 
            2.1916, 
            3.975, 
            1.8657, 
            0.5753, 
            0.9381, 
            1.0373, 
            1.319, 
            1.2158, 
            1.7246, 
            1.0479, 
            1.4562, 
            1.1, 
            1.0373, 
            0.7691, 
            3.947, 
            1.1686, 
            1.2499, 
            3.4548, 
            2.8519, 
            0.8565, 
            2.8798, 
            2.1624, 
            1.5362, 
            1.4088, 
            85.4933, 
            0.6186, 
            3.9897, 
            2.0222, 
            2.8752, 
            2.8819, 
            0.6946, 
            1.6296, 
            1.7223, 
            1.3595, 
            1.3177, 
            2.8021, 
            1.3508, 
            2.0895, 
            6.2564, 
            1.2501, 
            2.9938, 
            2.5962, 
            1.2451, 
            1.4609, 
            1.4043, 
            1.8255, 
            1.5454, 
            2.4224, 
            1.7019, 
            1.8968, 
            1.2298, 
            1.2064, 
            1.1416, 
            0.7898, 
            1.9329, 
            0.933, 
            0.4355, 
            0.6596, 
            1.144, 
            0.914, 
            0.8967, 
            0.9042, 
            1.193, 
            1.1788, 
            0.7491, 
            1.0185, 
            5.4439, 
            1.3739, 
            2.5333, 
            1.4959, 
            1.5183, 
            0.5248, 
            0.7418, 
            0.9928, 
            1.915, 
            1.6856, 
            2.8096, 
            1.7095, 
            1.1009, 
            3.9358, 
            1.1058, 
            2.9253, 
            1.5015, 
            1.0025, 
            1.6581, 
            1.0373, 
            1.3776, 
            0.8183, 
            0.906, 
            1.0373, 
            5.3398, 
            1.4392, 
            1.3103, 
            1.318, 
            1.8132, 
            1.1047, 
            3.8019, 
            1.122, 
            2.512, 
            2.1517, 
            0.8909, 
            2.0196, 
            2.2892, 
            3.5858, 
            0.5696, 
            0.9917, 
            1.5649, 
            1.3507, 
            1.1067, 
            1.473, 
            1.1427, 
            1.0373, 
            3.0803, 
            1.5012, 
            1.2187, 
            7.1436, 
            0.91, 
            0.9652, 
            1.13, 
            -0.474, 
            4.4191, 
            1.1585, 
            1.3409, 
            1.7436, 
            1.2183, 
            2.6324, 
            1.1334, 
            1.4105, 
            2.8248, 
            0.3322, 
            2.8001, 
            1.1471, 
            1.9463, 
            1.6764, 
            0.9584, 
            1.0776, 
            2.3781, 
            1.1149, 
            0.7579, 
            0.9882, 
            0.7129
        ], 
        "x": [
            3.0, 
            2.0, 
            2.0, 
            3.0, 
            1.0, 
            12.0, 
            1.0, 
            1.0, 
            1.0, 
            2.0, 
            3.0, 
            1.0, 
            1.0, 
            1.0, 
            1.0, 
            1.0, 
            1.0, 
            7.0, 
            15.0, 
            1.0, 
            2.0, 
            2.0, 
            1.0, 
            5.0, 
            1.0, 
            13.0, 
            5.0, 
            2.0, 
            2.0, 
            5.0, 
            2.0, 
            1.0, 
            3.0, 
            2.0, 
            1.0, 
            1.0, 
            2.0, 
            0.0, 
            3.0, 
            1.0, 
            1.0, 
            1.0, 
            2.0, 
            3.0, 
            1.0, 
            0.0, 
            2.0, 
            1.0, 
            1.0, 
            1.0, 
            5.0, 
            1.0, 
            1.0, 
            2.0, 
            1.0, 
            1.0, 
            1.0, 
            1.0, 
            1.0, 
            4.0, 
            4.0, 
            1.0, 
            1.0, 
            1.0, 
            4.0, 
            2.0, 
            1.0, 
            2.0, 
            1.0, 
            4.0, 
            1.0, 
            3.0, 
            1.0, 
            1.0, 
            1.0, 
            6.0, 
            1.0, 
            1.0, 
            1.0, 
            2.0, 
            1.0, 
            1.0, 
            2.0, 
            1.0, 
            1.0, 
            1.0, 
            17.0, 
            1.0, 
            1.0, 
            1.0, 
            1.0, 
            2.0, 
            1.0, 
            2.0, 
            2.0, 
            1.0, 
            1.0, 
            1.0, 
            7.0, 
            1.0, 
            1.0, 
            1.0, 
            2.0, 
            1.0, 
            1.0, 
            1.0, 
            3.0, 
            1.0, 
            1.0, 
            3.0, 
            2.0, 
            1.0, 
            1.0, 
            1.0, 
            1.0, 
            1.0, 
            1.0, 
            1.0, 
            5.0, 
            1.0, 
            2.0, 
            2.0, 
            2.0, 
            1.0, 
            1.0, 
            2.0, 
            1.0, 
            1.0, 
            2.0, 
            3.0, 
            2.0, 
            2.0, 
            1.0, 
            1.0, 
            1.0, 
            4.0, 
            1.0, 
            24.0, 
            2.0, 
            1.0, 
            1.0, 
            1.0, 
            1.0, 
            1.0, 
            2.0, 
            3.0, 
            3.0, 
            1.0, 
            1.0, 
            1.0, 
            2.0, 
            2.0, 
            1.0, 
            1.0, 
            1.0, 
            2.0, 
            1.0, 
            1.0, 
            5.0, 
            1.0, 
            1.0, 
            2.0, 
            2.0, 
            1.0, 
            1.0, 
            1.0, 
            1.0, 
            1.0, 
            5.0, 
            5.0, 
            3.0, 
            1.0, 
            1.0, 
            1.0, 
            1.0, 
            3.0, 
            1.0, 
            8.0, 
            1.0, 
            4.0, 
            1.0, 
            1.0, 
            3.0, 
            17.0, 
            1.0, 
            1.0, 
            2.0, 
            1.0, 
            1.0, 
            2.0, 
            1.0, 
            1.0, 
            1.0, 
            2.0, 
            3.0, 
            1.0, 
            1.0, 
            1.0, 
            2.0, 
            1.0, 
            1.0, 
            1.0, 
            1.0, 
            2.0, 
            2.0, 
            1.0, 
            1.0, 
            2.0, 
            1.0, 
            1.0, 
            1.0, 
            1.0, 
            4.0, 
            1.0, 
            2.0, 
            2.0, 
            1.0, 
            1.0, 
            3.0, 
            1.0, 
            1.0, 
            8.0, 
            2.0, 
            1.0, 
            1.0, 
            1.0, 
            1.0, 
            1.0, 
            2.0, 
            1.0, 
            1.0, 
            1.0, 
            2.0, 
            1.0, 
            2.0, 
            1.0, 
            1.0, 
            1.0, 
            2.0, 
            1.0, 
            1.0, 
            1.0, 
            1.0, 
            1.0, 
            2.0, 
            3.0, 
            1.0, 
            1.0, 
            2.0, 
            1.0, 
            1.0, 
            1.0, 
            1.0, 
            2.0, 
            1.0, 
            1.0, 
            2.0, 
            1.0, 
            1.0, 
            1.0, 
            1.0, 
            2.0, 
            3.0, 
            4.0, 
            1.0, 
            1.0, 
            1.0, 
            2.0, 
            1.0, 
            5.0, 
            1.0, 
            1.0, 
            1.0, 
            4.0, 
            1.0, 
            2.0, 
            1.0, 
            1.0, 
            1.0, 
            3.0, 
            1.0, 
            1.0, 
            1.0, 
            2.0, 
            1.0, 
            1.0, 
            1.0, 
            7.0, 
            4.0, 
            1.0, 
            1.0, 
            2.0, 
            1.0, 
            2.0, 
            1.0, 
            1.0, 
            1.0, 
            2.0, 
            1.0, 
            1.0, 
            1.0, 
            9.0, 
            3.0, 
            3.0, 
            1.0, 
            4.0, 
            1.0, 
            1.0, 
            2.0, 
            1.0, 
            1.0, 
            2.0, 
            2.0, 
            1.0, 
            2.0, 
            1.0, 
            1.0, 
            1.0, 
            2.0, 
            2.0, 
            1.0, 
            3.0, 
            1.0, 
            1.0, 
            1.0, 
            1.0, 
            9.0, 
            8.0, 
            1.0, 
            1.0, 
            1.0, 
            1.0, 
            1.0, 
            1.0, 
            1.0, 
            1.0, 
            2.0, 
            1.0, 
            2.0, 
            1.0, 
            2.0, 
            1.0, 
            1.0, 
            3.0, 
            1.0, 
            2.0, 
            3.0, 
            1.0, 
            1.0, 
            1.0, 
            3.0, 
            1.0, 
            1.0, 
            1.0, 
            1.0, 
            1.0, 
            1.0, 
            1.0, 
            1.0, 
            1.0, 
            1.0, 
            2.0, 
            1.0, 
            2.0, 
            1.0, 
            3.0, 
            1.0, 
            1.0, 
            1.0, 
            1.0, 
            1.0, 
            2.0, 
            3.0, 
            1.0, 
            1.0, 
            2.0, 
            7.0, 
            1.0, 
            1.0, 
            1.0, 
            2.0, 
            1.0, 
            1.0, 
            3.0, 
            1.0, 
            2.0, 
            1.0, 
            5.0, 
            1.0, 
            1.0, 
            1.0, 
            2.0, 
            1.0, 
            1.0, 
            2.0, 
            1.0, 
            1.0, 
            1.0, 
            1.0, 
            1.0, 
            2.0, 
            2.0, 
            1.0, 
            1.0, 
            1.0, 
            1.0, 
            1.0, 
            7.0, 
            1.0, 
            1.0, 
            2.0, 
            2.0, 
            2.0, 
            4.0, 
            1.0, 
            1.0, 
            1.0, 
            1.0, 
            1.0, 
            1.0, 
            12.0, 
            1.0, 
            5.0, 
            1.0, 
            1.0, 
            2.0, 
            1.0, 
            1.0, 
            2.0, 
            13.0, 
            1.0, 
            3.0, 
            2.0, 
            1.0, 
            1.0, 
            1.0, 
            2.0, 
            1.0, 
            1.0, 
            1.0, 
            2.0, 
            1.0, 
            1.0, 
            1.0, 
            1.0, 
            3.0, 
            4.0, 
            1.0, 
            1.0, 
            2.0, 
            1.0, 
            3.0, 
            1.0, 
            1.0, 
            2.0, 
            1.0, 
            1.0, 
            1.0, 
            1.0, 
            1.0, 
            1.0, 
            1.0, 
            2.0, 
            1.0, 
            1.0, 
            4.0, 
            1.0, 
            4.0, 
            1.0, 
            1.0, 
            3.0, 
            3.0, 
            3.0, 
            9.0, 
            1.0, 
            2.0, 
            1.0, 
            2.0, 
            1.0, 
            2.0, 
            6.0, 
            1.0, 
            2.0, 
            1.0, 
            2.0, 
            1.0, 
            1.0, 
            1.0, 
            1.0, 
            3.0, 
            1.0, 
            1.0, 
            1.0, 
            2.0, 
            3.0, 
            1.0, 
            1.0, 
            1.0, 
            1.0, 
            2.0, 
            2.0, 
            3.0, 
            1.0, 
            2.0, 
            1.0, 
            3.0, 
            3.0, 
            1.0, 
            1.0, 
            2.0, 
            1.0, 
            1.0, 
            1.0, 
            1.0, 
            5.0, 
            2.0, 
            1.0, 
            1.0, 
            1.0, 
            25.0, 
            1.0, 
            19.0, 
            1.0, 
            1.0, 
            1.0, 
            1.0, 
            1.0, 
            1.0, 
            1.0, 
            2.0, 
            2.0, 
            1.0, 
            1.0, 
            3.0, 
            1.0, 
            1.0, 
            2.0, 
            1.0, 
            1.0, 
            1.0, 
            1.0, 
            1.0, 
            12.0, 
            2.0, 
            1.0, 
            1.0, 
            1.0, 
            2.0, 
            1.0, 
            1.0, 
            1.0, 
            1.0, 
            1.0, 
            25.0, 
            1.0, 
            1.0, 
            5.0, 
            1.0, 
            1.0, 
            1.0, 
            1.0, 
            1.0, 
            1.0, 
            1.0, 
            1.0, 
            1.0, 
            5.0, 
            1.0, 
            5.0, 
            2.0, 
            1.0, 
            4.0, 
            1.0, 
            1.0, 
            1.0, 
            1.0, 
            1.0, 
            3.0, 
            1.0, 
            2.0, 
            1.0, 
            1.0, 
            2.0, 
            12.0, 
            1.0, 
            1.0, 
            1.0, 
            4.0, 
            1.0, 
            3.0, 
            4.0, 
            7.0, 
            1.0, 
            17.0, 
            5.0, 
            1.0, 
            8.0, 
            6.0, 
            4.0, 
            1.0, 
            1.0, 
            4.0, 
            3.0, 
            1.0, 
            1.0, 
            1.0, 
            1.0, 
            1.0, 
            6.0, 
            2.0, 
            1.0, 
            1.0, 
            1.0, 
            5.0, 
            1.0, 
            1.0, 
            5.0, 
            2.0, 
            2.0, 
            1.0, 
            2.0, 
            1.0, 
            1.0, 
            2.0, 
            1.0, 
            1.0, 
            1.0, 
            1.0, 
            1.0, 
            1.0, 
            1.0, 
            2.0, 
            1.0, 
            74.0, 
            2.0, 
            3.0, 
            1.0, 
            1.0, 
            8.0, 
            2.0, 
            1.0, 
            1.0, 
            5.0, 
            4.0, 
            11.0, 
            1.0, 
            5.0, 
            1.0, 
            2.0, 
            2.0, 
            1.0, 
            1.0, 
            1.0, 
            1.0, 
            1.0, 
            1.0, 
            1.0, 
            1.0, 
            2.0, 
            1.0, 
            1.0, 
            1.0, 
            1.0, 
            1.0, 
            2.0, 
            2.0, 
            1.0, 
            1.0, 
            1.0, 
            1.0, 
            4.0, 
            1.0, 
            1.0, 
            1.0, 
            1.0, 
            1.0, 
            1.0, 
            4.0, 
            1.0, 
            1.0, 
            1.0, 
            1.0, 
            1.0, 
            3.0, 
            3.0, 
            1.0, 
            1.0, 
            2.0, 
            1.0, 
            1.0, 
            1.0, 
            1.0, 
            4.0, 
            1.0, 
            1.0, 
            1.0, 
            2.0, 
            1.0, 
            9.0, 
            2.0, 
            2.0, 
            2.0, 
            1.0, 
            1.0, 
            1.0, 
            2.0, 
            3.0, 
            2.0, 
            1.0, 
            2.0, 
            1.0, 
            1.0, 
            4.0, 
            1.0, 
            1.0, 
            2.0, 
            1.0, 
            1.0, 
            1.0, 
            1.0, 
            1.0, 
            1.0, 
            1.0, 
            1.0, 
            1.0, 
            1.0, 
            1.0, 
            2.0, 
            2.0, 
            1.0, 
            1.0, 
            1.0, 
            1.0, 
            1.0, 
            2.0, 
            4.0, 
            1.0, 
            5.0, 
            1.0, 
            1.0, 
            1.0, 
            2.0, 
            3.0, 
            1.0, 
            15.0, 
            1.0, 
            1.0, 
            1.0, 
            1.0, 
            1.0, 
            2.0, 
            1.0, 
            2.0, 
            1.0, 
            1.0, 
            1.0, 
            3.0, 
            2.0, 
            1.0, 
            1.0, 
            1.0, 
            17.0, 
            1.0, 
            1.0, 
            2.0, 
            1.0, 
            1.0, 
            1.0, 
            2.0, 
            1.0, 
            1.0, 
            7.0, 
            3.0, 
            1.0, 
            1.0, 
            1.0, 
            1.0, 
            1.0, 
            1.0, 
            2.0, 
            1.0, 
            2.0, 
            2.0, 
            1.0, 
            4.0, 
            1.0, 
            1.0, 
            1.0, 
            1.0, 
            1.0, 
            5.0, 
            1.0, 
            1.0, 
            3.0, 
            1.0, 
            1.0, 
            3.0, 
            1.0, 
            1.0, 
            1.0, 
            2.0, 
            1.0, 
            1.0, 
            1.0, 
            2.0, 
            1.0, 
            1.0, 
            2.0, 
            2.0, 
            1.0, 
            1.0, 
            1.0, 
            4.0, 
            1.0, 
            2.0, 
            1.0, 
            1.0, 
            13.0, 
            1.0, 
            1.0, 
            9.0, 
            1.0, 
            1.0, 
            2.0, 
            1.0, 
            1.0, 
            1.0, 
            1.0, 
            1.0, 
            2.0, 
            1.0, 
            3.0, 
            1.0, 
            1.0, 
            1.0, 
            2.0, 
            1.0, 
            3.0, 
            6.0, 
            3.0, 
            1.0, 
            1.0, 
            1.0, 
            1.0, 
            1.0, 
            3.0, 
            1.0, 
            1.0, 
            1.0, 
            1.0, 
            2.0, 
            1.0, 
            1.0, 
            8.0, 
            1.0, 
            4.0, 
            1.0, 
            1.0, 
            1.0, 
            2.0, 
            9.0, 
            2.0, 
            1.0, 
            1.0, 
            1.0, 
            1.0, 
            1.0, 
            2.0, 
            1.0, 
            1.0, 
            1.0, 
            1.0, 
            1.0, 
            3.0, 
            1.0, 
            1.0, 
            5.0, 
            4.0, 
            1.0, 
            2.0, 
            2.0, 
            2.0, 
            2.0, 
            32.0, 
            1.0, 
            1.0, 
            1.0, 
            1.0, 
            4.0, 
            1.0, 
            1.0, 
            2.0, 
            1.0, 
            3.0, 
            1.0, 
            1.0, 
            1.0, 
            3.0, 
            1.0, 
            1.0, 
            4.0, 
            2.0, 
            1.0, 
            1.0, 
            1.0, 
            1.0, 
            1.0, 
            1.0, 
            2.0, 
            1.0, 
            1.0, 
            3.0, 
            1.0, 
            4.0, 
            1.0, 
            1.0, 
            1.0, 
            1.0, 
            1.0, 
            1.0, 
            2.0, 
            1.0, 
            2.0, 
            1.0, 
            1.0, 
            5.0, 
            1.0, 
            2.0, 
            1.0, 
            1.0, 
            1.0, 
            1.0, 
            1.0, 
            2.0, 
            1.0, 
            4.0, 
            1.0, 
            1.0, 
            5.0, 
            1.0, 
            1.0, 
            1.0, 
            1.0, 
            1.0, 
            1.0, 
            1.0, 
            2.0, 
            1.0, 
            2.0, 
            2.0, 
            1.0, 
            1.0, 
            1.0, 
            3.0, 
            3.0, 
            2.0, 
            2.0, 
            1.0, 
            1.0, 
            1.0, 
            1.0, 
            2.0, 
            3.0, 
            1.0, 
            1.0, 
            2.0, 
            5.0, 
            1.0, 
            1.0, 
            1.0, 
            2.0, 
            1.0, 
            2.0, 
            1.0, 
            1.0, 
            1.0, 
            1.0, 
            1.0, 
            1.0, 
            2.0, 
            1.0, 
            1.0, 
            1.0, 
            2.0, 
            3.0, 
            1.0, 
            1.0, 
            1.0, 
            1.0, 
            3.0, 
            1.0, 
            4.0, 
            2.0, 
            1.0, 
            1.0, 
            1.0, 
            1.0, 
            2.0, 
            1.0, 
            1.0
        ]
    }, 
    "processed_feature_names": [
        "item_category_id", 
        "item_category_name_len", 
        "item_category_name_tfidf_0", 
        "item_category_name_tfidf_1", 
        "item_category_name_tfidf_10", 
        "item_category_name_tfidf_11", 
        "item_category_name_tfidf_12", 
        "item_category_name_tfidf_13", 
        "item_category_name_tfidf_14", 
        "item_category_name_tfidf_15", 
        "item_category_name_tfidf_16", 
        "item_category_name_tfidf_17", 
        "item_category_name_tfidf_18", 
        "item_category_name_tfidf_2", 
        "item_category_name_tfidf_20", 
        "item_category_name_tfidf_21", 
        "item_category_name_tfidf_22", 
        "item_category_name_tfidf_23", 
        "item_category_name_tfidf_24", 
        "item_category_name_tfidf_3", 
        "item_category_name_tfidf_5", 
        "item_category_name_tfidf_6", 
        "item_category_name_tfidf_7", 
        "item_category_name_tfidf_8", 
        "item_category_name_tfidf_9", 
        "item_category_name_wc", 
        "item_cnt_month_avg", 
        "item_cnt_prev_month", 
        "item_id", 
        "item_name_len", 
        "item_name_tfidf_0", 
        "item_name_tfidf_1", 
        "item_name_tfidf_10", 
        "item_name_tfidf_11", 
        "item_name_tfidf_12", 
        "item_name_tfidf_13", 
        "item_name_tfidf_14", 
        "item_name_tfidf_15", 
        "item_name_tfidf_16", 
        "item_name_tfidf_17", 
        "item_name_tfidf_18", 
        "item_name_tfidf_19", 
        "item_name_tfidf_2", 
        "item_name_tfidf_20", 
        "item_name_tfidf_21", 
        "item_name_tfidf_22", 
        "item_name_tfidf_23", 
        "item_name_tfidf_24", 
        "item_name_tfidf_3", 
        "item_name_tfidf_4", 
        "item_name_tfidf_5", 
        "item_name_tfidf_6", 
        "item_name_tfidf_7", 
        "item_name_tfidf_8", 
        "item_name_tfidf_9", 
        "item_name_wc", 
        "shop_id", 
        "shop_name_len", 
        "shop_name_tfidf_0", 
        "shop_name_tfidf_1", 
        "shop_name_tfidf_10", 
        "shop_name_tfidf_11", 
        "shop_name_tfidf_12", 
        "shop_name_tfidf_13", 
        "shop_name_tfidf_14", 
        "shop_name_tfidf_15", 
        "shop_name_tfidf_16", 
        "shop_name_tfidf_17", 
        "shop_name_tfidf_18", 
        "shop_name_tfidf_19", 
        "shop_name_tfidf_2", 
        "shop_name_tfidf_20", 
        "shop_name_tfidf_21", 
        "shop_name_tfidf_22", 
        "shop_name_tfidf_23", 
        "shop_name_tfidf_24", 
        "shop_name_tfidf_3", 
        "shop_name_tfidf_4", 
        "shop_name_tfidf_5", 
        "shop_name_tfidf_6", 
        "shop_name_tfidf_7", 
        "shop_name_tfidf_8", 
        "shop_name_tfidf_9", 
        "shop_name_wc", 
        "dummy:shop_name:\u041c\u043e\u0441\u043a\u0432\u0430 \u0422\u0426 \"\u0421\u0435\u043c\u0435\u043d\u043e\u0432\u0441\u043a\u0438\u0439\"", 
        "dummy:shop_name:\u041c\u043e\u0441\u043a\u0432\u0430 \u0422\u0420\u041a \"\u0410\u0442\u0440\u0438\u0443\u043c\"", 
        "dummy:shop_name:\u0425\u0438\u043c\u043a\u0438 \u0422\u0426 \"\u041c\u0435\u0433\u0430\"", 
        "dummy:shop_name:\u041c\u043e\u0441\u043a\u0432\u0430 \u0422\u0426 \"\u041c\u0415\u0413\u0410 \u0422\u0435\u043f\u043b\u044b\u0439 \u0421\u0442\u0430\u043d\" II", 
        "dummy:shop_name:\u042f\u043a\u0443\u0442\u0441\u043a \u041e\u0440\u0434\u0436\u043e\u043d\u0438\u043a\u0438\u0434\u0437\u0435, 56", 
        "dummy:shop_name:\u0421\u041f\u0431 \u0422\u041a \"\u041d\u0435\u0432\u0441\u043a\u0438\u0439 \u0426\u0435\u043d\u0442\u0440\"", 
        "dummy:shop_name:\u041c\u043e\u0441\u043a\u0432\u0430 \u0422\u0426 \"\u041c\u0415\u0413\u0410 \u0411\u0435\u043b\u0430\u044f \u0414\u0430\u0447\u0430 II\"", 
        "dummy:shop_name:\u0412\u043e\u0440\u043e\u043d\u0435\u0436 (\u041f\u043b\u0435\u0445\u0430\u043d\u043e\u0432\u0441\u043a\u0430\u044f, 13)", 
        "dummy:shop_name:\u0427\u0435\u0445\u043e\u0432 \u0422\u0420\u0426 \"\u041a\u0430\u0440\u043d\u0430\u0432\u0430\u043b\"", 
        "dummy:shop_name:\u041c\u043e\u0441\u043a\u0432\u0430 \u041c\u0422\u0420\u0426 \"\u0410\u0444\u0438 \u041c\u043e\u043b\u043b\"", 
        "dummy:shop_name:\u0421\u0435\u0440\u0433\u0438\u0435\u0432 \u041f\u043e\u0441\u0430\u0434 \u0422\u0426 \"7\u042f\"", 
        "dummy:shop_name:\u0422\u044e\u043c\u0435\u043d\u044c \u0422\u0426 \"\u0413\u0443\u0434\u0432\u0438\u043d\"", 
        "dummy:shop_name:\u041a\u0443\u0440\u0441\u043a \u0422\u0426 \"\u041f\u0443\u0448\u043a\u0438\u043d\u0441\u043a\u0438\u0439\"", 
        "dummy:shop_name:\u042f\u043a\u0443\u0442\u0441\u043a \u0422\u0426 \"\u0426\u0435\u043d\u0442\u0440\u0430\u043b\u044c\u043d\u044b\u0439\"", 
        "dummy:shop_name:\u041d.\u041d\u043e\u0432\u0433\u043e\u0440\u043e\u0434 \u0422\u0420\u0426 \"\u0424\u0430\u043d\u0442\u0430\u0441\u0442\u0438\u043a\u0430\"", 
        "dummy:shop_name:\u0412\u043e\u0440\u043e\u043d\u0435\u0436 \u0422\u0420\u0426 \"\u041c\u0430\u043a\u0441\u0438\u043c\u0438\u0440\"", 
        "dummy:shop_name:\u041c\u043e\u0441\u043a\u0432\u0430 \u0422\u0426 \"\u0410\u0440\u0435\u0430\u043b\" (\u0411\u0435\u043b\u044f\u0435\u0432\u043e)", 
        "dummy:shop_name:\u041a\u043e\u043b\u043e\u043c\u043d\u0430 \u0422\u0426 \"\u0420\u0438\u043e\"", 
        "dummy:shop_name:\u041c\u043e\u0441\u043a\u0432\u0430 \u0422\u0426 \"\u041f\u0435\u0440\u043b\u043e\u0432\u0441\u043a\u0438\u0439\"", 
        "dummy:shop_name:\u0421\u0443\u0440\u0433\u0443\u0442 \u0422\u0420\u0426 \"\u0421\u0438\u0442\u0438 \u041c\u043e\u043b\u043b\"", 
        "dummy:shop_name:\u0423\u0444\u0430 \u0422\u0426 \"\u0421\u0435\u043c\u044c\u044f\" 2", 
        "dummy:shop_name:\u041a\u0440\u0430\u0441\u043d\u043e\u044f\u0440\u0441\u043a \u0422\u0426 \"\u0418\u044e\u043d\u044c\"", 
        "dummy:shop_name:\u041a\u0430\u043b\u0443\u0433\u0430 \u0422\u0420\u0426 \"XXI \u0432\u0435\u043a\"", 
        "dummy:shop_name:\u0422\u044e\u043c\u0435\u043d\u044c \u0422\u0426 \"\u0417\u0435\u043b\u0435\u043d\u044b\u0439 \u0411\u0435\u0440\u0435\u0433\"", 
        "dummy:shop_name:\u041c\u043e\u0441\u043a\u0432\u0430 \u0422\u041a \"\u0411\u0443\u0434\u0435\u043d\u043e\u0432\u0441\u043a\u0438\u0439\" (\u043f\u0430\u0432.\u041a7)", 
        "dummy:shop_name:\u0423\u0444\u0430 \u0422\u041a \"\u0426\u0435\u043d\u0442\u0440\u0430\u043b\u044c\u043d\u044b\u0439\"", 
        "dummy:shop_name:\u041c\u043e\u0441\u043a\u0432\u0430 \u0422\u0426 \"\u041d\u043e\u0432\u044b\u0439 \u0432\u0435\u043a\" (\u041d\u043e\u0432\u043e\u043a\u043e\u0441\u0438\u043d\u043e)", 
        "dummy:shop_name:\u0421\u0430\u043c\u0430\u0440\u0430 \u0422\u0426 \"\u041c\u0435\u043b\u043e\u0434\u0438\u044f\"", 
        "dummy:shop_name:\u041e\u043c\u0441\u043a \u0422\u0426 \"\u041c\u0435\u0433\u0430\"", 
        "dummy:shop_name:\u042f\u0440\u043e\u0441\u043b\u0430\u0432\u043b\u044c \u0422\u0426 \"\u0410\u043b\u044c\u0442\u0430\u0438\u0440\"", 
        "dummy:shop_name:\u041d\u043e\u0432\u043e\u0441\u0438\u0431\u0438\u0440\u0441\u043a \u0422\u0426 \"\u041c\u0435\u0433\u0430\"", 
        "dummy:shop_name:\u041c\u043e\u0441\u043a\u0432\u0430 \u041c\u0430\u0433\u0430\u0437\u0438\u043d \u042121", 
        "dummy:shop_name:\u0420\u043e\u0441\u0442\u043e\u0432\u041d\u0430\u0414\u043e\u043d\u0443 \u0422\u0426 \"\u041c\u0435\u0433\u0430\"", 
        "dummy:shop_name:\u0412\u043e\u043b\u0436\u0441\u043a\u0438\u0439 \u0422\u0426 \"\u0412\u043e\u043b\u0433\u0430 \u041c\u043e\u043b\u043b\"", 
        "dummy:shop_name:\u0412\u043e\u043b\u043e\u0433\u0434\u0430 \u0422\u0420\u0426 \"\u041c\u0430\u0440\u043c\u0435\u043b\u0430\u0434\"", 
        "dummy:shop_name:\u0421\u0430\u043c\u0430\u0440\u0430 \u0422\u0426 \"\u041f\u0430\u0440\u043a\u0425\u0430\u0443\u0441\"", 
        "dummy:shop_name:\u041a\u0430\u0437\u0430\u043d\u044c \u0422\u0426 \"\u041f\u0430\u0440\u043a\u0425\u0430\u0443\u0441\" II", 
        "dummy:shop_name:\u0421\u041f\u0431 \u0422\u041a \"\u0421\u0435\u043d\u043d\u0430\u044f\"", 
        "dummy:shop_name:\u0418\u043d\u0442\u0435\u0440\u043d\u0435\u0442-\u043c\u0430\u0433\u0430\u0437\u0438\u043d \u0427\u0421", 
        "dummy:shop_name:\u0411\u0430\u043b\u0430\u0448\u0438\u0445\u0430 \u0422\u0420\u041a \"\u041e\u043a\u0442\u044f\u0431\u0440\u044c-\u041a\u0438\u043d\u043e\u043c\u0438\u0440\"", 
        "dummy:shop_name:\u0416\u0443\u043a\u043e\u0432\u0441\u043a\u0438\u0439 \u0443\u043b. \u0427\u043a\u0430\u043b\u043e\u0432\u0430 39\u043c?", 
        "dummy:shop_name:\u041a\u0440\u0430\u0441\u043d\u043e\u044f\u0440\u0441\u043a \u0422\u0426 \"\u0412\u0437\u043b\u0435\u0442\u043a\u0430 \u041f\u043b\u0430\u0437\u0430\"", 
        "dummy:shop_name:\u0410\u0434\u044b\u0433\u0435\u044f \u0422\u0426 \"\u041c\u0435\u0433\u0430\"", 
        "dummy:shop_name:\u0422\u043e\u043c\u0441\u043a \u0422\u0420\u0426 \"\u0418\u0437\u0443\u043c\u0440\u0443\u0434\u043d\u044b\u0439 \u0413\u043e\u0440\u043e\u0434\"", 
        "dummy:shop_name:\u0426\u0438\u0444\u0440\u043e\u0432\u043e\u0439 \u0441\u043a\u043b\u0430\u0434 1\u0421-\u041e\u043d\u043b\u0430\u0439\u043d", 
        "dummy:shop_name:\u041a\u0430\u0437\u0430\u043d\u044c \u0422\u0426 \"\u0411\u0435\u0445\u0435\u0442\u043b\u0435\"", 
        "dummy:shop_name:\u0422\u044e\u043c\u0435\u043d\u044c \u0422\u0420\u0426 \"\u041a\u0440\u0438\u0441\u0442\u0430\u043b\u043b\"", 
        "dummy:shop_name:\u0420\u043e\u0441\u0442\u043e\u0432\u041d\u0430\u0414\u043e\u043d\u0443 \u0422\u0420\u041a \"\u041c\u0435\u0433\u0430\u0446\u0435\u043d\u0442\u0440 \u0413\u043e\u0440\u0438\u0437\u043e\u043d\u0442\"", 
        "dummy:shop_name:\u041c\u043e\u0441\u043a\u0432\u0430 \u0422\u0426 \"\u0421\u0435\u0440\u0435\u0431\u0440\u044f\u043d\u044b\u0439 \u0414\u043e\u043c\"", 
        "dummy:shop_name:\u041c\u043e\u0441\u043a\u0432\u0430 \u0422\u041a \"\u0411\u0443\u0434\u0435\u043d\u043e\u0432\u0441\u043a\u0438\u0439\" (\u043f\u0430\u0432.\u04102)", 
        "dummy:shop_name:!\u042f\u043a\u0443\u0442\u0441\u043a \u041e\u0440\u0434\u0436\u043e\u043d\u0438\u043a\u0438\u0434\u0437\u0435, 56 \u0444\u0440\u0430\u043d", 
        "dummy:shop_name:\u041d.\u041d\u043e\u0432\u0433\u043e\u0440\u043e\u0434 \u0422\u0420\u0426 \"\u0420\u0418\u041e\"", 
        "dummy:shop_name:!\u042f\u043a\u0443\u0442\u0441\u043a \u0422\u0426 \"\u0426\u0435\u043d\u0442\u0440\u0430\u043b\u044c\u043d\u044b\u0439\" \u0444\u0440\u0430\u043d", 
        "dummy:shop_name:\u041c\u044b\u0442\u0438\u0449\u0438 \u0422\u0420\u041a \"XL-3\"", 
        "dummy:shop_name:\u0412\u043e\u0440\u043e\u043d\u0435\u0436 \u0422\u0420\u0426 \u0421\u0438\u0442\u0438-\u041f\u0430\u0440\u043a \"\u0413\u0440\u0430\u0434\"", 
        "dummy:shop_name:\u0420\u043e\u0441\u0442\u043e\u0432\u041d\u0430\u0414\u043e\u043d\u0443 \u0422\u0420\u041a \"\u041c\u0435\u0433\u0430\u0446\u0435\u043d\u0442\u0440 \u0413\u043e\u0440\u0438\u0437\u043e\u043d\u0442\" \u041e\u0441\u0442\u0440\u043e\u0432\u043d\u043e\u0439", 
        "dummy:shop_name:\u0412\u044b\u0435\u0437\u0434\u043d\u0430\u044f \u0422\u043e\u0440\u0433\u043e\u0432\u043b\u044f", 
        "dummy:shop_name:\u041c\u043e\u0441\u043a\u0432\u0430 \"\u0420\u0430\u0441\u043f\u0440\u043e\u0434\u0430\u0436\u0430\"", 
        "dummy:shop_name:\u041d\u043e\u0432\u043e\u0441\u0438\u0431\u0438\u0440\u0441\u043a \u0422\u0420\u0426 \"\u0413\u0430\u043b\u0435\u0440\u0435\u044f \u041d\u043e\u0432\u043e\u0441\u0438\u0431\u0438\u0440\u0441\u043a\"", 
        "dummy:shop_name:\u0416\u0443\u043a\u043e\u0432\u0441\u043a\u0438\u0439 \u0443\u043b. \u0427\u043a\u0430\u043b\u043e\u0432\u0430 39\u043c\u00b2", 
        "dummy:shop_name:N/A", 
        "dummy:shop_name:__Others__"
    ], 
    "regression_performance": {
        "max_error": 5.4473251309785855, 
        "median_error": -0.07547796972375909, 
        "error_distribution": [
            {
                "count": 597, 
                "bin_max": -3.6261013086306759, 
                "bin_id": 0, 
                "bin_min": -4.6443413868534931
            }, 
            {
                "count": 356, 
                "bin_max": -2.6179428153407582, 
                "bin_id": 1, 
                "bin_min": -3.6261013086306759
            }, 
            {
                "count": 966, 
                "bin_max": -1.6097843220508405, 
                "bin_id": 2, 
                "bin_min": -2.6179428153407582
            }, 
            {
                "count": 3347, 
                "bin_max": -0.60162582876092241, 
                "bin_id": 3, 
                "bin_min": -1.6097843220508405
            }, 
            {
                "count": 9635, 
                "bin_max": 0.40653266452899572, 
                "bin_id": 4, 
                "bin_min": -0.60162582876092241
            }, 
            {
                "count": 3319, 
                "bin_max": 1.414691157818913, 
                "bin_id": 5, 
                "bin_min": 0.40653266452899572
            }, 
            {
                "count": 869, 
                "bin_max": 2.4228496511088311, 
                "bin_id": 6, 
                "bin_min": 1.414691157818913
            }, 
            {
                "count": 351, 
                "bin_max": 3.4310081443987492, 
                "bin_id": 7, 
                "bin_min": 2.4228496511088311
            }, 
            {
                "count": 168, 
                "bin_max": 4.4391666376886665, 
                "bin_id": 8, 
                "bin_min": 3.4310081443987492
            }, 
            {
                "count": 510, 
                "bin_max": 5.4473251309785855, 
                "bin_id": 9, 
                "bin_min": 4.4391666376886665
            }
        ], 
        "min_error": -4.6342598019205941, 
        "average_error": -0.06325255309492055, 
        "std_error": 1.5553561444363644, 
        "p75_error": 0.43696483210371717, 
        "p90_error": 1.3309376830655324, 
        "p25_error": -0.6356831763981341
    }
}