{
  "state": "DONE",
  "preSearchDescription": {
    "gridLength": 1,
    "importantParams": []
  },
  "postSearchDescription": {
    "importantParams": [
      {
        "name": "layer_sizes",
        "val": "[10]"
      },
      {
        "name": "activation",
        "val": "relu"
      },
      {
        "name": "alpha",
        "val": "0.001"
      },
      {
        "name": "solver",
        "val": "adam"
      }
    ]
  },
  "modelId": "m1",
  "progress": {
    "top_level_todo": [],
    "stack": [],
    "top_level_done": [
      {
        "name": "Loading train set",
        "time": 19707
      },
      {
        "name": "Loading test set",
        "time": 5072
      },
      {
        "name": "Collecting statistics",
        "time": 6093
      },
      {
        "name": "Preprocessing train set",
        "time": 8368
      },
      {
        "name": "Preprocessing test set",
        "time": 3070
      },
      {
        "name": "Fitting model",
        "time": 131732
      },
      {
        "name": "Saving model",
        "time": 44
      },
      {
        "name": "Scoring model",
        "time": 1519
      }
    ]
  },
  "startTime": 1523123003703,
  "endTime": 1523123179486,
  "preprocessingTime": 42418,
  "trainingTime": 133365
}