{
  "type": "join",
  "inputs": {
    "main": {
      "items": [
        {
          "ref": "train",
          "deps": []
        },
        {
          "ref": "event_type",
          "deps": []
        },
        {
          "ref": "log_feature",
          "deps": []
        },
        {
          "ref": "resource_type",
          "deps": []
        }
      ]
    }
  },
  "outputs": {
    "main": {
      "items": [
        {
          "ref": "train_joined",
          "appendMode": false
        }
      ]
    }
  },
  "neverRecomputeExistingPartitions": false,
  "optionalDependencies": false,
  "checklists": {
    "checklists": []
  },
  "tags": [],
  "versionTag": {
    "versionNumber": 2,
    "lastModifiedBy": {
      "login": "admin",
      "displayName": "Nandish Balaraju"
    },
    "lastModifiedOn": 1493400945996
  },
  "customMeta": {
    "kv": {}
  },
  "redispatchPartitioning": false
}