{
    "trainingTime": 211, 
    "state": "DONE", 
    "startTime": 1493927579958, 
    "preprocessingTime": 113, 
    "progress": {
        "top_level_todo": [], 
        "stack": [], 
        "top_level_done": [
            {
                "name": "Loading train set", 
                "time": 10
            }, 
            {
                "name": "Loading test set", 
                "time": 6
            }, 
            {
                "name": "Collecting statistics", 
                "time": 22
            }, 
            {
                "name": "Preprocessing train set", 
                "time": 37
            }, 
            {
                "name": "Preprocessing test set", 
                "time": 36
            }, 
            {
                "name": "Fitting model", 
                "time": 7
            }, 
            {
                "name": "Saving model", 
                "time": 1
            }, 
            {
                "name": "Scoring model", 
                "time": 202
            }
        ]
    }, 
    "endTime": 1493927580282, 
    "modelId": "NA"
}