{
    "featureNames": [
        "Area_Mean", 
        "Area_Se", 
        "Area_Worst", 
        "Compactness_Se", 
        "Compactness_Worst", 
        "Compactness_mean", 
        "Concave_Points_Mean", 
        "Concave_Points_Se", 
        "Concave_Points_Worst", 
        "Concavity_Mean", 
        "Concavity_Se", 
        "Concavity_Worst", 
        "Fractal_Dimension", 
        "Fractal_Dimension_Mean", 
        "Fractal_Dimension_Worst", 
        "Perimeter_Mean", 
        "Perimeter_Se", 
        "Perimeter_Worst", 
        "Radius_Mean", 
        "Radius_Se", 
        "Radius_Worst", 
        "Smoothness_Mean", 
        "Smoothness_Worst", 
        "Smothness_Se", 
        "Symmetry_Mean", 
        "Symmetry_Se", 
        "Symmetry_Worst", 
        "Texture_Mean", 
        "Texture_Se", 
        "Texture_Worst"
    ], 
    "tree": {
        "rightChild": [
            18, 
            15, 
            10, 
            7, 
            6, 
            -1, 
            -1, 
            9, 
            -1, 
            -1, 
            14, 
            13, 
            -1, 
            -1, 
            -1, 
            17, 
            -1, 
            -1, 
            22, 
            21, 
            -1, 
            -1, 
            26, 
            25, 
            -1, 
            -1, 
            -1
        ], 
        "impurity": [
            0.4616948341836735, 
            0.1623370257817861, 
            0.08620273919753085, 
            0.029843893480257067, 
            0.015208232409976374, 
            0.007812379853902374, 
            0.2777777777777778, 
            0.4444444444444444, 
            0.0, 
            0.0, 
            0.46875, 
            0.2777777777777778, 
            0.0, 
            0.375, 
            0.0, 
            0.12444444444444447, 
            0.0, 
            0.0, 
            0.1284185493460166, 
            0.42603550295857984, 
            0.0, 
            0.0, 
            0.015036730945821808, 
            0.4444444444444444, 
            0.0, 
            0.0, 
            0.0
        ], 
        "probas": [
            [
                0.6383928571428571, 
                0.36160714285714285
            ], 
            [
                0.91089108910891092, 
                0.089108910891089105
            ], 
            [
                0.95486111111111116, 
                0.045138888888888888
            ], 
            [
                0.98484848484848486, 
                0.015151515151515152
            ], 
            [
                0.9923371647509579, 
                0.0076628352490421452
            ], 
            [
                0.99607843137254903, 
                0.0039215686274509803
            ], 
            [
                0.83333333333333337, 
                0.16666666666666666
            ], 
            [
                0.33333333333333331, 
                0.66666666666666663
            ], 
            [
                0.0, 
                1.0
            ], 
            [
                1.0, 
                0.0
            ], 
            [
                0.625, 
                0.375
            ], 
            [
                0.83333333333333337, 
                0.16666666666666666
            ], 
            [
                1.0, 
                0.0
            ], 
            [
                0.25, 
                0.75
            ], 
            [
                0.0, 
                1.0
            ], 
            [
                0.066666666666666666, 
                0.93333333333333335
            ], 
            [
                1.0, 
                0.0
            ], 
            [
                0.0, 
                1.0
            ], 
            [
                0.068965517241379309, 
                0.93103448275862066
            ], 
            [
                0.69230769230769229, 
                0.30769230769230771
            ], 
            [
                1.0, 
                0.0
            ], 
            [
                0.0, 
                1.0
            ], 
            [
                0.007575757575757576, 
                0.99242424242424243
            ], 
            [
                0.33333333333333331, 
                0.66666666666666663
            ], 
            [
                1.0, 
                0.0
            ], 
            [
                0.0, 
                1.0
            ], 
            [
                0.0, 
                1.0
            ]
        ], 
        "feature": [
            20, 
            8, 
            8, 
            1, 
            9, 
            -2, 
            -2, 
            13, 
            -2, 
            -2, 
            29, 
            2, 
            -2, 
            -2, 
            -2, 
            0, 
            -2, 
            -2, 
            27, 
            8, 
            -2, 
            -2, 
            24, 
            1, 
            -2, 
            -2, 
            -2
        ], 
        "leftChild": [
            1, 
            2, 
            3, 
            4, 
            5, 
            -1, 
            -1, 
            8, 
            -1, 
            -1, 
            11, 
            12, 
            -1, 
            -1, 
            -1, 
            16, 
            -1, 
            -1, 
            19, 
            20, 
            -1, 
            -1, 
            23, 
            24, 
            -1, 
            -1, 
            -1
        ], 
        "threshold": [
            16.79500001196268, 
            0.16029999852922622, 
            0.13579999950899752, 
            48.69999991147695, 
            0.11960000091461967, 
            -2.0, 
            -2.0, 
            0.06739499992542941, 
            -2.0, 
            -2.0, 
            28.779999818806356, 
            811.0999995769168, 
            -2.0, 
            -2.0, 
            -2.0, 
            306.0500045004162, 
            -2.0, 
            -2.0, 
            16.109999975241706, 
            0.16145000347291796, 
            -2.0, 
            -2.0, 
            0.15004999898323482, 
            51.79499914173387, 
            -2.0, 
            -2.0, 
            -2.0
        ], 
        "nSamples": [
            448, 
            303, 
            288, 
            264, 
            261, 
            255, 
            6, 
            3, 
            2, 
            1, 
            24, 
            18, 
            14, 
            4, 
            6, 
            15, 
            1, 
            14, 
            145, 
            13, 
            9, 
            4, 
            132, 
            3, 
            1, 
            2, 
            129
        ]
    }
}