{
  "pages": [
    {
      "id": "8U6CHuc",
      "grid": {
        "tiles": [
          {
            "tileType": "INSIGHT",
            "box": {
              "top": 0,
              "left": 0,
              "width": 8,
              "height": 5
            },
            "clickAction": "OPEN_INSIGHT",
            "tileParams": {
              "showXAxis": true,
              "showYAxis": true,
              "showLegend": false,
              "showTooltips": false
            },
            "autoLoad": true,
            "showTitle": "YES",
            "insightId": "zFjJ1hD",
            "insightType": "chart",
            "displayMode": "INSIGHT",
            "resizeImage": false
          },
          {
            "tileType": "INSIGHT",
            "box": {
              "top": 6,
              "left": 0,
              "width": 8,
              "height": 6
            },
            "clickAction": "DO_NOTHING",
            "tileParams": {
              "displayMode": "variables_importance"
            },
            "autoLoad": true,
            "showTitle": "YES",
            "insightId": "rTV10Ya",
            "insightType": "saved-model_report",
            "displayMode": "INSIGHT",
            "resizeImage": false
          },
          {
            "tileType": "INSIGHT",
            "box": {
              "top": 18,
              "left": 0,
              "width": 8,
              "height": 4
            },
            "clickAction": "OPEN_INSIGHT",
            "tileParams": {
              "showXAxis": true,
              "showYAxis": true,
              "showLegend": true,
              "showTooltips": false
            },
            "autoLoad": true,
            "showTitle": "YES",
            "insightId": "ZZqKFBg",
            "insightType": "chart",
            "displayMode": "INSIGHT",
            "resizeImage": false
          },
          {
            "tileType": "INSIGHT",
            "box": {
              "top": 23,
              "left": 0,
              "width": 8,
              "height": 4
            },
            "clickAction": "OPEN_INSIGHT",
            "tileParams": {
              "showXAxis": true,
              "showYAxis": true,
              "showLegend": true,
              "showTooltips": false
            },
            "autoLoad": true,
            "showTitle": "YES",
            "insightId": "wZbNn5H",
            "insightType": "chart",
            "displayMode": "INSIGHT",
            "resizeImage": false
          },
          {
            "tileType": "INSIGHT",
            "box": {
              "top": 13,
              "left": 0,
              "width": 8,
              "height": 4
            },
            "clickAction": "OPEN_INSIGHT",
            "tileParams": {
              "showXAxis": true,
              "showYAxis": true,
              "showLegend": true,
              "showTooltips": false
            },
            "autoLoad": true,
            "showTitle": "YES",
            "insightId": "BFjijFT",
            "insightType": "chart",
            "displayMode": "INSIGHT",
            "resizeImage": false
          }
        ]
      },
      "showTitle": false
    }
  ],
  "owner": "admin",
  "listed": true,
  "name": "Default dashboard",
  "showGrid": true,
  "versionTag": {
    "versionNumber": 17,
    "lastModifiedBy": {
      "login": "admin"
    },
    "lastModifiedOn": 1493913061006
  },
  "creationTag": {
    "versionNumber": 0,
    "lastModifiedBy": {
      "login": "admin"
    },
    "lastModifiedOn": 1493899744939
  },
  "tags": [],
  "checklists": {
    "checklists": []
  }
}