{
  "steps": [
    {
      "type": "TextSimplifierProcessor",
      "params": {
        "inCol": "Phrase",
        "sortAlphabetically": false,
        "clearStopWords": false,
        "normalize": true,
        "stem": false,
        "language": "english"
      },
      "metaType": "PROCESSOR",
      "preview": false,
      "disabled": false,
      "alwaysShowComment": false
    },
    {
      "type": "FindReplace",
      "params": {
        "output": "",
        "normalization": "EXACT",
        "matching": "FULL_STRING",
        "stopAfterFirstMatch": false,
        "mapping": [
          {
            "from": "a"
          },
          {
            "from": "the"
          },
          {
            "from": "of"
          },
          {
            "from": "is"
          },
          {
            "from": "for"
          },
          {
            "from": "that"
          },
          {
            "from": "what"
          },
          {
            "from": ","
          },
          {
            "from": "."
          },
          {
            "from": "this"
          },
          {
            "from": "and"
          },
          {
            "from": "\u0027s"
          },
          {
            "from": "i"
          },
          {
            "from": "also"
          },
          {
            "from": "some"
          },
          {
            "from": "which"
          },
          {
            "from": "but"
          },
          {
            "from": "none"
          },
          {
            "from": "to"
          },
          {
            "from": "s"
          }
        ],
        "appliesTo": "SINGLE_COLUMN",
        "columns": [
          "Phrase"
        ]
      },
      "metaType": "PROCESSOR",
      "preview": false,
      "disabled": false,
      "alwaysShowComment": false
    },
    {
      "type": "RemoveRowsOnEmpty",
      "params": {
        "keep": false,
        "appliesTo": "SINGLE_COLUMN",
        "columns": [
          "Phrase"
        ]
      },
      "metaType": "PROCESSOR",
      "preview": false,
      "disabled": false,
      "alwaysShowComment": false
    }
  ],
  "maxProcessedMemTableBytes": -1,
  "columnsSelection": {
    "mode": "ALL"
  },
  "coloring": {
    "scheme": "MEANING_AND_STATUS",
    "individualColumns": [],
    "valueColoringMode": "HASH"
  },
  "sorting": [],
  "analysisColumnData": {},
  "explorationSampling": {
    "selection": {
      "maxStoredBytes": 104857600,
      "filter": {
        "distinct": false,
        "enabled": false
      },
      "partitionSelectionMethod": "ALL",
      "latestPartitionsN": 1,
      "samplingMethod": "HEAD_SEQUENTIAL",
      "maxRecords": 10000,
      "targetRatio": 0.02,
      "withinFirstN": -1,
      "maxReadUncompressedBytes": -1
    },
    "autoRefreshSample": false,
    "_refreshTrigger": 0
  },
  "vizSampling": {
    "autoRefreshSample": false,
    "_refreshTrigger": 0
  },
  "exploreUIParams": {
    "autoRefresh": true
  },
  "globalSearchQuery": "",
  "explorationFilters": [],
  "previewMode": "ALL_ROWS"
}