{
    "modelInputIsSparse": false, 
    "modelInputNRows": 79912, 
    "modelInputNCols": 51, 
    "modelInputMemory": 32604096, 
    "rawImportance": {
        "variables": [
            "Aspect", 
            "Cover_Type", 
            "Hillshade_3pm", 
            "Hillshade_9am", 
            "Hillshade_Noon", 
            "Horizontal_Distance_To_Fire_Points", 
            "Horizontal_Distance_To_Hydrology", 
            "Horizontal_Distance_To_Roadways", 
            "Slope", 
            "Soil_Type1", 
            "Soil_Type10", 
            "Soil_Type11", 
            "Soil_Type12", 
            "Soil_Type13", 
            "Soil_Type14", 
            "Soil_Type16", 
            "Soil_Type17", 
            "Soil_Type18", 
            "Soil_Type19", 
            "Soil_Type2", 
            "Soil_Type20", 
            "Soil_Type22", 
            "Soil_Type23", 
            "Soil_Type24", 
            "Soil_Type26", 
            "Soil_Type29", 
            "Soil_Type3", 
            "Soil_Type30", 
            "Soil_Type31", 
            "Soil_Type32", 
            "Soil_Type33", 
            "Soil_Type35", 
            "Soil_Type37", 
            "Soil_Type38", 
            "Soil_Type39", 
            "Soil_Type4", 
            "Soil_Type40", 
            "Soil_Type5", 
            "Soil_Type6", 
            "Soil_Type8", 
            "Vertical_Distance_To_Hydrology", 
            "Wilderness_Area1", 
            "Wilderness_Area2", 
            "Wilderness_Area3", 
            "Wilderness_Area4"
        ], 
        "importances": [
            0.0017942063612350844, 
            0.17756520563569836, 
            0.0017791773104556079, 
            0.0035754099471320892, 
            0.003238003883621336, 
            0.053932957541009886, 
            0.024641283266269173, 
            0.52361593795857597, 
            0.0047537225440541665, 
            0.00020442340092634349, 
            0.00030752282847648952, 
            0.0001895584901861707, 
            0.009257155979859058, 
            7.9768639224022224e-05, 
            5.9509180718693074e-06, 
            0.00045250481550175993, 
            0.00029852783711848644, 
            0.0026216557366378142, 
            0.00010495502213458912, 
            0.0001872572037697138, 
            0.0013156408065614449, 
            2.7873454190985527e-05, 
            0.00082398047227638747, 
            0.00059886351145460126, 
            2.2699925258438059e-06, 
            0.0039957568223128554, 
            7.5252550424002374e-05, 
            0.0018532238258767177, 
            0.00012963694135382579, 
            0.00063297279690107311, 
            4.7531875352446184e-05, 
            1.4210923386847271e-05, 
            3.0005980056942599e-06, 
            0.00019242067040295494, 
            0.0025699210450057185, 
            5.315364448024069e-05, 
            0.0020388408566128099, 
            0.00032943768246531692, 
            0.0018014945164424678, 
            3.0307111202950812e-07, 
            0.0079550974680324821, 
            0.00066615317163394453, 
            0.0022028715471820322, 
            0.00085759871766322951, 
            0.1632073077183859
        ]
    }
}