{
    "metrics": {
        "pearson": 0.98517892240121929, 
        "r2": 0.9704142841786535, 
        "rmse": 39.77907654884414, 
        "mape": 0.007008567076857983, 
        "mae": 19.737605711713741, 
        "mse": 1582.3749310788016, 
        "evs": 0.97042305785082428, 
        "rmsle": 0.01430494870520414
    }, 
    "scatterPlotData": {
        "y": [
            2846.9643, 
            3078.3234, 
            3189.4332, 
            2879.1491, 
            3004.5064, 
            3044.7797, 
            2754.689, 
            2712.5024, 
            2925.2182, 
            2643.3442, 
            3026.4963, 
            2989.2121, 
            2542.8459, 
            2561.7497, 
            2755.6208, 
            3164.8727, 
            2739.6733, 
            2778.1478, 
            3046.8375, 
            2997.2084, 
            2982.8394, 
            3029.7436, 
            2888.5577, 
            2614.1187, 
            3037.7712, 
            3024.8243, 
            2349.9206, 
            2955.4044, 
            2851.8066, 
            2956.8463, 
            2966.2693, 
            2975.3751, 
            2852.5818, 
            3005.3178, 
            2705.9823, 
            3063.9378, 
            2772.3289, 
            3219.2347, 
            3052.9186, 
            2970.7281, 
            2806.249, 
            2328.6912, 
            2598.8446, 
            3041.3577, 
            2833.3312, 
            2993.3009, 
            2832.9772, 
            2845.4739, 
            2890.9098, 
            2987.8831, 
            2937.8225, 
            2794.4123, 
            2938.8474, 
            2809.529, 
            2936.1623, 
            2904.4748, 
            2530.2446, 
            3181.1933, 
            3038.6934, 
            3028.7458, 
            3053.1419, 
            2966.967, 
            2676.3016, 
            3182.6704, 
            2992.4614, 
            2636.284, 
            2710.5508, 
            2394.7859, 
            2515.9127, 
            2637.736, 
            2920.748, 
            2986.5567, 
            2889.6012, 
            3014.8286, 
            2847.6642, 
            3046.8224, 
            3350.3582, 
            2622.8277, 
            2935.2167, 
            2702.0845, 
            2593.7033, 
            3152.7863, 
            3028.8782, 
            3076.6828, 
            2874.5302, 
            2721.1304, 
            2579.4625, 
            3272.3275, 
            2262.1452, 
            2989.6265, 
            2976.064, 
            3368.203, 
            2803.8536, 
            2717.343, 
            3169.409, 
            2974.3314, 
            2808.7262, 
            2702.2626, 
            2709.63, 
            2932.872, 
            3004.8378, 
            3235.0214, 
            3028.1556, 
            3024.4966, 
            2666.8293, 
            3028.8246, 
            2959.2569, 
            2911.7442, 
            2965.5657, 
            2964.9187, 
            3076.9596, 
            2958.1016, 
            3116.5773, 
            3028.7927, 
            2913.3047, 
            2957.8591, 
            2775.9235, 
            3273.7895, 
            3148.1462, 
            2948.805, 
            2958.585, 
            2998.2202, 
            3056.0866, 
            2737.4671, 
            3018.9479, 
            3005.1885, 
            2285.778, 
            3008.571, 
            2945.3746, 
            2917.7844, 
            2886.135, 
            2741.3983, 
            2931.442, 
            2803.6461, 
            2986.598, 
            2320.0793, 
            2886.8774, 
            3157.3189, 
            2988.6847, 
            2955.9402, 
            2289.1521, 
            2875.1949, 
            2766.0252, 
            2528.4973, 
            2669.0425, 
            2785.2348, 
            2754.0543, 
            2400.2463, 
            2528.3657, 
            2995.3506, 
            2979.5039, 
            2959.2748, 
            2807.9634, 
            2673.1697, 
            2681.8979, 
            2739.2034, 
            2594.4773, 
            3005.2727, 
            3096.1354, 
            2512.8155, 
            2831.0439, 
            2914.8004, 
            2951.8464, 
            2869.6049, 
            2993.8124, 
            3015.7375, 
            2470.0227, 
            2957.8115, 
            2899.4328, 
            2707.3226, 
            2994.636, 
            2732.5407, 
            2759.3675, 
            2732.0041, 
            2929.3646, 
            3023.8059, 
            2988.086, 
            2194.1361, 
            2976.6705, 
            3004.8399, 
            3008.543, 
            2777.9789, 
            2999.9227, 
            2576.3251, 
            2710.9568, 
            3029.0757, 
            2947.0493, 
            2110.1077, 
            2744.9769, 
            2759.1257, 
            2716.3679, 
            2673.0099, 
            2575.4477, 
            2924.0538, 
            3255.6049, 
            2958.0935, 
            2997.1593, 
            2783.0337, 
            2637.3211, 
            2898.4259, 
            2964.4737, 
            3016.3006, 
            2873.7676, 
            2847.4166, 
            3157.7429, 
            3242.9553, 
            2945.5789, 
            2879.1428, 
            3111.346, 
            2969.8906, 
            3202.5652, 
            2947.0444, 
            2783.7172, 
            2849.5287, 
            2668.817, 
            2959.3587, 
            2921.7822, 
            2706.9867, 
            2843.493, 
            2964.4297, 
            3005.4109, 
            3016.4248, 
            2969.0504, 
            2822.0092, 
            2991.7661, 
            2811.2265, 
            2866.556, 
            2776.0184, 
            2906.3853, 
            2961.7048, 
            2892.3861, 
            2909.1204, 
            2666.893, 
            3184.1553, 
            2766.3364, 
            2978.4961, 
            2804.2241, 
            2947.9945, 
            2828.2797, 
            2655.0129, 
            3076.023, 
            2916.7287, 
            3022.9161, 
            2916.0388, 
            2624.2458, 
            2814.5244, 
            3078.3212, 
            2736.2003, 
            3258.201, 
            2986.1248, 
            3066.5164, 
            2924.5764, 
            2245.4731, 
            3167.3577, 
            2847.8396, 
            2969.3315, 
            3008.7576, 
            3139.3869, 
            2852.2408, 
            2909.0558, 
            2859.9841, 
            2834.8778, 
            2676.261, 
            2957.6878, 
            3053.7822, 
            3118.3381, 
            3026.4571, 
            3042.9437, 
            2603.1317, 
            3030.5273, 
            2993.8829, 
            3056.5959, 
            2855.0328, 
            2743.5744, 
            2517.8923, 
            2910.469, 
            2983.9413, 
            2319.9602, 
            2613.4073, 
            3012.988, 
            2817.8352, 
            2656.3364, 
            2897.1414, 
            2549.9695, 
            2943.0097, 
            3004.8561, 
            2937.4836, 
            3071.8658, 
            2643.9219, 
            2757.4181, 
            2706.5476, 
            3018.5637, 
            3190.0349, 
            2251.9312, 
            2765.1542, 
            2536.0341, 
            2871.3034, 
            3045.8032, 
            2511.7628, 
            2906.2524, 
            2963.1034, 
            2656.2261, 
            3149.7619, 
            3059.4244, 
            2744.4233, 
            3091.683, 
            2933.356, 
            2984.4705, 
            3035.191, 
            2266.7541, 
            2720.674, 
            2833.6677, 
            2741.0185, 
            3013.6704, 
            2767.1782, 
            2980.0126, 
            2596.2636, 
            2951.7664, 
            2991.062, 
            2722.5213, 
            3164.7683, 
            2991.3986, 
            3063.774, 
            3029.8124, 
            3095.6657, 
            2902.1101, 
            2910.3677, 
            2952.4844, 
            2265.425, 
            2703.4801, 
            2803.5583, 
            3034.6887, 
            2263.9063, 
            2653.464, 
            2947.4868, 
            2910.4811, 
            2565.5798, 
            3008.6394, 
            2843.6001, 
            2883.9434, 
            2622.9344, 
            2812.7211, 
            3185.4576, 
            2866.0218, 
            2712.9642, 
            3094.8399, 
            3026.5655, 
            2943.1282, 
            3000.2486, 
            3127.8745, 
            2775.532, 
            2188.9937, 
            2891.4976, 
            2954.4046, 
            3140.1772, 
            2559.0088, 
            3024.6977, 
            2945.0259, 
            2402.229, 
            3083.2273, 
            2923.8871, 
            3024.7568, 
            3082.3638, 
            2774.7707, 
            3120.8904, 
            2631.8718, 
            2992.2555, 
            2860.6873, 
            2762.6956, 
            2809.4135, 
            2551.074, 
            2867.5707, 
            2885.5283, 
            2989.2348, 
            2651.5547, 
            3018.6705, 
            3004.2251, 
            2683.921, 
            2854.599, 
            2668.3347, 
            2939.8513, 
            2900.2374, 
            2880.8301, 
            2879.6011, 
            2853.8652, 
            2876.0427, 
            2970.1968, 
            2939.1608, 
            2942.2354, 
            3084.7309, 
            2914.1013, 
            3041.1352, 
            3042.7793, 
            3001.5087, 
            2911.5988, 
            3082.1667, 
            2145.4214, 
            3007.1449, 
            3036.7509, 
            2976.0982, 
            2632.8601, 
            2884.7041, 
            2588.728, 
            2574.0088, 
            2977.136, 
            3669.8154, 
            2740.1927, 
            2918.5402, 
            3160.0547, 
            2672.5216, 
            2971.509, 
            2664.3764, 
            2887.1518, 
            2988.7572, 
            2875.466, 
            3258.6221, 
            3012.0928, 
            2720.9044, 
            2609.5273, 
            2632.9513, 
            2949.3041, 
            3119.1228, 
            2754.561, 
            2785.092, 
            3004.2696, 
            2057.1246, 
            2971.095, 
            3039.1197, 
            2544.5275, 
            3048.9704, 
            2773.9097, 
            2532.7119, 
            2635.9591, 
            2942.5674, 
            2899.9165, 
            2286.7816, 
            2984.0609, 
            3020.665, 
            2796.0562, 
            2569.4604, 
            2697.6315, 
            2185.049, 
            2645.9086, 
            2934.5949, 
            2683.1295, 
            2923.2412, 
            2867.7305, 
            2941.4155, 
            2888.0139, 
            2801.7107, 
            2872.8997, 
            2690.5779, 
            2769.3578, 
            2697.7021, 
            2686.0008, 
            2984.4741, 
            2802.1911, 
            2558.7564, 
            2802.4255, 
            2732.0462, 
            2561.6948, 
            2913.8529, 
            2895.1512, 
            3000.6059, 
            3037.5428, 
            2979.9865, 
            2835.7356, 
            2775.8455, 
            3186.3986, 
            2760.3466, 
            3131.5637, 
            2700.4597, 
            2733.9176, 
            2942.4496, 
            3011.2657, 
            2974.077, 
            2713.5788, 
            3135.838, 
            2817.4325, 
            3006.5789, 
            2098.9176, 
            3230.6525, 
            2982.4627, 
            3005.7972, 
            2719.3448, 
            2796.9977, 
            2529.4323, 
            2797.9181, 
            3140.4207, 
            2745.9791, 
            2917.6972, 
            2714.8082, 
            2553.4934, 
            2719.0876, 
            3094.9103, 
            2958.0391, 
            2740.4057, 
            2683.001, 
            2648.751, 
            2859.7757, 
            2715.4167, 
            2970.811, 
            3074.5404, 
            2825.8145, 
            2207.386, 
            2862.6578, 
            2712.2538, 
            2723.3402, 
            3117.0607, 
            2695.6605, 
            2857.6495, 
            2868.9857, 
            3136.2525, 
            3151.1402, 
            2650.8195, 
            2947.6186, 
            2877.9123, 
            2957.4399, 
            2589.86, 
            2963.1751, 
            2853.5278, 
            2547.2635, 
            2908.0228, 
            2606.4112, 
            2637.7465, 
            2754.5755, 
            2690.8894, 
            3088.1078, 
            2774.0252, 
            2208.4588, 
            2771.4757, 
            2188.5152, 
            2997.4817, 
            2794.0751, 
            3163.8182, 
            3090.8639, 
            2830.7309, 
            3007.4089, 
            2916.8017, 
            2623.7096, 
            3090.7389, 
            2647.0382, 
            2918.4533, 
            3133.9473, 
            2861.1157, 
            2934.7646, 
            2702.0104, 
            2967.8492, 
            2317.325, 
            2660.2041, 
            3147.2292, 
            2937.244, 
            3221.435, 
            3060.2832, 
            3038.4443, 
            3016.094, 
            2997.7673, 
            2772.1058, 
            2764.5457, 
            3000.9627, 
            2826.9746, 
            2986.6892, 
            2630.4456, 
            3090.9062, 
            2732.8093, 
            2673.3, 
            3012.9417, 
            3246.7142, 
            2877.8537, 
            2908.5218, 
            2971.9993, 
            2199.5196, 
            2780.9548, 
            2616.6665, 
            2951.5905, 
            2548.0399, 
            2810.7575, 
            2739.804, 
            2824.2125, 
            2952.6319, 
            2824.7069, 
            2903.439, 
            2780.4099, 
            2745.1929, 
            2660.5431, 
            3173.1328, 
            2867.9103, 
            2944.775, 
            2882.8311, 
            2569.0987, 
            2934.7502, 
            2700.4824, 
            2890.7892, 
            2488.8807, 
            2997.1018, 
            3074.8619, 
            2821.7649, 
            2973.2596, 
            2088.8431, 
            2925.1635, 
            3018.5078, 
            2923.7736, 
            2784.6748, 
            2771.5549, 
            2865.8684, 
            2869.8285, 
            2797.2099, 
            2912.9322, 
            2136.0681, 
            3032.1081, 
            3126.0532, 
            2746.7952, 
            2825.0841, 
            3057.2716, 
            2898.0442, 
            3137.3177, 
            2339.8809, 
            2676.6838, 
            2811.1484, 
            2727.387, 
            2197.6378, 
            3366.9826, 
            3055.6557, 
            2659.8825, 
            2704.8422, 
            2981.6915, 
            2730.4837, 
            2910.3915, 
            2718.2288, 
            3013.7198, 
            2864.6403, 
            2814.3839, 
            3007.8514, 
            2945.4732, 
            2752.1492, 
            2817.8851, 
            3013.1622, 
            3230.275, 
            3101.1108, 
            2711.9603, 
            2612.4215, 
            3266.5168, 
            3072.9088, 
            2266.3207, 
            3070.9277, 
            2761.6091, 
            2790.9753, 
            2960.136, 
            2792.7309, 
            2265.0973, 
            3022.431, 
            2963.6622, 
            2868.3871, 
            2306.6101, 
            3099.2413, 
            2522.649, 
            2925.9044, 
            2340.2356, 
            2870.064, 
            2955.7006, 
            2294.7129, 
            2935.7303, 
            2800.6068, 
            2697.4923, 
            2587.8688, 
            2997.0707, 
            2896.2452, 
            3062.4498, 
            2311.6823, 
            2088.408, 
            2813.1471, 
            2939.9679, 
            3116.7385, 
            2929.2575, 
            2986.1709, 
            2826.056, 
            3013.0293, 
            2992.1253, 
            2542.7291, 
            2952.5688, 
            2189.711, 
            2779.4229, 
            2599.8491, 
            2842.2343, 
            2842.562, 
            2652.5576, 
            3168.1379, 
            2915.0539, 
            2962.4588, 
            2933.5034, 
            2843.3999, 
            2634.9466, 
            3049.9586, 
            2768.1512, 
            3020.6975, 
            2935.9599, 
            2999.0464, 
            2705.9763, 
            2641.8762, 
            2946.3096, 
            2912.4195, 
            2995.7432, 
            2874.5428, 
            2679.9757, 
            2914.6973, 
            2838.7822, 
            3087.0745, 
            2810.104, 
            2636.1463, 
            2635.2534, 
            2346.058, 
            2707.5992, 
            3007.9345, 
            2399.9411, 
            3150.9303, 
            2610.9731, 
            3174.0293, 
            2590.306, 
            2534.9208, 
            2514.4139, 
            2608.9431, 
            3217.068, 
            2693.1206, 
            2663.5397, 
            2344.0643, 
            2951.304, 
            2710.0491, 
            2888.4111, 
            2767.356, 
            2737.6179, 
            3113.9869, 
            3381.8748, 
            2705.6766, 
            3049.9597, 
            2992.3173, 
            2644.6165, 
            2945.3262, 
            3131.3876, 
            2337.6195, 
            3136.5622, 
            2725.5282, 
            2955.8534, 
            3066.1177, 
            2955.7765, 
            2952.024, 
            2668.4293, 
            3114.5043, 
            2934.0955, 
            2755.0069, 
            2771.2127, 
            3355.6172, 
            2929.0804, 
            2952.991, 
            2655.9393, 
            2741.9359, 
            3136.4307, 
            2946.3065, 
            2794.9049, 
            3034.1754, 
            2913.1031, 
            2995.6642, 
            3091.8162, 
            2701.4114, 
            2894.7205, 
            2334.7166, 
            2979.8949, 
            2949.3557, 
            2758.2805, 
            2838.9553, 
            2945.3725, 
            2710.8418, 
            2625.3225, 
            3388.5587, 
            2751.2395, 
            2720.0378, 
            2879.2197, 
            2688.6395, 
            2946.6774, 
            2544.1979, 
            2922.42, 
            2763.0433, 
            2992.9629, 
            2912.4114, 
            2736.6358, 
            2841.5696, 
            2734.477, 
            2373.8566, 
            2974.1966, 
            2695.7712, 
            2824.5111, 
            2924.6313, 
            2826.5735, 
            2709.0838, 
            2810.7622, 
            3021.6409, 
            2586.9722, 
            3122.6621, 
            2857.2279, 
            3300.0424, 
            2522.5701, 
            2625.8206, 
            2816.0157, 
            2554.3471, 
            2962.4649, 
            3112.7629, 
            2789.0957, 
            2707.7706, 
            3047.829, 
            2922.4853, 
            2978.5134, 
            2912.3857, 
            2146.8576, 
            2813.9454, 
            3048.1462, 
            2238.8384, 
            3016.6176, 
            2839.9821, 
            2861.1643, 
            2676.376, 
            2837.8783, 
            3216.465, 
            3027.6794, 
            3135.6142, 
            2707.8794, 
            2987.9817, 
            2993.1703, 
            3153.4399, 
            3190.6181, 
            3079.9232, 
            3133.5833, 
            2929.192, 
            2922.218, 
            3021.5979, 
            2851.4684, 
            3142.4983, 
            3020.8493, 
            2990.5614, 
            3377.5684, 
            2993.5606, 
            3118.9717, 
            2735.7467, 
            2727.5937, 
            2986.7935, 
            2702.8406, 
            2668.934, 
            2981.516, 
            2756.4521, 
            2888.8271, 
            2818.0375, 
            3043.3872, 
            3007.7729, 
            2922.0999, 
            2641.8814, 
            2599.3621, 
            2910.1457, 
            2826.1131, 
            2850.302, 
            3039.287, 
            2925.5659, 
            3143.2912, 
            2842.9646, 
            2846.7129, 
            3007.1368, 
            3040.5509, 
            2970.487, 
            2777.6567, 
            2986.1663, 
            2968.4399, 
            3389.7416, 
            3221.4242, 
            2949.4682, 
            2846.4679, 
            2972.4631, 
            2520.5316, 
            2587.2618, 
            2682.8677, 
            2720.6103, 
            2978.7663, 
            3061.3245, 
            2815.2653, 
            2920.3251, 
            2911.1053, 
            2735.7102, 
            2239.8203, 
            2942.4409, 
            2679.8712, 
            2662.9482, 
            3013.027, 
            2948.8155, 
            2993.535, 
            2660.8595, 
            2716.4034, 
            2539.092, 
            2784.2411, 
            2993.0358, 
            2771.056, 
            3410.9668, 
            2968.3988, 
            2877.8604, 
            2672.8979, 
            3122.4678, 
            3037.3204, 
            2976.5204, 
            2950.7654, 
            2952.3674, 
            2863.4655, 
            2993.5722, 
            2782.3199, 
            2560.5974, 
            2640.9762, 
            3042.1283, 
            2918.7001, 
            2954.5576, 
            2808.611, 
            3105.885, 
            2980.8474, 
            3034.0431, 
            2773.8139, 
            2769.36, 
            2931.0513, 
            3104.2762, 
            2258.1612, 
            2694.6406, 
            2589.8423, 
            2348.1925, 
            2784.2916, 
            3243.8426, 
            2819.3275, 
            2679.2042, 
            3146.1317, 
            2965.4716, 
            2981.2407, 
            2917.8784, 
            2753.985, 
            2331.4949, 
            2850.5287, 
            2919.67, 
            3146.6029, 
            2985.592, 
            2304.987, 
            2990.8364, 
            3026.5169, 
            3228.4264, 
            3140.6137, 
            2959.8552, 
            3050.2558, 
            2884.3495, 
            2683.7803, 
            2712.0216, 
            3221.0253, 
            2943.3396, 
            2936.3125, 
            2696.2311, 
            3035.9535, 
            3052.7917, 
            3300.6409, 
            2980.3801, 
            3027.7481, 
            2322.0421, 
            2646.3126, 
            2611.1316, 
            3036.7535, 
            2837.9363, 
            2207.902, 
            2926.7587, 
            2852.2455, 
            2911.0971, 
            2604.8851, 
            2825.3785, 
            2406.3609, 
            2500.838, 
            2953.2849, 
            3240.9608, 
            3051.1312, 
            2848.6626, 
            2747.9652, 
            2966.4069, 
            3184.7723, 
            2642.3247, 
            3080.2628, 
            2930.5665, 
            3006.7059, 
            2847.0839, 
            2716.2238, 
            2742.8133, 
            3021.609, 
            2909.2619, 
            3055.7092, 
            2935.237, 
            3033.3734, 
            2921.9709, 
            2798.3516, 
            2372.6108, 
            2993.0504, 
            2752.2405, 
            2895.6122, 
            2928.7113, 
            2800.2957, 
            2926.9391, 
            2270.6513
        ], 
        "x": [
            2845.0, 
            3077.0, 
            3198.0, 
            2873.0, 
            2878.0, 
            3044.0, 
            2779.0, 
            2706.0, 
            2923.0, 
            2643.0, 
            3014.0, 
            2991.0, 
            2545.0, 
            2556.0, 
            2762.0, 
            3211.0, 
            2736.0, 
            2784.0, 
            3132.0, 
            3002.0, 
            2985.0, 
            3024.0, 
            2890.0, 
            2603.0, 
            3221.0, 
            3037.0, 
            2397.0, 
            2978.0, 
            2794.0, 
            2959.0, 
            2972.0, 
            2975.0, 
            3011.0, 
            3008.0, 
            2697.0, 
            3054.0, 
            2799.0, 
            3228.0, 
            3057.0, 
            2970.0, 
            2854.0, 
            2337.0, 
            2579.0, 
            3044.0, 
            2795.0, 
            2991.0, 
            2856.0, 
            2846.0, 
            2886.0, 
            2987.0, 
            2927.0, 
            2624.0, 
            2929.0, 
            2825.0, 
            2926.0, 
            2892.0, 
            2507.0, 
            3182.0, 
            3047.0, 
            2966.0, 
            3050.0, 
            2959.0, 
            2697.0, 
            3182.0, 
            2995.0, 
            2629.0, 
            2707.0, 
            2376.0, 
            2514.0, 
            2638.0, 
            2914.0, 
            2995.0, 
            2834.0, 
            3021.0, 
            2840.0, 
            3044.0, 
            3375.0, 
            2637.0, 
            2935.0, 
            2704.0, 
            2590.0, 
            3276.0, 
            3054.0, 
            3096.0, 
            2871.0, 
            2720.0, 
            2582.0, 
            3270.0, 
            2257.0, 
            2995.0, 
            2913.0, 
            3386.0, 
            2801.0, 
            2727.0, 
            3168.0, 
            2968.0, 
            2798.0, 
            2700.0, 
            2726.0, 
            3042.0, 
            3001.0, 
            3161.0, 
            3057.0, 
            3096.0, 
            2668.0, 
            3086.0, 
            2972.0, 
            2914.0, 
            2959.0, 
            2968.0, 
            3129.0, 
            2975.0, 
            3103.0, 
            3070.0, 
            2913.0, 
            2971.0, 
            2797.0, 
            3247.0, 
            3159.0, 
            2968.0, 
            2968.0, 
            2987.0, 
            3064.0, 
            2667.0, 
            3014.0, 
            2988.0, 
            2318.0, 
            2879.0, 
            2972.0, 
            2919.0, 
            2893.0, 
            2720.0, 
            2926.0, 
            2801.0, 
            3004.0, 
            2507.0, 
            2890.0, 
            3231.0, 
            2985.0, 
            2957.0, 
            2308.0, 
            2860.0, 
            2824.0, 
            2521.0, 
            2618.0, 
            2775.0, 
            2733.0, 
            2488.0, 
            2514.0, 
            2997.0, 
            2955.0, 
            2959.0, 
            2840.0, 
            2680.0, 
            2689.0, 
            2745.0, 
            2593.0, 
            2998.0, 
            3195.0, 
            2501.0, 
            2827.0, 
            2913.0, 
            2934.0, 
            2859.0, 
            2998.0, 
            3021.0, 
            2477.0, 
            2901.0, 
            2902.0, 
            2707.0, 
            2998.0, 
            2728.0, 
            2758.0, 
            2724.0, 
            2926.0, 
            3021.0, 
            2985.0, 
            2281.0, 
            2978.0, 
            2983.0, 
            3014.0, 
            2778.0, 
            3004.0, 
            2575.0, 
            2713.0, 
            3037.0, 
            2959.0, 
            2040.0, 
            2745.0, 
            2764.0, 
            2718.0, 
            2679.0, 
            2583.0, 
            2926.0, 
            3254.0, 
            2970.0, 
            3004.0, 
            2760.0, 
            2631.0, 
            2894.0, 
            2952.0, 
            3011.0, 
            2850.0, 
            2851.0, 
            3162.0, 
            3260.0, 
            2959.0, 
            2887.0, 
            3109.0, 
            2908.0, 
            3237.0, 
            2985.0, 
            2796.0, 
            2842.0, 
            2658.0, 
            2968.0, 
            2909.0, 
            2707.0, 
            2838.0, 
            2959.0, 
            3001.0, 
            3021.0, 
            2968.0, 
            2826.0, 
            2991.0, 
            2816.0, 
            2868.0, 
            2781.0, 
            2908.0, 
            2962.0, 
            2874.0, 
            2772.0, 
            2670.0, 
            3188.0, 
            2767.0, 
            2959.0, 
            2802.0, 
            2951.0, 
            2790.0, 
            2657.0, 
            3149.0, 
            2908.0, 
            3031.0, 
            2911.0, 
            2633.0, 
            2797.0, 
            3064.0, 
            2736.0, 
            3272.0, 
            2995.0, 
            3083.0, 
            2900.0, 
            2247.0, 
            3182.0, 
            2853.0, 
            2959.0, 
            2988.0, 
            3146.0, 
            2883.0, 
            2913.0, 
            2765.0, 
            2827.0, 
            2669.0, 
            2957.0, 
            3225.0, 
            3205.0, 
            3044.0, 
            3050.0, 
            2596.0, 
            3034.0, 
            2969.0, 
            3057.0, 
            2838.0, 
            2686.0, 
            2504.0, 
            2876.0, 
            2988.0, 
            2473.0, 
            2609.0, 
            3011.0, 
            2812.0, 
            2660.0, 
            2884.0, 
            2566.0, 
            2945.0, 
            3004.0, 
            2959.0, 
            3142.0, 
            2648.0, 
            2776.0, 
            2695.0, 
            3014.0, 
            3201.0, 
            2233.0, 
            2768.0, 
            2524.0, 
            2857.0, 
            3054.0, 
            2527.0, 
            2906.0, 
            2949.0, 
            2659.0, 
            3124.0, 
            3103.0, 
            2758.0, 
            3100.0, 
            2897.0, 
            2972.0, 
            3034.0, 
            2352.0, 
            2702.0, 
            2816.0, 
            2729.0, 
            3014.0, 
            2758.0, 
            2942.0, 
            2586.0, 
            2962.0, 
            2991.0, 
            2726.0, 
            3178.0, 
            2988.0, 
            3096.0, 
            3031.0, 
            3093.0, 
            2892.0, 
            2912.0, 
            2952.0, 
            2244.0, 
            2713.0, 
            2823.0, 
            3031.0, 
            2245.0, 
            2659.0, 
            2945.0, 
            2920.0, 
            2555.0, 
            3044.0, 
            2845.0, 
            2881.0, 
            2620.0, 
            2792.0, 
            3191.0, 
            2779.0, 
            2718.0, 
            3123.0, 
            3070.0, 
            2926.0, 
            3001.0, 
            3129.0, 
            2776.0, 
            2101.0, 
            2895.0, 
            2965.0, 
            3078.0, 
            2560.0, 
            3027.0, 
            2957.0, 
            2433.0, 
            3100.0, 
            2919.0, 
            3027.0, 
            3083.0, 
            2781.0, 
            3119.0, 
            2649.0, 
            2991.0, 
            2840.0, 
            2764.0, 
            2811.0, 
            2554.0, 
            2870.0, 
            2883.0, 
            2998.0, 
            2661.0, 
            3011.0, 
            3004.0, 
            2698.0, 
            2857.0, 
            2693.0, 
            2939.0, 
            2901.0, 
            2892.0, 
            2955.0, 
            2863.0, 
            2854.0, 
            2975.0, 
            2959.0, 
            2922.0, 
            3139.0, 
            2913.0, 
            3047.0, 
            3064.0, 
            3004.0, 
            2909.0, 
            3077.0, 
            2127.0, 
            3008.0, 
            3031.0, 
            2972.0, 
            2611.0, 
            2883.0, 
            2604.0, 
            2599.0, 
            3011.0, 
            3481.0, 
            2738.0, 
            2940.0, 
            3162.0, 
            2683.0, 
            3011.0, 
            2579.0, 
            2888.0, 
            2991.0, 
            2870.0, 
            3248.0, 
            2991.0, 
            2720.0, 
            2598.0, 
            2624.0, 
            2949.0, 
            3142.0, 
            2767.0, 
            2802.0, 
            3006.0, 
            1993.0, 
            2955.0, 
            3041.0, 
            2547.0, 
            3064.0, 
            2771.0, 
            2599.0, 
            2644.0, 
            2955.0, 
            2837.0, 
            2325.0, 
            2991.0, 
            3021.0, 
            2798.0, 
            2580.0, 
            2621.0, 
            2190.0, 
            2647.0, 
            2929.0, 
            2688.0, 
            2929.0, 
            2850.0, 
            2919.0, 
            2893.0, 
            2818.0, 
            2866.0, 
            2628.0, 
            2769.0, 
            2703.0, 
            2658.0, 
            2995.0, 
            2758.0, 
            2565.0, 
            2644.0, 
            2743.0, 
            2494.0, 
            2913.0, 
            2882.0, 
            3001.0, 
            3037.0, 
            2962.0, 
            2833.0, 
            2756.0, 
            3175.0, 
            2759.0, 
            3152.0, 
            2759.0, 
            2747.0, 
            2856.0, 
            3008.0, 
            2968.0, 
            2710.0, 
            3208.0, 
            2853.0, 
            2943.0, 
            2094.0, 
            3228.0, 
            2985.0, 
            3011.0, 
            2718.0, 
            2799.0, 
            2504.0, 
            2755.0, 
            3218.0, 
            2743.0, 
            3027.0, 
            2714.0, 
            2556.0, 
            2715.0, 
            3103.0, 
            2948.0, 
            2724.0, 
            2670.0, 
            2647.0, 
            2821.0, 
            2717.0, 
            2965.0, 
            2934.0, 
            2828.0, 
            2182.0, 
            2862.0, 
            2727.0, 
            2853.0, 
            3119.0, 
            2696.0, 
            2950.0, 
            2873.0, 
            3136.0, 
            3227.0, 
            2655.0, 
            2945.0, 
            2886.0, 
            2969.0, 
            2588.0, 
            2957.0, 
            2868.0, 
            2552.0, 
            2907.0, 
            2550.0, 
            2621.0, 
            2784.0, 
            2671.0, 
            3083.0, 
            2772.0, 
            2183.0, 
            2768.0, 
            2245.0, 
            3008.0, 
            2788.0, 
            3172.0, 
            3135.0, 
            2850.0, 
            2978.0, 
            2906.0, 
            2644.0, 
            3093.0, 
            2629.0, 
            2909.0, 
            3149.0, 
            2857.0, 
            2926.0, 
            2703.0, 
            2970.0, 
            2443.0, 
            2657.0, 
            3182.0, 
            2936.0, 
            3228.0, 
            3057.0, 
            3041.0, 
            3022.0, 
            2995.0, 
            2757.0, 
            2767.0, 
            3001.0, 
            2825.0, 
            2998.0, 
            2619.0, 
            3090.0, 
            2744.0, 
            2681.0, 
            2991.0, 
            3260.0, 
            2880.0, 
            2906.0, 
            3037.0, 
            2190.0, 
            2777.0, 
            2612.0, 
            2939.0, 
            2541.0, 
            2813.0, 
            2738.0, 
            2857.0, 
            2945.0, 
            2807.0, 
            2913.0, 
            2770.0, 
            2734.0, 
            2659.0, 
            3195.0, 
            2876.0, 
            2936.0, 
            2883.0, 
            2572.0, 
            2939.0, 
            2707.0, 
            2887.0, 
            2544.0, 
            3001.0, 
            3080.0, 
            2824.0, 
            2972.0, 
            1989.0, 
            2929.0, 
            3011.0, 
            2928.0, 
            2789.0, 
            2773.0, 
            3035.0, 
            2884.0, 
            2787.0, 
            2913.0, 
            2140.0, 
            3018.0, 
            3136.0, 
            2739.0, 
            2798.0, 
            3064.0, 
            2903.0, 
            3139.0, 
            2376.0, 
            2681.0, 
            2819.0, 
            2746.0, 
            2187.0, 
            3377.0, 
            3080.0, 
            2642.0, 
            2704.0, 
            2975.0, 
            2738.0, 
            2942.0, 
            2724.0, 
            3021.0, 
            2857.0, 
            2808.0, 
            3004.0, 
            3014.0, 
            2750.0, 
            2824.0, 
            3018.0, 
            3237.0, 
            3084.0, 
            2722.0, 
            2611.0, 
            3267.0, 
            3073.0, 
            2269.0, 
            3057.0, 
            2769.0, 
            2799.0, 
            2959.0, 
            2767.0, 
            2188.0, 
            3024.0, 
            2952.0, 
            2877.0, 
            2208.0, 
            3184.0, 
            2521.0, 
            2929.0, 
            2286.0, 
            2824.0, 
            2959.0, 
            2384.0, 
            2936.0, 
            2755.0, 
            2696.0, 
            2597.0, 
            2991.0, 
            2824.0, 
            3067.0, 
            2411.0, 
            2036.0, 
            2808.0, 
            2998.0, 
            3116.0, 
            2909.0, 
            2985.0, 
            2827.0, 
            3008.0, 
            2991.0, 
            2557.0, 
            2968.0, 
            2269.0, 
            2732.0, 
            2579.0, 
            3050.0, 
            2841.0, 
            2649.0, 
            3178.0, 
            2917.0, 
            2902.0, 
            2936.0, 
            2850.0, 
            2665.0, 
            3057.0, 
            2772.0, 
            3001.0, 
            2937.0, 
            2978.0, 
            2715.0, 
            2642.0, 
            2947.0, 
            2922.0, 
            2995.0, 
            2823.0, 
            2646.0, 
            2919.0, 
            2843.0, 
            3083.0, 
            2898.0, 
            2637.0, 
            2636.0, 
            2334.0, 
            2708.0, 
            3008.0, 
            2396.0, 
            3159.0, 
            2589.0, 
            3178.0, 
            2590.0, 
            2511.0, 
            2504.0, 
            2606.0, 
            3224.0, 
            2715.0, 
            2674.0, 
            2334.0, 
            2958.0, 
            2717.0, 
            2886.0, 
            2747.0, 
            2730.0, 
            3119.0, 
            3398.0, 
            2707.0, 
            3050.0, 
            2998.0, 
            2649.0, 
            2941.0, 
            3129.0, 
            2356.0, 
            3156.0, 
            2727.0, 
            2955.0, 
            3064.0, 
            2965.0, 
            2945.0, 
            2690.0, 
            3126.0, 
            2916.0, 
            2741.0, 
            2760.0, 
            3350.0, 
            2919.0, 
            2923.0, 
            2674.0, 
            2765.0, 
            3208.0, 
            2942.0, 
            2791.0, 
            3047.0, 
            2913.0, 
            2988.0, 
            3094.0, 
            2703.0, 
            2889.0, 
            2381.0, 
            2982.0, 
            2959.0, 
            2796.0, 
            2818.0, 
            2950.0, 
            2680.0, 
            2575.0, 
            3407.0, 
            2752.0, 
            2723.0, 
            2873.0, 
            2691.0, 
            2991.0, 
            2547.0, 
            2917.0, 
            2760.0, 
            2991.0, 
            2913.0, 
            2733.0, 
            2821.0, 
            2708.0, 
            2378.0, 
            2975.0, 
            2690.0, 
            2830.0, 
            2913.0, 
            2824.0, 
            2711.0, 
            2785.0, 
            3027.0, 
            2581.0, 
            3123.0, 
            2860.0, 
            3255.0, 
            2524.0, 
            2619.0, 
            2818.0, 
            2563.0, 
            2965.0, 
            3132.0, 
            2762.0, 
            2701.0, 
            3050.0, 
            2929.0, 
            2975.0, 
            2916.0, 
            2123.0, 
            2823.0, 
            3037.0, 
            2233.0, 
            3014.0, 
            2835.0, 
            2854.0, 
            2676.0, 
            2841.0, 
            3218.0, 
            2899.0, 
            3290.0, 
            2711.0, 
            2992.0, 
            2985.0, 
            3168.0, 
            3182.0, 
            3093.0, 
            3205.0, 
            2929.0, 
            2919.0, 
            3011.0, 
            2846.0, 
            3146.0, 
            3025.0, 
            2975.0, 
            3368.0, 
            2995.0, 
            3129.0, 
            2730.0, 
            2731.0, 
            2991.0, 
            2700.0, 
            2666.0, 
            2978.0, 
            2753.0, 
            2887.0, 
            2825.0, 
            3050.0, 
            2998.0, 
            2874.0, 
            2644.0, 
            2657.0, 
            2906.0, 
            2840.0, 
            2853.0, 
            3050.0, 
            2929.0, 
            3052.0, 
            2837.0, 
            2851.0, 
            3001.0, 
            3162.0, 
            2978.0, 
            2783.0, 
            3004.0, 
            2962.0, 
            3410.0, 
            3218.0, 
            2942.0, 
            2880.0, 
            2975.0, 
            2522.0, 
            2587.0, 
            2686.0, 
            2720.0, 
            2978.0, 
            3077.0, 
            2795.0, 
            2818.0, 
            2913.0, 
            2737.0, 
            2225.0, 
            2938.0, 
            2676.0, 
            2657.0, 
            3011.0, 
            2932.0, 
            2991.0, 
            2650.0, 
            2716.0, 
            2534.0, 
            2772.0, 
            2991.0, 
            2778.0, 
            3467.0, 
            2972.0, 
            2870.0, 
            2670.0, 
            3116.0, 
            3054.0, 
            3181.0, 
            2953.0, 
            2955.0, 
            2852.0, 
            2991.0, 
            2780.0, 
            2566.0, 
            2634.0, 
            3047.0, 
            2911.0, 
            2929.0, 
            2807.0, 
            3109.0, 
            2982.0, 
            3044.0, 
            2738.0, 
            2821.0, 
            2949.0, 
            3116.0, 
            2227.0, 
            2695.0, 
            2514.0, 
            2326.0, 
            2804.0, 
            3242.0, 
            2813.0, 
            2676.0, 
            3155.0, 
            2972.0, 
            2978.0, 
            2909.0, 
            2750.0, 
            2312.0, 
            2850.0, 
            2916.0, 
            3152.0, 
            2978.0, 
            2358.0, 
            3008.0, 
            3014.0, 
            3231.0, 
            3149.0, 
            2932.0, 
            3064.0, 
            2840.0, 
            2687.0, 
            2711.0, 
            3331.0, 
            2919.0, 
            2926.0, 
            2625.0, 
            3047.0, 
            3103.0, 
            3294.0, 
            2982.0, 
            3024.0, 
            2241.0, 
            2639.0, 
            2625.0, 
            3057.0, 
            2835.0, 
            2240.0, 
            2906.0, 
            2857.0, 
            2885.0, 
            2593.0, 
            2827.0, 
            2476.0, 
            2486.0, 
            2970.0, 
            3469.0, 
            3083.0, 
            2840.0, 
            2766.0, 
            2942.0, 
            3198.0, 
            2653.0, 
            3086.0, 
            2922.0, 
            2997.0, 
            2848.0, 
            2717.0, 
            2728.0, 
            3024.0, 
            2949.0, 
            3060.0, 
            2934.0, 
            2875.0, 
            2923.0, 
            2823.0, 
            2364.0, 
            2995.0, 
            2747.0, 
            2894.0, 
            2936.0, 
            2803.0, 
            2919.0, 
            2436.0
        ]
    }, 
    "regression_performance": {
        "max_error": 107.39017896254464, 
        "median_error": 0.030714535063907533, 
        "error_distribution": [
            {
                "count": 592, 
                "bin_max": -74.043386423343435, 
                "bin_id": 0, 
                "bin_min": -94.404264316648664
            }, 
            {
                "count": 291, 
                "bin_max": -53.884101380466987, 
                "bin_id": 1, 
                "bin_min": -74.043386423343435
            }, 
            {
                "count": 562, 
                "bin_max": -33.724816337590532, 
                "bin_id": 2, 
                "bin_min": -53.884101380466987
            }, 
            {
                "count": 1932, 
                "bin_max": -13.565531294714077, 
                "bin_id": 3, 
                "bin_min": -33.724816337590532
            }, 
            {
                "count": 11251, 
                "bin_max": 6.5937537481623849, 
                "bin_id": 4, 
                "bin_min": -13.565531294714077
            }, 
            {
                "count": 3569, 
                "bin_max": 26.753038791038833, 
                "bin_id": 5, 
                "bin_min": 6.5937537481623849
            }, 
            {
                "count": 722, 
                "bin_max": 46.912323833915281, 
                "bin_id": 6, 
                "bin_min": 26.753038791038833
            }, 
            {
                "count": 374, 
                "bin_max": 67.071608876791743, 
                "bin_id": 7, 
                "bin_min": 46.912323833915281
            }, 
            {
                "count": 249, 
                "bin_max": 87.230893919668205, 
                "bin_id": 8, 
                "bin_min": 67.071608876791743
            }, 
            {
                "count": 546, 
                "bin_max": 107.39017896254464, 
                "bin_id": 9, 
                "bin_min": 87.230893919668205
            }
        ], 
        "min_error": -94.202671466219897, 
        "average_error": 0.6606853840796343, 
        "std_error": 30.44994760384172, 
        "p75_error": 7.6271485466728564, 
        "p90_error": 24.876722686141349, 
        "p25_error": -7.6382010357154968
    }
}