{
    "trainingTime": 31824, 
    "state": "DONE", 
    "startTime": 1493927363746, 
    "preprocessingTime": 1408, 
    "progress": {
        "top_level_todo": [], 
        "stack": [], 
        "top_level_done": [
            {
                "name": "Loading train set", 
                "time": 700
            }, 
            {
                "name": "Loading test set", 
                "time": 117
            }, 
            {
                "name": "Collecting statistics", 
                "time": 183
            }, 
            {
                "name": "Preprocessing train set", 
                "time": 283
            }, 
            {
                "name": "Preprocessing test set", 
                "time": 121
            }, 
            {
                "name": "Fitting model", 
                "time": 31414
            }, 
            {
                "name": "Saving model", 
                "time": 54
            }, 
            {
                "name": "Scoring model", 
                "time": 356
            }
        ]
    }, 
    "endTime": 1493927396978, 
    "modelId": "NA"
}