{
    "gridSize": 3, 
    "nThreads": 4, 
    "metric": "R2", 
    "gridPoints": [
        {
            "index": 0, 
            "finishedAt": 1525695858408.0, 
            "score": -0.0032426412586572507, 
            "parameters": {
                "alpha": 0.1
            }, 
            "time": 39650.0
        }, 
        {
            "index": 1, 
            "finishedAt": 1525695864791.0, 
            "score": -0.0087652141790379254, 
            "parameters": {
                "alpha": 1.0
            }, 
            "time": 25857.0
        }, 
        {
            "index": 2, 
            "finishedAt": 1525695869206.0, 
            "score": -0.017040095152117289, 
            "parameters": {
                "alpha": 3.0
            }, 
            "time": 18107.0
        }
    ], 
    "startedAt": 1525695844409, 
    "nSplits": 3
}