[
    {
        "parameters": {
            "alpha": 0.1
        }, 
        "score_time": 144, 
        "test_score": -0.015497456453755554, 
        "fit_time": 13348, 
        "num_samples": 101009, 
        "best_iteration": null, 
        "train_score": 0.019878424696474273, 
        "parameter_id": 0, 
        "time": 13492, 
        "done_at": 1525695858408, 
        "grid_point_id": "{\"alpha\": 0.1}@2"
    }, 
    {
        "parameters": {
            "alpha": 0.1
        }, 
        "score_time": 121, 
        "test_score": -0.006026404166698196, 
        "fit_time": 12764, 
        "num_samples": 101010, 
        "best_iteration": null, 
        "train_score": 0.03376085412081897, 
        "parameter_id": 0, 
        "time": 12885, 
        "done_at": 1525695857737, 
        "grid_point_id": "{\"alpha\": 0.1}@0"
    }, 
    {
        "parameters": {
            "alpha": 0.1
        }, 
        "score_time": 195, 
        "test_score": 0.011795964404035186, 
        "fit_time": 13078, 
        "num_samples": 101009, 
        "best_iteration": null, 
        "train_score": 0.03385174022500259, 
        "parameter_id": 0, 
        "time": 13273, 
        "done_at": 1525695858132, 
        "grid_point_id": "{\"alpha\": 0.1}@1"
    }, 
    {
        "parameters": {
            "alpha": 1.0
        }, 
        "score_time": 274, 
        "test_score": -0.010570549164620191, 
        "fit_time": 13059, 
        "num_samples": 101010, 
        "best_iteration": null, 
        "train_score": 0.025383955395044344, 
        "parameter_id": 1, 
        "time": 13333, 
        "done_at": 1525695858474, 
        "grid_point_id": "{\"alpha\": 1.0}@0"
    }, 
    {
        "parameters": {
            "alpha": 1.0
        }, 
        "score_time": 141, 
        "test_score": 0.013502809769369795, 
        "fit_time": 6194, 
        "num_samples": 101009, 
        "best_iteration": null, 
        "train_score": 0.02557687913983331, 
        "parameter_id": 1, 
        "time": 6335, 
        "done_at": 1525695864446, 
        "grid_point_id": "{\"alpha\": 1.0}@1"
    }, 
    {
        "parameters": {
            "alpha": 1.0
        }, 
        "score_time": 149, 
        "test_score": -0.029228123597703437, 
        "fit_time": 6040, 
        "num_samples": 101009, 
        "best_iteration": null, 
        "train_score": 0.014947765462807294, 
        "parameter_id": 1, 
        "time": 6189, 
        "done_at": 1525695864791, 
        "grid_point_id": "{\"alpha\": 1.0}@2"
    }, 
    {
        "parameters": {
            "alpha": 3.0
        }, 
        "score_time": 124, 
        "test_score": 0.008761300066176925, 
        "fit_time": 6521, 
        "num_samples": 101009, 
        "best_iteration": null, 
        "train_score": 0.014996960272170123, 
        "parameter_id": 2, 
        "time": 6645, 
        "done_at": 1525695865455, 
        "grid_point_id": "{\"alpha\": 3.0}@1"
    }, 
    {
        "parameters": {
            "alpha": 3.0
        }, 
        "score_time": 239, 
        "test_score": -0.016475203308956354, 
        "fit_time": 6726, 
        "num_samples": 101010, 
        "best_iteration": null, 
        "train_score": 0.014833290331090043, 
        "parameter_id": 2, 
        "time": 6965, 
        "done_at": 1525695865772, 
        "grid_point_id": "{\"alpha\": 3.0}@0"
    }, 
    {
        "parameters": {
            "alpha": 3.0
        }, 
        "score_time": 70, 
        "test_score": -0.04340638780606265, 
        "fit_time": 4427, 
        "num_samples": 101009, 
        "best_iteration": null, 
        "train_score": 0.008777540417039265, 
        "parameter_id": 2, 
        "time": 4497, 
        "done_at": 1525695869206, 
        "grid_point_id": "{\"alpha\": 3.0}@2"
    }
]