{
  "state": "DONE",
  "preSearchDescription": {
    "gridLength": 3,
    "importantParams": [
      {
        "name": "alpha",
        "vals": [
          "0.1",
          "1.0",
          "3.0"
        ]
      }
    ]
  },
  "postSearchDescription": {
    "importantParams": [
      {
        "name": "alpha",
        "val": "0.1"
      }
    ]
  },
  "modelId": "m1",
  "progress": {
    "top_level_todo": [],
    "stack": [],
    "top_level_done": [
      {
        "name": "Loading train set",
        "time": 2486
      },
      {
        "name": "Loading test set",
        "time": 820
      },
      {
        "name": "Collecting statistics",
        "time": 1202
      },
      {
        "name": "Preprocessing train set",
        "time": 2281
      },
      {
        "name": "Preprocessing test set",
        "time": 580
      },
      {
        "name": "Grid searching",
        "time": 26762
      },
      {
        "name": "Fitting model",
        "time": 5607
      },
      {
        "name": "Saving model",
        "time": 4
      },
      {
        "name": "Scoring model",
        "time": 5500
      }
    ]
  },
  "startTime": 1525695835610,
  "endTime": 1525695880922,
  "preprocessingTime": 7375,
  "trainingTime": 37937
}