{
  "type": "prediction_scoring",
  "neverRecomputeExistingPartitions": false,
  "optionalDependencies": false,
  "customMeta": {
    "kv": {}
  },
  "redispatchPartitioning": false,
  "inputs": {
    "model": {
      "items": [
        {
          "ref": "tC6aRUp2",
          "deps": []
        }
      ]
    },
    "main": {
      "items": [
        {
          "ref": "to_score",
          "deps": []
        }
      ]
    }
  },
  "outputs": {
    "main": {
      "items": [
        {
          "ref": "scored",
          "appendMode": false
        }
      ]
    }
  },
  "versionTag": {
    "versionNumber": 1,
    "lastModifiedBy": {
      "login": "admin"
    },
    "lastModifiedOn": 1493821649938
  },
  "creationTag": {
    "versionNumber": 0,
    "lastModifiedBy": {
      "login": "admin"
    },
    "lastModifiedOn": 1493821636073
  },
  "tags": [],
  "checklists": {
    "checklists": []
  }
}