{
  "state": "DONE",
  "preSearchDescription": {
    "gridLength": 1,
    "importantParams": []
  },
  "postSearchDescription": {
    "importantParams": [
      {
        "name": "layer_sizes",
        "val": "[10]"
      },
      {
        "name": "activation",
        "val": "relu"
      },
      {
        "name": "alpha",
        "val": "0.001"
      },
      {
        "name": "solver",
        "val": "adam"
      }
    ]
  },
  "modelId": "m1",
  "progress": {
    "top_level_todo": [],
    "stack": [],
    "top_level_done": [
      {
        "name": "Loading train set",
        "time": 1214
      },
      {
        "name": "Loading test set",
        "time": 279
      },
      {
        "name": "Collecting statistics",
        "time": 372
      },
      {
        "name": "Preprocessing train set",
        "time": 561
      },
      {
        "name": "Preprocessing test set",
        "time": 249
      },
      {
        "name": "Fitting model",
        "time": 13311
      },
      {
        "name": "Saving model",
        "time": 8
      },
      {
        "name": "Scoring model",
        "time": 227
      }
    ]
  },
  "startTime": 1523122465293,
  "endTime": 1523122481526,
  "preprocessingTime": 2679,
  "trainingTime": 13554
}