{
  "state": "FAILED",
  "failure": {
    "errorType": "com.dataiku.common.server.APIError$APIErrorException",
    "message": "All the n_labels for individual classes are less than 3 folds.",
    "detailedMessage": "All the n_labels for individual classes are less than 3 folds.",
    "stackTraceStr": "com.dataiku.common.server.APIError$APIErrorException: All the n_labels for individual classes are less than 3 folds.\n\tat com.dataiku.common.rpc.InternalAPIClient.handleStringResp(InternalAPIClient.java:629)\n\tat com.dataiku.common.rpc.InternalAPIClient.postFormToString(InternalAPIClient.java:435)\n\tat com.dataiku.dip.analysis.coreservices.AnalysisMLKernel.executeCommand(AnalysisMLKernel.java:103)\n\tat com.dataiku.dip.analysis.ml.prediction.PyRegularNoSavePredictionHandler$TrainAdditionalThread.process(PyRegularNoSavePredictionHandler.java:118)\n\tat com.dataiku.dip.analysis.ml.shared.PRNSTrainThread.run(PRNSTrainThread.java:66)\n",
    "stackTrace": [
      {
        "file": "InternalAPIClient.java",
        "line": 629,
        "function": "com.dataiku.common.rpc.InternalAPIClient.handleStringResp"
      },
      {
        "file": "InternalAPIClient.java",
        "line": 435,
        "function": "com.dataiku.common.rpc.InternalAPIClient.postFormToString"
      },
      {
        "file": "AnalysisMLKernel.java",
        "line": 103,
        "function": "com.dataiku.dip.analysis.coreservices.AnalysisMLKernel.executeCommand"
      },
      {
        "file": "PyRegularNoSavePredictionHandler.java",
        "line": 118,
        "function": "com.dataiku.dip.analysis.ml.prediction.PyRegularNoSavePredictionHandler$TrainAdditionalThread.process"
      },
      {
        "file": "PRNSTrainThread.java",
        "line": 66,
        "function": "com.dataiku.dip.analysis.ml.shared.PRNSTrainThread.run"
      }
    ]
  },
  "preSearchDescription": {
    "gridLength": 3,
    "importantParams": [
      {
        "name": "alpha",
        "vals": [
          "0.1",
          "1.0",
          "3.0"
        ]
      }
    ]
  },
  "modelId": "m1",
  "progress": {
    "top_level_todo": [
      "Saving model",
      "Scoring model"
    ],
    "stack": [
      {
        "name": "Fitting model",
        "target": 0.0,
        "cur": 0.0,
        "important": false,
        "depth": 0,
        "startTimestamp": 0,
        "msSinceStart": 0
      }
    ],
    "top_level_done": [
      {
        "name": "Loading train set",
        "time": 165
      },
      {
        "name": "Loading test set",
        "time": 56
      },
      {
        "name": "Collecting statistics",
        "time": 118
      },
      {
        "name": "Preprocessing train set",
        "time": 549
      },
      {
        "name": "Preprocessing test set",
        "time": 80
      }
    ]
  },
  "startTime": 1493903739253,
  "endTime": 0,
  "preprocessingTime": 0,
  "trainingTime": 0
}