{
  "state": "DONE",
  "preSearchDescription": {
    "gridLength": 1,
    "importantParams": [
      {
        "name": "max_depth",
        "vals": [
          "5"
        ]
      },
      {
        "name": "min_samples",
        "vals": [
          "1"
        ]
      },
      {
        "name": "criterion",
        "vals": [
          "gini"
        ]
      }
    ]
  },
  "postSearchDescription": {
    "importantParams": [
      {
        "name": "criterion",
        "val": "gini"
      },
      {
        "name": "max_depth",
        "val": "5"
      },
      {
        "name": "min_samples",
        "val": "1"
      }
    ]
  },
  "modelId": "m1",
  "progress": {
    "top_level_todo": [],
    "stack": [],
    "top_level_done": [
      {
        "name": "Loading train set",
        "time": 346
      },
      {
        "name": "Loading test set",
        "time": 102
      },
      {
        "name": "Collecting statistics",
        "time": 398
      },
      {
        "name": "Preprocessing train set",
        "time": 853
      },
      {
        "name": "Preprocessing test set",
        "time": 234
      },
      {
        "name": "Fitting model",
        "time": 85
      },
      {
        "name": "Saving model",
        "time": 2
      },
      {
        "name": "Scoring model",
        "time": 9556
      }
    ]
  },
  "startTime": 1493821288931,
  "endTime": 1493821300546,
  "preprocessingTime": 1970,
  "trainingTime": 9645
}