{
    "featureNames": [
        "dummy:Phrase_delimited:N/A", 
        "dummy:Phrase_delimited:__Others__"
    ], 
    "tree": {
        "rightChild": [
            -1
        ], 
        "impurity": [
            0.6616194087611151
        ], 
        "probas": [
            [
                0.045613299240988246, 
                0.50665042709534835, 
                0.21247489453688992, 
                0.059381982141848894, 
                0.17587939698492464
            ]
        ], 
        "feature": [
            -2
        ], 
        "leftChild": [
            -1
        ], 
        "threshold": [
            -2.0
        ], 
        "nSamples": [
            123977
        ]
    }
}