{
    "per_feature": {
        "AwayTeam": {
            "stats": {
                "mostFrequentValue": "Bologna", 
                "leastFrequentValue": "Cesena"
            }, 
            "category_possible_counts": [
                63, 
                63, 
                63, 
                63, 
                62, 
                61, 
                61, 
                61, 
                61, 
                60, 
                60, 
                59, 
                59, 
                57, 
                52, 
                47, 
                45, 
                32, 
                31, 
                30, 
                30, 
                29, 
                18, 
                16, 
                16, 
                15
            ], 
            "category_possible_values": [
                "Bologna", 
                "Roma", 
                "Lazio", 
                "Sampdoria", 
                "Fiorentina", 
                "Udinese", 
                "Inter", 
                "Juventus", 
                "Napoli", 
                "Genoa", 
                "Chievo", 
                "Milan", 
                "Catania", 
                "Cagliari", 
                "Palermo", 
                "Atalanta", 
                "Parma", 
                "Bari", 
                "Livorno", 
                "Lecce", 
                "Torino", 
                "Siena", 
                "Verona", 
                "Brescia", 
                "Sassuolo", 
                "Reggina"
            ]
        }, 
        "WHD": {
            "stats": {}, 
            "missing_impute_with_value": ""
        }, 
        "IWD": {
            "stats": {}, 
            "missing_impute_with_value": ""
        }, 
        "WHA": {
            "stats": {}, 
            "missing_impute_with_value": ""
        }, 
        "IWA": {
            "stats": {}, 
            "missing_impute_with_value": ""
        }, 
        "WHH": {
            "stats": {}, 
            "missing_impute_with_value": ""
        }, 
        "IWH": {
            "stats": {}, 
            "missing_impute_with_value": ""
        }, 
        "LBA": {
            "stats": {}, 
            "missing_impute_with_value": ""
        }, 
        "BWA": {
            "stats": {}, 
            "missing_impute_with_value": ""
        }, 
        "BWD": {
            "stats": {}, 
            "missing_impute_with_value": ""
        }, 
        "LBD": {
            "stats": {}, 
            "missing_impute_with_value": ""
        }, 
        "BWH": {
            "stats": {}, 
            "missing_impute_with_value": ""
        }, 
        "LBH": {
            "stats": {}, 
            "missing_impute_with_value": ""
        }, 
        "VCA": {
            "stats": {}, 
            "missing_impute_with_value": ""
        }, 
        "FTR": {
            "stats": {}
        }, 
        "VCD": {
            "stats": {}, 
            "missing_impute_with_value": ""
        }, 
        "VCH": {
            "stats": {}, 
            "missing_impute_with_value": ""
        }, 
        "Date": {
            "stats": {}
        }, 
        "ID": {
            "stats": {}
        }, 
        "B365H": {
            "stats": {}, 
            "missing_impute_with_value": ""
        }, 
        "HomeTeam": {
            "stats": {
                "mostFrequentValue": "Sampdoria", 
                "leastFrequentValue": "Brescia"
            }, 
            "category_possible_counts": [
                66, 
                65, 
                63, 
                63, 
                63, 
                63, 
                62, 
                62, 
                62, 
                62, 
                61, 
                60, 
                59, 
                54, 
                46, 
                43, 
                41, 
                33, 
                32, 
                30, 
                29, 
                27, 
                18, 
                18, 
                18, 
                14
            ], 
            "category_possible_values": [
                "Sampdoria", 
                "Lazio", 
                "Chievo", 
                "Napoli", 
                "Inter", 
                "Genoa", 
                "Udinese", 
                "Cagliari", 
                "Roma", 
                "Milan", 
                "Juventus", 
                "Catania", 
                "Bologna", 
                "Fiorentina", 
                "Atalanta", 
                "Parma", 
                "Palermo", 
                "Bari", 
                "Livorno", 
                "Siena", 
                "Lecce", 
                "Torino", 
                "Reggina", 
                "Verona", 
                "Sassuolo", 
                "Cesena"
            ]
        }, 
        "B365D": {
            "stats": {}, 
            "missing_impute_with_value": ""
        }, 
        "B365A": {
            "stats": {}, 
            "missing_impute_with_value": ""
        }
    }, 
    "feature_order": [
        "AwayTeam", 
        "WHD", 
        "IWD", 
        "WHA", 
        "IWA", 
        "WHH", 
        "IWH", 
        "LBA", 
        "BWA", 
        "BWD", 
        "LBD", 
        "BWH", 
        "LBH", 
        "VCA", 
        "FTR", 
        "VCD", 
        "VCH", 
        "Date", 
        "ID", 
        "B365H", 
        "HomeTeam", 
        "B365D", 
        "B365A"
    ]
}