{
    "details": {
        "AwayTeam": {
            "levels": [
                "Bologna", 
                "Roma", 
                "Lazio", 
                "Sampdoria", 
                "Fiorentina", 
                "Udinese", 
                "Inter", 
                "Juventus", 
                "Napoli", 
                "Genoa", 
                "Chievo", 
                "Milan", 
                "Catania", 
                "Cagliari", 
                "Palermo", 
                "Atalanta", 
                "Parma", 
                "Bari", 
                "Livorno", 
                "Lecce", 
                "Torino", 
                "Siena", 
                "Verona", 
                "Brescia", 
                "Sassuolo", 
                "Reggina"
            ], 
            "with_others": false
        }, 
        "HomeTeam": {
            "levels": [
                "Sampdoria", 
                "Lazio", 
                "Chievo", 
                "Napoli", 
                "Inter", 
                "Genoa", 
                "Udinese", 
                "Cagliari", 
                "Roma", 
                "Milan", 
                "Juventus", 
                "Catania", 
                "Bologna", 
                "Fiorentina", 
                "Atalanta", 
                "Parma", 
                "Palermo", 
                "Bari", 
                "Livorno", 
                "Siena", 
                "Lecce", 
                "Torino", 
                "Reggina", 
                "Verona", 
                "Sassuolo", 
                "Cesena"
            ], 
            "with_others": false
        }
    }
}