{
    "per_feature": {
        "Intl_Plan": {
            "stats": {
                "mostFrequentValue": "no", 
                "leastFrequentValue": "yes"
            }, 
            "category_possible_values": [
                "no", 
                "yes"
            ]
        }, 
        "VMail_Plan": {
            "stats": {
                "mostFrequentValue": "no", 
                "leastFrequentValue": "yes"
            }, 
            "category_possible_values": [
                "no", 
                "yes"
            ]
        }, 
        "Eve_Mins": {
            "stats": {
                "std": 51.32470383708184, 
                "p99": 321.16, 
                "min": 42.5, 
                "max": 363.7, 
                "average": 200.98421052631596, 
                "median": 200.9
            }, 
            "missing_impute_with_value": 200.98421052631596
        }, 
        "Night_Calls": {
            "stats": {
                "std": 19.445993891556185, 
                "p99": 145.0, 
                "min": 38.0, 
                "max": 166.0, 
                "average": 100.48378522062733, 
                "median": 101.0
            }, 
            "missing_impute_with_value": 100.48378522062733
        }, 
        "Eve_Calls": {
            "stats": {
                "std": 19.89075900001456, 
                "p99": 146.20000000000005, 
                "min": 37.0, 
                "max": 170.0, 
                "average": 100.25518341307814, 
                "median": 101.0
            }, 
            "missing_impute_with_value": 100.25518341307814
        }, 
        "VMail_Message": {
            "stats": {
                "std": 13.93330629167184, 
                "p99": 43.0, 
                "min": 0.0, 
                "max": 51.0, 
                "average": 8.424774056353003, 
                "median": 0.0
            }, 
            "missing_impute_with_value": 8.424774056353003
        }, 
        "Intl_Calls": {
            "stats": {
                "std": 2.429079688589665, 
                "p99": 12.200000000000045, 
                "min": 0.0, 
                "max": 18.0, 
                "average": 4.457203615098352, 
                "median": 4.0
            }, 
            "missing_impute_with_value": 4.457203615098352
        }, 
        "CustServ_Calls": {
            "stats": {
                "std": 1.3323304195809964, 
                "p99": 6.0, 
                "min": 0.0, 
                "max": 9.0, 
                "average": 1.569377990430622, 
                "median": 1.0
            }, 
            "missing_impute_with_value": 1.569377990430622
        }, 
        "Account_Length": {
            "stats": {
                "std": 39.78671029225668, 
                "p99": 195.20000000000005, 
                "min": 1.0, 
                "max": 232.0, 
                "average": 100.60180754917597, 
                "median": 99.0
            }, 
            "missing_impute_with_value": 100.60180754917597
        }, 
        "Area_Code": {
            "stats": {
                "mostFrequentValue": "415", 
                "leastFrequentValue": "510"
            }, 
            "category_possible_values": [
                "415", 
                "408", 
                "510"
            ]
        }, 
        "Day_Mins": {
            "stats": {
                "std": 54.85789000237614, 
                "p99": 304.16, 
                "min": 2.6, 
                "max": 350.8, 
                "average": 178.35986177565147, 
                "median": 179.1
            }, 
            "missing_impute_with_value": 178.35986177565147
        }, 
        "Intl_Mins": {
            "stats": {
                "std": 2.7723090191616966, 
                "p99": 16.9, 
                "min": 0.0, 
                "max": 18.9, 
                "average": 10.226581605528978, 
                "median": 10.3
            }, 
            "missing_impute_with_value": 10.226581605528978
        }, 
        "Eve_Charge": {
            "stats": {
                "std": 4.3625934688512435, 
                "p99": 27.302000000000007, 
                "min": 3.61, 
                "max": 30.91, 
                "average": 17.083896863370555, 
                "median": 17.08
            }, 
            "missing_impute_with_value": 17.083896863370555
        }, 
        "Phone": {
            "stats": {}
        }, 
        "State": {
            "stats": {
                "mostFrequentValue": "WV", 
                "leastFrequentValue": "CA"
            }, 
            "category_possible_values": [
                "WV", 
                "MN", 
                "AL", 
                "VA", 
                "NY", 
                "TX", 
                "WY", 
                "ND", 
                "OH", 
                "WI", 
                "VT", 
                "CT", 
                "MI", 
                "NV", 
                "KS", 
                "MA", 
                "TN", 
                "ID", 
                "FL", 
                "NJ", 
                "CO", 
                "MS", 
                "NC", 
                "RI", 
                "MD", 
                "UT", 
                "OR", 
                "MO", 
                "MT", 
                "NM", 
                "WA", 
                "SC", 
                "ME", 
                "GA", 
                "AZ", 
                "AK", 
                "IN", 
                "NH", 
                "SD", 
                "HI", 
                "NE", 
                "OK", 
                "PA", 
                "IA", 
                "DE", 
                "AR", 
                "DC"
            ]
        }, 
        "Night_Mins": {
            "stats": {
                "std": 51.05699950032713, 
                "p99": 320.8, 
                "min": 23.2, 
                "max": 395.0, 
                "average": 200.48032961190876, 
                "median": 200.5
            }, 
            "missing_impute_with_value": 200.48032961190876
        }, 
        "Day_Calls": {
            "stats": {
                "std": 20.31814932151361, 
                "p99": 146.0, 
                "min": 30.0, 
                "max": 165.0, 
                "average": 100.1217437533227, 
                "median": 100.0
            }, 
            "missing_impute_with_value": 100.1217437533227
        }, 
        "Intl_Charge": {
            "stats": {
                "std": 0.7484919147737076, 
                "p99": 4.56, 
                "min": 0.0, 
                "max": 5.1, 
                "average": 2.7617597022860214, 
                "median": 2.78
            }, 
            "missing_impute_with_value": 2.7617597022860214
        }, 
        "Churn": {
            "stats": {}
        }, 
        "Night_Charge": {
            "stats": {
                "std": 2.2976128249938683, 
                "p99": 14.434000000000001, 
                "min": 1.04, 
                "max": 17.77, 
                "average": 9.021642743221674, 
                "median": 9.02
            }, 
            "missing_impute_with_value": 9.021642743221674
        }, 
        "Day_Charge": {
            "stats": {
                "std": 9.32583825278429, 
                "p99": 51.70400000000001, 
                "min": 0.44, 
                "max": 59.64, 
                "average": 30.321765018607106, 
                "median": 30.45
            }, 
            "missing_impute_with_value": 30.321765018607106
        }
    }, 
    "feature_order": [
        "Intl_Plan", 
        "VMail_Plan", 
        "Eve_Mins", 
        "Night_Calls", 
        "Eve_Calls", 
        "VMail_Message", 
        "Intl_Calls", 
        "CustServ_Calls", 
        "Account_Length", 
        "Area_Code", 
        "Day_Mins", 
        "Intl_Mins", 
        "Eve_Charge", 
        "Phone", 
        "State", 
        "Night_Mins", 
        "Day_Calls", 
        "Intl_Charge", 
        "Churn", 
        "Night_Charge", 
        "Day_Charge"
    ]
}