{
    "trainingTime": 807, 
    "state": "DONE", 
    "startTime": 1493902673788, 
    "preprocessingTime": 215, 
    "progress": {
        "top_level_todo": [], 
        "stack": [], 
        "top_level_done": [
            {
                "name": "Loading train set", 
                "time": 62
            }, 
            {
                "name": "Loading test set", 
                "time": 6
            }, 
            {
                "name": "Collecting statistics", 
                "time": 59
            }, 
            {
                "name": "Preprocessing train set", 
                "time": 52
            }, 
            {
                "name": "Preprocessing test set", 
                "time": 34
            }, 
            {
                "name": "Fitting model", 
                "time": 324
            }, 
            {
                "name": "Saving model", 
                "time": 18
            }, 
            {
                "name": "Scoring model", 
                "time": 465
            }
        ]
    }, 
    "endTime": 1493902674810, 
    "modelId": "NA"
}