{
    "rawImportance": {
        "variables": [
            "dummy:AwayTeam:Juventus", 
            "dummy:WHD:3.25", 
            "dummy:IWA:N/A", 
            "dummy:WHH:5", 
            "dummy:LBA:1.66", 
            "dummy:BWA:1.95", 
            "dummy:BWA:2", 
            "dummy:LBD:2.88", 
            "dummy:LBH:3.5", 
            "dummy:VCH:3.75", 
            "dummy:B365H:3.1", 
            "dummy:B365H:3.4", 
            "dummy:HomeTeam:Chievo", 
            "dummy:B365D:3.25"
        ], 
        "importances": [
            0.14820632763755692, 
            0.024929974469683605, 
            0.033239965959578149, 
            0.11398583339379813, 
            0.033239965959578149, 
            0.025968723405920428, 
            0.054561654650755007, 
            0.045059767519738711, 
            0.11349713585853995, 
            0.061591701630983084, 
            0.10744482270350542, 
            0.060980672844961233, 
            0.10553642650132482, 
            0.071757027464076348
        ]
    }, 
    "probaAware": true, 
    "modelInputNRows": 1228, 
    "modelInputNCols": 1504, 
    "modelInputMemory": 14775296, 
    "modelInputIsSparse": false
}