{
    "usedGridSearch": true, 
    "probaAware": true, 
    "gridSize": 12, 
    "rawImportance": {
        "variables": [], 
        "importances": []
    }, 
    "modelInputNRows": 123977, 
    "modelInputNCols": 2, 
    "modelInputMemory": 1983632, 
    "gridCells": [
        {
            "score": 0.5, 
            "params": {
                "max_features": "auto", 
                "min_samples_split": 3, 
                "n_estimators": 100, 
                "max_depth": 5, 
                "min_samples_leaf": 1
            }
        }, 
        {
            "score": 0.5, 
            "params": {
                "max_features": "auto", 
                "min_samples_split": 3, 
                "n_estimators": 100, 
                "max_depth": 10, 
                "min_samples_leaf": 1
            }
        }, 
        {
            "score": 0.5, 
            "params": {
                "max_features": "auto", 
                "min_samples_split": 3, 
                "n_estimators": 100, 
                "max_depth": 15, 
                "min_samples_leaf": 1
            }
        }, 
        {
            "score": 0.5, 
            "params": {
                "max_features": "auto", 
                "min_samples_split": 3, 
                "n_estimators": 100, 
                "max_depth": 20, 
                "min_samples_leaf": 1
            }
        }, 
        {
            "score": 0.5, 
            "params": {
                "max_features": "auto", 
                "min_samples_split": 30, 
                "n_estimators": 100, 
                "max_depth": 5, 
                "min_samples_leaf": 10
            }
        }, 
        {
            "score": 0.5, 
            "params": {
                "max_features": "auto", 
                "min_samples_split": 30, 
                "n_estimators": 100, 
                "max_depth": 10, 
                "min_samples_leaf": 10
            }
        }, 
        {
            "score": 0.5, 
            "params": {
                "max_features": "auto", 
                "min_samples_split": 30, 
                "n_estimators": 100, 
                "max_depth": 15, 
                "min_samples_leaf": 10
            }
        }, 
        {
            "score": 0.5, 
            "params": {
                "max_features": "auto", 
                "min_samples_split": 30, 
                "n_estimators": 100, 
                "max_depth": 20, 
                "min_samples_leaf": 10
            }
        }, 
        {
            "score": 0.5, 
            "params": {
                "max_features": "auto", 
                "min_samples_split": 300, 
                "n_estimators": 100, 
                "max_depth": 5, 
                "min_samples_leaf": 100
            }
        }, 
        {
            "score": 0.5, 
            "params": {
                "max_features": "auto", 
                "min_samples_split": 300, 
                "n_estimators": 100, 
                "max_depth": 10, 
                "min_samples_leaf": 100
            }
        }, 
        {
            "score": 0.5, 
            "params": {
                "max_features": "auto", 
                "min_samples_split": 300, 
                "n_estimators": 100, 
                "max_depth": 15, 
                "min_samples_leaf": 100
            }
        }, 
        {
            "score": 0.5, 
            "params": {
                "max_features": "auto", 
                "min_samples_split": 300, 
                "n_estimators": 100, 
                "max_depth": 20, 
                "min_samples_leaf": 100
            }
        }
    ], 
    "gridBestScore": 0.5, 
    "modelInputIsSparse": false
}