{
  "state": "DONE",
  "preSearchDescription": {
    "gridLength": 12,
    "importantParams": [
      {
        "name": "trees",
        "vals": [
          "100"
        ]
      },
      {
        "name": "depth",
        "vals": [
          "5",
          "10",
          "15",
          "20"
        ]
      },
      {
        "name": "min_samples",
        "vals": [
          "1",
          "10",
          "100"
        ]
      }
    ]
  },
  "postSearchDescription": {
    "importantParams": [
      {
        "name": "trees",
        "val": "100"
      },
      {
        "name": "depth",
        "val": "5"
      },
      {
        "name": "min_samples",
        "val": "1"
      }
    ]
  },
  "modelId": "m1",
  "progress": {
    "top_level_todo": [],
    "stack": [],
    "top_level_done": [
      {
        "name": "Loading train set",
        "time": 276
      },
      {
        "name": "Loading test set",
        "time": 88
      },
      {
        "name": "Collecting statistics",
        "time": 316
      },
      {
        "name": "Preprocessing train set",
        "time": 461
      },
      {
        "name": "Preprocessing test set",
        "time": 159
      },
      {
        "name": "Fitting model",
        "time": 157904
      },
      {
        "name": "Saving model",
        "time": 24
      },
      {
        "name": "Scoring model",
        "time": 12588
      }
    ]
  },
  "startTime": 1493807810435,
  "endTime": 1493807982258,
  "preprocessingTime": 1305,
  "trainingTime": 170518
}