{
    "was_clipped": false, 
    "featureNames": [
        "dummy:Phrase_delimited:N/A", 
        "dummy:Phrase_delimited:__Others__"
    ], 
    "trees": [
        {
            "rightChild": [
                -1
            ], 
            "impurity": [
                0.6620394108077783
            ], 
            "probas": [
                [
                    0.044814764028811793, 
                    0.50597288206683499, 
                    0.21328956177355476, 
                    0.06042249772135154, 
                    0.17550029440944692
                ]
            ], 
            "feature": [
                -2
            ], 
            "leftChild": [
                -1
            ], 
            "threshold": [
                -2.0
            ], 
            "nSamples": [
                78308
            ]
        }, 
        {
            "rightChild": [
                -1
            ], 
            "impurity": [
                0.6612159471890954
            ], 
            "probas": [
                [
                    0.045363252861417847, 
                    0.50733603813610584, 
                    0.21214418803487745, 
                    0.059777216741815013, 
                    0.17537930422578382
                ]
            ], 
            "feature": [
                -2
            ], 
            "leftChild": [
                -1
            ], 
            "threshold": [
                -2.0
            ], 
            "nSamples": [
                78460
            ]
        }, 
        {
            "rightChild": [
                -1
            ], 
            "impurity": [
                0.6614171289941546
            ], 
            "probas": [
                [
                    0.04548424304508094, 
                    0.50659396500963894, 
                    0.21329762778579897, 
                    0.058760899199044987, 
                    0.17586326496043622
                ]
            ], 
            "feature": [
                -2
            ], 
            "leftChild": [
                -1
            ], 
            "threshold": [
                -2.0
            ], 
            "nSamples": [
                78322
            ]
        }, 
        {
            "rightChild": [
                -1
            ], 
            "impurity": [
                0.6607028283962914
            ], 
            "probas": [
                [
                    0.044959952249207513, 
                    0.50761834856465315, 
                    0.21264428079401826, 
                    0.058986747541882767, 
                    0.17579067085023836
                ]
            ], 
            "feature": [
                -2
            ], 
            "leftChild": [
                -1
            ], 
            "threshold": [
                -2.0
            ], 
            "nSamples": [
                78220
            ]
        }, 
        {
            "rightChild": [
                -1
            ], 
            "impurity": [
                0.6607849241449075
            ], 
            "probas": [
                [
                    0.04562943126547666, 
                    0.50774740476056046, 
                    0.21260395073279723, 
                    0.058946417480661734, 
                    0.17507279576050397
                ]
            ], 
            "feature": [
                -2
            ], 
            "leftChild": [
                -1
            ], 
            "threshold": [
                -2.0
            ], 
            "nSamples": [
                78508
            ]
        }, 
        {
            "rightChild": [
                -1
            ], 
            "impurity": [
                0.6618796905320264
            ], 
            "probas": [
                [
                    0.045000282310428547, 
                    0.50627132451987067, 
                    0.2130879114674496, 
                    0.060309573549932646, 
                    0.17533090815231858
                ]
            ], 
            "feature": [
                -2
            ], 
            "leftChild": [
                -1
            ], 
            "threshold": [
                -2.0
            ], 
            "nSamples": [
                78247
            ]
        }, 
        {
            "rightChild": [
                -1
            ], 
            "impurity": [
                0.6603263108717868
            ], 
            "probas": [
                [
                    0.045363252861417847, 
                    0.50837655371560853, 
                    0.21200706582672593, 
                    0.05888188938270808, 
                    0.17537123821353962
                ]
            ], 
            "feature": [
                -2
            ], 
            "leftChild": [
                -1
            ], 
            "threshold": [
                -2.0
            ], 
            "nSamples": [
                78332
            ]
        }, 
        {
            "rightChild": [
                -1
            ], 
            "impurity": [
                0.6614651700972398
            ], 
            "probas": [
                [
                    0.045621365253232453, 
                    0.5067875493034999, 
                    0.21158763319002719, 
                    0.05883349330924284, 
                    0.17716995894399767
                ]
            ], 
            "feature": [
                -2
            ], 
            "leftChild": [
                -1
            ], 
            "threshold": [
                -2.0
            ], 
            "nSamples": [
                78410
            ]
        }, 
        {
            "rightChild": [
                -1
            ], 
            "impurity": [
                0.6631140602115055
            ], 
            "probas": [
                [
                    0.045500375069569353, 
                    0.50452099986287779, 
                    0.21397517281431233, 
                    0.060382167660130506, 
                    0.17562128459311002
                ]
            ], 
            "feature": [
                -2
            ], 
            "leftChild": [
                -1
            ], 
            "threshold": [
                -2.0
            ], 
            "nSamples": [
                78445
            ]
        }, 
        {
            "rightChild": [
                -1
            ], 
            "impurity": [
                0.6626872930383658
            ], 
            "probas": [
                [
                    0.046928059236793919, 
                    0.50557764746686884, 
                    0.21262814876952985, 
                    0.059511038337756193, 
                    0.1753551061890512
                ]
            ], 
            "feature": [
                -2
            ], 
            "leftChild": [
                -1
            ], 
            "threshold": [
                -2.0
            ], 
            "nSamples": [
                78370
            ]
        }, 
        {
            "rightChild": [
                -1
            ], 
            "impurity": [
                0.6624735407536392
            ], 
            "probas": [
                [
                    0.045669761326697693, 
                    0.50557764746686884, 
                    0.21170055736144608, 
                    0.05971268864386136, 
                    0.17733934520112601
                ]
            ], 
            "feature": [
                -2
            ], 
            "leftChild": [
                -1
            ], 
            "threshold": [
                -2.0
            ], 
            "nSamples": [
                78326
            ]
        }, 
        {
            "rightChild": [
                -1
            ], 
            "impurity": [
                0.6607995135836718
            ], 
            "probas": [
                [
                    0.044766367955346553, 
                    0.50761834856465315, 
                    0.21211998999814483, 
                    0.059454576252046754, 
                    0.17604071722980877
                ]
            ], 
            "feature": [
                -2
            ], 
            "leftChild": [
                -1
            ], 
            "threshold": [
                -2.0
            ], 
            "nSamples": [
                78336
            ]
        }, 
        {
            "rightChild": [
                -1
            ], 
            "impurity": [
                0.6611768118348187
            ], 
            "probas": [
                [
                    0.046298910281745806, 
                    0.50733603813610584, 
                    0.21292659122256546, 
                    0.058817361284754427, 
                    0.1746210990748284
                ]
            ], 
            "feature": [
                -2
            ], 
            "leftChild": [
                -1
            ], 
            "threshold": [
                -2.0
            ], 
            "nSamples": [
                78231
            ]
        }, 
        {
            "rightChild": [
                -1
            ], 
            "impurity": [
                0.6605975977654477
            ], 
            "probas": [
                [
                    0.045169668567556887, 
                    0.50759415052792045, 
                    0.21264428079401826, 
                    0.058236608403171554, 
                    0.1763552917073328
                ]
            ], 
            "feature": [
                -2
            ], 
            "leftChild": [
                -1
            ], 
            "threshold": [
                -2.0
            ], 
            "nSamples": [
                78269
            ]
        }, 
        {
            "rightChild": [
                -1
            ], 
            "impurity": [
                0.661290132615372
            ], 
            "probas": [
                [
                    0.04594400574300072, 
                    0.50752155641772267, 
                    0.21200706582672593, 
                    0.059938536986699147, 
                    0.17458883502585157
                ]
            ], 
            "feature": [
                -2
            ], 
            "leftChild": [
                -1
            ], 
            "threshold": [
                -2.0
            ], 
            "nSamples": [
                78399
            ]
        }, 
        {
            "rightChild": [
                -1
            ], 
            "impurity": [
                0.6615680878254057
            ], 
            "probas": [
                [
                    0.044685707832904493, 
                    0.50676335126676719, 
                    0.20997443074118585, 
                    0.059801414778547633, 
                    0.1787750953805948
                ]
            ], 
            "feature": [
                -2
            ], 
            "leftChild": [
                -1
            ], 
            "threshold": [
                -2.0
            ], 
            "nSamples": [
                78360
            ]
        }, 
        {
            "rightChild": [
                -1
            ], 
            "impurity": [
                0.6630722755914893
            ], 
            "probas": [
                [
                    0.045242262677754747, 
                    0.50404510514046963, 
                    0.21433007735305742, 
                    0.05926905797043, 
                    0.17711349685828823
                ]
            ], 
            "feature": [
                -2
            ], 
            "leftChild": [
                -1
            ], 
            "threshold": [
                -2.0
            ], 
            "nSamples": [
                78221
            ]
        }, 
        {
            "rightChild": [
                -1
            ], 
            "impurity": [
                0.6617507818934545
            ], 
            "probas": [
                [
                    0.04608919396339644, 
                    0.5062551924953822, 
                    0.21317663760213587, 
                    0.058518918831718787, 
                    0.1759600571073667
                ]
            ], 
            "feature": [
                -2
            ], 
            "leftChild": [
                -1
            ], 
            "threshold": [
                -2.0
            ], 
            "nSamples": [
                78546
            ]
        }, 
        {
            "rightChild": [
                -1
            ], 
            "impurity": [
                0.6600524261102236
            ], 
            "probas": [
                [
                    0.04501641433491696, 
                    0.50899763665841247, 
                    0.21059551368398977, 
                    0.05943844422755834, 
                    0.1759519910951225
                ]
            ], 
            "feature": [
                -2
            ], 
            "leftChild": [
                -1
            ], 
            "threshold": [
                -2.0
            ], 
            "nSamples": [
                78183
            ]
        }, 
        {
            "rightChild": [
                -1
            ], 
            "impurity": [
                0.6620810856055801
            ], 
            "probas": [
                [
                    0.046484428563362559, 
                    0.5061019382627423, 
                    0.21206352791243538, 
                    0.058712503125579747, 
                    0.17663760213588003
                ]
            ], 
            "feature": [
                -2
            ], 
            "leftChild": [
                -1
            ], 
            "threshold": [
                -2.0
            ], 
            "nSamples": [
                78478
            ]
        }, 
        {
            "rightChild": [
                -1
            ], 
            "impurity": [
                0.6626355522018439
            ], 
            "probas": [
                [
                    0.046306976293990013, 
                    0.50573896771175297, 
                    0.21157150116553877, 
                    0.060107923243827487, 
                    0.17627463158489073
                ]
            ], 
            "feature": [
                -2
            ], 
            "leftChild": [
                -1
            ], 
            "threshold": [
                -2.0
            ], 
            "nSamples": [
                78397
            ]
        }, 
        {
            "rightChild": [
                -1
            ], 
            "impurity": [
                0.6619217507485473
            ], 
            "probas": [
                [
                    0.045314856787952607, 
                    0.50686014341369767, 
                    0.21095848423497907, 
                    0.061156504835574339, 
                    0.1757100107277963
                ]
            ], 
            "feature": [
                -2
            ], 
            "leftChild": [
                -1
            ], 
            "threshold": [
                -2.0
            ], 
            "nSamples": [
                78360
            ]
        }, 
        {
            "rightChild": [
                -1
            ], 
            "impurity": [
                0.6621445027295219
            ], 
            "probas": [
                [
                    0.045734289424651346, 
                    0.5063035885688475, 
                    0.21040192939012881, 
                    0.059898206925478113, 
                    0.17766198569089428
                ]
            ], 
            "feature": [
                -2
            ], 
            "leftChild": [
                -1
            ], 
            "threshold": [
                -2.0
            ], 
            "nSamples": [
                78345
            ]
        }, 
        {
            "rightChild": [
                -1
            ], 
            "impurity": [
                0.6614779939227027
            ], 
            "probas": [
                [
                    0.044661509796171873, 
                    0.50579542979746239, 
                    0.2144188034877437, 
                    0.058059156133799014, 
                    0.17706510078482299
                ]
            ], 
            "feature": [
                -2
            ], 
            "leftChild": [
                -1
            ], 
            "threshold": [
                -2.0
            ], 
            "nSamples": [
                78271
            ]
        }, 
        {
            "rightChild": [
                -1
            ], 
            "impurity": [
                0.6608730512670775
            ], 
            "probas": [
                [
                    0.045516507094057766, 
                    0.50781193285851411, 
                    0.2122087161328311, 
                    0.059511038337756193, 
                    0.17495180557684087
                ]
            ], 
            "feature": [
                -2
            ], 
            "leftChild": [
                -1
            ], 
            "threshold": [
                -2.0
            ], 
            "nSamples": [
                78371
            ]
        }, 
        {
            "rightChild": [
                -1
            ], 
            "impurity": [
                0.6644912568036507
            ], 
            "probas": [
                [
                    0.04594400574300072, 
                    0.50306911765892059, 
                    0.21161183122675981, 
                    0.060995184590690206, 
                    0.17837986078062867
                ]
            ], 
            "feature": [
                -2
            ], 
            "leftChild": [
                -1
            ], 
            "threshold": [
                -2.0
            ], 
            "nSamples": [
                78458
            ]
        }, 
        {
            "rightChild": [
                -1
            ], 
            "impurity": [
                0.6618612017540472
            ], 
            "probas": [
                [
                    0.04454858562475298, 
                    0.50617453237294019, 
                    0.21278140300216974, 
                    0.060366035635642093, 
                    0.17612944336449501
                ]
            ], 
            "feature": [
                -2
            ], 
            "leftChild": [
                -1
            ], 
            "threshold": [
                -2.0
            ], 
            "nSamples": [
                78420
            ]
        }, 
        {
            "rightChild": [
                -1
            ], 
            "impurity": [
                0.661936259121862
            ], 
            "probas": [
                [
                    0.045500375069569353, 
                    0.50605354218927701, 
                    0.21337828790824104, 
                    0.05946264226429096, 
                    0.17560515256862161
                ]
            ], 
            "feature": [
                -2
            ], 
            "leftChild": [
                -1
            ], 
            "threshold": [
                -2.0
            ], 
            "nSamples": [
                78549
            ]
        }, 
        {
            "rightChild": [
                -1
            ], 
            "impurity": [
                0.6625636263285912
            ], 
            "probas": [
                [
                    0.045500375069569353, 
                    0.50494043249957654, 
                    0.2135799382143462, 
                    0.05907547367656904, 
                    0.17690378053993885
                ]
            ], 
            "feature": [
                -2
            ], 
            "leftChild": [
                -1
            ], 
            "threshold": [
                -2.0
            ], 
            "nSamples": [
                78266
            ]
        }, 
        {
            "rightChild": [
                -1
            ], 
            "impurity": [
                0.6609919429225867
            ], 
            "probas": [
                [
                    0.046403768440920493, 
                    0.50798131911564237, 
                    0.21053905159828032, 
                    0.05900287956637118, 
                    0.17607298127878557
                ]
            ], 
            "feature": [
                -2
            ], 
            "leftChild": [
                -1
            ], 
            "threshold": [
                -2.0
            ], 
            "nSamples": [
                78338
            ]
        }, 
        {
            "rightChild": [
                -1
            ], 
            "impurity": [
                0.6614833880931954
            ], 
            "probas": [
                [
                    0.045621365253232453, 
                    0.50677141727901143, 
                    0.21334602385926421, 
                    0.05941424619082572, 
                    0.17484694741766618
                ]
            ], 
            "feature": [
                -2
            ], 
            "leftChild": [
                -1
            ], 
            "threshold": [
                -2.0
            ], 
            "nSamples": [
                78242
            ]
        }, 
        {
            "rightChild": [
                -1
            ], 
            "impurity": [
                0.6619089435785862
            ], 
            "probas": [
                [
                    0.044927688200230687, 
                    0.50639231470353374, 
                    0.2118457455818418, 
                    0.06047089379481678, 
                    0.17636335771957701
                ]
            ], 
            "feature": [
                -2
            ], 
            "leftChild": [
                -1
            ], 
            "threshold": [
                -2.0
            ], 
            "nSamples": [
                78489
            ]
        }, 
        {
            "rightChild": [
                -1
            ], 
            "impurity": [
                0.6609761579310908
            ], 
            "probas": [
                [
                    0.046000467828710166, 
                    0.50756995249118786, 
                    0.21302338336949594, 
                    0.058986747541882767, 
                    0.17441944876872323
                ]
            ], 
            "feature": [
                -2
            ], 
            "leftChild": [
                -1
            ], 
            "threshold": [
                -2.0
            ], 
            "nSamples": [
                78462
            ]
        }, 
        {
            "rightChild": [
                -1
            ], 
            "impurity": [
                0.6610480058618002
            ], 
            "probas": [
                [
                    0.04553263911854618, 
                    0.50763448058914151, 
                    0.21197480177774911, 
                    0.05966429257039612, 
                    0.17519378594416707
                ]
            ], 
            "feature": [
                -2
            ], 
            "leftChild": [
                -1
            ], 
            "threshold": [
                -2.0
            ], 
            "nSamples": [
                78346
            ]
        }, 
        {
            "rightChild": [
                -1
            ], 
            "impurity": [
                0.6606510707741466
            ], 
            "probas": [
                [
                    0.044250143171717334, 
                    0.50747316034425738, 
                    0.21195866975326069, 
                    0.058946417480661734, 
                    0.17737160925010284
                ]
            ], 
            "feature": [
                -2
            ], 
            "leftChild": [
                -1
            ], 
            "threshold": [
                -2.0
            ], 
            "nSamples": [
                78345
            ]
        }, 
        {
            "rightChild": [
                -1
            ], 
            "impurity": [
                0.6624366043159504
            ], 
            "probas": [
                [
                    0.04546004500834832, 
                    0.50501302660977443, 
                    0.21304758140622856, 
                    0.058623776990893474, 
                    0.17785556998475524
                ]
            ], 
            "feature": [
                -2
            ], 
            "leftChild": [
                -1
            ], 
            "threshold": [
                -2.0
            ], 
            "nSamples": [
                78349
            ]
        }, 
        {
            "rightChild": [
                -1
            ], 
            "impurity": [
                0.6617145475892594
            ], 
            "probas": [
                [
                    0.045742355436895553, 
                    0.50636811666680115, 
                    0.21302338336949594, 
                    0.059019011590859594, 
                    0.17584713293594781
                ]
            ], 
            "feature": [
                -2
            ], 
            "leftChild": [
                -1
            ], 
            "threshold": [
                -2.0
            ], 
            "nSamples": [
                78351
            ]
        }, 
        {
            "rightChild": [
                -1
            ], 
            "impurity": [
                0.6612029457483214
            ], 
            "probas": [
                [
                    0.04587141163280286, 
                    0.50728764206264065, 
                    0.21195060374101649, 
                    0.05895448349290594, 
                    0.17593585907063408
                ]
            ], 
            "feature": [
                -2
            ], 
            "leftChild": [
                -1
            ], 
            "threshold": [
                -2.0
            ], 
            "nSamples": [
                78315
            ]
        }, 
        {
            "rightChild": [
                -1
            ], 
            "impurity": [
                0.6623240587969531
            ], 
            "probas": [
                [
                    0.046153722061350086, 
                    0.50526307298934481, 
                    0.2144188034877437, 
                    0.058502786807230374, 
                    0.17566161465433106
                ]
            ], 
            "feature": [
                -2
            ], 
            "leftChild": [
                -1
            ], 
            "threshold": [
                -2.0
            ], 
            "nSamples": [
                78297
            ]
        }, 
        {
            "rightChild": [
                -1
            ], 
            "impurity": [
                0.6629645462450271
            ], 
            "probas": [
                [
                    0.046306976293990013, 
                    0.50465812207102934, 
                    0.21336215588375262, 
                    0.0590270776031038, 
                    0.17664566814812424
                ]
            ], 
            "feature": [
                -2
            ], 
            "leftChild": [
                -1
            ], 
            "threshold": [
                -2.0
            ], 
            "nSamples": [
                78499
            ]
        }, 
        {
            "rightChild": [
                -1
            ], 
            "impurity": [
                0.6617736366249385
            ], 
            "probas": [
                [
                    0.046105325987884853, 
                    0.50687627543818614, 
                    0.21242649846342468, 
                    0.060132121280560107, 
                    0.17445977882994426
                ]
            ], 
            "feature": [
                -2
            ], 
            "leftChild": [
                -1
            ], 
            "threshold": [
                -2.0
            ], 
            "nSamples": [
                78182
            ]
        }, 
        {
            "rightChild": [
                -1
            ], 
            "impurity": [
                0.6615027806923841
            ], 
            "probas": [
                [
                    0.045387450898150467, 
                    0.50685207740145355, 
                    0.21070037184316445, 
                    0.059180331835743727, 
                    0.17787976802148786
                ]
            ], 
            "feature": [
                -2
            ], 
            "leftChild": [
                -1
            ], 
            "threshold": [
                -2.0
            ], 
            "nSamples": [
                78168
            ]
        }, 
        {
            "rightChild": [
                -1
            ], 
            "impurity": [
                0.6608724128929263
            ], 
            "probas": [
                [
                    0.045153536543068473, 
                    0.50736023617283854, 
                    0.21294272324705388, 
                    0.05885769134597546, 
                    0.17568581269106368
                ]
            ], 
            "feature": [
                -2
            ], 
            "leftChild": [
                -1
            ], 
            "threshold": [
                -2.0
            ], 
            "nSamples": [
                78435
            ]
        }, 
        {
            "rightChild": [
                -1
            ], 
            "impurity": [
                0.6613950685219081
            ], 
            "probas": [
                [
                    0.046048863902175406, 
                    0.50683594537696508, 
                    0.21223291416956372, 
                    0.058389862635811481, 
                    0.17649241391548431
                ]
            ], 
            "feature": [
                -2
            ], 
            "leftChild": [
                -1
            ], 
            "threshold": [
                -2.0
            ], 
            "nSamples": [
                78368
            ]
        }, 
        {
            "rightChild": [
                -1
            ], 
            "impurity": [
                0.6591284736039591
            ], 
            "probas": [
                [
                    0.04437919936762464, 
                    0.50955419150326275, 
                    0.21066004178194342, 
                    0.057825241778717021, 
                    0.17758132556845221
                ]
            ], 
            "feature": [
                -2
            ], 
            "leftChild": [
                -1
            ], 
            "threshold": [
                -2.0
            ], 
            "nSamples": [
                78396
            ]
        }, 
        {
            "rightChild": [
                -1
            ], 
            "impurity": [
                0.6607730076539241
            ], 
            "probas": [
                [
                    0.046476362551118353, 
                    0.50802971518910767, 
                    0.21183767956959759, 
                    0.058518918831718787, 
                    0.17513732385845762
                ]
            ], 
            "feature": [
                -2
            ], 
            "leftChild": [
                -1
            ], 
            "threshold": [
                -2.0
            ], 
            "nSamples": [
                78365
            ]
        }, 
        {
            "rightChild": [
                -1
            ], 
            "impurity": [
                0.6630476849143162
            ], 
            "probas": [
                [
                    0.045661695314453486, 
                    0.50452906587512203, 
                    0.21269267686748347, 
                    0.059535236374488813, 
                    0.17758132556845221
                ]
            ], 
            "feature": [
                -2
            ], 
            "leftChild": [
                -1
            ], 
            "threshold": [
                -2.0
            ], 
            "nSamples": [
                78386
            ]
        }, 
        {
            "rightChild": [
                -1
            ], 
            "impurity": [
                0.6613840909848331
            ], 
            "probas": [
                [
                    0.045500375069569353, 
                    0.50705372770755863, 
                    0.21230550827976158, 
                    0.05959169846019826, 
                    0.17554869048291216
                ]
            ], 
            "feature": [
                -2
            ], 
            "leftChild": [
                -1
            ], 
            "threshold": [
                -2.0
            ], 
            "nSamples": [
                78495
            ]
        }, 
        {
            "rightChild": [
                -1
            ], 
            "impurity": [
                0.6599658351978435
            ], 
            "probas": [
                [
                    0.045322922800196813, 
                    0.50866693015639997, 
                    0.21213612202263324, 
                    0.058252740427659967, 
                    0.17562128459311002
                ]
            ], 
            "feature": [
                -2
            ], 
            "leftChild": [
                -1
            ], 
            "threshold": [
                -2.0
            ], 
            "nSamples": [
                78365
            ]
        }, 
        {
            "rightChild": [
                -1
            ], 
            "impurity": [
                0.6615741323411913
            ], 
            "probas": [
                [
                    0.045597167216499833, 
                    0.50669075715656942, 
                    0.21204739588794697, 
                    0.059188397847987934, 
                    0.1764762818909959
                ]
            ], 
            "feature": [
                -2
            ], 
            "leftChild": [
                -1
            ], 
            "threshold": [
                -2.0
            ], 
            "nSamples": [
                78216
            ]
        }, 
        {
            "rightChild": [
                -1
            ], 
            "impurity": [
                0.6600294731373039
            ], 
            "probas": [
                [
                    0.04501641433491696, 
                    0.50859433604620208, 
                    0.21282979907563498, 
                    0.05888188938270808, 
                    0.17467756116053784
                ]
            ], 
            "feature": [
                -2
            ], 
            "leftChild": [
                -1
            ], 
            "threshold": [
                -2.0
            ], 
            "nSamples": [
                78269
            ]
        }, 
        {
            "rightChild": [
                -1
            ], 
            "impurity": [
                0.6630933412878726
            ], 
            "probas": [
                [
                    0.046137590036861673, 
                    0.50477911225469241, 
                    0.212087725949168, 
                    0.05971268864386136, 
                    0.17728288311541657
                ]
            ], 
            "feature": [
                -2
            ], 
            "leftChild": [
                -1
            ], 
            "threshold": [
                -2.0
            ], 
            "nSamples": [
                78268
            ]
        }, 
        {
            "rightChild": [
                -1
            ], 
            "impurity": [
                0.6615122233208803
            ], 
            "probas": [
                [
                    0.046436032489897319, 
                    0.50711018979326805, 
                    0.21249909257362254, 
                    0.059325520056139447, 
                    0.1746291650870726
                ]
            ], 
            "feature": [
                -2
            ], 
            "leftChild": [
                -1
            ], 
            "threshold": [
                -2.0
            ], 
            "nSamples": [
                78449
            ]
        }, 
        {
            "rightChild": [
                -1
            ], 
            "impurity": [
                0.6643110696488502
            ], 
            "probas": [
                [
                    0.046573154698048833, 
                    0.50329496600175838, 
                    0.21289432717358864, 
                    0.060527355880526226, 
                    0.17671019624607789
                ]
            ], 
            "feature": [
                -2
            ], 
            "leftChild": [
                -1
            ], 
            "threshold": [
                -2.0
            ], 
            "nSamples": [
                78428
            ]
        }, 
        {
            "rightChild": [
                -1
            ], 
            "impurity": [
                0.6613549394327368
            ], 
            "probas": [
                [
                    0.045242262677754747, 
                    0.50695693556062815, 
                    0.21300725134500753, 
                    0.059704622631617153, 
                    0.17508892778499238
                ]
            ], 
            "feature": [
                -2
            ], 
            "leftChild": [
                -1
            ], 
            "threshold": [
                -2.0
            ], 
            "nSamples": [
                78267
            ]
        }, 
        {
            "rightChild": [
                -1
            ], 
            "impurity": [
                0.6631087036460128
            ], 
            "probas": [
                [
                    0.046710276906200346, 
                    0.50534373311178682, 
                    0.210877824112537, 
                    0.060366035635642093, 
                    0.17670213023383369
                ]
            ], 
            "feature": [
                -2
            ], 
            "leftChild": [
                -1
            ], 
            "threshold": [
                -2.0
            ], 
            "nSamples": [
                78301
            ]
        }, 
        {
            "rightChild": [
                -1
            ], 
            "impurity": [
                0.6601584779353739
            ], 
            "probas": [
                [
                    0.045395516910394673, 
                    0.50858627003395795, 
                    0.21162796325124822, 
                    0.058607644966405061, 
                    0.17578260483799416
                ]
            ], 
            "feature": [
                -2
            ], 
            "leftChild": [
                -1
            ], 
            "threshold": [
                -2.0
            ], 
            "nSamples": [
                78320
            ]
        }, 
        {
            "rightChild": [
                -1
            ], 
            "impurity": [
                0.6624279673973491
            ], 
            "probas": [
                [
                    0.045524573106301973, 
                    0.50557764746686884, 
                    0.21186187760633021, 
                    0.059728820668349773, 
                    0.17730708115214919
                ]
            ], 
            "feature": [
                -2
            ], 
            "leftChild": [
                -1
            ], 
            "threshold": [
                -2.0
            ], 
            "nSamples": [
                78455
            ]
        }, 
        {
            "rightChild": [
                -1
            ], 
            "impurity": [
                0.6603522786206358
            ], 
            "probas": [
                [
                    0.04528259273897578, 
                    0.50778773482178141, 
                    0.21200706582672593, 
                    0.057430007178750894, 
                    0.17749259943376594
                ]
            ], 
            "feature": [
                -2
            ], 
            "leftChild": [
                -1
            ], 
            "threshold": [
                -2.0
            ], 
            "nSamples": [
                78464
            ]
        }, 
        {
            "rightChild": [
                -1
            ], 
            "impurity": [
                0.6628090906885586
            ], 
            "probas": [
                [
                    0.045645563289965073, 
                    0.50492430047508807, 
                    0.21362026827556724, 
                    0.05993047097445494, 
                    0.17587939698492464
                ]
            ], 
            "feature": [
                -2
            ], 
            "leftChild": [
                -1
            ], 
            "threshold": [
                -2.0
            ], 
            "nSamples": [
                78626
            ]
        }, 
        {
            "rightChild": [
                -1
            ], 
            "impurity": [
                0.6619433663367289
            ], 
            "probas": [
                [
                    0.045621365253232453, 
                    0.5059486840301024, 
                    0.21349927809190414, 
                    0.05909967171330166, 
                    0.1758310009114594
                ]
            ], 
            "feature": [
                -2
            ], 
            "leftChild": [
                -1
            ], 
            "threshold": [
                -2.0
            ], 
            "nSamples": [
                78185
            ]
        }, 
        {
            "rightChild": [
                -1
            ], 
            "impurity": [
                0.6610670514279966
            ], 
            "probas": [
                [
                    0.045524573106301973, 
                    0.50736023617283854, 
                    0.21230550827976158, 
                    0.05907547367656904, 
                    0.17573420876452892
                ]
            ], 
            "feature": [
                -2
            ], 
            "leftChild": [
                -1
            ], 
            "threshold": [
                -2.0
            ], 
            "nSamples": [
                78500
            ]
        }, 
        {
            "rightChild": [
                -1
            ], 
            "impurity": [
                0.6611916676314892
            ], 
            "probas": [
                [
                    0.046056929914419613, 
                    0.50807004525032873, 
                    0.21067617380643183, 
                    0.060551553917258846, 
                    0.17464529711156102
                ]
            ], 
            "feature": [
                -2
            ], 
            "leftChild": [
                -1
            ], 
            "threshold": [
                -2.0
            ], 
            "nSamples": [
                78295
            ]
        }, 
        {
            "rightChild": [
                -1
            ], 
            "impurity": [
                0.6623185088714953
            ], 
            "probas": [
                [
                    0.04584721359607024, 
                    0.50544859127096153, 
                    0.21253135662259937, 
                    0.058744767174556574, 
                    0.17742807133581229
                ]
            ], 
            "feature": [
                -2
            ], 
            "leftChild": [
                -1
            ], 
            "threshold": [
                -2.0
            ], 
            "nSamples": [
                78475
            ]
        }, 
        {
            "rightChild": [
                -1
            ], 
            "impurity": [
                0.6618884407861121
            ], 
            "probas": [
                [
                    0.046137590036861673, 
                    0.50688434145043038, 
                    0.21131338877372416, 
                    0.060261177476467406, 
                    0.17540350226251644
                ]
            ], 
            "feature": [
                -2
            ], 
            "leftChild": [
                -1
            ], 
            "threshold": [
                -2.0
            ], 
            "nSamples": [
                78461
            ]
        }, 
        {
            "rightChild": [
                -1
            ], 
            "impurity": [
                0.6613830993318763
            ], 
            "probas": [
                [
                    0.04459698169821822, 
                    0.50655363494841787, 
                    0.21259588472055302, 
                    0.059277123982674207, 
                    0.17697637465013671
                ]
            ], 
            "feature": [
                -2
            ], 
            "leftChild": [
                -1
            ], 
            "threshold": [
                -2.0
            ], 
            "nSamples": [
                78333
            ]
        }, 
        {
            "rightChild": [
                -1
            ], 
            "impurity": [
                0.660616936234256
            ], 
            "probas": [
                [
                    0.045121272494091647, 
                    0.50782806488300247, 
                    0.21294272324705388, 
                    0.059131935762278487, 
                    0.17497600361357349
                ]
            ], 
            "feature": [
                -2
            ], 
            "leftChild": [
                -1
            ], 
            "threshold": [
                -2.0
            ], 
            "nSamples": [
                78219
            ]
        }, 
        {
            "rightChild": [
                -1
            ], 
            "impurity": [
                0.6629970724880346
            ], 
            "probas": [
                [
                    0.045645563289965073, 
                    0.5044726037894125, 
                    0.21391871072860288, 
                    0.059559434411221433, 
                    0.17640368778079804
                ]
            ], 
            "feature": [
                -2
            ], 
            "leftChild": [
                -1
            ], 
            "threshold": [
                -2.0
            ], 
            "nSamples": [
                78275
            ]
        }, 
        {
            "rightChild": [
                -1
            ], 
            "impurity": [
                0.6621195293661728
            ], 
            "probas": [
                [
                    0.045072876420626407, 
                    0.50565830758931096, 
                    0.21274913895319292, 
                    0.05941424619082572, 
                    0.17710543084604402
                ]
            ], 
            "feature": [
                -2
            ], 
            "leftChild": [
                -1
            ], 
            "threshold": [
                -2.0
            ], 
            "nSamples": [
                78204
            ]
        }, 
        {
            "rightChild": [
                -1
            ], 
            "impurity": [
                0.6627039091133724
            ], 
            "probas": [
                [
                    0.046169854085838499, 
                    0.50548892133218259, 
                    0.21325729772457794, 
                    0.060382167660130506, 
                    0.17470175919727046
                ]
            ], 
            "feature": [
                -2
            ], 
            "leftChild": [
                -1
            ], 
            "threshold": [
                -2.0
            ], 
            "nSamples": [
                78313
            ]
        }, 
        {
            "rightChild": [
                -1
            ], 
            "impurity": [
                0.6632783538538067
            ], 
            "probas": [
                [
                    0.045814949547093413, 
                    0.50477104624244817, 
                    0.21167635932471346, 
                    0.060720940174387186, 
                    0.17701670471135775
                ]
            ], 
            "feature": [
                -2
            ], 
            "leftChild": [
                -1
            ], 
            "threshold": [
                -2.0
            ], 
            "nSamples": [
                78482
            ]
        }, 
        {
            "rightChild": [
                -1
            ], 
            "impurity": [
                0.6631324700059728
            ], 
            "probas": [
                [
                    0.04466957580841608, 
                    0.50384345483436443, 
                    0.21349927809190414, 
                    0.059357784105116274, 
                    0.17862990716019908
                ]
            ], 
            "feature": [
                -2
            ], 
            "leftChild": [
                -1
            ], 
            "threshold": [
                -2.0
            ], 
            "nSamples": [
                78401
            ]
        }, 
        {
            "rightChild": [
                -1
            ], 
            "impurity": [
                0.6617241325702468
            ], 
            "probas": [
                [
                    0.045927873718512306, 
                    0.50637618267904527, 
                    0.21324116570008952, 
                    0.058946417480661734, 
                    0.17550836042169113
                ]
            ], 
            "feature": [
                -2
            ], 
            "leftChild": [
                -1
            ], 
            "threshold": [
                -2.0
            ], 
            "nSamples": [
                78493
            ]
        }, 
        {
            "rightChild": [
                -1
            ], 
            "impurity": [
                0.6632414641295955
            ], 
            "probas": [
                [
                    0.04562943126547666, 
                    0.50454519789961039, 
                    0.21267654484299506, 
                    0.060438629745839953, 
                    0.17671019624607789
                ]
            ], 
            "feature": [
                -2
            ], 
            "leftChild": [
                -1
            ], 
            "threshold": [
                -2.0
            ], 
            "nSamples": [
                78410
            ]
        }, 
        {
            "rightChild": [
                -1
            ], 
            "impurity": [
                0.65956267290437
            ], 
            "probas": [
                [
                    0.04520999862877792, 
                    0.5094654653685764, 
                    0.21078909797785073, 
                    0.058518918831718787, 
                    0.17601651919307615
                ]
            ], 
            "feature": [
                -2
            ], 
            "leftChild": [
                -1
            ], 
            "threshold": [
                -2.0
            ], 
            "nSamples": [
                78513
            ]
        }, 
        {
            "rightChild": [
                -1
            ], 
            "impurity": [
                0.6625725145110504
            ], 
            "probas": [
                [
                    0.0455568371552788, 
                    0.50525500697710057, 
                    0.21274913895319292, 
                    0.059672358582640327, 
                    0.17676665833178734
                ]
            ], 
            "feature": [
                -2
            ], 
            "leftChild": [
                -1
            ], 
            "threshold": [
                -2.0
            ], 
            "nSamples": [
                78535
            ]
        }, 
        {
            "rightChild": [
                -1
            ], 
            "impurity": [
                0.662039979306895
            ], 
            "probas": [
                [
                    0.046371504391943666, 
                    0.50648910685046422, 
                    0.21062777773296659, 
                    0.059325520056139447, 
                    0.17718609096848609
                ]
            ], 
            "feature": [
                -2
            ], 
            "leftChild": [
                -1
            ], 
            "threshold": [
                -2.0
            ], 
            "nSamples": [
                78182
            ]
        }, 
        {
            "rightChild": [
                -1
            ], 
            "impurity": [
                0.6610270675539809
            ], 
            "probas": [
                [
                    0.046137590036861673, 
                    0.50782806488300247, 
                    0.20986957258201117, 
                    0.058825427296998634, 
                    0.17733934520112601
                ]
            ], 
            "feature": [
                -2
            ], 
            "leftChild": [
                -1
            ], 
            "threshold": [
                -2.0
            ], 
            "nSamples": [
                78397
            ]
        }, 
        {
            "rightChild": [
                -1
            ], 
            "impurity": [
                0.662368795604646
            ], 
            "probas": [
                [
                    0.045621365253232453, 
                    0.50519854489139115, 
                    0.21481403808770982, 
                    0.059236793921453174, 
                    0.17512925784621342
                ]
            ], 
            "feature": [
                -2
            ], 
            "leftChild": [
                -1
            ], 
            "threshold": [
                -2.0
            ], 
            "nSamples": [
                78402
            ]
        }, 
        {
            "rightChild": [
                -1
            ], 
            "impurity": [
                0.6618939845958778
            ], 
            "probas": [
                [
                    0.045468111020592526, 
                    0.50585189188317192, 
                    0.21333795784702, 
                    0.058736701162312367, 
                    0.17660533808690321
                ]
            ], 
            "feature": [
                -2
            ], 
            "leftChild": [
                -1
            ], 
            "threshold": [
                -2.0
            ], 
            "nSamples": [
                78319
            ]
        }, 
        {
            "rightChild": [
                -1
            ], 
            "impurity": [
                0.6626973800265841
            ], 
            "probas": [
                [
                    0.046476362551118353, 
                    0.50499689458528596, 
                    0.21458818974487204, 
                    0.05905127563983642, 
                    0.17488727747888722
                ]
            ], 
            "feature": [
                -2
            ], 
            "leftChild": [
                -1
            ], 
            "threshold": [
                -2.0
            ], 
            "nSamples": [
                78356
            ]
        }, 
        {
            "rightChild": [
                -1
            ], 
            "impurity": [
                0.6618483472200031
            ], 
            "probas": [
                [
                    0.04553263911854618, 
                    0.50686014341369767, 
                    0.21091008816151383, 
                    0.060575751953991466, 
                    0.17612137735225081
                ]
            ], 
            "feature": [
                -2
            ], 
            "leftChild": [
                -1
            ], 
            "threshold": [
                -2.0
            ], 
            "nSamples": [
                78319
            ]
        }, 
        {
            "rightChild": [
                -1
            ], 
            "impurity": [
                0.6611940807274194
            ], 
            "probas": [
                [
                    0.045911741694023893, 
                    0.50741669825854796, 
                    0.21157956717778298, 
                    0.05912386975003428, 
                    0.17596812311961091
                ]
            ], 
            "feature": [
                -2
            ], 
            "leftChild": [
                -1
            ], 
            "threshold": [
                -2.0
            ], 
            "nSamples": [
                78322
            ]
        }, 
        {
            "rightChild": [
                -1
            ], 
            "impurity": [
                0.6627018813060402
            ], 
            "probas": [
                [
                    0.046129524024617466, 
                    0.50509368673221644, 
                    0.21279753502665816, 
                    0.0591480677867669, 
                    0.17683118642974099
                ]
            ], 
            "feature": [
                -2
            ], 
            "leftChild": [
                -1
            ], 
            "threshold": [
                -2.0
            ], 
            "nSamples": [
                78309
            ]
        }, 
        {
            "rightChild": [
                -1
            ], 
            "impurity": [
                0.6622077328694327
            ], 
            "probas": [
                [
                    0.04537938488590626, 
                    0.50565024157706673, 
                    0.21532219685909484, 
                    0.060293441525444233, 
                    0.17335473515248795
                ]
            ], 
            "feature": [
                -2
            ], 
            "leftChild": [
                -1
            ], 
            "threshold": [
                -2.0
            ], 
            "nSamples": [
                78534
            ]
        }, 
        {
            "rightChild": [
                -1
            ], 
            "impurity": [
                0.6618653001785558
            ], 
            "probas": [
                [
                    0.04528259273897578, 
                    0.50558571347911307, 
                    0.21386224864289344, 
                    0.058244674415415761, 
                    0.17702477072360195
                ]
            ], 
            "feature": [
                -2
            ], 
            "leftChild": [
                -1
            ], 
            "threshold": [
                -2.0
            ], 
            "nSamples": [
                78276
            ]
        }, 
        {
            "rightChild": [
                -1
            ], 
            "impurity": [
                0.6619202427750377
            ], 
            "probas": [
                [
                    0.04479863200432338, 
                    0.50547278930769413, 
                    0.21472531195302355, 
                    0.05897868152963856, 
                    0.17602458520532036
                ]
            ], 
            "feature": [
                -2
            ], 
            "leftChild": [
                -1
            ], 
            "threshold": [
                -2.0
            ], 
            "nSamples": [
                78459
            ]
        }, 
        {
            "rightChild": [
                -1
            ], 
            "impurity": [
                0.6609689286626255
            ], 
            "probas": [
                [
                    0.046024665865442786, 
                    0.50710212378102393, 
                    0.21314437355315904, 
                    0.057639723497100268, 
                    0.17608911330327398
                ]
            ], 
            "feature": [
                -2
            ], 
            "leftChild": [
                -1
            ], 
            "threshold": [
                -2.0
            ], 
            "nSamples": [
                78444
            ]
        }, 
        {
            "rightChild": [
                -1
            ], 
            "impurity": [
                0.6611510380965403
            ], 
            "probas": [
                [
                    0.044677641820660287, 
                    0.50696500157287239, 
                    0.21212805601038903, 
                    0.059212595884720554, 
                    0.17701670471135775
                ]
            ], 
            "feature": [
                -2
            ], 
            "leftChild": [
                -1
            ], 
            "threshold": [
                -2.0
            ], 
            "nSamples": [
                78348
            ]
        }, 
        {
            "rightChild": [
                -1
            ], 
            "impurity": [
                0.6613982255202072
            ], 
            "probas": [
                [
                    0.045145470530824267, 
                    0.50708599175653546, 
                    0.212087725949168, 
                    0.06007565919485066, 
                    0.17560515256862161
                ]
            ], 
            "feature": [
                -2
            ], 
            "leftChild": [
                -1
            ], 
            "threshold": [
                -2.0
            ], 
            "nSamples": [
                78445
            ]
        }, 
        {
            "rightChild": [
                -1
            ], 
            "impurity": [
                0.6623759875283536
            ], 
            "probas": [
                [
                    0.045758487461383966, 
                    0.50601321212805606, 
                    0.21370899441025351, 
                    0.061091976737620686, 
                    0.17342732926268581
                ]
            ], 
            "feature": [
                -2
            ], 
            "leftChild": [
                -1
            ], 
            "threshold": [
                -2.0
            ], 
            "nSamples": [
                78534
            ]
        }, 
        {
            "rightChild": [
                -1
            ], 
            "impurity": [
                0.6619912069231881
            ], 
            "probas": [
                [
                    0.046081127951152233, 
                    0.50585189188317192, 
                    0.21416069109592908, 
                    0.058736701162312367, 
                    0.17516958790743445
                ]
            ], 
            "feature": [
                -2
            ], 
            "leftChild": [
                -1
            ], 
            "threshold": [
                -2.0
            ], 
            "nSamples": [
                78387
            ]
        }, 
        {
            "rightChild": [
                -1
            ], 
            "impurity": [
                0.6603614794841152
            ], 
            "probas": [
                [
                    0.044863160102277033, 
                    0.50832009162989911, 
                    0.21210385797365641, 
                    0.05946264226429096, 
                    0.17525024802987652
                ]
            ], 
            "feature": [
                -2
            ], 
            "leftChild": [
                -1
            ], 
            "threshold": [
                -2.0
            ], 
            "nSamples": [
                78307
            ]
        }, 
        {
            "rightChild": [
                -1
            ], 
            "impurity": [
                0.6610003271459981
            ], 
            "probas": [
                [
                    0.046387636416432079, 
                    0.50808617727481709, 
                    0.21062777773296659, 
                    0.059381982141848894, 
                    0.17551642643393534
                ]
            ], 
            "feature": [
                -2
            ], 
            "leftChild": [
                -1
            ], 
            "threshold": [
                -2.0
            ], 
            "nSamples": [
                78337
            ]
        }, 
        {
            "rightChild": [
                -1
            ], 
            "impurity": [
                0.6617838014255788
            ], 
            "probas": [
                [
                    0.046718342918444553, 
                    0.50639231470353374, 
                    0.21324116570008952, 
                    0.058373730611323067, 
                    0.17527444606660914
                ]
            ], 
            "feature": [
                -2
            ], 
            "leftChild": [
                -1
            ], 
            "threshold": [
                -2.0
            ], 
            "nSamples": [
                78404
            ]
        }, 
        {
            "rightChild": [
                -1
            ], 
            "impurity": [
                0.6604664176027102
            ], 
            "probas": [
                [
                    0.044984150285940133, 
                    0.50793292304217719, 
                    0.21238616840220365, 
                    0.058760899199044987, 
                    0.17593585907063408
                ]
            ], 
            "feature": [
                -2
            ], 
            "leftChild": [
                -1
            ], 
            "threshold": [
                -2.0
            ], 
            "nSamples": [
                78211
            ]
        }, 
        {
            "rightChild": [
                -1
            ], 
            "impurity": [
                0.6635074720099435
            ], 
            "probas": [
                [
                    0.046210184147059533, 
                    0.50329496600175838, 
                    0.21531413084685064, 
                    0.058276938464392587, 
                    0.17690378053993885
                ]
            ], 
            "feature": [
                -2
            ], 
            "leftChild": [
                -1
            ], 
            "threshold": [
                -2.0
            ], 
            "nSamples": [
                78416
            ]
        }, 
        {
            "rightChild": [
                -1
            ], 
            "impurity": [
                0.6622220040319692
            ], 
            "probas": [
                [
                    0.0459198077062681, 
                    0.50541632722198471, 
                    0.2134508820184389, 
                    0.058446324721520927, 
                    0.17676665833178734
                ]
            ], 
            "feature": [
                -2
            ], 
            "leftChild": [
                -1
            ], 
            "threshold": [
                -2.0
            ], 
            "nSamples": [
                78193
            ]
        }, 
        {
            "rightChild": [
                -1
            ], 
            "impurity": [
                0.661233454333443
            ], 
            "probas": [
                [
                    0.044532453600264567, 
                    0.50652137089944105, 
                    0.21330569379804318, 
                    0.058841559321487047, 
                    0.17679892238076417
                ]
            ], 
            "feature": [
                -2
            ], 
            "leftChild": [
                -1
            ], 
            "threshold": [
                -2.0
            ], 
            "nSamples": [
                78538
            ]
        }, 
        {
            "rightChild": [
                -1
            ], 
            "impurity": [
                0.6610463688081525
            ], 
            "probas": [
                [
                    0.04594400574300072, 
                    0.50740056623405949, 
                    0.21265234680626247, 
                    0.058744767174556574, 
                    0.17525831404212072
                ]
            ], 
            "feature": [
                -2
            ], 
            "leftChild": [
                -1
            ], 
            "threshold": [
                -2.0
            ], 
            "nSamples": [
                78415
            ]
        }
    ]
}