{
    "gridSize": 2, 
    "nThreads": 4, 
    "metric": "R2", 
    "gridPoints": [
        {
            "index": 0, 
            "finishedAt": 1523121790083.0, 
            "score": -0.076393170000631561, 
            "parameters": {
                "splitter": "best", 
                "max_depth": 20, 
                "min_samples_leaf": 1
            }, 
            "time": 1021.0
        }, 
        {
            "index": 1, 
            "finishedAt": 1523121790284.0, 
            "score": -0.86540874087527364, 
            "parameters": {
                "splitter": "best", 
                "max_depth": 30, 
                "min_samples_leaf": 1
            }, 
            "time": 842.0
        }
    ], 
    "startedAt": 1523121789697, 
    "nSplits": 3
}