{
  "state": "DONE",
  "preSearchDescription": {
    "gridLength": 2,
    "importantParams": [
      {
        "name": "max_depth",
        "vals": [
          "20",
          "30"
        ]
      },
      {
        "name": "min_samples",
        "vals": [
          "1"
        ]
      },
      {
        "name": "criterion",
        "vals": [
          "gini"
        ]
      }
    ]
  },
  "postSearchDescription": {
    "importantParams": [
      {
        "name": "criterion",
        "val": "mse"
      },
      {
        "name": "max_depth",
        "val": "5"
      },
      {
        "name": "min_samples",
        "val": "1"
      }
    ]
  },
  "modelId": "m1",
  "progress": {
    "top_level_todo": [],
    "stack": [],
    "top_level_done": [
      {
        "name": "Loading train set",
        "time": 237
      },
      {
        "name": "Loading test set",
        "time": 53
      },
      {
        "name": "Collecting statistics",
        "time": 146
      },
      {
        "name": "Preprocessing train set",
        "time": 195
      },
      {
        "name": "Preprocessing test set",
        "time": 152
      },
      {
        "name": "Grid searching",
        "time": 1035
      },
      {
        "name": "Fitting model",
        "time": 220
      },
      {
        "name": "Saving model",
        "time": 2
      },
      {
        "name": "Scoring model",
        "time": 889
      }
    ]
  },
  "startTime": 1523121788879,
  "endTime": 1523121791815,
  "preprocessingTime": 789,
  "trainingTime": 2147
}