{
    "gridSize": 3, 
    "nThreads": 1, 
    "metric": "R2", 
    "gridPoints": [
        {
            "index": 0, 
            "finishedAt": 1525621064704.0, 
            "score": 0.38941075212006948, 
            "parameters": {
                "alpha": 0.1
            }, 
            "time": 2452.0
        }, 
        {
            "index": 1, 
            "finishedAt": 1525621064728.0, 
            "score": 0.32280922519749566, 
            "parameters": {
                "alpha": 1.0
            }, 
            "time": 16.0
        }, 
        {
            "index": 2, 
            "finishedAt": 1525621064749.0, 
            "score": 0.21082061778722044, 
            "parameters": {
                "alpha": 3.0
            }, 
            "time": 14.0
        }
    ], 
    "startedAt": 1525621060803, 
    "nSplits": 3
}