{
    "metrics": {
        "rmse": 145.6423930740208, 
        "pearson": 0.61235898890074481, 
        "mae": 108.85129879934183, 
        "r2": 0.37289377896044795, 
        "mape": 3.508609367754866, 
        "mse": 21211.706660327582, 
        "evs": 0.37408116897145649, 
        "rmsle": 0
    }, 
    "scatterPlotData": {
        "y": [
            106.8016, 
            -19.0896, 
            238.9988, 
            326.7504, 
            366.4673, 
            180.3686, 
            298.6329, 
            -9.3953, 
            294.8443, 
            123.6061, 
            252.0624, 
            194.9963, 
            103.3954, 
            84.3715, 
            371.2649, 
            43.9612, 
            290.566, 
            124.5952, 
            374.1704, 
            93.0317, 
            151.2701, 
            317.5856, 
            57.8256, 
            139.7777, 
            112.8414, 
            196.4876, 
            5.9558, 
            190.2727, 
            225.2361, 
            353.2727, 
            324.6577, 
            283.1746, 
            78.1765, 
            174.4874, 
            210.7182, 
            120.6766, 
            106.8315, 
            72.409, 
            208.8953, 
            168.388, 
            168.7617, 
            2.6893, 
            313.7585, 
            222.0879, 
            156.2362, 
            272.7161, 
            23.6305, 
            274.5064, 
            304.4187, 
            85.1768, 
            124.121, 
            313.6929, 
            251.1628, 
            196.545, 
            316.0367, 
            122.1831, 
            55.5224, 
            210.0622, 
            278.2296, 
            194.8829, 
            232.2856, 
            314.4807, 
            101.4129, 
            177.5796, 
            198.6817, 
            361.8308, 
            139.429, 
            -25.0796, 
            159.6633, 
            139.0995, 
            259.9461, 
            312.2418, 
            377.9143, 
            310.9067, 
            144.8393, 
            180.0009, 
            312.1791, 
            81.5614, 
            230.6074, 
            276.2393, 
            103.996, 
            315.761, 
            115.5267, 
            330.1448, 
            89.5026, 
            278.2786, 
            271.7027, 
            40.2193, 
            138.8772, 
            15.6597, 
            188.5641, 
            86.7038, 
            370.1398, 
            276.8163, 
            28.0699, 
            42.6145, 
            107.6217, 
            18.6066, 
            292.8732, 
            207.3595, 
            117.7785, 
            250.4892, 
            204.1765, 
            128.4631, 
            88.5369, 
            248.104, 
            58.276, 
            212.6764, 
            240.85, 
            317.1182, 
            183.6548, 
            343.7163, 
            169.2099, 
            22.7253, 
            211.2434, 
            209.6377, 
            157.1705, 
            38.6033, 
            125.2456, 
            0.6136, 
            251.039, 
            62.3028, 
            385.3269, 
            123.5047, 
            -38.0112, 
            299.1968, 
            -30.1971, 
            238.3775, 
            180.0477, 
            336.4904, 
            118.5597, 
            103.4037, 
            303.6695, 
            181.9381, 
            95.6693, 
            111.2696, 
            158.3172, 
            401.6587, 
            353.6718, 
            66.6508, 
            111.7349, 
            47.9129, 
            236.533, 
            164.8305, 
            242.6935, 
            158.5671, 
            24.3735, 
            226.324, 
            175.9238, 
            313.3326, 
            316.2325, 
            79.8677, 
            213.4339, 
            228.7617, 
            124.3327, 
            100.7223, 
            123.9785, 
            162.3712, 
            41.7538, 
            326.8427, 
            223.4079, 
            299.2189, 
            130.5562, 
            292.2678, 
            271.8011, 
            213.9755, 
            59.4501, 
            292.9809, 
            292.3731, 
            187.5187, 
            311.2906, 
            155.6542, 
            235.8547, 
            393.8916, 
            249.8199, 
            235.6279, 
            27.715, 
            132.8289, 
            116.4476, 
            174.6917, 
            249.7116, 
            350.6599, 
            298.2762, 
            -123.1662, 
            179.0784, 
            315.4063, 
            394.1095, 
            179.2638, 
            79.4834, 
            27.9248, 
            294.9702, 
            176.8345, 
            151.3639, 
            378.8844, 
            232.3633, 
            320.0385, 
            -5.5452, 
            127.5585, 
            299.6624, 
            197.9765, 
            339.886, 
            193.0174, 
            178.1916, 
            141.0661, 
            28.7325, 
            111.4003, 
            143.8159, 
            50.1779, 
            209.7739, 
            206.1586, 
            241.9579, 
            337.7133, 
            189.229, 
            277.5596, 
            211.097, 
            301.2412, 
            144.6645, 
            367.757, 
            14.7912, 
            271.4021, 
            213.8553, 
            141.7161, 
            209.249, 
            347.8972, 
            101.1811, 
            85.1631, 
            83.6285, 
            302.6406, 
            253.5155, 
            159.4648, 
            189.1908, 
            190.5097, 
            65.713, 
            99.2035, 
            286.2933, 
            168.8554, 
            183.1964, 
            180.7889, 
            94.2271, 
            107.6044, 
            289.1752, 
            250.3162, 
            235.3931, 
            193.2673, 
            282.6415, 
            329.0054, 
            280.4205, 
            258.0869, 
            151.8105, 
            68.6353, 
            275.4934, 
            270.4305, 
            78.3192, 
            128.2096, 
            331.9512, 
            288.6491, 
            125.2282, 
            227.1033, 
            244.4947, 
            246.8897, 
            379.5725, 
            367.1266, 
            288.4861, 
            11.2404, 
            147.132, 
            318.6593, 
            138.6411, 
            241.772, 
            288.7413, 
            -52.7097, 
            187.8625, 
            287.1232, 
            179.2736, 
            79.4555, 
            80.4442, 
            -6.7428, 
            84.9641, 
            212.9503, 
            289.7033, 
            315.8045, 
            202.386, 
            255.6737, 
            124.5732, 
            245.2605, 
            203.2929, 
            234.2, 
            194.8634, 
            219.9326, 
            95.6559, 
            229.7059, 
            101.0054, 
            219.8837, 
            85.8309, 
            88.3325, 
            308.026, 
            84.4832, 
            66.0953, 
            -19.829, 
            145.9288, 
            372.9944, 
            366.8065, 
            233.1352, 
            277.1953, 
            9.9392, 
            93.6508, 
            163.772, 
            241.5949, 
            236.7591, 
            166.3741, 
            383.092, 
            342.6953, 
            165.9929, 
            111.5676, 
            5.681, 
            205.3204, 
            347.2611, 
            279.4564, 
            239.8456, 
            84.2177, 
            259.2483, 
            245.3429, 
            215.1237, 
            299.609, 
            347.234, 
            31.6487, 
            389.4779, 
            306.2756, 
            387.8985, 
            207.2869, 
            360.8216, 
            329.2891, 
            288.1896, 
            331.714, 
            180.5315, 
            151.4626, 
            310.9161, 
            237.1691, 
            297.9785, 
            284.6734, 
            133.3558, 
            321.4108, 
            103.1918, 
            9.2368, 
            87.8252, 
            162.4797, 
            168.4565, 
            381.6556, 
            298.5299, 
            91.0234, 
            33.8232, 
            123.7128, 
            33.6871, 
            287.6755, 
            18.6822, 
            293.8251, 
            193.5049, 
            374.6004, 
            258.3755, 
            -1.4985, 
            210.0532, 
            137.1786, 
            294.3543, 
            112.3361, 
            46.8127, 
            268.4294, 
            211.5676, 
            306.5992, 
            228.7021, 
            -2.2197, 
            367.7335, 
            98.965, 
            335.7612, 
            322.9, 
            87.643, 
            249.7609, 
            -73.6877, 
            111.4473, 
            140.5073, 
            143.8838, 
            335.5786, 
            169.9246, 
            110.7935, 
            323.0634, 
            84.4731, 
            129.7654, 
            187.9405, 
            302.2419, 
            211.4191, 
            420.6633, 
            142.4527, 
            418.6286, 
            115.4493, 
            217.7893, 
            52.7121, 
            -59.1998, 
            214.0604, 
            302.9698, 
            272.9613, 
            244.7628, 
            53.4992, 
            131.3586, 
            224.9049, 
            115.8747, 
            322.0741, 
            188.3317, 
            152.901, 
            72.5338, 
            117.392, 
            220.1903, 
            208.2049, 
            242.4058, 
            255.9262, 
            187.5131, 
            88.1721, 
            173.564, 
            155.8723, 
            188.1216, 
            110.3724, 
            254.3259, 
            149.7826, 
            181.1641, 
            88.7038, 
            272.5841, 
            69.3748, 
            53.7321, 
            12.6007, 
            80.9603, 
            72.5097, 
            168.1024, 
            227.4851, 
            -53.7802, 
            29.2245, 
            276.8877, 
            353.5788, 
            235.1576, 
            128.6911, 
            56.4951, 
            326.5793, 
            162.572, 
            325.5074, 
            108.4392, 
            308.4667, 
            193.8595, 
            384.5195, 
            315.7503, 
            198.0719, 
            60.6349, 
            41.297, 
            122.8493, 
            163.5312, 
            287.7393, 
            244.0972, 
            24.3783, 
            164.584, 
            3.9298, 
            125.9047, 
            283.6818, 
            129.3094, 
            231.2039, 
            270.1729, 
            -96.4387, 
            273.873, 
            131.9998, 
            288.8546, 
            32.3518, 
            107.7129, 
            239.9042, 
            182.034, 
            42.5876, 
            111.4823, 
            310.1334, 
            286.1335, 
            163.1473, 
            28.6131, 
            98.8467, 
            381.2859, 
            198.6653, 
            2.8629, 
            231.9976, 
            132.6852, 
            89.275, 
            5.441, 
            280.72, 
            357.3908, 
            205.5874, 
            397.0413, 
            167.8336, 
            238.2939, 
            206.7665, 
            116.0085, 
            189.7593, 
            198.3706, 
            170.6335, 
            58.8136, 
            265.0751, 
            150.3142, 
            229.9852, 
            178.0418, 
            135.8852, 
            -4.3569, 
            23.0185, 
            97.4413, 
            353.6009, 
            220.8078, 
            210.7516, 
            119.713, 
            188.1717, 
            83.1079, 
            -94.4703, 
            186.365, 
            187.5729, 
            313.7165, 
            311.5505, 
            150.309, 
            292.5303, 
            130.8134, 
            -18.3728, 
            160.7402, 
            -65.1355, 
            260.8609, 
            331.9123, 
            135.9024, 
            182.2191, 
            317.8776, 
            248.7037, 
            244.7254, 
            388.2737, 
            180.114, 
            41.4221, 
            44.9945, 
            247.0738, 
            206.5725, 
            74.6896, 
            27.1288, 
            160.7659, 
            74.1217, 
            75.9077, 
            33.5569, 
            136.2856, 
            -35.0053, 
            362.4459, 
            178.5078, 
            145.9044, 
            -19.2799, 
            257.164, 
            174.4394, 
            265.8955, 
            105.1093, 
            41.948, 
            106.874, 
            31.7017, 
            227.8074, 
            53.7804, 
            85.5348, 
            302.4727, 
            113.2816, 
            135.2389, 
            355.1811, 
            319.9649, 
            119.8251, 
            131.0404, 
            174.5198, 
            235.9642, 
            128.2805, 
            330.1798, 
            201.8522, 
            183.471, 
            407.1865, 
            91.9746, 
            274.3136, 
            73.0711, 
            129.5179, 
            233.314, 
            155.869, 
            35.6322, 
            116.7226, 
            204.3126, 
            131.3035, 
            220.819, 
            184.4773, 
            169.4135, 
            228.0052, 
            115.1059, 
            -46.4, 
            374.9431, 
            214.7737, 
            159.3364, 
            -7.1965, 
            244.2813, 
            169.5194, 
            129.0901, 
            -51.2968, 
            25.2914, 
            100.1899, 
            304.7375, 
            159.0954, 
            49.0895, 
            93.4548, 
            -42.4031, 
            343.3401, 
            149.6202, 
            49.35, 
            225.5505, 
            62.8785, 
            295.5997, 
            208.0497, 
            366.3208, 
            309.1096, 
            265.0635, 
            68.3717, 
            92.6093, 
            282.8991, 
            96.9245, 
            174.944, 
            59.336, 
            336.6375, 
            440.9021, 
            310.3811, 
            94.6806, 
            117.046, 
            344.2679, 
            179.2209, 
            140.0337, 
            -37.7613, 
            83.2818, 
            39.6693, 
            200.268, 
            52.0521, 
            100.5918, 
            51.1929, 
            271.0115, 
            106.9124, 
            151.525, 
            171.0403, 
            107.8162, 
            347.5981, 
            18.2489, 
            2.1186, 
            265.1141, 
            308.6778, 
            150.5246, 
            167.2593, 
            307.4718, 
            167.1518, 
            271.6319, 
            296.9535, 
            152.871, 
            92.4324, 
            283.5559, 
            295.3404, 
            162.3674, 
            86.6785, 
            139.0198, 
            192.0003, 
            237.1316, 
            122.6363, 
            -62.8341, 
            178.3418, 
            51.8012, 
            368.3156, 
            69.6592, 
            130.5437, 
            167.1292, 
            223.3384, 
            154.639, 
            299.4552, 
            276.4727, 
            207.0196, 
            322.08, 
            247.5464, 
            350.3519, 
            214.5682, 
            177.2681, 
            117.1911, 
            191.8371, 
            200.5965, 
            162.8698, 
            272.5103, 
            137.9457, 
            5.2512, 
            226.1833, 
            73.019, 
            312.3632, 
            -91.4673, 
            102.3205, 
            291.8995, 
            192.1772, 
            186.9893, 
            298.2893, 
            201.3449, 
            230.9586, 
            193.6276, 
            110.6187, 
            93.7895, 
            271.8211, 
            271.7999, 
            227.3641, 
            143.5878, 
            152.4973, 
            226.2149, 
            372.6259, 
            285.8856, 
            290.4634, 
            -48.623, 
            125.4259, 
            258.4454, 
            73.7099, 
            107.7205, 
            171.0353, 
            169.7028, 
            58.2848, 
            207.8133, 
            312.1383, 
            118.059, 
            203.6459, 
            118.0497, 
            130.4614, 
            169.2359, 
            214.1559, 
            258.933, 
            170.691, 
            125.7281, 
            281.0085, 
            161.1689, 
            336.564, 
            260.2701, 
            276.2375, 
            364.3404, 
            -13.1687, 
            181.1778, 
            125.7158, 
            256.3465, 
            290.1436, 
            46.8276, 
            207.6679, 
            172.9103, 
            243.2183, 
            151.8231, 
            228.0183, 
            373.9571, 
            71.7009, 
            289.7478, 
            263.8205, 
            39.3653, 
            184.8795, 
            302.2662, 
            60.0953, 
            100.7031, 
            234.1406, 
            300.4176, 
            45.2524, 
            273.8959, 
            178.9549, 
            218.227, 
            193.1977, 
            250.8415, 
            113.2588, 
            281.4837, 
            219.3561, 
            85.1539, 
            282.7672, 
            209.973, 
            374.086, 
            337.9365, 
            210.5492, 
            386.4266, 
            314.6432, 
            146.8042, 
            217.6011, 
            126.6427, 
            311.7183, 
            269.9152, 
            179.6478, 
            110.8271, 
            227.6874, 
            114.1691, 
            335.9557, 
            180.6709, 
            280.6114, 
            34.1384, 
            235.0197, 
            369.7402, 
            195.0163, 
            261.9987, 
            3.4952, 
            105.7668, 
            228.8057, 
            196.4977, 
            115.4061, 
            270.6023, 
            190.8131, 
            278.4451, 
            288.8737, 
            169.3824, 
            26.2699, 
            27.1033, 
            246.6349, 
            389.2158, 
            85.9074, 
            229.6834, 
            219.7401, 
            137.014, 
            238.3116, 
            306.2226, 
            294.8338, 
            94.6327, 
            107.7133, 
            147.3784, 
            241.1001, 
            182.5626, 
            296.1907, 
            144.8152, 
            116.7853, 
            215.8133, 
            236.1778, 
            134.8325, 
            304.7304, 
            -14.5574, 
            199.576, 
            60.4687, 
            312.5124, 
            206.2089, 
            248.331, 
            203.0359, 
            114.3066, 
            344.0146, 
            -92.6854, 
            102.3189, 
            32.0264, 
            90.5306, 
            215.5561, 
            251.3918, 
            167.9813, 
            239.4745, 
            93.4373, 
            276.7423, 
            348.0398, 
            161.0128, 
            375.8085, 
            131.8445, 
            349.8305, 
            300.8426, 
            81.8236, 
            177.3227, 
            278.8282, 
            197.1745, 
            233.2309, 
            112.3591, 
            272.4477, 
            343.4944, 
            68.1096, 
            56.5179, 
            -108.4936, 
            122.4523, 
            118.7729, 
            166.0534, 
            221.03, 
            261.5781, 
            77.9327, 
            282.0717, 
            99.8676, 
            128.3107, 
            178.8956, 
            76.7464, 
            -6.8877, 
            238.0149, 
            170.3148, 
            348.2389, 
            328.9235, 
            213.8744, 
            281.3914, 
            86.5272, 
            184.7164, 
            155.1564, 
            157.898, 
            264.5444, 
            334.6204, 
            372.7895, 
            289.3765, 
            243.2344, 
            179.0314, 
            60.9832, 
            129.2269, 
            340.834, 
            322.5226, 
            113.8406, 
            126.5476, 
            120.2226, 
            229.9816, 
            285.821, 
            208.1133, 
            184.1443, 
            20.1321, 
            137.7249, 
            39.4245, 
            331.7835, 
            226.6672, 
            93.9412, 
            343.4749, 
            89.6039, 
            120.8386, 
            260.4347, 
            338.9052, 
            104.2086, 
            201.537, 
            280.5406, 
            55.9, 
            240.0407, 
            109.5197, 
            215.78, 
            142.1439, 
            319.2145, 
            64.9233, 
            195.6713, 
            216.516, 
            166.4413, 
            271.3875, 
            225.9151, 
            241.2042, 
            254.4164, 
            69.1095, 
            203.4349, 
            3.7455, 
            383.8522, 
            224.831, 
            288.1031, 
            219.8175, 
            125.4893, 
            335.3627, 
            372.8915, 
            296.1012, 
            166.6757, 
            141.4502, 
            363.8715, 
            286.4467, 
            161.6448, 
            311.6394, 
            206.493, 
            106.6076, 
            342.6029, 
            373.5965, 
            162.0588, 
            188.4348, 
            195.7069, 
            285.643, 
            158.8073, 
            76.9765, 
            -18.2268, 
            202.1907, 
            109.8779, 
            136.0221, 
            199.9243, 
            289.6001, 
            249.7559, 
            268.0151, 
            115.6769, 
            -38.1607, 
            331.9131, 
            224.5726, 
            384.0659, 
            275.4874, 
            239.1143, 
            13.7446, 
            258.8969, 
            120.4278, 
            -9.2428, 
            -23.1779, 
            113.0291, 
            111.6601, 
            72.2211, 
            192.9628, 
            -17.7358, 
            317.4994, 
            159.8798, 
            201.3712, 
            401.991, 
            152.0086, 
            199.0735, 
            259.1523, 
            324.5814, 
            77.3119, 
            195.0971, 
            203.6177, 
            313.0601, 
            21.2601, 
            152.8812, 
            291.1349, 
            117.8176, 
            314.2486, 
            -41.8892, 
            276.4875, 
            187.6944, 
            295.0152, 
            297.1787, 
            260.0566, 
            109.0245, 
            81.3036, 
            281.751, 
            58.7683, 
            174.7555
        ], 
        "x": [
            14.0, 
            2.0, 
            463.0, 
            118.0, 
            795.0, 
            136.0, 
            494.0, 
            63.0, 
            67.0, 
            68.0, 
            336.0, 
            114.0, 
            83.0, 
            272.0, 
            375.0, 
            1.0, 
            424.0, 
            21.0, 
            562.0, 
            52.0, 
            41.0, 
            174.0, 
            16.0, 
            15.0, 
            129.0, 
            253.0, 
            1.0, 
            44.0, 
            512.0, 
            734.0, 
            280.0, 
            491.0, 
            445.0, 
            308.0, 
            133.0, 
            275.0, 
            157.0, 
            11.0, 
            758.0, 
            55.0, 
            148.0, 
            2.0, 
            254.0, 
            130.0, 
            3.0, 
            380.0, 
            13.0, 
            236.0, 
            490.0, 
            28.0, 
            19.0, 
            145.0, 
            98.0, 
            461.0, 
            224.0, 
            308.0, 
            2.0, 
            8.0, 
            151.0, 
            54.0, 
            207.0, 
            537.0, 
            5.0, 
            333.0, 
            9.0, 
            224.0, 
            314.0, 
            8.0, 
            30.0, 
            121.0, 
            169.0, 
            449.0, 
            884.0, 
            286.0, 
            321.0, 
            55.0, 
            260.0, 
            190.0, 
            162.0, 
            178.0, 
            5.0, 
            154.0, 
            72.0, 
            220.0, 
            17.0, 
            285.0, 
            238.0, 
            78.0, 
            205.0, 
            87.0, 
            59.0, 
            57.0, 
            391.0, 
            290.0, 
            84.0, 
            7.0, 
            63.0, 
            2.0, 
            193.0, 
            69.0, 
            23.0, 
            205.0, 
            505.0, 
            149.0, 
            1.0, 
            100.0, 
            299.0, 
            408.0, 
            307.0, 
            306.0, 
            123.0, 
            461.0, 
            244.0, 
            7.0, 
            359.0, 
            127.0, 
            277.0, 
            69.0, 
            23.0, 
            3.0, 
            198.0, 
            73.0, 
            458.0, 
            62.0, 
            13.0, 
            532.0, 
            3.0, 
            405.0, 
            5.0, 
            226.0, 
            8.0, 
            174.0, 
            543.0, 
            326.0, 
            56.0, 
            107.0, 
            120.0, 
            360.0, 
            164.0, 
            4.0, 
            32.0, 
            42.0, 
            152.0, 
            128.0, 
            70.0, 
            453.0, 
            2.0, 
            304.0, 
            207.0, 
            191.0, 
            651.0, 
            30.0, 
            314.0, 
            159.0, 
            8.0, 
            59.0, 
            103.0, 
            124.0, 
            8.0, 
            74.0, 
            47.0, 
            184.0, 
            6.0, 
            495.0, 
            341.0, 
            61.0, 
            3.0, 
            283.0, 
            304.0, 
            68.0, 
            251.0, 
            3.0, 
            150.0, 
            448.0, 
            133.0, 
            190.0, 
            62.0, 
            130.0, 
            10.0, 
            233.0, 
            219.0, 
            233.0, 
            206.0, 
            4.0, 
            315.0, 
            127.0, 
            382.0, 
            68.0, 
            450.0, 
            6.0, 
            156.0, 
            181.0, 
            584.0, 
            326.0, 
            201.0, 
            249.0, 
            4.0, 
            78.0, 
            239.0, 
            10.0, 
            844.0, 
            596.0, 
            53.0, 
            122.0, 
            62.0, 
            134.0, 
            66.0, 
            56.0, 
            148.0, 
            10.0, 
            153.0, 
            416.0, 
            139.0, 
            141.0, 
            156.0, 
            310.0, 
            52.0, 
            162.0, 
            61.0, 
            366.0, 
            392.0, 
            29.0, 
            224.0, 
            421.0, 
            71.0, 
            206.0, 
            264.0, 
            566.0, 
            158.0, 
            2.0, 
            145.0, 
            64.0, 
            224.0, 
            278.0, 
            344.0, 
            310.0, 
            7.0, 
            9.0, 
            441.0, 
            3.0, 
            190.0, 
            308.0, 
            161.0, 
            8.0, 
            524.0, 
            433.0, 
            255.0, 
            396.0, 
            23.0, 
            55.0, 
            433.0, 
            571.0, 
            84.0, 
            141.0, 
            186.0, 
            390.0, 
            12.0, 
            288.0, 
            227.0, 
            388.0, 
            197.0, 
            319.0, 
            531.0, 
            23.0, 
            15.0, 
            390.0, 
            529.0, 
            785.0, 
            399.0, 
            1.0, 
            503.0, 
            129.0, 
            138.0, 
            25.0, 
            136.0, 
            1.0, 
            62.0, 
            105.0, 
            164.0, 
            194.0, 
            64.0, 
            289.0, 
            262.0, 
            131.0, 
            238.0, 
            19.0, 
            33.0, 
            332.0, 
            372.0, 
            159.0, 
            28.0, 
            157.0, 
            513.0, 
            28.0, 
            681.0, 
            1.0, 
            7.0, 
            179.0, 
            8.0, 
            353.0, 
            263.0, 
            82.0, 
            402.0, 
            222.0, 
            95.0, 
            159.0, 
            151.0, 
            46.0, 
            650.0, 
            581.0, 
            206.0, 
            115.0, 
            299.0, 
            9.0, 
            295.0, 
            273.0, 
            404.0, 
            163.0, 
            63.0, 
            359.0, 
            40.0, 
            719.0, 
            257.0, 
            280.0, 
            130.0, 
            276.0, 
            242.0, 
            451.0, 
            171.0, 
            811.0, 
            270.0, 
            212.0, 
            173.0, 
            114.0, 
            12.0, 
            603.0, 
            124.0, 
            417.0, 
            151.0, 
            5.0, 
            884.0, 
            216.0, 
            188.0, 
            141.0, 
            274.0, 
            148.0, 
            300.0, 
            134.0, 
            253.0, 
            13.0, 
            95.0, 
            6.0, 
            638.0, 
            114.0, 
            337.0, 
            145.0, 
            248.0, 
            235.0, 
            211.0, 
            680.0, 
            503.0, 
            155.0, 
            144.0, 
            10.0, 
            135.0, 
            137.0, 
            189.0, 
            357.0, 
            8.0, 
            328.0, 
            71.0, 
            91.0, 
            345.0, 
            87.0, 
            183.0, 
            1.0, 
            71.0, 
            46.0, 
            312.0, 
            265.0, 
            143.0, 
            5.0, 
            306.0, 
            75.0, 
            11.0, 
            218.0, 
            321.0, 
            411.0, 
            194.0, 
            53.0, 
            430.0, 
            93.0, 
            396.0, 
            14.0, 
            32.0, 
            130.0, 
            261.0, 
            280.0, 
            291.0, 
            5.0, 
            25.0, 
            292.0, 
            23.0, 
            178.0, 
            51.0, 
            92.0, 
            105.0, 
            79.0, 
            120.0, 
            330.0, 
            558.0, 
            263.0, 
            20.0, 
            4.0, 
            276.0, 
            21.0, 
            57.0, 
            147.0, 
            484.0, 
            152.0, 
            373.0, 
            14.0, 
            306.0, 
            7.0, 
            27.0, 
            14.0, 
            228.0, 
            76.0, 
            107.0, 
            351.0, 
            20.0, 
            8.0, 
            91.0, 
            237.0, 
            82.0, 
            161.0, 
            151.0, 
            131.0, 
            308.0, 
            220.0, 
            77.0, 
            193.0, 
            237.0, 
            411.0, 
            569.0, 
            289.0, 
            48.0, 
            17.0, 
            9.0, 
            6.0, 
            135.0, 
            379.0, 
            53.0, 
            15.0, 
            38.0, 
            134.0, 
            679.0, 
            105.0, 
            328.0, 
            407.0, 
            7.0, 
            189.0, 
            438.0, 
            374.0, 
            5.0, 
            210.0, 
            239.0, 
            76.0, 
            23.0, 
            90.0, 
            192.0, 
            108.0, 
            140.0, 
            96.0, 
            60.0, 
            523.0, 
            72.0, 
            9.0, 
            51.0, 
            23.0, 
            133.0, 
            64.0, 
            165.0, 
            233.0, 
            5.0, 
            183.0, 
            16.0, 
            287.0, 
            153.0, 
            457.0, 
            150.0, 
            129.0, 
            144.0, 
            57.0, 
            394.0, 
            31.0, 
            281.0, 
            134.0, 
            43.0, 
            23.0, 
            68.0, 
            45.0, 
            605.0, 
            163.0, 
            38.0, 
            24.0, 
            78.0, 
            6.0, 
            3.0, 
            7.0, 
            12.0, 
            140.0, 
            361.0, 
            4.0, 
            139.0, 
            5.0, 
            39.0, 
            84.0, 
            20.0, 
            188.0, 
            917.0, 
            71.0, 
            256.0, 
            498.0, 
            330.0, 
            430.0, 
            857.0, 
            180.0, 
            98.0, 
            55.0, 
            12.0, 
            330.0, 
            56.0, 
            35.0, 
            141.0, 
            1.0, 
            13.0, 
            9.0, 
            226.0, 
            45.0, 
            800.0, 
            27.0, 
            79.0, 
            3.0, 
            394.0, 
            4.0, 
            89.0, 
            53.0, 
            23.0, 
            25.0, 
            12.0, 
            164.0, 
            8.0, 
            4.0, 
            211.0, 
            429.0, 
            149.0, 
            334.0, 
            312.0, 
            37.0, 
            28.0, 
            28.0, 
            423.0, 
            5.0, 
            108.0, 
            15.0, 
            220.0, 
            451.0, 
            5.0, 
            232.0, 
            86.0, 
            398.0, 
            177.0, 
            7.0, 
            22.0, 
            368.0, 
            197.0, 
            6.0, 
            129.0, 
            129.0, 
            282.0, 
            320.0, 
            5.0, 
            30.0, 
            297.0, 
            382.0, 
            156.0, 
            21.0, 
            247.0, 
            48.0, 
            10.0, 
            31.0, 
            7.0, 
            3.0, 
            512.0, 
            10.0, 
            44.0, 
            453.0, 
            4.0, 
            316.0, 
            72.0, 
            5.0, 
            135.0, 
            2.0, 
            290.0, 
            268.0, 
            538.0, 
            214.0, 
            90.0, 
            5.0, 
            164.0, 
            116.0, 
            57.0, 
            26.0, 
            6.0, 
            292.0, 
            201.0, 
            460.0, 
            55.0, 
            226.0, 
            409.0, 
            3.0, 
            297.0, 
            7.0, 
            209.0, 
            166.0, 
            356.0, 
            25.0, 
            76.0, 
            20.0, 
            536.0, 
            22.0, 
            331.0, 
            3.0, 
            36.0, 
            649.0, 
            1.0, 
            95.0, 
            473.0, 
            187.0, 
            70.0, 
            114.0, 
            419.0, 
            118.0, 
            511.0, 
            355.0, 
            604.0, 
            52.0, 
            155.0, 
            214.0, 
            81.0, 
            82.0, 
            87.0, 
            58.0, 
            332.0, 
            10.0, 
            20.0, 
            357.0, 
            133.0, 
            239.0, 
            21.0, 
            98.0, 
            694.0, 
            48.0, 
            305.0, 
            195.0, 
            263.0, 
            8.0, 
            578.0, 
            120.0, 
            584.0, 
            188.0, 
            3.0, 
            12.0, 
            110.0, 
            128.0, 
            219.0, 
            256.0, 
            39.0, 
            34.0, 
            172.0, 
            123.0, 
            386.0, 
            9.0, 
            106.0, 
            226.0, 
            151.0, 
            56.0, 
            362.0, 
            154.0, 
            354.0, 
            76.0, 
            52.0, 
            70.0, 
            518.0, 
            324.0, 
            187.0, 
            296.0, 
            117.0, 
            173.0, 
            645.0, 
            806.0, 
            364.0, 
            1.0, 
            10.0, 
            504.0, 
            42.0, 
            106.0, 
            231.0, 
            53.0, 
            467.0, 
            137.0, 
            351.0, 
            25.0, 
            284.0, 
            16.0, 
            78.0, 
            16.0, 
            25.0, 
            365.0, 
            33.0, 
            108.0, 
            282.0, 
            12.0, 
            312.0, 
            278.0, 
            343.0, 
            259.0, 
            8.0, 
            125.0, 
            48.0, 
            232.0, 
            285.0, 
            157.0, 
            190.0, 
            69.0, 
            455.0, 
            10.0, 
            367.0, 
            281.0, 
            7.0, 
            211.0, 
            196.0, 
            385.0, 
            132.0, 
            643.0, 
            2.0, 
            129.0, 
            171.0, 
            185.0, 
            5.0, 
            322.0, 
            70.0, 
            7.0, 
            6.0, 
            116.0, 
            299.0, 
            148.0, 
            273.0, 
            1.0, 
            401.0, 
            16.0, 
            209.0, 
            390.0, 
            136.0, 
            465.0, 
            398.0, 
            192.0, 
            119.0, 
            158.0, 
            112.0, 
            546.0, 
            19.0, 
            108.0, 
            176.0, 
            58.0, 
            461.0, 
            223.0, 
            52.0, 
            7.0, 
            239.0, 
            377.0, 
            71.0, 
            98.0, 
            86.0, 
            48.0, 
            111.0, 
            354.0, 
            5.0, 
            326.0, 
            49.0, 
            308.0, 
            196.0, 
            48.0, 
            5.0, 
            74.0, 
            229.0, 
            318.0, 
            25.0, 
            130.0, 
            351.0, 
            398.0, 
            114.0, 
            232.0, 
            542.0, 
            18.0, 
            34.0, 
            49.0, 
            226.0, 
            148.0, 
            530.0, 
            180.0, 
            339.0, 
            114.0, 
            187.0, 
            81.0, 
            414.0, 
            158.0, 
            390.0, 
            404.0, 
            552.0, 
            243.0, 
            89.0, 
            144.0, 
            84.0, 
            108.0, 
            1.0, 
            86.0, 
            6.0, 
            484.0, 
            151.0, 
            323.0, 
            47.0, 
            236.0, 
            244.0, 
            473.0, 
            381.0, 
            8.0, 
            480.0, 
            26.0, 
            478.0, 
            512.0, 
            99.0, 
            119.0, 
            298.0, 
            14.0, 
            159.0, 
            30.0, 
            419.0, 
            576.0, 
            62.0, 
            35.0, 
            2.0, 
            73.0, 
            75.0, 
            15.0, 
            286.0, 
            201.0, 
            61.0, 
            343.0, 
            270.0, 
            4.0, 
            111.0, 
            26.0, 
            117.0, 
            107.0, 
            153.0, 
            367.0, 
            247.0, 
            297.0, 
            160.0, 
            3.0, 
            271.0, 
            38.0, 
            464.0, 
            232.0, 
            549.0, 
            715.0, 
            168.0, 
            127.0, 
            331.0, 
            31.0, 
            77.0, 
            694.0, 
            743.0, 
            5.0, 
            2.0, 
            22.0, 
            502.0, 
            590.0, 
            75.0, 
            12.0, 
            9.0, 
            37.0, 
            2.0, 
            105.0, 
            199.0, 
            165.0, 
            353.0, 
            69.0, 
            109.0, 
            213.0, 
            451.0, 
            57.0, 
            87.0, 
            282.0, 
            23.0, 
            199.0, 
            77.0, 
            181.0, 
            64.0, 
            729.0, 
            265.0, 
            151.0, 
            189.0, 
            42.0, 
            129.0, 
            16.0, 
            147.0, 
            353.0, 
            17.0, 
            245.0, 
            24.0, 
            272.0, 
            226.0, 
            514.0, 
            390.0, 
            106.0, 
            702.0, 
            461.0, 
            657.0, 
            14.0, 
            59.0, 
            275.0, 
            233.0, 
            216.0, 
            147.0, 
            226.0, 
            69.0, 
            118.0, 
            376.0, 
            6.0, 
            359.0, 
            80.0, 
            222.0, 
            131.0, 
            2.0, 
            1.0, 
            87.0, 
            46.0, 
            128.0, 
            30.0, 
            211.0, 
            541.0, 
            139.0, 
            25.0, 
            94.0, 
            282.0, 
            447.0, 
            406.0, 
            365.0, 
            164.0, 
            4.0, 
            116.0, 
            28.0, 
            13.0, 
            16.0, 
            16.0, 
            24.0, 
            5.0, 
            46.0, 
            16.0, 
            239.0, 
            43.0, 
            217.0, 
            232.0, 
            29.0, 
            385.0, 
            225.0, 
            202.0, 
            89.0, 
            118.0, 
            123.0, 
            269.0, 
            27.0, 
            4.0, 
            99.0, 
            93.0, 
            200.0, 
            1.0, 
            222.0, 
            26.0, 
            238.0, 
            84.0, 
            61.0, 
            38.0, 
            216.0, 
            243.0, 
            126.0, 
            133.0
        ]
    }, 
    "processed_feature_names": [
        "atemp", 
        "day of the month", 
        "day of the week", 
        "holiday", 
        "hour of the day", 
        "humidity", 
        "month of the year", 
        "season", 
        "weather", 
        "windspeed", 
        "workingday", 
        "year"
    ], 
    "regression_performance": {
        "max_error": 430.16221628144126, 
        "median_error": -26.22281196229858, 
        "error_distribution": [
            {
                "count": 257, 
                "bin_max": -138.93738114606174, 
                "bin_id": 0, 
                "bin_min": -202.8030026351482
            }, 
            {
                "count": 411, 
                "bin_max": -75.704092543005856, 
                "bin_id": 1, 
                "bin_min": -138.93738114606174
            }, 
            {
                "count": 547, 
                "bin_max": -12.470803939949946, 
                "bin_id": 2, 
                "bin_min": -75.704092543005856
            }, 
            {
                "count": 334, 
                "bin_max": 50.762484663105937, 
                "bin_id": 3, 
                "bin_min": -12.470803939949946
            }, 
            {
                "count": 240, 
                "bin_max": 113.99577326616182, 
                "bin_id": 4, 
                "bin_min": 50.762484663105937
            }, 
            {
                "count": 137, 
                "bin_max": 177.22906186921776, 
                "bin_id": 5, 
                "bin_min": 113.99577326616182
            }, 
            {
                "count": 99, 
                "bin_max": 240.46235047227364, 
                "bin_id": 6, 
                "bin_min": 177.22906186921776
            }, 
            {
                "count": 64, 
                "bin_max": 303.6956390753295, 
                "bin_id": 7, 
                "bin_min": 240.46235047227364
            }, 
            {
                "count": 34, 
                "bin_max": 366.92892767838543, 
                "bin_id": 8, 
                "bin_min": 303.6956390753295
            }, 
            {
                "count": 72, 
                "bin_max": 430.16221628144126, 
                "bin_id": 9, 
                "bin_min": 366.92892767838543
            }
        ], 
        "min_error": -202.17066974911765, 
        "average_error": 5.660113481284106, 
        "std_error": 140.78498412746586, 
        "p75_error": 74.58331146103225, 
        "p90_error": 202.41750159226365, 
        "p25_error": -92.0321337801392
    }
}