{
  "state": "FAILED",
  "failure": {
    "errorType": "com.dataiku.dip.exceptions.ProcessDiedException",
    "message": "ML process died - manually aborted",
    "detailedMessage": "ML process died - manually aborted",
    "stackTraceStr": "com.dataiku.dip.exceptions.ProcessDiedException: ML process died - manually aborted\n\tat com.dataiku.dip.exceptions.ProcessDiedException.getExceptionOnProcessDeath(ProcessDiedException.java:39)\n\tat com.dataiku.dip.kernels.DSSKernelBase.getExceptionOnProcessDeath(DSSKernelBase.java:129)\n\tat com.dataiku.dip.analysis.coreservices.AnalysisMLKernel.executeCommand(AnalysisMLKernel.java:105)\n\tat com.dataiku.dip.analysis.ml.prediction.PyRegularNoSavePredictionHandler$TrainAdditionalThread.process(PyRegularNoSavePredictionHandler.java:118)\n\tat com.dataiku.dip.analysis.ml.shared.PRNSTrainThread.run(PRNSTrainThread.java:66)\n",
    "stackTrace": [
      {
        "file": "ProcessDiedException.java",
        "line": 39,
        "function": "com.dataiku.dip.exceptions.ProcessDiedException.getExceptionOnProcessDeath"
      },
      {
        "file": "DSSKernelBase.java",
        "line": 129,
        "function": "com.dataiku.dip.kernels.DSSKernelBase.getExceptionOnProcessDeath"
      },
      {
        "file": "AnalysisMLKernel.java",
        "line": 105,
        "function": "com.dataiku.dip.analysis.coreservices.AnalysisMLKernel.executeCommand"
      },
      {
        "file": "PyRegularNoSavePredictionHandler.java",
        "line": 118,
        "function": "com.dataiku.dip.analysis.ml.prediction.PyRegularNoSavePredictionHandler$TrainAdditionalThread.process"
      },
      {
        "file": "PRNSTrainThread.java",
        "line": 66,
        "function": "com.dataiku.dip.analysis.ml.shared.PRNSTrainThread.run"
      }
    ]
  },
  "preSearchDescription": {
    "gridLength": 100,
    "importantParams": [
      {
        "name": "trees",
        "val": "300"
      },
      {
        "name": "max_depth",
        "vals": [
          "1",
          "2",
          "3",
          "5",
          "10"
        ]
      }
    ]
  },
  "modelId": "m1",
  "progress": {
    "top_level_todo": [
      "Saving model",
      "Scoring model"
    ],
    "stack": [
      {
        "name": "Fitting model",
        "target": 0.0,
        "cur": 0.0,
        "important": false,
        "depth": 0,
        "startTimestamp": 0,
        "msSinceStart": 0
      }
    ],
    "top_level_done": [
      {
        "name": "Loading train set",
        "time": 29
      },
      {
        "name": "Loading test set",
        "time": 9
      },
      {
        "name": "Collecting statistics",
        "time": 19
      },
      {
        "name": "Preprocessing train set",
        "time": 358
      },
      {
        "name": "Preprocessing test set",
        "time": 71
      }
    ]
  },
  "startTime": 1493825647019,
  "endTime": 0,
  "preprocessingTime": 0,
  "trainingTime": 0
}