{
  "type": "prediction_training",
  "inputs": {
    "main": {
      "items": [
        {
          "ref": "trainShelter_prepared",
          "deps": []
        }
      ]
    }
  },
  "outputs": {
    "main": {
      "items": [
        {
          "ref": "U3nwff3R",
          "appendMode": false
        }
      ]
    }
  },
  "neverRecomputeExistingPartitions": false,
  "optionalDependencies": false,
  "checklists": {
    "checklists": []
  },
  "tags": [],
  "versionTag": {
    "versionNumber": 0,
    "lastModifiedBy": {
      "login": "admin",
      "displayName": "feuyang tekeu vanessa"
    },
    "lastModifiedOn": 1493894134971
  },
  "customMeta": {
    "kv": {}
  },
  "redispatchPartitioning": false
}