{
    "modelInputIsSparse": false, 
    "modelInputNRows": 303028, 
    "modelInputNCols": 123, 
    "modelInputMemory": 298179552, 
    "rawImportance": {
        "variables": [
            "CPI", 
            "Dept", 
            "Fuel_Price", 
            "MarkDown1", 
            "MarkDown2", 
            "MarkDown3", 
            "MarkDown4", 
            "MarkDown5", 
            "Size", 
            "Temperature", 
            "Unemployment", 
            "dummy:IsHoliday:FALSE", 
            "dummy:IsHoliday:TRUE", 
            "dummy:Date:2010-12-10", 
            "dummy:Date:2012-10-26", 
            "dummy:Date:2012-08-10", 
            "dummy:Date:2012-02-10", 
            "dummy:Date:2011-11-25", 
            "dummy:Date:2011-12-16", 
            "dummy:Date:2011-12-02", 
            "dummy:Date:2012-05-11", 
            "dummy:Date:2012-04-13", 
            "dummy:Date:2012-02-17", 
            "dummy:Date:2011-12-09", 
            "dummy:Date:2011-04-29", 
            "dummy:Date:2010-03-12", 
            "dummy:Date:2011-03-25", 
            "dummy:Date:2011-12-23", 
            "dummy:Date:2012-06-08", 
            "dummy:Date:2011-03-04", 
            "dummy:Date:2012-08-31", 
            "dummy:Date:2010-12-24", 
            "dummy:Date:2011-06-10", 
            "dummy:Date:2012-06-01", 
            "dummy:Date:2012-01-27", 
            "dummy:Date:2011-03-18", 
            "dummy:Date:2012-08-24", 
            "dummy:Date:2010-02-19", 
            "dummy:Date:2010-12-17", 
            "dummy:Date:2012-09-14", 
            "dummy:Date:2012-05-18", 
            "dummy:Date:2011-10-07", 
            "dummy:Date:2011-12-30", 
            "dummy:Date:2012-01-13", 
            "dummy:Date:2010-07-16", 
            "dummy:Date:2010-05-21", 
            "dummy:Date:2010-03-19", 
            "dummy:Date:2010-02-12", 
            "dummy:Date:2010-09-17", 
            "dummy:Date:2010-09-10", 
            "dummy:Date:2011-08-05", 
            "dummy:Date:2010-11-12", 
            "dummy:Date:2012-03-16", 
            "dummy:Date:2010-11-05", 
            "dummy:Date:2012-01-06", 
            "dummy:Date:2011-05-27", 
            "dummy:Date:2012-10-12", 
            "dummy:Date:2012-08-03", 
            "dummy:Date:2010-07-30", 
            "dummy:Date:2010-09-24", 
            "dummy:Date:2010-05-28", 
            "dummy:Date:2011-08-19", 
            "dummy:Date:2010-02-26", 
            "dummy:Date:2011-11-04", 
            "dummy:Date:2010-06-25", 
            "dummy:Date:2011-11-11", 
            "dummy:Date:2011-04-22", 
            "dummy:Date:2010-04-09", 
            "dummy:Date:2011-09-02", 
            "dummy:Date:2012-04-06", 
            "dummy:Date:2010-06-18", 
            "dummy:Date:2010-04-02", 
            "dummy:Date:2010-10-01", 
            "dummy:Date:2012-01-20", 
            "dummy:Date:2010-04-30", 
            "dummy:Date:2010-10-15", 
            "dummy:Date:2012-04-27", 
            "dummy:Date:2012-03-02", 
            "dummy:Date:2011-07-29", 
            "dummy:Date:2011-10-28", 
            "dummy:Date:2011-10-14", 
            "dummy:Date:2012-02-24", 
            "dummy:Date:2012-05-25", 
            "dummy:Date:2011-02-11", 
            "dummy:Date:2011-10-21", 
            "dummy:Date:2010-08-06", 
            "dummy:Date:2010-10-22", 
            "dummy:Date:2011-08-26", 
            "dummy:Date:2012-02-03", 
            "dummy:Date:2010-07-09", 
            "dummy:Date:2010-02-05", 
            "dummy:Date:2012-03-30", 
            "dummy:Date:2011-04-08", 
            "dummy:Date:2010-12-31", 
            "dummy:Date:2012-03-23", 
            "dummy:Date:2011-02-18", 
            "dummy:Date:2011-06-03", 
            "dummy:Date:2011-09-16", 
            "dummy:Date:2010-10-29", 
            "dummy:Date:2011-07-08", 
            "dummy:Date:2010-03-05", 
            "dummy:Date:2011-02-25", 
            "dummy:Date:2012-08-17", 
            "dummy:Date:2012-06-22", 
            "dummy:Date:__Others__", 
            "dummy:Type:A", 
            "dummy:Type:B", 
            "dummy:Type:C"
        ], 
        "importances": [
            0.00042342325312929007, 
            0.96808298068907739, 
            0.0014810135604697099, 
            8.8494954658561374e-05, 
            4.0238341482211401e-05, 
            0.0014409040300740058, 
            4.7325213347024616e-05, 
            0.00015802304572465264, 
            0.00027557169827713041, 
            0.0013402600259658423, 
            0.00026322954810102417, 
            0.0018558596799091796, 
            0.00097961288465389629, 
            0.00027402166697804538, 
            2.1880890544781889e-09, 
            7.703789451782151e-05, 
            8.9634848875589517e-06, 
            0.0065954936703045497, 
            0.00018465992541194596, 
            0.00010877989860367622, 
            1.2608782663939916e-05, 
            1.069351765666864e-05, 
            5.1967969922481922e-05, 
            4.4017634902168124e-07, 
            1.2876108187462e-05, 
            0.00010452746736470154, 
            4.6576834222732017e-06, 
            0.0048602015791250021, 
            3.1284441944534294e-05, 
            1.8180142429609948e-07, 
            5.614557126660789e-05, 
            0.0052530537531135339, 
            0.00018802855827605971, 
            0.00013156653378530129, 
            1.636597473499021e-06, 
            5.7745315633060065e-07, 
            0.00023530142894105386, 
            2.4616162418302772e-07, 
            0.0014613234217721208, 
            5.3935554165397535e-07, 
            1.7104948721947053e-05, 
            3.4189112022041268e-07, 
            2.9242090445241343e-06, 
            8.628466263618427e-07, 
            8.6722814444125924e-05, 
            8.5718506439900543e-06, 
            4.489759681782353e-06, 
            1.4016823507359316e-05, 
            3.0855450508068976e-10, 
            1.3554740657910433e-05, 
            1.5762461953990688e-05, 
            1.2858931446758404e-07, 
            4.3050454969575369e-07, 
            4.7971901504556339e-06, 
            5.5244769626005892e-07, 
            4.5892359133214585e-06, 
            1.5284729903811048e-06, 
            1.1628573243018203e-05, 
            6.9554707790440742e-06, 
            4.711197301550143e-06, 
            1.6659222326443799e-05, 
            0.0001824869515640376, 
            1.5701933941979259e-05, 
            2.1092051226922071e-09, 
            5.1653474206329377e-07, 
            1.9755634250854592e-05, 
            0.00018486011399099599, 
            2.3124650846465545e-06, 
            9.692077714027342e-07, 
            0.00097101628978296108, 
            7.1529039135890545e-06, 
            0.00040528806035384498, 
            7.0485003786965455e-06, 
            5.1516442616568464e-06, 
            4.788153183148076e-06, 
            9.9763221506585272e-09, 
            6.220661735820416e-06, 
            1.5519932885406312e-05, 
            5.6684524841937744e-13, 
            2.6475118126226678e-13, 
            1.1502427760768238e-05, 
            1.7995424464529021e-06, 
            3.0112605376374974e-05, 
            5.6179819005026101e-06, 
            4.0599969873330514e-05, 
            2.1151468674346451e-05, 
            3.736585865746038e-05, 
            1.6032605597553615e-06, 
            6.947562163513374e-07, 
            2.5643927175280486e-05, 
            2.2684527582601862e-05, 
            2.9890283007192346e-06, 
            4.5316163464445091e-06, 
            1.0028433410230698e-05, 
            1.8093094100035756e-06, 
            2.1926838755166251e-06, 
            0.00014422763713120627, 
            4.0564569461741143e-08, 
            2.4525427579372442e-09, 
            5.6585038200969163e-05, 
            2.3928684160660147e-05, 
            5.7771614793159899e-06, 
            3.5299131772908146e-05, 
            6.1379644390381603e-06, 
            0.00063821881560745524, 
            0.00028654078135882492, 
            0.00032737345280595939, 
            6.6652268270804332e-05
        ]
    }
}