{
    "metrics": {
        "rmse": 15893.476900123256, 
        "pearson": 0.72138770417932985, 
        "mae": 9606.4555321607004, 
        "r2": 0.50247024221061243, 
        "mape": 146.70686486827702, 
        "mse": 252602607.97475153, 
        "evs": 0.50248320638380994, 
        "rmsle": 0
    }, 
    "scatterPlotData": {
        "y": [
            6726.9944, 
            37853.3041, 
            15294.7336, 
            10588.6447, 
            6324.313, 
            66875.5717, 
            15640.2466, 
            2695.3338, 
            19140.3479, 
            15521.177, 
            7192.9395, 
            8329.92, 
            11236.5618, 
            3401.7617, 
            12604.9316, 
            9871.2384, 
            6993.9202, 
            23597.7093, 
            14943.6543, 
            7315.663, 
            60832.5545, 
            69873.5292, 
            9512.2123, 
            42002.5912, 
            66875.5717, 
            7934.6225, 
            63153.7216, 
            11197.0938, 
            15640.2466, 
            15928.5129, 
            16092.1655, 
            4629.2977, 
            63153.7216, 
            7167.6927, 
            23597.7093, 
            15640.2466, 
            10054.8212, 
            5574.7858, 
            9871.2384, 
            4892.7805, 
            7192.9395, 
            14206.6739, 
            1797.6914, 
            7934.6225, 
            4629.2977, 
            31825.2286, 
            6726.9944, 
            9575.1453, 
            25518.9855, 
            8147.7947, 
            14270.2985, 
            36499.2363, 
            4629.2977, 
            4117.4362, 
            6324.313, 
            37955.227, 
            23597.7093, 
            7934.6225, 
            7167.6927, 
            10424.6119, 
            33166.0768, 
            9871.2384, 
            14270.2985, 
            7950.9013, 
            10424.6119, 
            2881.0702, 
            34745.0652, 
            9871.2384, 
            5112.3783, 
            5794.2632, 
            16377.0262, 
            7574.9337, 
            63153.7216, 
            5794.2632, 
            16352.6355, 
            32026.9569, 
            9512.2123, 
            10076.0543, 
            7315.663, 
            13433.9747, 
            16193.5497, 
            23597.7093, 
            16352.6355, 
            15058.685, 
            11236.5618, 
            3391.7863, 
            42965.2133, 
            15428.7515, 
            8669.5801, 
            42965.2133, 
            2903.4868, 
            19140.8172, 
            7934.6225, 
            37853.3041, 
            3473.4331, 
            14346.5163, 
            15058.685, 
            3974.7465, 
            15428.7515, 
            8458.9273, 
            9512.2123, 
            7574.9337, 
            15008.9565, 
            36499.2363, 
            7192.9395, 
            7934.6225, 
            1803.3529, 
            15640.2466, 
            4629.2977, 
            35020.6332, 
            43051.2806, 
            13277.9202, 
            3424.771, 
            42194.5037, 
            5112.3783, 
            6324.313, 
            3613.0586, 
            5673.7001, 
            19140.3479, 
            5794.2632, 
            25518.9855, 
            19341.2247, 
            34745.0652, 
            6324.313, 
            37853.3041, 
            14270.2985, 
            19140.8172, 
            19877.2588, 
            19140.3479, 
            8429.134, 
            20689.2136, 
            4629.2977, 
            16352.6355, 
            23663.0116, 
            4826.6334, 
            1946.8343, 
            14868.4114, 
            19140.3479, 
            8458.9273, 
            8412.7504, 
            10391.0833, 
            13433.9747, 
            7293.2154, 
            35020.6332, 
            11236.5618, 
            19341.2247, 
            24043.4218, 
            4629.2977, 
            9512.2123, 
            6726.9944, 
            15895.5085, 
            1803.3529, 
            19697.797, 
            14943.6543, 
            2905.9465, 
            5794.2632, 
            18324.3084, 
            15058.685, 
            5574.7858, 
            18229.424, 
            36771.3712, 
            35020.6332, 
            19563.5102, 
            15355.194, 
            18296.9495, 
            14943.6543, 
            8329.92, 
            9418.4694, 
            3234.0221, 
            33464.2131, 
            5112.3783, 
            25518.9855, 
            7574.9337, 
            24043.4218, 
            37955.227, 
            20689.2136, 
            5112.3783, 
            20689.2136, 
            42965.2133, 
            7934.6225, 
            19140.8172, 
            14346.5163, 
            15008.9565, 
            13685.3791, 
            6993.9202, 
            9871.2384, 
            6979.9844, 
            31459.362, 
            14943.6543, 
            19140.3479, 
            14868.4114, 
            2881.0702, 
            13998.0969, 
            31840.4267, 
            6726.9944, 
            42110.6633, 
            37853.3041, 
            61166.0154, 
            31825.2286, 
            15822.3719, 
            7574.9337, 
            1795.7889, 
            16352.6355, 
            3613.0586, 
            18470.967, 
            18620.634, 
            5647.9144, 
            15521.177, 
            7192.9395, 
            7278.1116, 
            16352.6355, 
            5574.7858, 
            19341.2247, 
            31825.2286, 
            19140.8172, 
            12604.9316, 
            34691.3485, 
            7511.8315, 
            3974.233, 
            15640.2466, 
            34745.0652, 
            9169.0698, 
            15008.9565, 
            7934.6225, 
            61669.7718, 
            11389.0678, 
            66875.5717, 
            15822.3719, 
            11236.5618, 
            4629.2977, 
            14206.6739, 
            5112.3783, 
            7167.6927, 
            37955.227, 
            20689.2136, 
            13420.2341, 
            9512.2123, 
            5647.9144, 
            6993.9202, 
            43051.2806, 
            31840.4267, 
            7192.9395, 
            6993.9202, 
            6324.313, 
            14270.2985, 
            23597.7093, 
            31840.4267, 
            1795.7889, 
            34745.0652, 
            11389.0678, 
            5112.3783, 
            24043.4218, 
            10588.6447, 
            31740.9913, 
            15058.685, 
            11236.5618, 
            19877.2588, 
            7278.1116, 
            7934.6225, 
            25518.9855, 
            16092.1655, 
            15428.7515, 
            3234.0221, 
            14206.6739, 
            16780.9431, 
            20112.7654, 
            5112.3783, 
            31825.2286, 
            7950.9013, 
            8669.5801, 
            15352.6032, 
            7950.9013, 
            15058.685, 
            4117.4362, 
            34691.3485, 
            42002.5912, 
            2881.0702, 
            15822.3719, 
            7167.6927, 
            7167.6927, 
            2903.4868, 
            24043.4218, 
            8458.9273, 
            14206.6739, 
            19877.2588, 
            40435.5623, 
            37237.6208, 
            14270.2985, 
            9418.4694, 
            14410.2087, 
            23663.0116, 
            15008.9565, 
            7167.6927, 
            8147.7947, 
            7300.5592, 
            5574.7858, 
            15008.9565, 
            15355.194, 
            19341.2247, 
            7950.9013, 
            13937.2702, 
            43051.2806, 
            12637.1024, 
            5112.3783, 
            20108.5943, 
            7229.8511, 
            42086.4316, 
            8458.9273, 
            7167.6927, 
            18229.424, 
            2743.9637, 
            7950.9013, 
            15058.685, 
            8458.9273, 
            3403.7551, 
            13433.9747, 
            8147.0417, 
            15008.9565, 
            5647.9144, 
            16231.5822, 
            13740.9751, 
            18439.619, 
            19140.3479, 
            6324.313, 
            14943.6543, 
            23749.4421, 
            14270.2985, 
            3420.8827, 
            13685.3791, 
            7192.9395, 
            25518.9855, 
            10770.77, 
            12604.9316, 
            15008.9565, 
            13379.9467, 
            15058.685, 
            6398.8146, 
            7574.9337, 
            7511.8315, 
            1946.8343, 
            18159.8593, 
            18582.2865, 
            16352.6355, 
            5794.2632, 
            3395.8909, 
            34691.3485, 
            4644.9313, 
            20689.2136, 
            23663.0116, 
            63153.7216, 
            14206.6739, 
            34691.3485, 
            8429.134, 
            42110.6633, 
            18245.5336, 
            9871.2384, 
            10076.0543, 
            8147.7947, 
            14346.5163, 
            7192.9395, 
            34729.7955, 
            7229.8511, 
            11389.0678, 
            3570.333, 
            7229.8511, 
            13447.5989, 
            19341.2247, 
            18032.7264, 
            37955.227, 
            36499.2363, 
            34729.7955, 
            4117.4362, 
            10588.6447, 
            34681.8908, 
            7192.9395, 
            24043.4218, 
            4629.2977, 
            3391.8263, 
            61166.0154, 
            15428.7515, 
            23663.0116, 
            8412.7504, 
            27742.8205, 
            15640.2466, 
            5647.9144, 
            36884.0048, 
            14868.4114, 
            36546.6093, 
            19140.3479, 
            7278.1116, 
            14270.2985, 
            5112.3783, 
            37955.227, 
            10424.6119, 
            4644.9313, 
            14270.2985, 
            60832.5545, 
            14270.2985, 
            42965.2133, 
            18447.3571, 
            20417.5969, 
            61669.7718, 
            42194.5037, 
            19155.4858, 
            10076.0543, 
            24043.4218, 
            19140.3479, 
            7315.663, 
            63153.7216, 
            7950.9013, 
            35020.6332, 
            2905.9465, 
            5794.2632, 
            7574.9337, 
            6993.9202, 
            10424.6119, 
            15428.7515, 
            19341.2247, 
            1946.8343, 
            15939.3006, 
            15521.177, 
            37955.227, 
            20689.2136, 
            5794.2632, 
            19140.3479, 
            8458.9273, 
            7278.1116, 
            5647.9144, 
            9512.2123, 
            9316.1855, 
            5794.2632, 
            60832.5545, 
            18245.5336, 
            19140.3479, 
            7360.4419, 
            1946.8343, 
            8147.0417, 
            15428.7515, 
            40617.019, 
            8412.7504, 
            8412.7504, 
            3391.7863, 
            10076.0543, 
            9418.4694, 
            31840.4267, 
            10076.0543, 
            4117.4362, 
            5112.3783, 
            14270.2985, 
            17952.3758, 
            15355.194, 
            16092.1655, 
            32959.6565, 
            15521.177, 
            8458.9273, 
            9871.2384, 
            15428.7515, 
            1803.3529, 
            5666.7236, 
            23597.7093, 
            8329.92, 
            3974.7465, 
            20689.2136, 
            8669.5801, 
            7229.8511, 
            31840.4267, 
            5574.7858, 
            3570.333, 
            5112.3783, 
            23663.0116, 
            53740.944, 
            19140.8172, 
            36871.1044, 
            20689.2136, 
            60948.7791, 
            7574.9337, 
            11236.5618, 
            10391.0833, 
            6726.9944, 
            5666.7236, 
            38516.924, 
            15822.3719, 
            36499.2363, 
            8429.134, 
            42965.2133, 
            18447.3571, 
            7934.6225, 
            19140.8172, 
            6993.9202, 
            3407.4848, 
            2400.5433, 
            9169.0698, 
            14346.5163, 
            16092.1655, 
            7278.1116, 
            63153.7216, 
            34729.7955, 
            5112.3783, 
            8569.8961, 
            20689.2136, 
            7167.6927, 
            19961.4637, 
            20689.2136, 
            5112.3783, 
            12604.9316, 
            6324.313, 
            19140.3479, 
            13740.9751, 
            19341.2247, 
            63153.7216, 
            16713.1432, 
            13480.9967, 
            6993.9202, 
            34745.0652, 
            12604.9316, 
            8412.7504, 
            19213.7872, 
            19341.2247, 
            7574.9337, 
            36871.1044, 
            35020.6332, 
            7167.6927, 
            14206.6739, 
            1803.3529, 
            7192.9395, 
            5647.9144, 
            14206.6739, 
            3404.0284, 
            4629.2977, 
            7360.4419, 
            25518.9855, 
            7950.9013, 
            14943.6543, 
            7568.9462, 
            16092.1655, 
            36499.2363, 
            14943.6543, 
            7167.6927, 
            36499.2363, 
            10424.6119, 
            24043.4218, 
            11590.9391, 
            36546.6093, 
            17952.3758, 
            16352.6355, 
            15428.7515, 
            15521.177, 
            14270.2985, 
            19140.8172, 
            9871.2384, 
            13413.1901, 
            14270.2985, 
            6324.313, 
            15008.9565, 
            9871.2384, 
            66875.5717, 
            15058.685, 
            14346.5163, 
            15058.685, 
            2905.9465, 
            10588.6447, 
            15428.7515, 
            24043.4218, 
            6993.9202, 
            25518.9855, 
            42110.6633, 
            14773.343, 
            3974.7465, 
            32682.4083, 
            7293.2154, 
            42110.6633, 
            20689.2136, 
            7574.9337, 
            8147.7947, 
            3974.7465, 
            5574.7858, 
            6993.9202, 
            13958.1822, 
            6845.1695, 
            2903.4868, 
            18245.5336, 
            5794.2632, 
            14270.2985, 
            19341.2247, 
            12637.1024, 
            15008.9565, 
            14206.6739, 
            6324.313, 
            11236.5618, 
            6398.8146, 
            10990.4963, 
            11607.8911, 
            13597.2087, 
            19140.8172, 
            6993.9202, 
            10391.0833, 
            15822.3719, 
            18159.8593, 
            14206.6739, 
            71411.9312, 
            10076.0543, 
            31740.9913, 
            3399.6505, 
            31825.2286, 
            7338.3221, 
            8669.5801, 
            16713.1432, 
            7167.6927, 
            18470.967, 
            3613.0586, 
            23597.7093, 
            24621.8485, 
            11197.0938, 
            7278.1116, 
            10770.77, 
            1946.8343, 
            18245.5336, 
            25929.7828, 
            20689.2136, 
            34681.8908, 
            20689.2136, 
            14270.2985, 
            5666.7236, 
            7360.4419, 
            15008.9565, 
            7574.9337, 
            6993.9202, 
            19341.2247, 
            8458.9273, 
            23663.0116, 
            1946.8343, 
            10770.77, 
            15640.2466, 
            14328.5811, 
            1946.8343, 
            34691.3485, 
            2725.2109, 
            19341.2247, 
            4644.9313, 
            8147.7947, 
            31825.2286, 
            15428.7515, 
            12273.072, 
            7574.9337, 
            15058.685, 
            15428.7515, 
            24145.3447, 
            34729.7955, 
            7950.9013, 
            24577.6577, 
            20417.5969, 
            25518.9855, 
            7167.6927, 
            9295.9786, 
            6740.339, 
            24464.4531, 
            31825.2286, 
            8429.134, 
            24464.4531, 
            23597.7093, 
            63153.7216, 
            7315.663, 
            3974.7465, 
            7934.6225, 
            10424.6119, 
            63153.7216, 
            14899.0278, 
            10770.77, 
            7574.9337, 
            13435.3131, 
            16092.1655, 
            14270.2985, 
            13851.0415, 
            7167.6927, 
            16092.1655, 
            15521.177, 
            7185.6559, 
            14346.5163, 
            14943.6543, 
            25518.9855, 
            10424.6119, 
            3412.0454, 
            5112.3783, 
            13897.3556, 
            6993.9202, 
            9871.2384, 
            3391.7863, 
            15640.2466, 
            34691.3485, 
            18245.5336, 
            3613.0586, 
            10424.6119, 
            4644.9313, 
            9418.4694, 
            7315.663, 
            2725.2109, 
            5673.7001, 
            6726.9944, 
            16231.5822, 
            61669.7718, 
            20689.2136, 
            15521.177, 
            7934.6225, 
            9871.2384, 
            7278.1116, 
            1946.8343, 
            9454.6104, 
            16193.5497, 
            4629.2977, 
            19341.2247, 
            6376.6445, 
            15640.2466, 
            11389.0678, 
            1795.7889, 
            6324.313, 
            7167.6927, 
            20607.8883, 
            31825.2286, 
            4826.6334, 
            32959.6565, 
            16280.8689, 
            12604.9316, 
            11389.0678, 
            15822.3719, 
            14328.5811, 
            16275.1033, 
            15058.685, 
            10376.343, 
            2725.2109, 
            19140.3479, 
            11236.5618, 
            16231.5822, 
            7167.6927, 
            8669.5801, 
            15521.177, 
            2690.7348, 
            25518.9855, 
            16092.1655, 
            31740.9913, 
            7278.1116, 
            25518.9855, 
            10063.2625, 
            13421.7597, 
            5647.9144, 
            5794.2632, 
            47338.6959, 
            1797.6914, 
            7293.2154, 
            19140.3479, 
            13785.621, 
            11236.5618, 
            23663.0116, 
            6324.313, 
            34691.3485, 
            6993.9202, 
            14206.6739, 
            3613.0586, 
            7574.9337, 
            3369.4098, 
            8147.0417, 
            24464.4531, 
            1803.3529, 
            20689.2136, 
            9454.6104, 
            7167.6927, 
            19140.3479, 
            15521.177, 
            3583.4475, 
            33257.7928, 
            4826.6334, 
            36499.2363, 
            6324.313, 
            6993.9202, 
            6324.313, 
            19140.3479, 
            15428.7515, 
            7315.663, 
            15058.685, 
            15428.1636, 
            4117.4362, 
            16290.2177, 
            18470.967, 
            3401.7617, 
            10076.0543, 
            5794.2632, 
            14392.2058, 
            1803.3529, 
            16092.1655, 
            3404.6961, 
            19140.8172, 
            10424.6119, 
            8429.134, 
            5112.3783, 
            3613.0586, 
            16058.8113, 
            24145.3447, 
            1946.8343, 
            20689.2136, 
            36771.3712, 
            16290.2177, 
            10424.6119, 
            37853.3041, 
            1946.8343, 
            15640.2466, 
            10391.0833, 
            5112.3783, 
            1946.8343, 
            36499.2363, 
            11236.5618, 
            8412.7504, 
            61482.4573, 
            6398.8146, 
            12604.9316, 
            19140.3479, 
            4644.9313, 
            6740.339, 
            42002.5912, 
            7934.6225, 
            7574.9337, 
            9371.5353, 
            19877.2588, 
            8147.0417, 
            8412.7504, 
            10391.0833, 
            2903.4868, 
            14206.6739, 
            14270.2985, 
            9512.2123, 
            9796.0853, 
            24621.8485, 
            32959.6565, 
            61431.3605, 
            11389.0678, 
            7574.9337, 
            2888.9805, 
            5647.9144, 
            42965.2133, 
            15378.703, 
            13937.2702, 
            34691.3485, 
            23597.7093, 
            5666.7236, 
            7511.8315, 
            63153.7216, 
            18159.8593, 
            34745.0652, 
            6993.9202, 
            14206.6739, 
            36700.9646, 
            15428.7515, 
            42419.3006, 
            20689.2136, 
            10076.0543, 
            15008.9565, 
            16092.1655, 
            34745.0652, 
            36499.2363, 
            31840.4267, 
            16092.1655, 
            8669.5801, 
            33166.0768, 
            13427.0666, 
            37853.3041, 
            25518.9855, 
            3613.0586, 
            15521.177, 
            7192.9395, 
            18550.9385, 
            7950.9013, 
            4117.4362, 
            8412.7504, 
            5666.7236, 
            6993.9202, 
            19140.3479, 
            2714.0487, 
            15058.685, 
            13838.6179, 
            5647.9144, 
            34691.3485, 
            60832.5545, 
            61325.6913, 
            2400.5433, 
            13897.3556, 
            8429.134, 
            20112.7654, 
            5666.7236, 
            19798.484, 
            2689.1504, 
            3395.8909, 
            5647.9144, 
            6993.9202, 
            10076.0543, 
            25518.9855, 
            11389.0678, 
            7185.6559, 
            4117.4362, 
            7008.706, 
            24043.4218, 
            25518.9855, 
            1946.8343, 
            5112.3783, 
            19140.3479, 
            18296.9495, 
            63153.7216, 
            15355.194, 
            19341.2247, 
            16311.7688, 
            6324.313, 
            36499.2363, 
            16092.1655, 
            15008.9565, 
            15558.1746, 
            16302.3166, 
            4491.4154, 
            18735.1057, 
            37955.227, 
            15058.685, 
            16092.1655, 
            8147.7947, 
            15008.9565, 
            15090.9229, 
            15428.7515, 
            11389.0678, 
            14270.2985, 
            8306.3738, 
            18470.967, 
            3391.7863, 
            2905.9465, 
            19341.2247, 
            19140.8172, 
            4117.4362, 
            11389.0678, 
            6324.313, 
            36499.2363, 
            15008.9565, 
            42110.6633, 
            7574.9337, 
            20689.2136, 
            5574.7858, 
            42965.2133, 
            15008.9565, 
            31840.4267, 
            4644.9313, 
            13685.3791, 
            18209.8367, 
            18245.5336, 
            6993.9202, 
            34691.3485, 
            7360.4419, 
            6726.9944, 
            7003.5306, 
            31825.2286, 
            5647.9144, 
            34745.0652, 
            12604.9316, 
            16352.6355, 
            24577.7276, 
            13937.2702, 
            10076.0543, 
            20188.1456, 
            37955.227, 
            8458.9273, 
            16352.6355, 
            32384.272, 
            11389.0678, 
            15640.2466, 
            19798.484, 
            9871.2384, 
            7167.6927, 
            8412.7504, 
            34691.3485, 
            15008.9565, 
            61292.8595, 
            37955.227, 
            24040.2439, 
            5794.2632, 
            12604.9316, 
            4629.2977, 
            6324.313, 
            36499.2363, 
            18209.8367, 
            42965.2133, 
            63153.7216, 
            11389.0678, 
            8429.134, 
            23663.0116, 
            7167.6927, 
            8412.7504, 
            10376.343, 
            7950.9013, 
            15058.685, 
            36771.3712, 
            8836.2309, 
            37853.3041, 
            23663.0116, 
            5112.3783, 
            6726.9944, 
            24464.4531, 
            9871.2384
        ], 
        "x": [
            4984.71, 
            64567.4, 
            14320.77, 
            8091.5, 
            6135.79, 
            28257.86, 
            8762.11, 
            30.0, 
            14966.1, 
            14039.31, 
            13367.92, 
            5210.2, 
            2995.8, 
            131.96, 
            5668.83, 
            13400.04, 
            34342.88, 
            17609.99, 
            120.97, 
            8326.97, 
            40416.41, 
            133203.15, 
            2080.5, 
            31502.44, 
            72713.31, 
            11245.52, 
            151528.19, 
            563.61, 
            5195.25, 
            19182.89, 
            12.23, 
            1040.0, 
            68160.44, 
            24.68, 
            20531.72, 
            14190.22, 
            75.42, 
            3739.97, 
            11127.71, 
            21859.54, 
            5382.54, 
            20754.09, 
            485.2, 
            17276.11, 
            1692.5, 
            1663.25, 
            963.48, 
            3211.13, 
            31268.96, 
            4073.08, 
            442.04, 
            2.96, 
            1464.31, 
            434.94, 
            10299.35, 
            80750.92, 
            25853.28, 
            7078.94, 
            1302.76, 
            14527.18, 
            39583.11, 
            12531.77, 
            25322.64, 
            4.75, 
            488.44, 
            1036.93, 
            107949.41, 
            13929.14, 
            1805.75, 
            6066.4, 
            18106.8, 
            6935.92, 
            105190.73, 
            7805.36, 
            19113.88, 
            2337.17, 
            1157.51, 
            9708.03, 
            4285.88, 
            4323.63, 
            15518.45, 
            48954.3, 
            2591.17, 
            19184.3, 
            4931.28, 
            973.61, 
            23828.6, 
            22050.68, 
            9985.9, 
            88576.84, 
            512.4, 
            35062.03, 
            19149.93, 
            46701.89, 
            1.16, 
            15035.48, 
            14247.22, 
            7585.0, 
            239.07, 
            2939.27, 
            493.43, 
            9691.06, 
            756.36, 
            423.32, 
            10731.94, 
            18424.15, 
            228.8, 
            19724.52, 
            2116.57, 
            135.45, 
            84354.39, 
            5952.0, 
            1338.35, 
            66560.81, 
            1771.21, 
            8370.07, 
            6450.0, 
            2046.46, 
            23264.15, 
            1569.33, 
            26624.54, 
            22851.74, 
            29806.04, 
            12220.43, 
            44936.47, 
            37318.46, 
            30048.55, 
            45.84, 
            27774.81, 
            2244.0, 
            28485.69, 
            435.97, 
            28592.46, 
            15789.86, 
            19.97, 
            329.33, 
            1188.64, 
            20136.4, 
            7097.16, 
            6970.52, 
            6732.66, 
            2843.2, 
            4100.1, 
            40615.52, 
            6681.82, 
            37897.15, 
            32356.86, 
            945.27, 
            443.0, 
            10343.97, 
            10724.05, 
            598.4, 
            45080.41, 
            31387.42, 
            2273.0, 
            4618.66, 
            8421.15, 
            11073.84, 
            11779.96, 
            4456.35, 
            74596.22, 
            129239.0, 
            18799.58, 
            18822.89, 
            4044.67, 
            15027.03, 
            1873.21, 
            10544.84, 
            1822.0, 
            20180.78, 
            1261.1, 
            17543.48, 
            6668.51, 
            10530.25, 
            22861.29, 
            5082.46, 
            7005.63, 
            28736.35, 
            93623.38, 
            6129.98, 
            9463.84, 
            28564.23, 
            9535.11, 
            26568.4, 
            3019.23, 
            11832.54, 
            9.97, 
            24940.66, 
            39207.22, 
            32452.62, 
            13134.64, 
            2939.88, 
            13698.33, 
            41215.75, 
            7878.68, 
            57335.39, 
            13797.81, 
            49334.77, 
            22442.6, 
            6379.84, 
            10433.0, 
            325.6, 
            1836.75, 
            2505.0, 
            57258.38, 
            20427.06, 
            1829.14, 
            13593.44, 
            6564.91, 
            4293.23, 
            19026.29, 
            4767.98, 
            19634.21, 
            32869.51, 
            13525.49, 
            4476.58, 
            64420.3, 
            277.61, 
            1617.0, 
            6559.82, 
            24910.43, 
            2250.5, 
            255.2, 
            3535.75, 
            46698.44, 
            15571.82, 
            42588.7, 
            12147.46, 
            108.16, 
            2036.0, 
            17328.65, 
            1762.22, 
            2163.74, 
            53417.43, 
            23512.83, 
            1400.24, 
            2294.5, 
            1742.88, 
            9089.3, 
            23590.92, 
            885.9, 
            12993.61, 
            5.0, 
            10672.32, 
            20795.31, 
            47984.81, 
            5850.86, 
            228.8, 
            63515.23, 
            15568.25, 
            14.0, 
            54926.4, 
            1812.88, 
            2715.31, 
            14956.95, 
            9966.3, 
            62491.87, 
            3462.36, 
            51.5, 
            33957.4, 
            5272.58, 
            6542.48, 
            981.0, 
            5849.29, 
            33037.46, 
            29310.49, 
            1768.33, 
            39708.91, 
            6269.69, 
            5626.25, 
            38959.51, 
            4645.36, 
            14749.63, 
            3283.7, 
            1470.98, 
            49148.44, 
            1928.07, 
            32315.34, 
            1847.0, 
            633.28, 
            722.87, 
            26609.56, 
            2547.8, 
            22406.02, 
            61699.51, 
            43663.38, 
            73717.92, 
            38.28, 
            11865.53, 
            8253.37, 
            36039.0, 
            14217.95, 
            2631.84, 
            4479.91, 
            6622.8, 
            2669.67, 
            32778.81, 
            12406.93, 
            33128.26, 
            4997.5, 
            1058.88, 
            13425.54, 
            5025.01, 
            2781.64, 
            18101.86, 
            1838.52, 
            33080.01, 
            -11.0, 
            1675.33, 
            4004.72, 
            4.31, 
            1481.68, 
            14374.65, 
            6662.63, 
            1108.57, 
            2839.91, 
            525.0, 
            929.65, 
            4003.33, 
            5509.01, 
            417.86, 
            18929.62, 
            77394.09, 
            8379.78, 
            11107.98, 
            15852.18, 
            67.66, 
            867.67, 
            1078.38, 
            9889.59, 
            17475.82, 
            763.01, 
            6497.19, 
            18572.11, 
            3651.83, 
            11341.89, 
            17899.2, 
            12751.17, 
            2656.8, 
            307.11, 
            25795.25, 
            13173.17, 
            35513.61, 
            4590.69, 
            17.48, 
            6602.94, 
            921.15, 
            20487.67, 
            25869.33, 
            57557.79, 
            7043.42, 
            1363.31, 
            619.98, 
            49841.21, 
            180.94, 
            7272.16, 
            2809.82, 
            4642.53, 
            20448.16, 
            11802.74, 
            39054.94, 
            3418.22, 
            6152.0, 
            14.88, 
            2159.26, 
            3057.38, 
            21320.93, 
            2018.09, 
            47744.73, 
            58591.45, 
            53816.53, 
            1770.5, 
            2717.78, 
            186.06, 
            3723.61, 
            14832.84, 
            2046.8, 
            11.85, 
            110336.99, 
            26413.7, 
            67876.0, 
            7120.92, 
            44423.1, 
            36661.79, 
            4594.86, 
            8875.03, 
            1164.86, 
            17.0, 
            39498.1, 
            6899.87, 
            19821.42, 
            1008.21, 
            44319.15, 
            18700.41, 
            2443.39, 
            15.92, 
            104928.44, 
            39010.51, 
            65304.08, 
            46731.45, 
            14594.77, 
            69014.84, 
            30070.3, 
            10915.76, 
            7424.54, 
            24818.54, 
            16738.41, 
            3396.32, 
            62667.49, 
            25.41, 
            24409.38, 
            2947.0, 
            2304.48, 
            12080.85, 
            10952.19, 
            6376.99, 
            321.15, 
            34124.65, 
            291.59, 
            20182.45, 
            6593.18, 
            56603.45, 
            15849.7, 
            7861.34, 
            9480.63, 
            20783.04, 
            119.15, 
            1584.5, 
            967.0, 
            6387.3, 
            3981.55, 
            71578.63, 
            32557.74, 
            4923.61, 
            10552.91, 
            84.76, 
            4895.68, 
            26298.53, 
            35458.6, 
            5285.22, 
            2997.47, 
            0.99, 
            4835.23, 
            4758.38, 
            61095.98, 
            6699.08, 
            243.38, 
            1628.7, 
            17980.13, 
            2029.91, 
            13937.04, 
            13700.82, 
            55306.07, 
            13315.24, 
            77.0, 
            22747.14, 
            28229.99, 
            420.6, 
            2079.39, 
            53915.97, 
            7579.99, 
            2015.0, 
            24132.0, 
            5076.31, 
            2464.0, 
            21952.15, 
            4379.96, 
            30.92, 
            2880.08, 
            29614.58, 
            99826.62, 
            11001.47, 
            5.88, 
            27285.1, 
            45630.2, 
            4261.9, 
            4574.87, 
            6253.9, 
            4065.1, 
            1229.72, 
            26101.87, 
            1992.43, 
            23405.05, 
            869.17, 
            16278.61, 
            56.3, 
            12304.52, 
            12016.81, 
            26895.32, 
            1853.52, 
            0.0, 
            6425.5, 
            19664.0, 
            870.96, 
            3674.24, 
            25090.81, 
            96762.36, 
            1876.41, 
            9893.94, 
            48319.84, 
            3275.62, 
            15132.04, 
            31696.46, 
            1896.86, 
            6675.26, 
            19857.4, 
            7522.25, 
            10629.42, 
            62690.21, 
            180525.39, 
            5321.87, 
            1025.65, 
            44.0, 
            117.87, 
            7165.43, 
            11265.59, 
            29087.29, 
            26218.18, 
            791.96, 
            -3.0, 
            43407.76, 
            1525.26, 
            15653.7, 
            88.0, 
            5.96, 
            1537.24, 
            19018.37, 
            225.3, 
            1443.33, 
            68.31, 
            28949.91, 
            19749.69, 
            8413.06, 
            4889.82, 
            6049.72, 
            37597.63, 
            133.21, 
            1148.89, 
            36233.57, 
            425.76, 
            43150.07, 
            21621.87, 
            1.0, 
            21964.67, 
            6489.41, 
            18766.07, 
            25605.8, 
            6396.99, 
            40508.86, 
            1607.14, 
            2303.6, 
            11648.68, 
            7463.18, 
            20379.06, 
            5806.38, 
            68632.14, 
            4372.94, 
            25078.91, 
            4498.72, 
            0.0, 
            1177.0, 
            266.1, 
            17782.27, 
            2545.75, 
            31302.01, 
            64898.75, 
            11775.23, 
            1046.0, 
            53774.57, 
            1001.14, 
            50702.24, 
            346.69, 
            212.52, 
            4413.44, 
            658.0, 
            1742.94, 
            8510.25, 
            104.93, 
            417.54, 
            3316.54, 
            26491.72, 
            7399.8, 
            36735.22, 
            22487.64, 
            2105.28, 
            17500.03, 
            5361.88, 
            5270.18, 
            10268.49, 
            -23.88, 
            3173.0, 
            9604.17, 
            13133.15, 
            42400.06, 
            5861.12, 
            618.02, 
            40539.75, 
            30245.42, 
            14674.37, 
            35767.23, 
            6020.15, 
            603.8, 
            492.7, 
            67132.23, 
            10960.83, 
            1397.21, 
            66426.73, 
            4180.03, 
            13801.67, 
            775.0, 
            30177.79, 
            6710.95, 
            2708.44, 
            3796.47, 
            467.58, 
            338.24, 
            43165.41, 
            21424.32, 
            43116.86, 
            20205.61, 
            14111.05, 
            9341.2, 
            2156.76, 
            9205.9, 
            16243.47, 
            3140.4, 
            10975.11, 
            70136.47, 
            325.93, 
            20353.69, 
            585.23, 
            1058.4, 
            23922.06, 
            35025.96, 
            597.56, 
            16366.93, 
            100.0, 
            15117.24, 
            2300.64, 
            4895.75, 
            596.38, 
            16545.87, 
            15368.75, 
            18383.11, 
            22277.51, 
            8533.28, 
            8428.7, 
            35553.67, 
            7161.12, 
            15725.66, 
            14101.97, 
            65436.2, 
            2974.29, 
            1880.85, 
            2366.3, 
            21749.38, 
            55129.27, 
            5804.77, 
            31282.09, 
            22907.81, 
            91402.2, 
            4911.07, 
            4127.0, 
            16556.95, 
            20380.96, 
            113103.31, 
            7211.21, 
            2484.8, 
            13172.48, 
            2234.67, 
            16793.85, 
            17558.11, 
            1832.48, 
            626.1, 
            22979.36, 
            8183.47, 
            5.97, 
            15449.36, 
            34520.78, 
            37269.92, 
            18076.54, 
            383.46, 
            2802.05, 
            21388.52, 
            6380.6, 
            7637.94, 
            552.39, 
            6646.39, 
            49516.57, 
            18776.08, 
            3123.0, 
            8139.22, 
            26.28, 
            7182.23, 
            6748.14, 
            211.0, 
            1444.18, 
            84.0, 
            532.28, 
            42289.67, 
            39107.64, 
            703.05, 
            6206.78, 
            13055.04, 
            6995.95, 
            13.87, 
            3475.24, 
            16083.0, 
            2392.31, 
            15068.78, 
            1643.21, 
            30328.88, 
            14982.78, 
            378.0, 
            14062.3, 
            2222.43, 
            179.44, 
            22474.72, 
            24.97, 
            20216.45, 
            7221.49, 
            4362.92, 
            20959.26, 
            32831.72, 
            2534.31, 
            9274.29, 
            20134.33, 
            5637.92, 
            25.92, 
            15849.24, 
            7048.78, 
            3350.61, 
            3026.76, 
            239.22, 
            11199.12, 
            20.5, 
            41123.6, 
            6616.09, 
            25763.5, 
            10211.38, 
            14356.79, 
            114.99, 
            2572.95, 
            5236.4, 
            8344.06, 
            313933.22, 
            343.2, 
            4811.92, 
            21333.81, 
            25324.87, 
            4071.66, 
            29209.55, 
            7132.1, 
            31563.4, 
            5254.63, 
            3914.03, 
            440.0, 
            10201.14, 
            1649.31, 
            2657.87, 
            14423.45, 
            572.0, 
            15536.99, 
            5944.21, 
            34.1, 
            29663.42, 
            23580.6, 
            60.92, 
            47687.94, 
            -41.42, 
            65303.33, 
            3594.03, 
            4706.57, 
            14166.62, 
            15663.08, 
            535.26, 
            4541.46, 
            25255.39, 
            5683.16, 
            2294.72, 
            1388.72, 
            13393.43, 
            737.07, 
            6064.18, 
            3031.8, 
            17510.93, 
            510.4, 
            5140.31, 
            555.22, 
            44426.23, 
            12835.06, 
            8053.04, 
            5.0, 
            2975.0, 
            4983.32, 
            47874.24, 
            1177.43, 
            16772.48, 
            4344.97, 
            8340.32, 
            6229.6, 
            38377.26, 
            168.35, 
            15836.72, 
            12022.08, 
            2790.45, 
            807.4, 
            28997.94, 
            4313.76, 
            2443.34, 
            74689.88, 
            3601.15, 
            5340.45, 
            1002.61, 
            1538.92, 
            98.0, 
            59227.62, 
            5350.88, 
            13262.09, 
            2982.27, 
            19376.52, 
            4480.24, 
            9520.5, 
            6859.76, 
            2369.49, 
            15953.8, 
            22178.74, 
            8646.0, 
            5842.0, 
            28555.95, 
            56411.57, 
            86359.38, 
            4078.23, 
            19909.02, 
            15.58, 
            3649.26, 
            33718.94, 
            5271.21, 
            873.79, 
            33395.14, 
            50584.3, 
            3622.6, 
            2359.05, 
            125799.12, 
            9486.99, 
            47450.5, 
            10291.21, 
            7011.91, 
            74189.67, 
            20464.16, 
            22653.3, 
            440.91, 
            6017.76, 
            7078.98, 
            9233.51, 
            48853.31, 
            32824.6, 
            23017.5, 
            11778.88, 
            5037.14, 
            52762.67, 
            3535.44, 
            54657.52, 
            12412.4, 
            2775.0, 
            9137.28, 
            6299.92, 
            21891.59, 
            8505.84, 
            611.01, 
            9132.77, 
            1510.72, 
            4347.27, 
            8558.33, 
            142.92, 
            12716.23, 
            14945.37, 
            4505.88, 
            6647.92, 
            59676.93, 
            32264.68, 
            26.76, 
            15960.95, 
            10532.81, 
            18015.22, 
            1805.06, 
            40628.81, 
            84.8, 
            37.2, 
            1521.5, 
            5845.94, 
            4375.87, 
            32226.38, 
            12198.0, 
            11.97, 
            1096.34, 
            38.88, 
            22390.88, 
            20795.49, 
            238.99, 
            11.96, 
            1352.56, 
            40787.97, 
            81824.27, 
            14195.71, 
            15859.15, 
            58744.52, 
            6992.91, 
            35740.12, 
            7533.69, 
            13010.71, 
            2755.56, 
            2072.73, 
            4380.01, 
            9664.97, 
            10841.51, 
            30733.1, 
            18597.38, 
            4842.72, 
            15279.31, 
            55156.09, 
            13222.75, 
            10497.99, 
            22820.28, 
            10609.43, 
            73.76, 
            259.45, 
            633.0, 
            27281.5, 
            4721.8, 
            1804.82, 
            8790.0, 
            5.0, 
            35656.23, 
            1960.05, 
            46254.43, 
            68.48, 
            169.0, 
            1947.34, 
            3133.41, 
            499.31, 
            40601.83, 
            9.24, 
            12973.35, 
            19508.97, 
            14266.25, 
            63.83, 
            6974.1, 
            68.31, 
            11526.17, 
            5.0, 
            1311.14, 
            6207.42, 
            30131.23, 
            2984.47, 
            2729.36, 
            18109.06, 
            1068.78, 
            2496.79, 
            12399.53, 
            66648.26, 
            6.6, 
            20873.75, 
            53523.39, 
            38754.25, 
            6372.31, 
            66.37, 
            9326.62, 
            4459.66, 
            8067.25, 
            46288.35, 
            1499.42, 
            162736.18, 
            59605.62, 
            12600.72, 
            3076.72, 
            4560.3, 
            2087.69, 
            5758.17, 
            48572.11, 
            448.73, 
            23233.34, 
            99233.97, 
            4440.65, 
            7612.63, 
            11295.21, 
            1474.81, 
            9929.72, 
            273.12, 
            5623.76, 
            4903.66, 
            36673.31, 
            5.0, 
            61275.27, 
            10642.62, 
            4.48, 
            5183.8, 
            21194.33, 
            5860.24
        ]
    }, 
    "processed_feature_names": [
        "CPI", 
        "Dept", 
        "Fuel_Price", 
        "MarkDown1", 
        "MarkDown2", 
        "MarkDown3", 
        "MarkDown4", 
        "MarkDown5", 
        "Size", 
        "Temperature", 
        "Unemployment", 
        "dummy:IsHoliday:FALSE", 
        "dummy:IsHoliday:TRUE", 
        "dummy:IsHoliday:N/A", 
        "dummy:IsHoliday:__Others__", 
        "dummy:Date:2010-12-10", 
        "dummy:Date:2012-04-20", 
        "dummy:Date:2012-10-26", 
        "dummy:Date:2012-08-10", 
        "dummy:Date:2012-02-10", 
        "dummy:Date:2011-11-25", 
        "dummy:Date:2011-12-16", 
        "dummy:Date:2011-12-02", 
        "dummy:Date:2012-05-11", 
        "dummy:Date:2012-04-13", 
        "dummy:Date:2012-02-17", 
        "dummy:Date:2011-12-09", 
        "dummy:Date:2011-04-29", 
        "dummy:Date:2010-03-12", 
        "dummy:Date:2011-03-25", 
        "dummy:Date:2011-12-23", 
        "dummy:Date:2012-06-08", 
        "dummy:Date:2011-03-04", 
        "dummy:Date:2012-08-31", 
        "dummy:Date:2010-12-24", 
        "dummy:Date:2011-06-10", 
        "dummy:Date:2012-06-01", 
        "dummy:Date:2012-01-27", 
        "dummy:Date:2011-03-18", 
        "dummy:Date:2010-10-08", 
        "dummy:Date:2012-08-24", 
        "dummy:Date:2010-02-19", 
        "dummy:Date:2010-12-17", 
        "dummy:Date:2012-09-14", 
        "dummy:Date:2012-05-18", 
        "dummy:Date:2011-04-15", 
        "dummy:Date:2011-10-07", 
        "dummy:Date:2011-12-30", 
        "dummy:Date:2012-01-13", 
        "dummy:Date:2012-07-13", 
        "dummy:Date:2010-07-16", 
        "dummy:Date:2010-05-21", 
        "dummy:Date:2010-03-19", 
        "dummy:Date:2011-04-01", 
        "dummy:Date:2010-02-12", 
        "dummy:Date:2010-09-17", 
        "dummy:Date:2010-09-10", 
        "dummy:Date:2011-08-05", 
        "dummy:Date:2010-11-12", 
        "dummy:Date:2012-03-16", 
        "dummy:Date:2010-11-05", 
        "dummy:Date:2012-01-06", 
        "dummy:Date:2011-05-27", 
        "dummy:Date:2012-10-12", 
        "dummy:Date:2012-09-21", 
        "dummy:Date:2012-08-03", 
        "dummy:Date:2010-07-30", 
        "dummy:Date:2010-09-24", 
        "dummy:Date:2010-05-28", 
        "dummy:Date:2011-08-19", 
        "dummy:Date:2010-02-26", 
        "dummy:Date:2011-11-04", 
        "dummy:Date:2010-06-25", 
        "dummy:Date:2011-11-11", 
        "dummy:Date:2011-04-22", 
        "dummy:Date:2010-04-09", 
        "dummy:Date:2011-09-02", 
        "dummy:Date:2012-04-06", 
        "dummy:Date:2010-06-18", 
        "dummy:Date:2012-07-20", 
        "dummy:Date:2010-04-02", 
        "dummy:Date:2010-10-01", 
        "dummy:Date:2012-01-20", 
        "dummy:Date:2010-04-30", 
        "dummy:Date:2010-10-15", 
        "dummy:Date:2012-04-27", 
        "dummy:Date:2012-03-02", 
        "dummy:Date:2011-07-29", 
        "dummy:Date:2011-10-28", 
        "dummy:Date:2011-10-14", 
        "dummy:Date:2012-02-24", 
        "dummy:Date:2012-05-25", 
        "dummy:Date:2011-02-11", 
        "dummy:Date:2011-10-21", 
        "dummy:Date:2010-08-06", 
        "dummy:Date:2010-10-22", 
        "dummy:Date:2011-08-26", 
        "dummy:Date:2012-02-03", 
        "dummy:Date:2010-07-09", 
        "dummy:Date:2010-02-05", 
        "dummy:Date:2011-01-21", 
        "dummy:Date:2012-03-09", 
        "dummy:Date:2012-03-30", 
        "dummy:Date:2011-04-08", 
        "dummy:Date:2010-12-31", 
        "dummy:Date:2012-03-23", 
        "dummy:Date:2011-02-18", 
        "dummy:Date:2011-06-03", 
        "dummy:Date:2011-09-16", 
        "dummy:Date:2011-09-30", 
        "dummy:Date:2010-10-29", 
        "dummy:Date:2011-07-08", 
        "dummy:Date:2010-03-05", 
        "dummy:Date:2011-02-25", 
        "dummy:Date:2012-08-17", 
        "dummy:Date:2012-06-22", 
        "dummy:Date:N/A", 
        "dummy:Date:__Others__", 
        "dummy:Type:A", 
        "dummy:Type:B", 
        "dummy:Type:C", 
        "dummy:Type:N/A", 
        "dummy:Type:__Others__"
    ], 
    "regression_performance": {
        "max_error": 45107.523157948883, 
        "median_error": -2592.6181694840934, 
        "error_distribution": [
            {
                "count": 2431, 
                "bin_max": -22942.012322472008, 
                "bin_id": 0, 
                "bin_min": -30578.682415274801
            }, 
            {
                "count": 2280, 
                "bin_max": -15380.952824647466, 
                "bin_id": 1, 
                "bin_min": -22942.012322472008
            }, 
            {
                "count": 11122, 
                "bin_max": -7819.8933268229193, 
                "bin_id": 2, 
                "bin_min": -15380.952824647466
            }, 
            {
                "count": 33598, 
                "bin_max": -258.8338289983767, 
                "bin_id": 3, 
                "bin_min": -7819.8933268229193
            }, 
            {
                "count": 13104, 
                "bin_max": 7302.2256688261659, 
                "bin_id": 4, 
                "bin_min": -258.8338289983767
            }, 
            {
                "count": 5197, 
                "bin_max": 14863.285166650716, 
                "bin_id": 5, 
                "bin_min": 7302.2256688261659
            }, 
            {
                "count": 2804, 
                "bin_max": 22424.344664475258, 
                "bin_id": 6, 
                "bin_min": 14863.285166650716
            }, 
            {
                "count": 1830, 
                "bin_max": 29985.404162299801, 
                "bin_id": 7, 
                "bin_min": 22424.344664475258
            }, 
            {
                "count": 1067, 
                "bin_max": 37546.463660124355, 
                "bin_id": 8, 
                "bin_min": 29985.404162299801
            }, 
            {
                "count": 2234, 
                "bin_max": 45107.523157948883, 
                "bin_id": 9, 
                "bin_min": 37546.463660124355
            }
        ], 
        "min_error": -30503.071820296555, 
        "average_error": -410.4465641980383, 
        "std_error": 13242.654428703327, 
        "p75_error": 2968.272169608311, 
        "p90_error": 15655.145081513241, 
        "p25_error": -6926.340240788208
    }
}