{
  "state": "DONE",
  "preSearchDescription": {
    "gridLength": 1,
    "importantParams": [
      {
        "name": "trees",
        "vals": [
          "30"
        ]
      },
      {
        "name": "depth",
        "vals": [
          "8"
        ]
      },
      {
        "name": "min_samples",
        "vals": [
          "3"
        ]
      }
    ]
  },
  "postSearchDescription": {
    "importantParams": [
      {
        "name": "trees",
        "val": "30"
      },
      {
        "name": "depth",
        "val": "8"
      },
      {
        "name": "min_samples",
        "val": "3"
      }
    ]
  },
  "modelId": "m1",
  "progress": {
    "top_level_todo": [],
    "stack": [],
    "top_level_done": [
      {
        "name": "Loading train set",
        "time": 692
      },
      {
        "name": "Loading test set",
        "time": 181
      },
      {
        "name": "Collecting statistics",
        "time": 492
      },
      {
        "name": "Preprocessing train set",
        "time": 1093
      },
      {
        "name": "Preprocessing test set",
        "time": 261
      },
      {
        "name": "Fitting model",
        "time": 265215
      },
      {
        "name": "Saving model",
        "time": 104
      },
      {
        "name": "Scoring model",
        "time": 3329
      }
    ]
  },
  "startTime": 1525695557534,
  "endTime": 1525695828973,
  "preprocessingTime": 2721,
  "trainingTime": 268718
}