{
    "gridSize": 5, 
    "nThreads": 4, 
    "metric": "ROC_AUC", 
    "gridPoints": [
        {
            "index": 0, 
            "finishedAt": 1524747862546.0, 
            "score": 0.5910977723542058, 
            "parameters": {
                "penalty": "l2", 
                "C": 0.01
            }, 
            "time": 521.0
        }, 
        {
            "index": 1, 
            "finishedAt": 1524747862693.0, 
            "score": 0.57351043562344395, 
            "parameters": {
                "penalty": "l2", 
                "C": 0.1
            }, 
            "time": 345.0
        }, 
        {
            "index": 2, 
            "finishedAt": 1524747862859.0, 
            "score": 0.54811040872184946, 
            "parameters": {
                "penalty": "l2", 
                "C": 1.0
            }, 
            "time": 376.0
        }, 
        {
            "index": 3, 
            "finishedAt": 1524747862961.0, 
            "score": 0.53701261174438431, 
            "parameters": {
                "penalty": "l2", 
                "C": 10.0
            }, 
            "time": 384.0
        }, 
        {
            "index": 4, 
            "finishedAt": 1524747863080.0, 
            "score": 0.53321438793201403, 
            "parameters": {
                "penalty": "l2", 
                "C": 100.0
            }, 
            "time": 312.0
        }
    ], 
    "startedAt": 1524747862228, 
    "nSplits": 3
}