[
    {
        "parameters": {
            "penalty": "l2", 
            "C": 0.1
        }, 
        "score_time": 93, 
        "test_score": 0.6043441922541203, 
        "fit_time": 69, 
        "num_samples": 410, 
        "best_iteration": null, 
        "train_score": 0.9252540992149091, 
        "parameter_id": 1, 
        "time": 162, 
        "done_at": 1524747862534, 
        "grid_point_id": "{\"penalty\": \"l2\", \"C\": 0.1}@0"
    }, 
    {
        "parameters": {
            "penalty": "l2", 
            "C": 0.1
        }, 
        "score_time": 56, 
        "test_score": 0.5506918001302546, 
        "fit_time": 32, 
        "num_samples": 410, 
        "best_iteration": null, 
        "train_score": 0.9399022460301216, 
        "parameter_id": 1, 
        "time": 88, 
        "done_at": 1524747862673, 
        "grid_point_id": "{\"penalty\": \"l2\", \"C\": 0.1}@1"
    }, 
    {
        "parameters": {
            "penalty": "l2", 
            "C": 0.01
        }, 
        "score_time": 100, 
        "test_score": 0.618155534401042, 
        "fit_time": 110, 
        "num_samples": 410, 
        "best_iteration": null, 
        "train_score": 0.8042022810446784, 
        "parameter_id": 0, 
        "time": 210, 
        "done_at": 1524747862546, 
        "grid_point_id": "{\"penalty\": \"l2\", \"C\": 0.01}@0"
    }, 
    {
        "parameters": {
            "penalty": "l2", 
            "C": 1.0
        }, 
        "score_time": 65, 
        "test_score": 0.5723876552717522, 
        "fit_time": 83, 
        "num_samples": 410, 
        "best_iteration": null, 
        "train_score": 0.9989496570147952, 
        "parameter_id": 2, 
        "time": 148, 
        "done_at": 1524747862760, 
        "grid_point_id": "{\"penalty\": \"l2\", \"C\": 1.0}@0"
    }, 
    {
        "parameters": {
            "penalty": "l2", 
            "C": 0.01
        }, 
        "score_time": 61, 
        "test_score": 0.5895475145999655, 
        "fit_time": 72, 
        "num_samples": 408, 
        "best_iteration": null, 
        "train_score": 0.8384926057250294, 
        "parameter_id": 0, 
        "time": 133, 
        "done_at": 1524747862508, 
        "grid_point_id": "{\"penalty\": \"l2\", \"C\": 0.01}@2"
    }, 
    {
        "parameters": {
            "penalty": "l2", 
            "C": 0.1
        }, 
        "score_time": 28, 
        "test_score": 0.5653840040689172, 
        "fit_time": 67, 
        "num_samples": 408, 
        "best_iteration": null, 
        "train_score": 0.9395606338272555, 
        "parameter_id": 1, 
        "time": 95, 
        "done_at": 1524747862693, 
        "grid_point_id": "{\"penalty\": \"l2\", \"C\": 0.1}@2"
    }, 
    {
        "parameters": {
            "penalty": "l2", 
            "C": 1.0
        }, 
        "score_time": 71, 
        "test_score": 0.5350664832020926, 
        "fit_time": 55, 
        "num_samples": 408, 
        "best_iteration": null, 
        "train_score": 0.9992253867829453, 
        "parameter_id": 2, 
        "time": 126, 
        "done_at": 1524747862859, 
        "grid_point_id": "{\"penalty\": \"l2\", \"C\": 1.0}@2"
    }, 
    {
        "parameters": {
            "penalty": "l2", 
            "C": 100.0
        }, 
        "score_time": 39, 
        "test_score": 0.5546520320217534, 
        "fit_time": 77, 
        "num_samples": 410, 
        "best_iteration": null, 
        "train_score": 1.0, 
        "parameter_id": 4, 
        "time": 116, 
        "done_at": 1524747863037, 
        "grid_point_id": "{\"penalty\": \"l2\", \"C\": 100.0}@0"
    }, 
    {
        "parameters": {
            "penalty": "l2", 
            "C": 100.0
        }, 
        "score_time": 34, 
        "test_score": 0.5226160170567179, 
        "fit_time": 73, 
        "num_samples": 410, 
        "best_iteration": null, 
        "train_score": 1.0, 
        "parameter_id": 4, 
        "time": 107, 
        "done_at": 1524747863068, 
        "grid_point_id": "{\"penalty\": \"l2\", \"C\": 100.0}@1"
    }, 
    {
        "parameters": {
            "penalty": "l2", 
            "C": 10.0
        }, 
        "score_time": 27, 
        "test_score": 0.526607000242445, 
        "fit_time": 88, 
        "num_samples": 410, 
        "best_iteration": null, 
        "train_score": 1.0, 
        "parameter_id": 3, 
        "time": 115, 
        "done_at": 1524747862957, 
        "grid_point_id": "{\"penalty\": \"l2\", \"C\": 10.0}@1"
    }, 
    {
        "parameters": {
            "penalty": "l2", 
            "C": 10.0
        }, 
        "score_time": 48, 
        "test_score": 0.560741679620835, 
        "fit_time": 88, 
        "num_samples": 410, 
        "best_iteration": null, 
        "train_score": 1.0, 
        "parameter_id": 3, 
        "time": 136, 
        "done_at": 1524747862905, 
        "grid_point_id": "{\"penalty\": \"l2\", \"C\": 10.0}@0"
    }, 
    {
        "parameters": {
            "penalty": "l2", 
            "C": 0.01
        }, 
        "score_time": 86, 
        "test_score": 0.5655827058286627, 
        "fit_time": 92, 
        "num_samples": 410, 
        "best_iteration": null, 
        "train_score": 0.8413276271601993, 
        "parameter_id": 0, 
        "time": 178, 
        "done_at": 1524747862508, 
        "grid_point_id": "{\"penalty\": \"l2\", \"C\": 0.01}@1"
    }, 
    {
        "parameters": {
            "penalty": "l2", 
            "C": 100.0
        }, 
        "score_time": 16, 
        "test_score": 0.5223234153474474, 
        "fit_time": 73, 
        "num_samples": 408, 
        "best_iteration": null, 
        "train_score": 1.0, 
        "parameter_id": 4, 
        "time": 89, 
        "done_at": 1524747863080, 
        "grid_point_id": "{\"penalty\": \"l2\", \"C\": 100.0}@2"
    }, 
    {
        "parameters": {
            "penalty": "l2", 
            "C": 1.0
        }, 
        "score_time": 53, 
        "test_score": 0.5368134587867293, 
        "fit_time": 49, 
        "num_samples": 410, 
        "best_iteration": null, 
        "train_score": 0.9993152854661096, 
        "parameter_id": 2, 
        "time": 102, 
        "done_at": 1524747862754, 
        "grid_point_id": "{\"penalty\": \"l2\", \"C\": 1.0}@1"
    }, 
    {
        "parameters": {
            "penalty": "l2", 
            "C": 10.0
        }, 
        "score_time": 73, 
        "test_score": 0.5238049069204895, 
        "fit_time": 60, 
        "num_samples": 408, 
        "best_iteration": null, 
        "train_score": 1.0, 
        "parameter_id": 3, 
        "time": 133, 
        "done_at": 1524747862961, 
        "grid_point_id": "{\"penalty\": \"l2\", \"C\": 10.0}@2"
    }
]