{
    "usedGridSearch": true, 
    "probaAware": true, 
    "gridSize": 5, 
    "modelInputNRows": 1228, 
    "modelInputNCols": 1569, 
    "modelInputMemory": 15413856, 
    "gridCells": [
        {
            "scoreTimeStd": 0.016131404843417151, 
            "scoreTime": 0.082333333333333328, 
            "fitTime": 0.091333333333333336, 
            "score": 0.59109777235420591, 
            "params": {
                "penalty": "l2", 
                "C": 0.01
            }, 
            "fitTimeStd": 0.015520595635763757, 
            "scoreStd": 0.021508054695603324
        }, 
        {
            "scoreTimeStd": 0.026620793877468543, 
            "scoreTime": 0.058999999999999997, 
            "fitTime": 0.056000000000000001, 
            "score": 0.57348650695253411, 
            "params": {
                "penalty": "l2", 
                "C": 0.1
            }, 
            "fitTimeStd": 0.016990193249832877, 
            "scoreStd": 0.022654132586418779
        }, 
        {
            "scoreTimeStd": 0.0074833147735478816, 
            "scoreTime": 0.063, 
            "fitTime": 0.062333333333333331, 
            "score": 0.54811040872184957, 
            "params": {
                "penalty": "l2", 
                "C": 1.0
            }, 
            "fitTimeStd": 0.014817407180595248, 
            "scoreStd": 0.01720235756845331
        }, 
        {
            "scoreTimeStd": 0.018803073034893935, 
            "scoreTime": 0.049333333333333333, 
            "fitTime": 0.078666666666666663, 
            "score": 0.53707276935464532, 
            "params": {
                "penalty": "l2", 
                "C": 10.0
            }, 
            "fitTimeStd": 0.013199326582148885, 
            "scoreStd": 0.01679586456633754
        }, 
        {
            "scoreTimeStd": 0.0098770215933527018, 
            "scoreTime": 0.029666666666666671, 
            "fitTime": 0.074333333333333321, 
            "score": 0.53321486448202915, 
            "params": {
                "penalty": "l2", 
                "C": 100.0
            }, 
            "fitTimeStd": 0.0018856180831641283, 
            "scoreStd": 0.015177355940620221
        }
    ], 
    "gridBestScore": 0.59109777235420591, 
    "modelInputIsSparse": false
}