{
  "state": "DONE",
  "preSearchDescription": {
    "gridLength": 5,
    "importantParams": [
      {
        "name": "penalty",
        "vals": [
          "l2"
        ]
      },
      {
        "name": "C",
        "vals": [
          "0.01",
          "0.1",
          "1.0",
          "10.0",
          "100.0"
        ]
      }
    ]
  },
  "postSearchDescription": {
    "importantParams": [
      {
        "name": "C",
        "val": "0.01"
      },
      {
        "name": "penalty",
        "val": "l2"
      }
    ]
  },
  "modelId": "m1",
  "progress": {
    "top_level_todo": [],
    "stack": [],
    "top_level_done": [
      {
        "name": "Loading train set",
        "time": 19
      },
      {
        "name": "Loading test set",
        "time": 13
      },
      {
        "name": "Collecting statistics",
        "time": 71
      },
      {
        "name": "Preprocessing train set",
        "time": 126
      },
      {
        "name": "Preprocessing test set",
        "time": 113
      },
      {
        "name": "Grid searching",
        "time": 1056
      },
      {
        "name": "Fitting model",
        "time": 23
      },
      {
        "name": "Saving model",
        "time": 2
      },
      {
        "name": "Scoring model",
        "time": 161
      }
    ]
  },
  "startTime": 1524747861846,
  "endTime": 1524747863435,
  "preprocessingTime": 345,
  "trainingTime": 1244
}