{
  "type": "shaker",
  "inputs": {
    "main": {
      "items": [
        {
          "ref": "train",
          "deps": []
        }
      ]
    }
  },
  "outputs": {
    "main": {
      "items": [
        {
          "ref": "train_prepared",
          "appendMode": false
        }
      ]
    }
  },
  "neverRecomputeExistingPartitions": false,
  "optionalDependencies": false,
  "params": {
    "engine": "DSS_STREAM",
    "hadoopConfigKeys": []
  },
  "checklists": {
    "checklists": []
  },
  "tags": [],
  "versionTag": {
    "versionNumber": 1,
    "lastModifiedBy": {
      "login": "admin",
      "displayName": "Fatima Ezzahra zdadou"
    },
    "lastModifiedOn": 1493902588465
  },
  "customMeta": {
    "kv": {}
  },
  "redispatchPartitioning": false
}