{
  "type": "prediction_scoring",
  "inputs": {
    "model": {
      "items": [
        {
          "ref": "lhXmO8J6",
          "deps": []
        }
      ]
    },
    "main": {
      "items": [
        {
          "ref": "churn_prepared",
          "deps": []
        }
      ]
    }
  },
  "outputs": {
    "main": {
      "items": [
        {
          "ref": "churn_prepared_scored",
          "appendMode": false
        }
      ]
    }
  },
  "neverRecomputeExistingPartitions": false,
  "optionalDependencies": false,
  "checklists": {
    "checklists": []
  },
  "tags": [],
  "versionTag": {
    "versionNumber": 1,
    "lastModifiedBy": {
      "login": "admin",
      "displayName": "Fatima Ezzahra zdadou"
    },
    "lastModifiedOn": 1493902767856
  },
  "customMeta": {
    "kv": {}
  },
  "redispatchPartitioning": false
}