{
    "rawImportance": {
        "variables": [
            "event_type", 
            "id", 
            "location", 
            "log_feature", 
            "resource_type", 
            "severity_type", 
            "volume"
        ], 
        "importances": [
            0.04312250018119812, 
            0.404122531414032, 
            0.344200998544693, 
            0.08817582577466965, 
            0.02369394153356552, 
            0.03985610604286194, 
            0.05682811141014099
        ]
    }, 
    "probaAware": true, 
    "modelInputNRows": 49296, 
    "modelInputNCols": 7, 
    "modelInputMemory": 2760576, 
    "modelInputIsSparse": false, 
    "nBoostedEstimators": 300
}