{
  "state": "DONE",
  "preSearchDescription": {
    "gridLength": 1,
    "importantParams": [
      {
        "name": "trees",
        "val": "300"
      },
      {
        "name": "max_depth",
        "vals": [
          "3"
        ]
      }
    ]
  },
  "postSearchDescription": {
    "importantParams": [
      {
        "name": "trees",
        "val": "300"
      },
      {
        "name": "max_depth",
        "val": "3"
      }
    ]
  },
  "modelId": "m1",
  "progress": {
    "top_level_todo": [],
    "stack": [],
    "top_level_done": [
      {
        "name": "Loading train set",
        "time": 32
      },
      {
        "name": "Loading test set",
        "time": 11
      },
      {
        "name": "Collecting statistics",
        "time": 23
      },
      {
        "name": "Preprocessing train set",
        "time": 63
      },
      {
        "name": "Preprocessing test set",
        "time": 28
      },
      {
        "name": "Fitting model",
        "time": 15356
      },
      {
        "name": "Saving model",
        "time": 5
      },
      {
        "name": "Scoring model",
        "time": 1539
      }
    ]
  },
  "startTime": 1493396946676,
  "endTime": 1493396963737,
  "preprocessingTime": 158,
  "trainingTime": 16903
}