{
    "usedGridSearch": true, 
    "probaAware": true, 
    "gridSize": 5, 
    "modelInputNRows": 5919, 
    "modelInputNCols": 300, 
    "modelInputMemory": 14205600, 
    "gridCells": [
        {
            "score": 0.7174965076034504, 
            "params": {
                "penalty": "l2", 
                "C": 0.01
            }
        }, 
        {
            "score": 0.7707641424335628, 
            "params": {
                "penalty": "l2", 
                "C": 0.1
            }
        }, 
        {
            "score": 0.7971362556130673, 
            "params": {
                "penalty": "l2", 
                "C": 1.0
            }
        }, 
        {
            "score": 0.7981853904881727, 
            "params": {
                "penalty": "l2", 
                "C": 10.0
            }
        }, 
        {
            "score": 0.796735180059544, 
            "params": {
                "penalty": "l2", 
                "C": 100.0
            }
        }
    ], 
    "gridBestScore": 0.7981853904881727, 
    "modelInputIsSparse": false
}