{
  "state": "DONE",
  "preSearchDescription": {
    "gridLength": 1,
    "importantParams": [
      {
        "name": "trees",
        "val": "300"
      },
      {
        "name": "max_depth",
        "vals": [
          "3"
        ]
      }
    ]
  },
  "postSearchDescription": {
    "importantParams": [
      {
        "name": "trees",
        "val": "300"
      },
      {
        "name": "max_depth",
        "val": "3"
      }
    ]
  },
  "modelId": "m1",
  "progress": {
    "top_level_todo": [],
    "stack": [],
    "top_level_done": [
      {
        "name": "Loading train set",
        "time": 121
      },
      {
        "name": "Loading test set",
        "time": 40
      },
      {
        "name": "Collecting statistics",
        "time": 73
      },
      {
        "name": "Preprocessing train set",
        "time": 147
      },
      {
        "name": "Preprocessing test set",
        "time": 123
      },
      {
        "name": "Fitting model",
        "time": 5569
      },
      {
        "name": "Saving model",
        "time": 4
      },
      {
        "name": "Scoring model",
        "time": 203
      }
    ]
  },
  "startTime": 1493926260873,
  "endTime": 1493926267161,
  "preprocessingTime": 510,
  "trainingTime": 5778
}