{
    "per_feature": {
        "temp": {
            "stats": {
                "std": 7.78597123142013, 
                "p99": 36.08, 
                "min": 0.82, 
                "max": 41.0, 
                "average": 20.261293291911077, 
                "median": 20.5
            }, 
            "missing_impute_with_value": 20.261293291911077
        }, 
        "hour": {
            "stats": {
                "std": 6.9178500274483445, 
                "p99": 23.0, 
                "min": 0.0, 
                "max": 23.0, 
                "average": 11.592567023357496, 
                "median": 12.0
            }, 
            "missing_impute_with_value": 11.592567023357496
        }, 
        "month": {
            "stats": {
                "std": 3.4317489384499953, 
                "p99": 12.0, 
                "min": 1.0, 
                "max": 12.0, 
                "average": 6.513059486825451, 
                "median": 7.0
            }, 
            "missing_impute_with_value": 6.513059486825451
        }, 
        "season": {
            "stats": {
                "std": 1.1140188845113546, 
                "p99": 4.0, 
                "min": 1.0, 
                "max": 4.0, 
                "average": 2.503854562190772, 
                "median": 3.0
            }, 
            "missing_impute_with_value": 2.503854562190772
        }, 
        "humidity": {
            "stats": {
                "std": 19.197480515787497, 
                "p99": 100.0, 
                "min": 0.0, 
                "max": 100.0, 
                "average": 61.816361753538146, 
                "median": 62.0
            }, 
            "missing_impute_with_value": 61.816361753538146
        }, 
        "windspeed": {
            "stats": {
                "std": 8.212056502099149, 
                "p99": 35.0008, 
                "min": 0.0, 
                "max": 56.9969, 
                "average": 12.812875399839164, 
                "median": 12.998
            }, 
            "missing_impute_with_value": 12.812875399839164
        }, 
        "day_of_week": {
            "stats": {
                "std": 2.001414915554358, 
                "p99": 7.0, 
                "min": 1.0, 
                "max": 7.0, 
                "average": 4.017949603037625, 
                "median": 4.0
            }, 
            "missing_impute_with_value": 4.017949603037625
        }, 
        "datetime": {
            "stats": {}
        }, 
        "workingday": {
            "stats": {
                "std": 0.4659176320015134, 
                "p99": 1.0, 
                "min": 0.0, 
                "max": 1.0, 
                "average": 0.6815096076400875, 
                "median": 1.0
            }, 
            "missing_impute_with_value": 0.6815096076400875
        }, 
        "atemp": {
            "stats": {
                "std": 8.477390809061944, 
                "p99": 40.15, 
                "min": 0.76, 
                "max": 45.455, 
                "average": 23.679853296513674, 
                "median": 24.24
            }, 
            "missing_impute_with_value": 23.679853296513674
        }, 
        "weather": {
            "stats": {
                "std": 0.6330830512984317, 
                "p99": 3.0, 
                "min": 1.0, 
                "max": 3.0, 
                "average": 1.4129559314233116, 
                "median": 1.0
            }, 
            "missing_impute_with_value": 1.4129559314233116
        }, 
        "registered count": {
            "stats": {}
        }, 
        "holiday": {
            "stats": {
                "std": 0.166831319325184, 
                "p99": 1.0, 
                "min": 0.0, 
                "max": 1.0, 
                "average": 0.02865032792544011, 
                "median": 0.0
            }, 
            "missing_impute_with_value": 0.02865032792544011
        }
    }, 
    "feature_order": [
        "temp", 
        "hour", 
        "month", 
        "season", 
        "humidity", 
        "windspeed", 
        "day_of_week", 
        "datetime", 
        "workingday", 
        "atemp", 
        "weather", 
        "registered count", 
        "holiday"
    ]
}