{
    "trainingTime": 517, 
    "state": "DONE", 
    "startTime": 1493927579146, 
    "preprocessingTime": 258, 
    "progress": {
        "top_level_todo": [], 
        "stack": [], 
        "top_level_done": [
            {
                "name": "Loading train set", 
                "time": 52
            }, 
            {
                "name": "Loading test set", 
                "time": 6
            }, 
            {
                "name": "Collecting statistics", 
                "time": 49
            }, 
            {
                "name": "Preprocessing train set", 
                "time": 112
            }, 
            {
                "name": "Preprocessing test set", 
                "time": 37
            }, 
            {
                "name": "Fitting model", 
                "time": 144
            }, 
            {
                "name": "Saving model", 
                "time": 13
            }, 
            {
                "name": "Scoring model", 
                "time": 360
            }
        ]
    }, 
    "endTime": 1493927579921, 
    "modelId": "NA"
}