{
    "gridSize": 3, 
    "nThreads": 4, 
    "metric": "R2", 
    "gridPoints": [
        {
            "index": 0, 
            "finishedAt": 1523111303108.0, 
            "score": 0.53653867710671432, 
            "parameters": {
                "hidden_layer_sizes": 10
            }, 
            "time": 608776.0
        }, 
        {
            "index": 1, 
            "finishedAt": 1523111493296.0, 
            "score": 0.56989757125866991, 
            "parameters": {
                "hidden_layer_sizes": 100
            }, 
            "time": 703993.0
        }, 
        {
            "index": 2, 
            "finishedAt": 1523111571785.0, 
            "score": 0.57080112017502183, 
            "parameters": {
                "hidden_layer_sizes": 40
            }, 
            "time": 504331.0
        }
    ], 
    "startedAt": 1523111057103, 
    "nSplits": 3
}