[
    {
        "parameters": {
            "hidden_layer_sizes": 10
        }, 
        "score_time": 294, 
        "test_score": 0.4489920274505732, 
        "fit_time": 170101, 
        "num_samples": 26637, 
        "best_iteration": null, 
        "train_score": 0.6032763900684273, 
        "parameter_id": 0, 
        "time": 170395, 
        "done_at": 1523111227886, 
        "grid_point_id": "{\"hidden_layer_sizes\": 10}@1"
    }, 
    {
        "parameters": {
            "hidden_layer_sizes": 10
        }, 
        "score_time": 103, 
        "test_score": 0.5718936926739631, 
        "fit_time": 192607, 
        "num_samples": 26637, 
        "best_iteration": null, 
        "train_score": 0.6217806021221705, 
        "parameter_id": 0, 
        "time": 192710, 
        "done_at": 1523111250174, 
        "grid_point_id": "{\"hidden_layer_sizes\": 10}@2"
    }, 
    {
        "parameters": {
            "hidden_layer_sizes": 10
        }, 
        "score_time": 105, 
        "test_score": 0.588728351903089, 
        "fit_time": 245566, 
        "num_samples": 26638, 
        "best_iteration": null, 
        "train_score": 0.6232555428722907, 
        "parameter_id": 0, 
        "time": 245671, 
        "done_at": 1523111303108, 
        "grid_point_id": "{\"hidden_layer_sizes\": 10}@0"
    }, 
    {
        "parameters": {
            "hidden_layer_sizes": 100
        }, 
        "score_time": 838, 
        "test_score": 0.5855417835539902, 
        "fit_time": 287500, 
        "num_samples": 26638, 
        "best_iteration": null, 
        "train_score": 0.6361604766368122, 
        "parameter_id": 1, 
        "time": 288338, 
        "done_at": 1523111347154, 
        "grid_point_id": "{\"hidden_layer_sizes\": 100}@0"
    }, 
    {
        "parameters": {
            "hidden_layer_sizes": 100
        }, 
        "score_time": 766, 
        "test_score": 0.5438250394341284, 
        "fit_time": 172749, 
        "num_samples": 26637, 
        "best_iteration": null, 
        "train_score": 0.6138181551782462, 
        "parameter_id": 1, 
        "time": 173515, 
        "done_at": 1523111402888, 
        "grid_point_id": "{\"hidden_layer_sizes\": 100}@1"
    }, 
    {
        "parameters": {
            "hidden_layer_sizes": 40
        }, 
        "score_time": 586, 
        "test_score": 0.5511654483833606, 
        "fit_time": 119213, 
        "num_samples": 26637, 
        "best_iteration": null, 
        "train_score": 0.6079017802655118, 
        "parameter_id": 2, 
        "time": 119799, 
        "done_at": 1523111467734, 
        "grid_point_id": "{\"hidden_layer_sizes\": 40}@1"
    }, 
    {
        "parameters": {
            "hidden_layer_sizes": 100
        }, 
        "score_time": 610, 
        "test_score": 0.5803254993050646, 
        "fit_time": 241530, 
        "num_samples": 26637, 
        "best_iteration": null, 
        "train_score": 0.6367519876338068, 
        "parameter_id": 1, 
        "time": 242140, 
        "done_at": 1523111493296, 
        "grid_point_id": "{\"hidden_layer_sizes\": 100}@2"
    }, 
    {
        "parameters": {
            "hidden_layer_sizes": 40
        }, 
        "score_time": 453, 
        "test_score": 0.5847187736173945, 
        "fit_time": 215654, 
        "num_samples": 26638, 
        "best_iteration": null, 
        "train_score": 0.626468254334397, 
        "parameter_id": 2, 
        "time": 216107, 
        "done_at": 1523111520112, 
        "grid_point_id": "{\"hidden_layer_sizes\": 40}@0"
    }, 
    {
        "parameters": {
            "hidden_layer_sizes": 40
        }, 
        "score_time": 226, 
        "test_score": 0.5765189238678664, 
        "fit_time": 168199, 
        "num_samples": 26637, 
        "best_iteration": null, 
        "train_score": 0.6253270458291088, 
        "parameter_id": 2, 
        "time": 168425, 
        "done_at": 1523111571785, 
        "grid_point_id": "{\"hidden_layer_sizes\": 40}@2"
    }
]