{
    "usedGridSearch": true, 
    "gridSize": 3, 
    "modelInputNRows": 79912, 
    "modelInputNCols": 53, 
    "modelInputMemory": 33882688, 
    "gridCells": [
        {
            "scoreTimeStd": 0.089570580487618193, 
            "scoreTime": 0.16733333333333333, 
            "fitTime": 202.75800000000001, 
            "score": 0.53653867710671432, 
            "params": {
                "hidden_layer_sizes": 10
            }, 
            "fitTimeStd": 31.633565053594573, 
            "scoreStd": 0.06228459350311924
        }, 
        {
            "scoreTimeStd": 0.095163018026962559, 
            "scoreTime": 0.73799999999999999, 
            "fitTime": 233.92633333333333, 
            "score": 0.56989763653402592, 
            "params": {
                "hidden_layer_sizes": 100
            }, 
            "fitTimeStd": 47.154425810898765, 
            "scoreStd": 0.018558522169491141
        }, 
        {
            "scoreTimeStd": 0.14863004033131688, 
            "scoreTime": 0.42166666666666663, 
            "fitTime": 167.68866666666665, 
            "score": 0.57080122278601575, 
            "params": {
                "hidden_layer_sizes": 40
            }, 
            "fitTimeStd": 39.373527065219285, 
            "scoreStd": 0.014282315137158818
        }
    ], 
    "gridBestScore": 0.57080122278601575, 
    "modelInputIsSparse": false
}