{
    "metrics": {
        "rmse": 2.367134792066382, 
        "pearson": 0.76143085198361982, 
        "mae": 0.79988043832355094, 
        "r2": 0.57882100951013693, 
        "mape": 0.3623641839684817, 
        "mse": 5.6033271238111526, 
        "evs": 0.57882107445399078, 
        "rmsle": 0
    }, 
    "scatterPlotData": {
        "y": [
            9.7954, 
            3.1607, 
            0.9235, 
            3.6851, 
            3.1462, 
            1.1765, 
            6.4592, 
            1.1135, 
            1.0898, 
            1.1702, 
            1.0521, 
            0.9507, 
            1.0393, 
            1.6209, 
            0.9477, 
            1.9097, 
            0.9279, 
            2.1824, 
            1.0299, 
            1.9717, 
            1.9447, 
            1.3936, 
            2.3334, 
            1.0096, 
            0.907, 
            2.7396, 
            1.1336, 
            1.071, 
            1.5294, 
            3.9021, 
            1.3727, 
            1.0947, 
            2.9236, 
            1.5173, 
            1.4756, 
            2.5624, 
            1.0375, 
            1.1092, 
            0.7296, 
            0.9042, 
            2.9618, 
            1.0059, 
            0.9732, 
            1.4158, 
            0.6947, 
            1.7574, 
            1.1179, 
            1.5735, 
            1.5032, 
            0.9319, 
            3.4639, 
            21.0316, 
            2.4551, 
            0.7147, 
            1.0918, 
            3.3028, 
            1.831, 
            1.1118, 
            2.2774, 
            3.961, 
            0.9319, 
            12.6135, 
            0.8851, 
            0.9552, 
            1.4807, 
            1.1377, 
            1.1594, 
            1.0849, 
            1.402, 
            0.7845, 
            1.049, 
            13.3375, 
            1.2769, 
            1.8788, 
            0.9431, 
            1.7446, 
            2.6253, 
            0.9676, 
            2.0958, 
            1.0231, 
            0.7878, 
            1.3832, 
            1.4473, 
            1.7856, 
            1.445, 
            3.2787, 
            2.4677, 
            10.1904, 
            1.3166, 
            1.1814, 
            1.0764, 
            1.3298, 
            3.0008, 
            3.3431, 
            1.728, 
            6.4988, 
            2.9113, 
            2.3444, 
            1.7134, 
            0.7329, 
            1.0167, 
            0.9721, 
            1.1743, 
            1.5048, 
            3.5906, 
            1.0824, 
            1.6308, 
            0.9079, 
            0.9956, 
            1.0709, 
            0.6847, 
            1.6341, 
            1.4478, 
            2.7382, 
            1.8899, 
            1.5359, 
            1.2672, 
            5.5209, 
            1.1206, 
            3.7984, 
            1.0669, 
            1.7975, 
            0.95, 
            1.5901, 
            2.2035, 
            0.9211, 
            0.9666, 
            0.7557, 
            0.8228, 
            1.2744, 
            0.7106, 
            1.0096, 
            0.6732, 
            1.6279, 
            1.1125, 
            1.2994, 
            1.4009, 
            1.9304, 
            0.7946, 
            1.0914, 
            1.3237, 
            2.3523, 
            1.0203, 
            1.0805, 
            3.1708, 
            1.5103, 
            0.8519, 
            1.1133, 
            1.1944, 
            1.4564, 
            2.0456, 
            3.2314, 
            1.4203, 
            0.7788, 
            0.6779, 
            1.8687, 
            1.7819, 
            3.0144, 
            1.4843, 
            0.9634, 
            1.2038, 
            0.8726, 
            2.2636, 
            0.9474, 
            1.1012, 
            0.8145, 
            1.2478, 
            1.0301, 
            0.9775, 
            2.1996, 
            1.0248, 
            1.1662, 
            1.0843, 
            1.0922, 
            1.4088, 
            1.0802, 
            1.0344, 
            0.9454, 
            0.875, 
            2.411, 
            1.1171, 
            1.8365, 
            1.1085, 
            1.112, 
            1.0864, 
            0.7511, 
            0.9462, 
            5.1639, 
            3.6172, 
            1.5763, 
            1.886, 
            1.1605, 
            1.4603, 
            0.7665, 
            0.9376, 
            3.9788, 
            4.7227, 
            1.4251, 
            0.968, 
            1.0967, 
            7.7827, 
            7.8633, 
            0.9623, 
            2.0029, 
            1.1275, 
            3.2555, 
            1.5441, 
            0.8071, 
            2.3435, 
            1.1314, 
            1.3554, 
            1.1599, 
            1.0912, 
            1.6746, 
            0.7449, 
            1.4151, 
            1.0178, 
            2.3128, 
            0.9937, 
            2.1693, 
            1.5954, 
            1.0318, 
            1.0539, 
            0.7686, 
            0.9583, 
            1.027, 
            0.9021, 
            1.1751, 
            2.6348, 
            1.157, 
            0.7424, 
            1.1518, 
            1.2564, 
            2.9506, 
            1.1087, 
            2.4418, 
            1.2768, 
            0.8978, 
            0.9696, 
            1.351, 
            0.9674, 
            1.1342, 
            0.6644, 
            4.0202, 
            0.4024, 
            1.5665, 
            1.1011, 
            4.8391, 
            0.8099, 
            1.1166, 
            1.0313, 
            0.9702, 
            1.1803, 
            0.9327, 
            1.6515, 
            1.9455, 
            0.6201, 
            0.6882, 
            0.7722, 
            0.9116, 
            0.9603, 
            1.1092, 
            0.9994, 
            2.8654, 
            3.7436, 
            1.0584, 
            1.5798, 
            1.1674, 
            2.5696, 
            1.5962, 
            2.9765, 
            1.6117, 
            1.1324, 
            1.2448, 
            3.2355, 
            1.0649, 
            1.9704, 
            2.9466, 
            1.0482, 
            1.0474, 
            1.1253, 
            1.9893, 
            2.7528, 
            1.1385, 
            4.6462, 
            1.3288, 
            1.107, 
            3.2537, 
            1.1341, 
            4.9524, 
            1.1423, 
            1.0196, 
            3.4942, 
            2.9448, 
            0.9125, 
            1.5279, 
            1.2481, 
            0.9054, 
            3.1125, 
            1.288, 
            1.6112, 
            3.4033, 
            1.335, 
            0.5494, 
            9.42, 
            2.3179, 
            6.8415, 
            1.4508, 
            1.8859, 
            1.0198, 
            7.464, 
            1.7188, 
            3.5866, 
            0.992, 
            1.0218, 
            0.6818, 
            0.8684, 
            1.1194, 
            2.4936, 
            1.9564, 
            1.2449, 
            3.9512, 
            0.917, 
            0.5553, 
            1.1012, 
            0.8322, 
            1.1122, 
            1.0586, 
            1.4961, 
            5.2706, 
            1.6298, 
            1.171, 
            1.2084, 
            0.5954, 
            2.6329, 
            0.8802, 
            3.6323, 
            3.1809, 
            1.004, 
            2.6081, 
            3.418, 
            1.2943, 
            1.6065, 
            1.0785, 
            1.619, 
            1.1554, 
            1.1254, 
            2.2521, 
            7.8418, 
            1.3257, 
            4.5124, 
            1.1987, 
            3.8888, 
            1.7023, 
            2.7062, 
            1.0763, 
            0.8609, 
            12.3089, 
            0.8314, 
            1.8866, 
            1.5349, 
            1.5221, 
            1.4204, 
            1.9791, 
            0.8785, 
            1.192, 
            4.3484, 
            2.0302, 
            1.1469, 
            1.4133, 
            13.8802, 
            2.09, 
            2.5582, 
            9.1688, 
            4.9794, 
            0.613, 
            1.2979, 
            2.6406, 
            0.883, 
            0.8878, 
            0.9516, 
            0.8275, 
            1.5686, 
            7.8088, 
            1.0842, 
            0.7357, 
            0.8156, 
            0.9534, 
            14.2894, 
            1.6419, 
            9.6087, 
            1.3974, 
            0.6154, 
            1.363, 
            0.8644, 
            1.0798, 
            1.6087, 
            1.4786, 
            1.2208, 
            1.6151, 
            1.0112, 
            0.9429, 
            1.059, 
            1.1596, 
            2.8575, 
            1.1033, 
            0.8077, 
            1.0563, 
            1.6685, 
            5.4478, 
            1.0864, 
            0.9192, 
            1.024, 
            0.9938, 
            1.0453, 
            0.7498, 
            0.8005, 
            22.6905, 
            0.7428, 
            1.0107, 
            6.6057, 
            1.7087, 
            4.7115, 
            1.8829, 
            1.4965, 
            0.6319, 
            0.8658, 
            1.8975, 
            3.1246, 
            1.0073, 
            0.8941, 
            1.0199, 
            1.0852, 
            1.0853, 
            1.4107, 
            2.8166, 
            1.8201, 
            3.2083, 
            1.1335, 
            0.8936, 
            0.9587, 
            1.6368, 
            0.8159, 
            1.0199, 
            1.5293, 
            1.3257, 
            0.9129, 
            0.9001, 
            0.9638, 
            1.0166, 
            2.5527, 
            0.4688, 
            2.5598, 
            0.8148, 
            1.1093, 
            0.8882, 
            2.9926, 
            1.4704, 
            1.9131, 
            0.9877, 
            1.0558, 
            1.1243, 
            17.11, 
            1.376, 
            0.9292, 
            1.9366, 
            0.8921, 
            2.9756, 
            1.1642, 
            1.1251, 
            1.0195, 
            1.9267, 
            0.9164, 
            3.5307, 
            1.0977, 
            2.1112, 
            1.5335, 
            1.0186, 
            1.4896, 
            1.1688, 
            1.0142, 
            3.869, 
            1.0759, 
            1.9631, 
            1.1351, 
            0.9529, 
            1.0853, 
            1.2657, 
            2.4301, 
            5.3637, 
            1.1655, 
            0.7479, 
            1.7957, 
            1.5545, 
            7.4923, 
            0.9986, 
            1.713, 
            1.0713, 
            1.0081, 
            1.0456, 
            1.2749, 
            1.3316, 
            9.0954, 
            1.7117, 
            0.8631, 
            3.6506, 
            1.109, 
            1.5597, 
            1.2701, 
            1.5606, 
            0.9286, 
            3.4889, 
            1.9384, 
            0.9395, 
            1.0531, 
            2.0111, 
            2.6388, 
            4.4445, 
            1.0603, 
            0.9816, 
            1.0861, 
            1.1354, 
            1.0851, 
            1.2443, 
            1.6517, 
            1.2199, 
            2.2861, 
            1.4525, 
            2.6628, 
            1.0239, 
            1.1209, 
            1.053, 
            1.0701, 
            1.9918, 
            1.3961, 
            1.1458, 
            0.9011, 
            1.0674, 
            1.0967, 
            0.8727, 
            1.1045, 
            1.405, 
            1.0896, 
            3.1049, 
            1.0675, 
            0.9238, 
            0.8493, 
            0.7486, 
            1.8794, 
            0.951, 
            0.9099, 
            0.9326, 
            1.1719, 
            2.1912, 
            0.92, 
            0.9491, 
            1.2986, 
            2.8604, 
            0.981, 
            1.026, 
            0.8774, 
            1.086, 
            1.0715, 
            1.3447, 
            1.0219, 
            3.1632, 
            2.1311, 
            0.9711, 
            2.8343, 
            1.3548, 
            0.9531, 
            1.0847, 
            2.6141, 
            0.7726, 
            0.8963, 
            0.9527, 
            1.3405, 
            1.3501, 
            1.1474, 
            1.0546, 
            0.978, 
            0.9268, 
            0.9334, 
            1.0909, 
            3.6035, 
            1.085, 
            3.5665, 
            1.0217, 
            0.9886, 
            1.3675, 
            2.4374, 
            0.9515, 
            1.3494, 
            1.1409, 
            1.013, 
            12.0518, 
            0.9146, 
            2.5328, 
            2.0075, 
            6.8209, 
            1.7275, 
            9.0514, 
            2.0846, 
            1.4755, 
            1.0177, 
            1.1609, 
            0.952, 
            1.0491, 
            2.7721, 
            0.8169, 
            0.8843, 
            1.6705, 
            0.9144, 
            2.0364, 
            1.6106, 
            1.1619, 
            1.0279, 
            0.8248, 
            6.5988, 
            31.0081, 
            0.8141, 
            1.779, 
            1.1452, 
            4.3302, 
            0.8836, 
            1.4685, 
            0.897, 
            4.1345, 
            0.9227, 
            2.5963, 
            0.9803, 
            1.5955, 
            1.1352, 
            2.3604, 
            2.3774, 
            0.9971, 
            0.8647, 
            0.7803, 
            1.2893, 
            1.633, 
            1.0838, 
            5.2019, 
            1.0666, 
            1.0425, 
            1.0015, 
            0.9554, 
            0.8918, 
            2.8578, 
            4.2594, 
            0.6792, 
            0.6098, 
            4.8005, 
            1.0148, 
            7.1143, 
            2.7895, 
            0.9671, 
            0.7951, 
            1.7647, 
            2.4063, 
            1.1127, 
            1.9709, 
            2.022, 
            0.5979, 
            0.985, 
            0.7151, 
            1.0894, 
            1.006, 
            1.1675, 
            1.8435, 
            1.0454, 
            1.004, 
            0.9844, 
            0.9157, 
            1.0346, 
            1.0744, 
            1.591, 
            4.0815, 
            5.6605, 
            1.2336, 
            1.2385, 
            0.9772, 
            2.3844, 
            1.0615, 
            0.8635, 
            0.9204, 
            1.2454, 
            1.7073, 
            1.0907, 
            1.3636, 
            1.4869, 
            1.0827, 
            1.2273, 
            0.7147, 
            1.2208, 
            0.9707, 
            1.1028, 
            2.976, 
            2.2697, 
            1.6639, 
            4.6615, 
            3.4782, 
            2.1737, 
            4.0134, 
            1.1754, 
            4.3682, 
            1.1651, 
            0.7616, 
            1.7839, 
            4.1417, 
            1.8928, 
            3.2759, 
            1.3219, 
            3.3854, 
            1.0892, 
            1.2781, 
            1.1102, 
            1.3166, 
            0.8094, 
            3.9513, 
            5.7182, 
            1.9064, 
            5.27, 
            1.035, 
            2.7811, 
            3.0475, 
            1.1475, 
            1.505, 
            1.0689, 
            2.5475, 
            0.8821, 
            1.0447, 
            1.0864, 
            0.7668, 
            1.2105, 
            0.9449, 
            4.5321, 
            0.7659, 
            0.9917, 
            1.1871, 
            2.3224, 
            1.6518, 
            4.2313, 
            1.0599, 
            1.2506, 
            1.0142, 
            1.0364, 
            1.0289, 
            2.8048, 
            1.0721, 
            1.3342, 
            0.9757, 
            1.796, 
            0.9561, 
            5.4574, 
            1.7128, 
            2.7804, 
            0.8715, 
            0.7784, 
            1.0438, 
            1.2396, 
            1.9071, 
            1.2328, 
            1.0601, 
            1.0372, 
            2.8528, 
            5.4087, 
            2.5616, 
            1.2581, 
            1.525, 
            1.1984, 
            2.1054, 
            3.5987, 
            0.7744, 
            0.9199, 
            2.2962, 
            1.3025, 
            0.6965, 
            3.6504, 
            1.6833, 
            3.1138, 
            3.6379, 
            2.2059, 
            0.9365, 
            1.1206, 
            1.5096, 
            1.4402, 
            0.9331, 
            1.3796, 
            0.9953, 
            0.9377, 
            1.3422, 
            1.7167, 
            0.7246, 
            1.2681, 
            0.8611, 
            2.5949, 
            0.7985, 
            1.5815, 
            1.907, 
            1.1344, 
            0.7988, 
            1.8303, 
            3.6517, 
            2.9524, 
            1.6204, 
            3.4624, 
            0.9256, 
            0.7598, 
            2.0529, 
            1.1972, 
            1.5651, 
            1.074, 
            0.8405, 
            1.5196, 
            4.9943, 
            1.9449, 
            1.2226, 
            0.693, 
            1.257, 
            3.3021, 
            0.9876, 
            0.8715, 
            0.9507, 
            1.1694, 
            1.0009, 
            0.9483, 
            1.0423, 
            2.1468, 
            0.9745, 
            5.1833, 
            0.81, 
            1.8767, 
            2.8008, 
            1.2723, 
            1.7009, 
            2.3619, 
            1.4472, 
            0.9987, 
            4.5173, 
            1.1154, 
            3.9099, 
            0.9738, 
            4.882, 
            3.3656, 
            1.565, 
            1.8667, 
            1.9269, 
            3.1027, 
            5.587, 
            1.0108, 
            4.0574, 
            4.1104, 
            0.9255, 
            1.0743, 
            0.7436, 
            3.3442, 
            0.9982, 
            1.9255, 
            4.8111, 
            1.0047, 
            1.2028, 
            6.9124, 
            0.7738, 
            1.0353, 
            0.9965, 
            1.3373, 
            1.0889, 
            1.7489, 
            1.7522, 
            1.658, 
            1.8058, 
            3.2277, 
            0.7391, 
            1.1071, 
            1.0569, 
            0.9783, 
            4.8581, 
            1.4209, 
            1.5816, 
            0.7375, 
            0.9323, 
            6.4347, 
            7.6417, 
            1.9083, 
            0.9227, 
            1.1016, 
            1.2566, 
            0.9439, 
            1.9149, 
            0.7585, 
            0.9198, 
            1.1208, 
            1.138, 
            1.1202, 
            2.141, 
            0.9326, 
            1.4209, 
            1.9779, 
            0.797, 
            35.4287, 
            0.9089, 
            2.8009, 
            1.0305, 
            0.5963, 
            2.6692, 
            5.6533, 
            1.0417, 
            1.6318, 
            4.1658, 
            1.1092, 
            0.8426, 
            0.8233, 
            0.9508, 
            1.9871, 
            5.7677, 
            1.3844, 
            1.5834, 
            1.4828, 
            2.0397, 
            1.8935, 
            1.0574, 
            5.0657, 
            1.1577, 
            3.1884, 
            3.61, 
            0.9067, 
            1.6916, 
            2.5226, 
            10.7307, 
            1.5784, 
            1.1697, 
            2.1975, 
            0.9768, 
            1.0469, 
            1.2094, 
            0.9634, 
            1.0894, 
            1.1918, 
            0.9705, 
            2.1011, 
            2.4512, 
            1.3332, 
            18.462, 
            0.7862, 
            1.1303, 
            2.143, 
            1.1171, 
            1.8006, 
            4.9052, 
            27.2813, 
            2.9943, 
            1.6016, 
            26.1322, 
            1.9962, 
            5.0246, 
            1.0531, 
            0.7737, 
            1.2274, 
            1.0561, 
            0.9524, 
            0.8606, 
            1.1653, 
            1.1598, 
            2.9805, 
            1.1756, 
            3.0728, 
            1.2517, 
            0.8607, 
            1.0637, 
            0.9326, 
            1.1903, 
            1.3271, 
            1.1924, 
            1.0938, 
            1.6623, 
            4.7571, 
            1.8519, 
            6.5639, 
            1.0271, 
            1.3393, 
            1.6612, 
            2.5529, 
            0.9914, 
            1.1359, 
            3.4701, 
            4.6192, 
            0.8927, 
            4.2849, 
            1.091, 
            2.3448, 
            1.4464, 
            1.0204, 
            0.8814, 
            1.0718, 
            1.0393, 
            0.8133, 
            2.7578, 
            0.9247, 
            4.9307, 
            2.4749
        ], 
        "x": [
            10.0, 
            3.0, 
            1.0, 
            3.0, 
            2.0, 
            1.0, 
            1.0, 
            1.0, 
            1.0, 
            1.0, 
            1.0, 
            1.0, 
            1.0, 
            1.0, 
            1.0, 
            2.0, 
            1.0, 
            3.0, 
            1.0, 
            2.0, 
            2.0, 
            1.0, 
            2.0, 
            1.0, 
            1.0, 
            1.0, 
            1.0, 
            1.0, 
            1.0, 
            5.0, 
            1.0, 
            1.0, 
            4.0, 
            1.0, 
            2.0, 
            4.0, 
            1.0, 
            1.0, 
            1.0, 
            1.0, 
            1.0, 
            1.0, 
            1.0, 
            1.0, 
            1.0, 
            3.0, 
            1.0, 
            1.0, 
            1.0, 
            1.0, 
            6.0, 
            12.0, 
            4.0, 
            1.0, 
            1.0, 
            4.0, 
            2.0, 
            1.0, 
            2.0, 
            7.0, 
            1.0, 
            12.0, 
            1.0, 
            1.0, 
            1.0, 
            1.0, 
            1.0, 
            1.0, 
            2.0, 
            1.0, 
            1.0, 
            5.0, 
            2.0, 
            2.0, 
            1.0, 
            1.0, 
            3.0, 
            1.0, 
            2.0, 
            1.0, 
            1.0, 
            1.0, 
            1.0, 
            2.0, 
            2.0, 
            2.0, 
            5.0, 
            3.0, 
            1.0, 
            2.0, 
            1.0, 
            1.0, 
            2.0, 
            4.0, 
            2.0, 
            6.0, 
            1.0, 
            5.0, 
            1.0, 
            1.0, 
            1.0, 
            1.0, 
            1.0, 
            1.0, 
            3.0, 
            1.0, 
            1.0, 
            1.0, 
            1.0, 
            1.0, 
            1.0, 
            1.0, 
            3.0, 
            2.0, 
            2.0, 
            2.0, 
            2.0, 
            5.0, 
            1.0, 
            6.0, 
            1.0, 
            1.0, 
            1.0, 
            1.0, 
            2.0, 
            1.0, 
            1.0, 
            1.0, 
            1.0, 
            1.0, 
            1.0, 
            1.0, 
            1.0, 
            1.0, 
            1.0, 
            2.0, 
            1.0, 
            1.0, 
            1.0, 
            1.0, 
            2.0, 
            2.0, 
            1.0, 
            1.0, 
            4.0, 
            1.0, 
            1.0, 
            1.0, 
            1.0, 
            2.0, 
            2.0, 
            1.0, 
            1.0, 
            1.0, 
            1.0, 
            2.0, 
            2.0, 
            1.0, 
            3.0, 
            1.0, 
            1.0, 
            1.0, 
            1.0, 
            1.0, 
            1.0, 
            1.0, 
            1.0, 
            1.0, 
            1.0, 
            2.0, 
            1.0, 
            1.0, 
            1.0, 
            1.0, 
            2.0, 
            1.0, 
            1.0, 
            1.0, 
            1.0, 
            2.0, 
            1.0, 
            3.0, 
            1.0, 
            1.0, 
            1.0, 
            1.0, 
            1.0, 
            3.0, 
            1.0, 
            2.0, 
            2.0, 
            1.0, 
            1.0, 
            1.0, 
            1.0, 
            7.0, 
            4.0, 
            2.0, 
            1.0, 
            1.0, 
            6.0, 
            21.0, 
            1.0, 
            2.0, 
            1.0, 
            9.0, 
            2.0, 
            1.0, 
            1.0, 
            1.0, 
            2.0, 
            1.0, 
            1.0, 
            1.0, 
            1.0, 
            2.0, 
            1.0, 
            2.0, 
            1.0, 
            3.0, 
            2.0, 
            1.0, 
            1.0, 
            1.0, 
            1.0, 
            1.0, 
            1.0, 
            1.0, 
            2.0, 
            1.0, 
            1.0, 
            1.0, 
            1.0, 
            3.0, 
            1.0, 
            3.0, 
            1.0, 
            1.0, 
            1.0, 
            2.0, 
            1.0, 
            1.0, 
            1.0, 
            1.0, 
            1.0, 
            1.0, 
            1.0, 
            7.0, 
            1.0, 
            1.0, 
            1.0, 
            1.0, 
            1.0, 
            1.0, 
            1.0, 
            1.0, 
            1.0, 
            1.0, 
            1.0, 
            1.0, 
            1.0, 
            1.0, 
            1.0, 
            4.0, 
            2.0, 
            1.0, 
            2.0, 
            1.0, 
            6.0, 
            2.0, 
            3.0, 
            1.0, 
            1.0, 
            1.0, 
            1.0, 
            1.0, 
            1.0, 
            2.0, 
            1.0, 
            1.0, 
            1.0, 
            1.0, 
            2.0, 
            1.0, 
            1.0, 
            1.0, 
            1.0, 
            1.0, 
            1.0, 
            6.0, 
            1.0, 
            1.0, 
            2.0, 
            3.0, 
            1.0, 
            1.0, 
            1.0, 
            1.0, 
            3.0, 
            1.0, 
            1.0, 
            7.0, 
            1.0, 
            1.0, 
            6.0, 
            2.0, 
            9.0, 
            2.0, 
            2.0, 
            1.0, 
            14.0, 
            1.0, 
            2.0, 
            1.0, 
            1.0, 
            1.0, 
            1.0, 
            3.0, 
            1.0, 
            1.0, 
            1.0, 
            2.0, 
            1.0, 
            1.0, 
            1.0, 
            1.0, 
            1.0, 
            1.0, 
            2.0, 
            3.0, 
            2.0, 
            1.0, 
            2.0, 
            1.0, 
            2.0, 
            1.0, 
            4.0, 
            1.0, 
            1.0, 
            3.0, 
            4.0, 
            1.0, 
            2.0, 
            1.0, 
            3.0, 
            1.0, 
            1.0, 
            2.0, 
            10.0, 
            1.0, 
            5.0, 
            1.0, 
            4.0, 
            3.0, 
            1.0, 
            1.0, 
            1.0, 
            27.0, 
            1.0, 
            1.0, 
            2.0, 
            2.0, 
            1.0, 
            2.0, 
            1.0, 
            1.0, 
            2.0, 
            1.0, 
            1.0, 
            2.0, 
            22.0, 
            2.0, 
            1.0, 
            5.0, 
            6.0, 
            1.0, 
            1.0, 
            2.0, 
            1.0, 
            1.0, 
            1.0, 
            1.0, 
            2.0, 
            13.0, 
            1.0, 
            1.0, 
            1.0, 
            1.0, 
            24.0, 
            1.0, 
            23.0, 
            2.0, 
            1.0, 
            1.0, 
            1.0, 
            1.0, 
            1.0, 
            1.0, 
            1.0, 
            1.0, 
            1.0, 
            1.0, 
            1.0, 
            1.0, 
            3.0, 
            1.0, 
            1.0, 
            1.0, 
            1.0, 
            4.0, 
            1.0, 
            1.0, 
            1.0, 
            1.0, 
            1.0, 
            1.0, 
            1.0, 
            3.0, 
            1.0, 
            1.0, 
            9.0, 
            1.0, 
            4.0, 
            1.0, 
            1.0, 
            1.0, 
            1.0, 
            1.0, 
            4.0, 
            1.0, 
            1.0, 
            1.0, 
            1.0, 
            1.0, 
            1.0, 
            1.0, 
            1.0, 
            1.0, 
            4.0, 
            1.0, 
            1.0, 
            2.0, 
            1.0, 
            1.0, 
            1.0, 
            2.0, 
            1.0, 
            2.0, 
            1.0, 
            1.0, 
            1.0, 
            1.0, 
            1.0, 
            1.0, 
            1.0, 
            1.0, 
            2.0, 
            3.0, 
            1.0, 
            1.0, 
            1.0, 
            1.0, 
            35.0, 
            1.0, 
            1.0, 
            2.0, 
            1.0, 
            3.0, 
            1.0, 
            2.0, 
            1.0, 
            1.0, 
            1.0, 
            3.0, 
            1.0, 
            1.0, 
            1.0, 
            1.0, 
            2.0, 
            1.0, 
            1.0, 
            3.0, 
            1.0, 
            3.0, 
            1.0, 
            1.0, 
            1.0, 
            1.0, 
            1.0, 
            3.0, 
            1.0, 
            1.0, 
            2.0, 
            2.0, 
            11.0, 
            1.0, 
            1.0, 
            1.0, 
            1.0, 
            1.0, 
            1.0, 
            1.0, 
            7.0, 
            3.0, 
            1.0, 
            2.0, 
            1.0, 
            1.0, 
            1.0, 
            1.0, 
            1.0, 
            1.0, 
            1.0, 
            1.0, 
            1.0, 
            2.0, 
            2.0, 
            8.0, 
            1.0, 
            1.0, 
            1.0, 
            1.0, 
            1.0, 
            1.0, 
            1.0, 
            1.0, 
            2.0, 
            1.0, 
            1.0, 
            1.0, 
            1.0, 
            1.0, 
            1.0, 
            2.0, 
            2.0, 
            1.0, 
            1.0, 
            1.0, 
            1.0, 
            1.0, 
            1.0, 
            2.0, 
            1.0, 
            1.0, 
            1.0, 
            1.0, 
            1.0, 
            1.0, 
            2.0, 
            1.0, 
            1.0, 
            1.0, 
            1.0, 
            1.0, 
            1.0, 
            1.0, 
            1.0, 
            2.0, 
            1.0, 
            1.0, 
            1.0, 
            1.0, 
            1.0, 
            1.0, 
            1.0, 
            4.0, 
            1.0, 
            0.0, 
            4.0, 
            1.0, 
            1.0, 
            1.0, 
            4.0, 
            1.0, 
            1.0, 
            1.0, 
            2.0, 
            1.0, 
            1.0, 
            1.0, 
            1.0, 
            1.0, 
            1.0, 
            1.0, 
            12.0, 
            1.0, 
            4.0, 
            1.0, 
            1.0, 
            2.0, 
            4.0, 
            1.0, 
            1.0, 
            1.0, 
            1.0, 
            12.0, 
            1.0, 
            2.0, 
            2.0, 
            10.0, 
            2.0, 
            3.0, 
            3.0, 
            1.0, 
            1.0, 
            1.0, 
            1.0, 
            1.0, 
            2.0, 
            1.0, 
            1.0, 
            1.0, 
            1.0, 
            1.0, 
            1.0, 
            1.0, 
            1.0, 
            1.0, 
            2.0, 
            117.0, 
            1.0, 
            2.0, 
            1.0, 
            4.0, 
            1.0, 
            2.0, 
            1.0, 
            5.0, 
            1.0, 
            1.0, 
            1.0, 
            1.0, 
            1.0, 
            1.0, 
            2.0, 
            1.0, 
            1.0, 
            1.0, 
            1.0, 
            1.0, 
            1.0, 
            6.0, 
            1.0, 
            1.0, 
            1.0, 
            1.0, 
            1.0, 
            1.0, 
            2.0, 
            1.0, 
            1.0, 
            2.0, 
            1.0, 
            12.0, 
            3.0, 
            1.0, 
            1.0, 
            5.0, 
            3.0, 
            1.0, 
            2.0, 
            2.0, 
            1.0, 
            1.0, 
            1.0, 
            1.0, 
            1.0, 
            1.0, 
            2.0, 
            1.0, 
            1.0, 
            1.0, 
            1.0, 
            1.0, 
            1.0, 
            2.0, 
            8.0, 
            15.0, 
            1.0, 
            1.0, 
            1.0, 
            2.0, 
            1.0, 
            1.0, 
            1.0, 
            1.0, 
            1.0, 
            1.0, 
            1.0, 
            2.0, 
            1.0, 
            1.0, 
            1.0, 
            1.0, 
            1.0, 
            1.0, 
            2.0, 
            1.0, 
            1.0, 
            5.0, 
            6.0, 
            1.0, 
            1.0, 
            1.0, 
            2.0, 
            1.0, 
            1.0, 
            2.0, 
            4.0, 
            1.0, 
            1.0, 
            1.0, 
            3.0, 
            1.0, 
            1.0, 
            1.0, 
            2.0, 
            1.0, 
            2.0, 
            10.0, 
            1.0, 
            6.0, 
            1.0, 
            2.0, 
            4.0, 
            1.0, 
            2.0, 
            1.0, 
            2.0, 
            1.0, 
            1.0, 
            1.0, 
            1.0, 
            1.0, 
            1.0, 
            2.0, 
            1.0, 
            1.0, 
            1.0, 
            2.0, 
            1.0, 
            1.0, 
            1.0, 
            1.0, 
            1.0, 
            1.0, 
            1.0, 
            3.0, 
            1.0, 
            2.0, 
            1.0, 
            2.0, 
            1.0, 
            8.0, 
            2.0, 
            2.0, 
            1.0, 
            1.0, 
            1.0, 
            1.0, 
            2.0, 
            1.0, 
            1.0, 
            1.0, 
            5.0, 
            7.0, 
            1.0, 
            1.0, 
            1.0, 
            1.0, 
            3.0, 
            4.0, 
            1.0, 
            1.0, 
            1.0, 
            1.0, 
            1.0, 
            4.0, 
            1.0, 
            2.0, 
            3.0, 
            2.0, 
            1.0, 
            1.0, 
            2.0, 
            1.0, 
            1.0, 
            1.0, 
            1.0, 
            1.0, 
            1.0, 
            1.0, 
            1.0, 
            1.0, 
            1.0, 
            2.0, 
            1.0, 
            2.0, 
            3.0, 
            1.0, 
            1.0, 
            1.0, 
            2.0, 
            3.0, 
            1.0, 
            5.0, 
            1.0, 
            1.0, 
            2.0, 
            1.0, 
            2.0, 
            1.0, 
            1.0, 
            3.0, 
            10.0, 
            2.0, 
            3.0, 
            1.0, 
            1.0, 
            5.0, 
            1.0, 
            1.0, 
            1.0, 
            1.0, 
            1.0, 
            1.0, 
            1.0, 
            2.0, 
            1.0, 
            2.0, 
            1.0, 
            1.0, 
            3.0, 
            3.0, 
            2.0, 
            2.0, 
            1.0, 
            1.0, 
            4.0, 
            1.0, 
            5.0, 
            1.0, 
            3.0, 
            1.0, 
            1.0, 
            1.0, 
            3.0, 
            4.0, 
            1.0, 
            1.0, 
            8.0, 
            4.0, 
            1.0, 
            1.0, 
            1.0, 
            1.0, 
            1.0, 
            3.0, 
            5.0, 
            1.0, 
            1.0, 
            2.0, 
            1.0, 
            1.0, 
            1.0, 
            2.0, 
            1.0, 
            1.0, 
            2.0, 
            1.0, 
            3.0, 
            1.0, 
            1.0, 
            1.0, 
            1.0, 
            1.0, 
            3.0, 
            1.0, 
            1.0, 
            1.0, 
            1.0, 
            12.0, 
            5.0, 
            1.0, 
            1.0, 
            1.0, 
            1.0, 
            1.0, 
            2.0, 
            1.0, 
            1.0, 
            1.0, 
            1.0, 
            1.0, 
            3.0, 
            1.0, 
            2.0, 
            2.0, 
            1.0, 
            64.0, 
            1.0, 
            1.0, 
            1.0, 
            1.0, 
            4.0, 
            11.0, 
            1.0, 
            1.0, 
            5.0, 
            1.0, 
            1.0, 
            1.0, 
            1.0, 
            1.0, 
            3.0, 
            1.0, 
            1.0, 
            1.0, 
            3.0, 
            2.0, 
            1.0, 
            7.0, 
            1.0, 
            1.0, 
            1.0, 
            1.0, 
            2.0, 
            1.0, 
            29.0, 
            1.0, 
            1.0, 
            1.0, 
            1.0, 
            1.0, 
            1.0, 
            1.0, 
            1.0, 
            2.0, 
            1.0, 
            2.0, 
            2.0, 
            1.0, 
            17.0, 
            1.0, 
            1.0, 
            2.0, 
            1.0, 
            1.0, 
            4.0, 
            8.0, 
            2.0, 
            1.0, 
            17.0, 
            1.0, 
            2.0, 
            1.0, 
            1.0, 
            2.0, 
            1.0, 
            1.0, 
            1.0, 
            1.0, 
            1.0, 
            3.0, 
            1.0, 
            3.0, 
            1.0, 
            1.0, 
            1.0, 
            1.0, 
            1.0, 
            1.0, 
            1.0, 
            1.0, 
            1.0, 
            7.0, 
            1.0, 
            4.0, 
            1.0, 
            1.0, 
            1.0, 
            4.0, 
            1.0, 
            1.0, 
            1.0, 
            5.0, 
            1.0, 
            1.0, 
            2.0, 
            2.0, 
            1.0, 
            1.0, 
            1.0, 
            1.0, 
            1.0, 
            1.0, 
            1.0, 
            1.0, 
            5.0, 
            2.0
        ]
    }, 
    "processed_feature_names": [
        "item_category_id", 
        "item_cnt_month_avg", 
        "item_cnt_prev_month", 
        "item_id", 
        "shop_id", 
        "dummy:shop_name:\u041c\u043e\u0441\u043a\u0432\u0430 \u0422\u0420\u041a \"\u0410\u0442\u0440\u0438\u0443\u043c\"", 
        "dummy:shop_name:\u041c\u043e\u0441\u043a\u0432\u0430 \u0422\u0426 \"\u0421\u0435\u043c\u0435\u043d\u043e\u0432\u0441\u043a\u0438\u0439\"", 
        "dummy:shop_name:!\u042f\u043a\u0443\u0442\u0441\u043a \u041e\u0440\u0434\u0436\u043e\u043d\u0438\u043a\u0438\u0434\u0437\u0435, 56 \u0444\u0440\u0430\u043d", 
        "dummy:shop_name:\u041c\u043e\u0441\u043a\u0432\u0430 \u0422\u0426 \"\u041c\u0415\u0413\u0410 \u0422\u0435\u043f\u043b\u044b\u0439 \u0421\u0442\u0430\u043d\" II", 
        "dummy:shop_name:\u041c\u043e\u0441\u043a\u0432\u0430 \u0422\u0426 \"\u041c\u0415\u0413\u0410 \u0411\u0435\u043b\u0430\u044f \u0414\u0430\u0447\u0430 II\"", 
        "dummy:shop_name:\u0412\u043e\u0440\u043e\u043d\u0435\u0436 (\u041f\u043b\u0435\u0445\u0430\u043d\u043e\u0432\u0441\u043a\u0430\u044f, 13)", 
        "dummy:shop_name:!\u042f\u043a\u0443\u0442\u0441\u043a \u0422\u0426 \"\u0426\u0435\u043d\u0442\u0440\u0430\u043b\u044c\u043d\u044b\u0439\" \u0444\u0440\u0430\u043d", 
        "dummy:shop_name:\u0425\u0438\u043c\u043a\u0438 \u0422\u0426 \"\u041c\u0435\u0433\u0430\"", 
        "dummy:shop_name:\u041c\u043e\u0441\u043a\u0432\u0430 \u0422\u0426 \"\u041f\u0435\u0440\u043b\u043e\u0432\u0441\u043a\u0438\u0439\"", 
        "dummy:shop_name:\u041a\u043e\u043b\u043e\u043c\u043d\u0430 \u0422\u0426 \"\u0420\u0438\u043e\"", 
        "dummy:shop_name:\u041a\u0443\u0440\u0441\u043a \u0422\u0426 \"\u041f\u0443\u0448\u043a\u0438\u043d\u0441\u043a\u0438\u0439\"", 
        "dummy:shop_name:\u041a\u0440\u0430\u0441\u043d\u043e\u044f\u0440\u0441\u043a \u0422\u0426 \"\u0418\u044e\u043d\u044c\"", 
        "dummy:shop_name:\u041c\u043e\u0441\u043a\u0432\u0430 \u0422\u0426 \"\u041d\u043e\u0432\u044b\u0439 \u0432\u0435\u043a\" (\u041d\u043e\u0432\u043e\u043a\u043e\u0441\u0438\u043d\u043e)", 
        "dummy:shop_name:\u041c\u043e\u0441\u043a\u0432\u0430 \u0422\u0426 \"\u0410\u0440\u0435\u0430\u043b\" (\u0411\u0435\u043b\u044f\u0435\u0432\u043e)", 
        "dummy:shop_name:\u0412\u043e\u0440\u043e\u043d\u0435\u0436 \u0422\u0420\u0426 \"\u041c\u0430\u043a\u0441\u0438\u043c\u0438\u0440\"", 
        "dummy:shop_name:\u041a\u0430\u043b\u0443\u0433\u0430 \u0422\u0420\u0426 \"XXI \u0432\u0435\u043a\"", 
        "dummy:shop_name:\u041c\u043e\u0441\u043a\u0432\u0430 \u0422\u041a \"\u0411\u0443\u0434\u0435\u043d\u043e\u0432\u0441\u043a\u0438\u0439\" (\u043f\u0430\u0432.\u04102)", 
        "dummy:shop_name:\u041c\u043e\u0441\u043a\u0432\u0430 \u041c\u0422\u0420\u0426 \"\u0410\u0444\u0438 \u041c\u043e\u043b\u043b\"", 
        "dummy:shop_name:\u0412\u043e\u043b\u0436\u0441\u043a\u0438\u0439 \u0422\u0426 \"\u0412\u043e\u043b\u0433\u0430 \u041c\u043e\u043b\u043b\"", 
        "dummy:shop_name:\u041c\u043e\u0441\u043a\u0432\u0430 \u0422\u041a \"\u0411\u0443\u0434\u0435\u043d\u043e\u0432\u0441\u043a\u0438\u0439\" (\u043f\u0430\u0432.\u041a7)", 
        "dummy:shop_name:\u041a\u0430\u0437\u0430\u043d\u044c \u0422\u0426 \"\u041f\u0430\u0440\u043a\u0425\u0430\u0443\u0441\" II", 
        "dummy:shop_name:\u0421\u041f\u0431 \u0422\u041a \"\u041d\u0435\u0432\u0441\u043a\u0438\u0439 \u0426\u0435\u043d\u0442\u0440\"", 
        "dummy:shop_name:\u041c\u043e\u0441\u043a\u0432\u0430 \u041c\u0430\u0433\u0430\u0437\u0438\u043d \u042121", 
        "dummy:shop_name:\u0412\u043e\u0440\u043e\u043d\u0435\u0436 \u0422\u0420\u0426 \u0421\u0438\u0442\u0438-\u041f\u0430\u0440\u043a \"\u0413\u0440\u0430\u0434\"", 
        "dummy:shop_name:\u0427\u0435\u0445\u043e\u0432 \u0422\u0420\u0426 \"\u041a\u0430\u0440\u043d\u0430\u0432\u0430\u043b\"", 
        "dummy:shop_name:\u0421\u0435\u0440\u0433\u0438\u0435\u0432 \u041f\u043e\u0441\u0430\u0434 \u0422\u0426 \"7\u042f\"", 
        "dummy:shop_name:\u0422\u044e\u043c\u0435\u043d\u044c \u0422\u0426 \"\u0413\u0443\u0434\u0432\u0438\u043d\"", 
        "dummy:shop_name:\u0422\u044e\u043c\u0435\u043d\u044c \u0422\u0426 \"\u0417\u0435\u043b\u0435\u043d\u044b\u0439 \u0411\u0435\u0440\u0435\u0433\"", 
        "dummy:shop_name:\u041d\u043e\u0432\u043e\u0441\u0438\u0431\u0438\u0440\u0441\u043a \u0422\u0426 \"\u041c\u0435\u0433\u0430\"", 
        "dummy:shop_name:\u041a\u0430\u0437\u0430\u043d\u044c \u0422\u0426 \"\u0411\u0435\u0445\u0435\u0442\u043b\u0435\"", 
        "dummy:shop_name:\u0416\u0443\u043a\u043e\u0432\u0441\u043a\u0438\u0439 \u0443\u043b. \u0427\u043a\u0430\u043b\u043e\u0432\u0430 39\u043c?", 
        "dummy:shop_name:\u041d.\u041d\u043e\u0432\u0433\u043e\u0440\u043e\u0434 \u0422\u0420\u0426 \"\u0424\u0430\u043d\u0442\u0430\u0441\u0442\u0438\u043a\u0430\"", 
        "dummy:shop_name:\u0421\u0430\u043c\u0430\u0440\u0430 \u0422\u0426 \"\u041c\u0435\u043b\u043e\u0434\u0438\u044f\"", 
        "dummy:shop_name:\u0411\u0430\u043b\u0430\u0448\u0438\u0445\u0430 \u0422\u0420\u041a \"\u041e\u043a\u0442\u044f\u0431\u0440\u044c-\u041a\u0438\u043d\u043e\u043c\u0438\u0440\"", 
        "dummy:shop_name:\u0423\u0444\u0430 \u0422\u0426 \"\u0421\u0435\u043c\u044c\u044f\" 2", 
        "dummy:shop_name:\u0410\u0434\u044b\u0433\u0435\u044f \u0422\u0426 \"\u041c\u0435\u0433\u0430\"", 
        "dummy:shop_name:\u0421\u0443\u0440\u0433\u0443\u0442 \u0422\u0420\u0426 \"\u0421\u0438\u0442\u0438 \u041c\u043e\u043b\u043b\"", 
        "dummy:shop_name:\u042f\u0440\u043e\u0441\u043b\u0430\u0432\u043b\u044c \u0422\u0426 \"\u0410\u043b\u044c\u0442\u0430\u0438\u0440\"", 
        "dummy:shop_name:\u0423\u0444\u0430 \u0422\u041a \"\u0426\u0435\u043d\u0442\u0440\u0430\u043b\u044c\u043d\u044b\u0439\"", 
        "dummy:shop_name:\u0420\u043e\u0441\u0442\u043e\u0432\u041d\u0430\u0414\u043e\u043d\u0443 \u0422\u0426 \"\u041c\u0435\u0433\u0430\"", 
        "dummy:shop_name:\u0418\u043d\u0442\u0435\u0440\u043d\u0435\u0442-\u043c\u0430\u0433\u0430\u0437\u0438\u043d \u0427\u0421", 
        "dummy:shop_name:\u0421\u0430\u043c\u0430\u0440\u0430 \u0422\u0426 \"\u041f\u0430\u0440\u043a\u0425\u0430\u0443\u0441\"", 
        "dummy:shop_name:\u0421\u041f\u0431 \u0422\u041a \"\u0421\u0435\u043d\u043d\u0430\u044f\"", 
        "dummy:shop_name:\u041e\u043c\u0441\u043a \u0422\u0426 \"\u041c\u0435\u0433\u0430\"", 
        "dummy:shop_name:\u041c\u043e\u0441\u043a\u0432\u0430 \u0422\u0426 \"\u0421\u0435\u0440\u0435\u0431\u0440\u044f\u043d\u044b\u0439 \u0414\u043e\u043c\"", 
        "dummy:shop_name:\u0412\u043e\u043b\u043e\u0433\u0434\u0430 \u0422\u0420\u0426 \"\u041c\u0430\u0440\u043c\u0435\u043b\u0430\u0434\"", 
        "dummy:shop_name:N/A", 
        "dummy:shop_name:__Others__"
    ], 
    "regression_performance": {
        "max_error": 3.7201557238290093, 
        "median_error": -0.04343981492676452, 
        "error_distribution": [
            {
                "count": 622, 
                "bin_max": -2.4358394330508184, 
                "bin_id": 0, 
                "bin_min": -3.1266788895451101
            }, 
            {
                "count": 415, 
                "bin_max": -1.7518399711752821, 
                "bin_id": 1, 
                "bin_min": -2.4358394330508184
            }, 
            {
                "count": 888, 
                "bin_max": -1.0678405092997458, 
                "bin_id": 2, 
                "bin_min": -1.7518399711752821
            }, 
            {
                "count": 2932, 
                "bin_max": -0.38384104742420933, 
                "bin_id": 3, 
                "bin_min": -1.0678405092997458
            }, 
            {
                "count": 11398, 
                "bin_max": 0.30015841445132718, 
                "bin_id": 4, 
                "bin_min": -0.38384104742420933
            }, 
            {
                "count": 2093, 
                "bin_max": 0.98415787632686325, 
                "bin_id": 5, 
                "bin_min": 0.30015841445132718
            }, 
            {
                "count": 655, 
                "bin_max": 1.6681573382024002, 
                "bin_id": 6, 
                "bin_min": 0.98415787632686325
            }, 
            {
                "count": 383, 
                "bin_max": 2.3521568000779363, 
                "bin_id": 7, 
                "bin_min": 1.6681573382024002
            }, 
            {
                "count": 174, 
                "bin_max": 3.0361562619534723, 
                "bin_id": 8, 
                "bin_min": 2.3521568000779363
            }, 
            {
                "count": 528, 
                "bin_max": 3.7201557238290093, 
                "bin_id": 9, 
                "bin_min": 3.0361562619534723
            }
        ], 
        "min_error": -3.1198388949263549, 
        "average_error": -0.05353587551922774, 
        "std_error": 1.05331134380738, 
        "p75_error": 0.17758926314380286, 
        "p90_error": 0.8127860248082756, 
        "p25_error": -0.36166485978417096
    }
}