{
  "state": "DONE",
  "preSearchDescription": {
    "gridLength": 1,
    "importantParams": []
  },
  "postSearchDescription": {
    "importantParams": [
      {
        "name": "layer_sizes",
        "val": "[10, 100, 40]"
      },
      {
        "name": "activation",
        "val": "relu"
      },
      {
        "name": "alpha",
        "val": "0.001"
      },
      {
        "name": "solver",
        "val": "adam"
      }
    ]
  },
  "modelId": "m1",
  "progress": {
    "top_level_todo": [],
    "stack": [],
    "top_level_done": [
      {
        "name": "Loading train set",
        "time": 1449
      },
      {
        "name": "Loading test set",
        "time": 259
      },
      {
        "name": "Collecting statistics",
        "time": 304
      },
      {
        "name": "Preprocessing train set",
        "time": 504
      },
      {
        "name": "Preprocessing test set",
        "time": 300
      },
      {
        "name": "Fitting model",
        "time": 620757
      },
      {
        "name": "Saving model",
        "time": 13
      },
      {
        "name": "Scoring model",
        "time": 440
      }
    ]
  },
  "startTime": 1523111054013,
  "endTime": 1523111678053,
  "preprocessingTime": 2829,
  "trainingTime": 621211
}