{
  "inputDatasetSmartName": "data_mean",
  "script": {
    "steps": [
      {
        "type": "ColumnsSelector",
        "params": {
          "keep": false,
          "appliesTo": "SINGLE_COLUMN",
          "columns": [
            "id"
          ]
        },
        "metaType": "PROCESSOR",
        "preview": false,
        "disabled": false,
        "alwaysShowComment": false
      },
      {
        "type": "ColumnCopier",
        "params": {
          "inputColumn": "diagnosis",
          "outputColumn": "diagnosis_copy"
        },
        "metaType": "PROCESSOR",
        "preview": false,
        "disabled": false,
        "alwaysShowComment": false
      },
      {
        "type": "FindReplace",
        "params": {
          "output": "",
          "normalization": "EXACT",
          "matching": "SUBSTRING",
          "stopAfterFirstMatch": false,
          "mapping": [
            {
              "from": "M",
              "to": "1"
            },
            {
              "from": "B",
              "to": "0"
            }
          ],
          "appliesTo": "SINGLE_COLUMN",
          "columns": [
            "diagnosis_copy"
          ]
        },
        "metaType": "PROCESSOR",
        "preview": true,
        "disabled": false,
        "alwaysShowComment": false
      }
    ],
    "tags": [],
    "columnsSelection": {
      "mode": "ALL"
    },
    "coloring": {
      "scheme": "MEANING_AND_STATUS",
      "individualColumns": [],
      "valueColoringMode": "HASH"
    },
    "analysisColumnData": {},
    "explorationSampling": {
      "selection": {
        "samplingMethod": "HEAD_SEQUENTIAL",
        "partitionSelectionMethod": "ALL",
        "maxRecords": 10000,
        "targetRatio": 0.02
      },
      "autoRefreshSample": false,
      "_refreshTrigger": 0
    },
    "vizSampling": {
      "autoRefreshSample": false,
      "_refreshTrigger": 0
    },
    "exploreUIParams": {
      "autoRefresh": true
    },
    "globalSearchQuery": "",
    "explorationFilters": [],
    "previewMode": "ALL_ROWS",
    "charts": [],
    "chartsEngine": "LINO"
  },
  "versionTag": {
    "versionNumber": 1,
    "lastModifiedBy": {
      "login": "admin",
      "displayName": "Kajal Manglani"
    },
    "lastModifiedOn": 1493919678805
  },
  "creationTag": {
    "versionNumber": 0,
    "lastModifiedBy": {
      "login": "admin",
      "displayName": "Kajal Manglani"
    },
    "lastModifiedOn": 1493919575577
  },
  "name": "Analyze data_mean",
  "tags": [],
  "checklists": {
    "checklists": []
  }
}