[
    {
        "parameters": {
            "max_features": "auto", 
            "min_samples_split": 3, 
            "n_estimators": 100, 
            "max_depth": 6, 
            "min_samples_leaf": 1
        }, 
        "score_time": 330, 
        "test_score": 0.7791575527676344, 
        "fit_time": 1616, 
        "num_samples": 1974, 
        "best_iteration": null, 
        "train_score": 0.8157939700780694, 
        "parameter_id": 0, 
        "time": 1946, 
        "done_at": 1525435440205, 
        "grid_point_id": "{\"max_features\": \"auto\", \"min_samples_split\": 3, \"n_estimators\": 100, \"max_depth\": 6, \"min_samples_leaf\": 1}@0"
    }, 
    {
        "parameters": {
            "max_features": "auto", 
            "min_samples_split": 3, 
            "n_estimators": 100, 
            "max_depth": 6, 
            "min_samples_leaf": 1
        }, 
        "score_time": 369, 
        "test_score": 0.7915050917768213, 
        "fit_time": 1351, 
        "num_samples": 1973, 
        "best_iteration": null, 
        "train_score": 0.8103670544521793, 
        "parameter_id": 0, 
        "time": 1720, 
        "done_at": 1525435442401, 
        "grid_point_id": "{\"max_features\": \"auto\", \"min_samples_split\": 3, \"n_estimators\": 100, \"max_depth\": 6, \"min_samples_leaf\": 1}@1"
    }, 
    {
        "parameters": {
            "max_features": "auto", 
            "min_samples_split": 3, 
            "n_estimators": 100, 
            "max_depth": 6, 
            "min_samples_leaf": 1
        }, 
        "score_time": 178, 
        "test_score": 0.7879539797136196, 
        "fit_time": 1257, 
        "num_samples": 1972, 
        "best_iteration": null, 
        "train_score": 0.8095591321913658, 
        "parameter_id": 0, 
        "time": 1435, 
        "done_at": 1525435444139, 
        "grid_point_id": "{\"max_features\": \"auto\", \"min_samples_split\": 3, \"n_estimators\": 100, \"max_depth\": 6, \"min_samples_leaf\": 1}@2"
    }, 
    {
        "parameters": {
            "max_features": "auto", 
            "min_samples_split": 3, 
            "n_estimators": 100, 
            "max_depth": 25, 
            "min_samples_leaf": 1
        }, 
        "score_time": 287, 
        "test_score": 0.819677132575576, 
        "fit_time": 2002, 
        "num_samples": 1974, 
        "best_iteration": null, 
        "train_score": 0.9362568455849152, 
        "parameter_id": 1, 
        "time": 2289, 
        "done_at": 1525435446723, 
        "grid_point_id": "{\"max_features\": \"auto\", \"min_samples_split\": 3, \"n_estimators\": 100, \"max_depth\": 25, \"min_samples_leaf\": 1}@0"
    }, 
    {
        "parameters": {
            "max_features": "auto", 
            "min_samples_split": 3, 
            "n_estimators": 100, 
            "max_depth": 25, 
            "min_samples_leaf": 1
        }, 
        "score_time": 174, 
        "test_score": 0.8406295182900627, 
        "fit_time": 1610, 
        "num_samples": 1973, 
        "best_iteration": null, 
        "train_score": 0.9298158332099248, 
        "parameter_id": 1, 
        "time": 1784, 
        "done_at": 1525435448805, 
        "grid_point_id": "{\"max_features\": \"auto\", \"min_samples_split\": 3, \"n_estimators\": 100, \"max_depth\": 25, \"min_samples_leaf\": 1}@1"
    }, 
    {
        "parameters": {
            "max_features": "auto", 
            "min_samples_split": 3, 
            "n_estimators": 100, 
            "max_depth": 25, 
            "min_samples_leaf": 1
        }, 
        "score_time": 342, 
        "test_score": 0.8362288446999202, 
        "fit_time": 1950, 
        "num_samples": 1972, 
        "best_iteration": null, 
        "train_score": 0.9272284887895637, 
        "parameter_id": 1, 
        "time": 2292, 
        "done_at": 1525435451533, 
        "grid_point_id": "{\"max_features\": \"auto\", \"min_samples_split\": 3, \"n_estimators\": 100, \"max_depth\": 25, \"min_samples_leaf\": 1}@2"
    }
]