{
    "usedGridSearch": true, 
    "probaAware": true, 
    "gridSize": 2, 
    "rawImportance": {
        "variables": [
            "event_type 10_sum", 
            "event_type 11_sum", 
            "event_type 12_sum", 
            "event_type 13_sum", 
            "event_type 14_sum", 
            "event_type 15_sum", 
            "event_type 18_sum", 
            "event_type 19_sum", 
            "event_type 1_sum", 
            "event_type 20_sum", 
            "event_type 21_sum", 
            "event_type 22_sum", 
            "event_type 23_sum", 
            "event_type 24_sum", 
            "event_type 27_sum", 
            "event_type 28_sum", 
            "event_type 29_sum", 
            "event_type 2_sum", 
            "event_type 30_sum", 
            "event_type 31_sum", 
            "event_type 32_sum", 
            "event_type 34_sum", 
            "event_type 35_sum", 
            "event_type 36_sum", 
            "event_type 38_sum", 
            "event_type 39_sum", 
            "event_type 3_sum", 
            "event_type 40_sum", 
            "event_type 54_sum", 
            "event_type 5_sum", 
            "event_type 6_sum", 
            "event_type 7_sum", 
            "event_type 8_sum", 
            "event_type 9_sum", 
            "feature 103_sum", 
            "feature 105_sum", 
            "feature 108_sum", 
            "feature 109_sum", 
            "feature 10_sum", 
            "feature 111_sum", 
            "feature 113_sum", 
            "feature 117_sum", 
            "feature 118_sum", 
            "feature 127_sum", 
            "feature 132_sum", 
            "feature 133_sum", 
            "feature 134_sum", 
            "feature 135_sum", 
            "feature 136_sum", 
            "feature 137_sum", 
            "feature 139_sum", 
            "feature 141_sum", 
            "feature 145_sum", 
            "feature 149_sum", 
            "feature 153_sum", 
            "feature 155_sum", 
            "feature 157_sum", 
            "feature 158_sum", 
            "feature 159_sum", 
            "feature 15_sum", 
            "feature 160_sum", 
            "feature 161_sum", 
            "feature 162_sum", 
            "feature 163_sum", 
            "feature 164_sum", 
            "feature 165_sum", 
            "feature 167_sum", 
            "feature 169_sum", 
            "feature 170_sum", 
            "feature 171_sum", 
            "feature 172_sum", 
            "feature 173_sum", 
            "feature 177_sum", 
            "feature 178_sum", 
            "feature 179_sum", 
            "feature 181_sum", 
            "feature 182_sum", 
            "feature 183_sum", 
            "feature 187_sum", 
            "feature 188_sum", 
            "feature 191_sum", 
            "feature 193_sum", 
            "feature 195_sum", 
            "feature 196_sum", 
            "feature 197_sum", 
            "feature 198_sum", 
            "feature 1_sum", 
            "feature 201_sum", 
            "feature 202_sum", 
            "feature 203_sum", 
            "feature 204_sum", 
            "feature 205_sum", 
            "feature 206_sum", 
            "feature 207_sum", 
            "feature 209_sum", 
            "feature 20_sum", 
            "feature 211_sum", 
            "feature 212_sum", 
            "feature 217_sum", 
            "feature 218_sum", 
            "feature 219_sum", 
            "feature 220_sum", 
            "feature 221_sum", 
            "feature 222_sum", 
            "feature 223_sum", 
            "feature 227_sum", 
            "feature 228_sum", 
            "feature 229_sum", 
            "feature 22_sum", 
            "feature 230_sum", 
            "feature 232_sum", 
            "feature 233_sum", 
            "feature 234_sum", 
            "feature 235_sum", 
            "feature 237_sum", 
            "feature 238_sum", 
            "feature 239_sum", 
            "feature 240_sum", 
            "feature 244_sum", 
            "feature 249_sum", 
            "feature 24_sum", 
            "feature 251_sum", 
            "feature 255_sum", 
            "feature 260_sum", 
            "feature 265_sum", 
            "feature 266_sum", 
            "feature 267_sum", 
            "feature 268_sum", 
            "feature 26_sum", 
            "feature 273_sum", 
            "feature 279_sum", 
            "feature 280_sum", 
            "feature 299_sum", 
            "feature 29_sum", 
            "feature 2_sum", 
            "feature 301_sum", 
            "feature 302_sum", 
            "feature 303_sum", 
            "feature 304_sum", 
            "feature 305_sum", 
            "feature 306_sum", 
            "feature 307_sum", 
            "feature 308_sum", 
            "feature 309_sum", 
            "feature 30_sum", 
            "feature 310_sum", 
            "feature 312_sum", 
            "feature 313_sum", 
            "feature 314_sum", 
            "feature 315_sum", 
            "feature 317_sum", 
            "feature 318_sum", 
            "feature 319_sum", 
            "feature 328_sum", 
            "feature 329_sum", 
            "feature 333_sum", 
            "feature 340_sum", 
            "feature 341_sum", 
            "feature 345_sum", 
            "feature 360_sum", 
            "feature 362_sum", 
            "feature 384_sum", 
            "feature 39_sum", 
            "feature 42_sum", 
            "feature 43_sum", 
            "feature 44_sum", 
            "feature 45_sum", 
            "feature 46_sum", 
            "feature 47_sum", 
            "feature 48_sum", 
            "feature 49_sum", 
            "feature 51_sum", 
            "feature 53_sum", 
            "feature 54_sum", 
            "feature 55_sum", 
            "feature 56_sum", 
            "feature 57_sum", 
            "feature 58_sum", 
            "feature 5_sum", 
            "feature 60_sum", 
            "feature 62_sum", 
            "feature 63_sum", 
            "feature 64_sum", 
            "feature 65_sum", 
            "feature 66_sum", 
            "feature 68_sum", 
            "feature 70_sum", 
            "feature 71_sum", 
            "feature 73_sum", 
            "feature 74_sum", 
            "feature 75_sum", 
            "feature 76_sum", 
            "feature 77_sum", 
            "feature 80_sum", 
            "feature 81_sum", 
            "feature 82_sum", 
            "feature 83_sum", 
            "feature 84_sum", 
            "feature 85_sum", 
            "feature 86_sum", 
            "feature 87_sum", 
            "feature 8_sum", 
            "feature 94_sum", 
            "resource_type 10_sum", 
            "resource_type 1_sum", 
            "resource_type 2_sum", 
            "resource_type 3_sum", 
            "resource_type 4_sum", 
            "resource_type 5_sum", 
            "resource_type 6_sum", 
            "resource_type 7_sum", 
            "resource_type 8_sum", 
            "resource_type 9_sum", 
            "dummy:location:location 821", 
            "dummy:location:location 734", 
            "dummy:location:location 126", 
            "dummy:location:location 1008", 
            "dummy:location:location 1107", 
            "dummy:location:location 810", 
            "dummy:location:location 600", 
            "dummy:location:location 124", 
            "dummy:location:location 704", 
            "dummy:location:location 793", 
            "dummy:location:location 242", 
            "dummy:location:location 1052", 
            "dummy:location:location 1019", 
            "dummy:location:location 653", 
            "dummy:location:location 684", 
            "dummy:location:location 834", 
            "dummy:location:location 122", 
            "dummy:location:location 798", 
            "dummy:location:location 763", 
            "dummy:location:location 471", 
            "dummy:location:location 1100", 
            "dummy:location:location 846", 
            "dummy:location:location 91", 
            "dummy:location:location 102", 
            "dummy:location:location 976", 
            "dummy:location:location 962", 
            "dummy:location:location 613", 
            "dummy:location:location 707", 
            "dummy:location:location 1042", 
            "dummy:location:location 476", 
            "dummy:location:location 244", 
            "dummy:location:location 466", 
            "dummy:location:location 149", 
            "dummy:location:location 794", 
            "dummy:location:location 931", 
            "dummy:location:location 477", 
            "dummy:location:location 995", 
            "dummy:location:location 1086", 
            "dummy:location:location 845", 
            "dummy:location:location 957", 
            "dummy:location:location 744", 
            "dummy:location:location 497", 
            "dummy:location:location 478", 
            "dummy:location:location 496", 
            "dummy:location:location 118", 
            "dummy:location:location 1061", 
            "dummy:location:location 808", 
            "dummy:location:location 95", 
            "dummy:location:location 135", 
            "dummy:location:location 891", 
            "dummy:location:location 484", 
            "dummy:location:location 155", 
            "dummy:location:location 638", 
            "dummy:location:location 895", 
            "dummy:location:location 892", 
            "dummy:location:location 9", 
            "dummy:location:location 373", 
            "dummy:location:location 380", 
            "dummy:location:location 465", 
            "dummy:location:location 1026", 
            "dummy:location:location 157", 
            "dummy:location:location 760", 
            "dummy:location:location 475", 
            "dummy:location:location 505", 
            "dummy:location:location 181", 
            "dummy:location:location 445", 
            "dummy:location:location 599", 
            "dummy:location:location 1", 
            "dummy:location:location 894", 
            "dummy:location:location 485", 
            "dummy:location:location 488", 
            "dummy:location:location 495", 
            "dummy:location:location 469", 
            "dummy:location:location 921", 
            "dummy:location:location 1099", 
            "dummy:location:location 1018", 
            "dummy:location:location 292", 
            "dummy:location:location 823", 
            "dummy:location:location 885", 
            "dummy:location:location 1007", 
            "dummy:location:location 468", 
            "dummy:location:location 814", 
            "dummy:location:location 619", 
            "dummy:location:location 899", 
            "dummy:location:location 756", 
            "dummy:location:location 7", 
            "dummy:location:location 839", 
            "dummy:location:location 984", 
            "dummy:location:location 504", 
            "dummy:location:location 878", 
            "dummy:location:location 691", 
            "dummy:location:location 803", 
            "dummy:location:location 1050", 
            "dummy:location:location 836", 
            "dummy:location:location 500", 
            "dummy:location:location 481", 
            "dummy:location:location 479", 
            "dummy:location:location 506", 
            "dummy:location:location 1024", 
            "dummy:location:location 644", 
            "dummy:location:location 1075", 
            "dummy:location:__Others__", 
            "dummy:severity_type:severity_type 2", 
            "dummy:severity_type:severity_type 1", 
            "dummy:severity_type:severity_type 4", 
            "dummy:severity_type:severity_type 5", 
            "dummy:severity_type:severity_type 3"
        ], 
        "importances": [
            0.0014145934995733684, 
            0.012594264644556199, 
            2.9373838332943022e-07, 
            0.0036475599375138685, 
            0.0046111947275785312, 
            0.050623725640665806, 
            0.00084208462651670787, 
            0.00052567686170247434, 
            7.4581658963412668e-05, 
            0.0061429705797941096, 
            0.0010567313684408395, 
            0.0034447399814434253, 
            0.0032506049159041583, 
            0.00088897469241220944, 
            0.00067299674228639753, 
            0.00025697824288026602, 
            0.00017162741205311658, 
            0.00066408872018303199, 
            0.00045466076497174802, 
            0.00016012888938887851, 
            0.00096309292876205568, 
            0.022825009695397296, 
            0.032874743354774208, 
            0.00010109789922903666, 
            0.00024859912167072396, 
            0.00016604122149258392, 
            0.0015767442650319399, 
            0.0001810495343582616, 
            0.0074322730571888809, 
            0.00096710362516490029, 
            0.00065018760322475301, 
            0.0011842938582728108, 
            0.00035184108500545578, 
            0.00022900852017925541, 
            0.00087187957078462561, 
            0.00085797863565014929, 
            0.0010224633957743518, 
            0.00048675183335752351, 
            0.00011819994062864028, 
            0.0013041668719325312, 
            7.6051048066092116e-05, 
            0.00012457245862197933, 
            0.0022488277756376337, 
            0.0001820685188961819, 
            0.00015484701365136788, 
            0.00046996462354672143, 
            0.0057898096320633096, 
            0.0013528189927289674, 
            0.00051158958226308314, 
            0.00018716222923603998, 
            0.00020920853163527625, 
            0.00074336712818701448, 
            4.5408036061857103e-05, 
            0.00021402601200317715, 
            0.00028280586392039568, 
            0.010129724795136654, 
            0.0009527842401712693, 
            8.9800826463962426e-05, 
            0.00045457933965510942, 
            0.00018924974321931484, 
            0.0011432072371223663, 
            0.00016324335721762943, 
            5.592524340839521e-05, 
            0.00072824305971977866, 
            0.001510499221971894, 
            0.00052569912483494189, 
            0.0014489404663549645, 
            0.00043508427345392197, 
            0.016131907807458368, 
            0.0038716410165463388, 
            0.0025837271697642596, 
            0.00013968301276190846, 
            0.00045902202140539711, 
            0.00019562471384915913, 
            0.0050684757583582931, 
            0.0011557673276766916, 
            0.0052708096846611451, 
            0.00053080073651815332, 
            0.0010820745756704119, 
            0.00020774764397389433, 
            0.0035679696884399368, 
            0.013917841378525055, 
            0.010218914300782556, 
            0.0017466481966402767, 
            0.0018925487466243764, 
            0.0026441094352352588, 
            0.00031026030955655652, 
            0.011191082378563528, 
            0.006255530283051561, 
            0.086111372025625355, 
            0.0041333481026683168, 
            0.0020368619741584549, 
            0.0010818198102044126, 
            0.0047446168828832293, 
            0.0069562165053363564, 
            0.00064053378378248562, 
            0.00047358682134134201, 
            0.00021810903338604991, 
            0.00044877898775494039, 
            0.0007651730463857743, 
            0.0059436648604304244, 
            0.001254728867531092, 
            0.0024944387112934914, 
            0.0030821065626845615, 
            0.005554986161269689, 
            0.0070325523591262575, 
            0.0014237056840181847, 
            0.0024436241155421528, 
            0.00040703775767299727, 
            0.0017714775389243249, 
            0.01284104109106007, 
            0.0081243692294840839, 
            0.0043428103788958304, 
            0.0063196286472062477, 
            7.6252300648015152e-05, 
            1.6426791574583586e-05, 
            0.00070663587758927485, 
            0.00015078860449938006, 
            2.5792477117677059e-05, 
            1.0006275336512206e-05, 
            7.9281790555491526e-08, 
            0.00016114460610138826, 
            0.00018424790420883326, 
            1.0800248023752576e-05, 
            0.00011051393113362125, 
            5.0767761814001947e-05, 
            1.2187674379607008e-05, 
            2.8314439228499366e-05, 
            8.4112981343517885e-06, 
            0.0045868781008215785, 
            0.00017825396573244428, 
            0.0009076954795391698, 
            9.8725768046257657e-05, 
            8.9669250503993862e-05, 
            0.00024877401378681571, 
            0.0043615495857784285, 
            7.107758185940904e-05, 
            0.00056916166375376137, 
            0.0010855414470172689, 
            0.00099377308965491965, 
            0.0030416484861457501, 
            0.0065873114643649087, 
            0.0013779855249497919, 
            0.0024342022507173348, 
            0.0007076670889591451, 
            0.0013243412860767649, 
            0.026765686069892779, 
            0.010270652614192334, 
            0.0048021982367297952, 
            0.011861279182142592, 
            0.00022252976687505213, 
            0.00048595479860219048, 
            0.00057220182807593491, 
            8.8450406809138725e-06, 
            4.7413370362024222e-06, 
            0.00010536535264383348, 
            7.4042225192451824e-05, 
            2.7418599522787318e-05, 
            0.00487575712540032, 
            0.0011414446441413192, 
            0.0016845913248522502, 
            4.7100465939486754e-05, 
            0.00085404836332352062, 
            0.00087508494572021919, 
            0.00014148357595171083, 
            0.0017916601223620038, 
            0.00049440974191183071, 
            0.00058472714666500561, 
            0.00084700850981194809, 
            0.00023052075901293655, 
            0.00052267863619976328, 
            0.001302395971692035, 
            0.00038789320796157856, 
            0.0099789002631128897, 
            0.0021066369501946828, 
            0.0031610496719570564, 
            0.00017228334203245804, 
            3.0494772996068077e-05, 
            0.00019539592557881881, 
            0.00013394749253704165, 
            0.00206915684043422, 
            0.0011222901785607211, 
            6.0425763575870954e-05, 
            0.00033983938469955523, 
            0.00038788946618084852, 
            0.0092046936418571524, 
            0.004974190978156658, 
            0.012325435660538696, 
            0.016767388369594544, 
            0.0017786851776597154, 
            0.0016156877684289908, 
            0.00099040358925881833, 
            1.5397656962855351e-05, 
            0.011071117219972438, 
            0.0033475505980644061, 
            0.057045488910799108, 
            0.0026314036859645547, 
            0.00035543659195165749, 
            0.00087016551941232001, 
            0.0019002536399989559, 
            0.0024578629907758428, 
            0.0011355068031763519, 
            0.00089909376939207707, 
            0.001582645308709349, 
            0.0020332846524671682, 
            0.016892274310901213, 
            0.001372044764728145, 
            0.0046690374149038387, 
            0.00038766213471473214, 
            0.0034850053353962817, 
            0.0039078114518421702, 
            0.028947151783223445, 
            0.0018811410545367471, 
            0.0063226860619862565, 
            0.0029853121631783098, 
            0.00067660495201429392, 
            0.0013860613459902324, 
            0.0024890691068001364, 
            0.0045886586726604228, 
            0.0034236497541825324, 
            0.00085943561644501014, 
            0.004530171746178915, 
            0.0017659138126435178, 
            0.00071804144138688764, 
            0.0030122558059949268, 
            0.0015051449567988551, 
            0.0023034566953185208, 
            0.0017358003931880472, 
            0.0012871092790537433, 
            0.00035753205169154886, 
            0.0018275116575492934, 
            0.0014368864331897541, 
            0.0005552846223640653, 
            0.0030951990993777086, 
            0.0012415264052695431, 
            0.00067301619625095908, 
            0.0012966114541052326, 
            0.0026144524949059606, 
            0.00083370904116371422, 
            0.0021810093666728477, 
            0.0018786951250477691, 
            0.00059000027540751572, 
            0.00039860439163617173, 
            0.00043456771143860731, 
            0.00036177700341846817, 
            0.0010694213694207055, 
            0.0009817852125379601, 
            0.0018991701138509176, 
            0.00027139685999188595, 
            0.0024940852962294876, 
            0.0010115486722613687, 
            0.0012931407798108736, 
            0.0009469356707762955, 
            0.001280839290446774, 
            0.00015532307113350562, 
            0.00025064504307933364, 
            0.00024761263335611774, 
            0.00020485549058080085, 
            0.002439130247612538, 
            0.0022851241485373377, 
            0.0010903535189433658, 
            0.00061794777590241034, 
            0.00035889732600274477, 
            0.00017349506168215075, 
            0.00053169904894690746, 
            0.0040028318537107645, 
            0.0029073063736403128, 
            0.0016428600392826408, 
            0.0012683761320861134, 
            0.00031266021808702921, 
            0.0004667087817799564, 
            0.00052607288726154975, 
            0.0014085618570334299, 
            0.00054430557097848728, 
            0.0009959587265113653, 
            0.00026329467242037667, 
            0.00012924958171435757, 
            0.00036486052996957989, 
            0.00017106158308580834, 
            0.0004400084379162447, 
            0.0028650745029742352, 
            0.00097283382442038579, 
            0.00028948125737614521, 
            0.00033588097179025833, 
            0.00015189351729139944, 
            0.00015954692488894608, 
            0.0021975545246055573, 
            0.00081754016775010012, 
            0.0010420832322032949, 
            0.0012881302887135962, 
            0.0017722973484907483, 
            0.0010446325771413223, 
            0.0012688661950938679, 
            0.00046788329777027544, 
            0.00042422258731625626, 
            0.00067994108773936459, 
            0.0011124016752965154, 
            0.00069653222863576313, 
            0.00066090553482102865, 
            0.00062562750064946234, 
            0.0012549710910131546, 
            0.0002117760785898383, 
            0.00018557564633055602, 
            0.00033811933014642821, 
            0.00082571979787320765, 
            0.00081199172923173248, 
            0.00018057662165979908, 
            0.00014138577718038204, 
            0.0015095774549971186, 
            0.00010089088947170857, 
            0.00016723615091521055, 
            0.00042789271036612516, 
            0.00045566771883894072, 
            0.0006953881822524884, 
            0.058389227791780914, 
            0.018196679347617702, 
            0.023561864546471738, 
            0.0078815780814699525, 
            0.00039925063601393062, 
            5.8259052779836151e-05
        ]
    }, 
    "modelInputNRows": 5919, 
    "modelInputNCols": 328, 
    "modelInputMemory": 15531456, 
    "gridCells": [
        {
            "scoreTimeStd": 0.082398759429712018, 
            "scoreTime": 0.29233333333333333, 
            "fitTime": 1.4080000000000001, 
            "score": 0.78620405528539206, 
            "params": {
                "max_features": "auto", 
                "min_samples_split": 3, 
                "n_estimators": 100, 
                "max_depth": 6, 
                "min_samples_leaf": 1
            }, 
            "fitTimeStd": 0.15200219296663681, 
            "scoreStd": 0.0051910190198889549
        }, 
        {
            "scoreTimeStd": 0.069934890354449622, 
            "scoreTime": 0.26766666666666666, 
            "fitTime": 1.8540000000000001, 
            "score": 0.83217570215217496, 
            "params": {
                "max_features": "auto", 
                "min_samples_split": 3, 
                "n_estimators": 100, 
                "max_depth": 25, 
                "min_samples_leaf": 1
            }, 
            "fitTimeStd": 0.17383517097143095, 
            "scoreStd": 0.0090218265496299858
        }
    ], 
    "gridBestScore": 0.83217570215217496, 
    "modelInputIsSparse": false
}