{
  "state": "DONE",
  "preSearchDescription": {
    "gridLength": 2,
    "importantParams": [
      {
        "name": "trees",
        "vals": [
          "100"
        ]
      },
      {
        "name": "depth",
        "vals": [
          "6",
          "25"
        ]
      },
      {
        "name": "min_samples",
        "vals": [
          "1"
        ]
      }
    ]
  },
  "postSearchDescription": {
    "importantParams": [
      {
        "name": "trees",
        "val": "100"
      },
      {
        "name": "depth",
        "val": "25"
      },
      {
        "name": "min_samples",
        "val": "1"
      }
    ]
  },
  "modelId": "m1",
  "progress": {
    "top_level_todo": [],
    "stack": [],
    "top_level_done": [
      {
        "name": "Loading train set",
        "time": 738
      },
      {
        "name": "Loading test set",
        "time": 172
      },
      {
        "name": "Collecting statistics",
        "time": 831
      },
      {
        "name": "Preprocessing train set",
        "time": 2073
      },
      {
        "name": "Preprocessing test set",
        "time": 1000
      },
      {
        "name": "Grid searching",
        "time": 14414
      },
      {
        "name": "Fitting model",
        "time": 2877
      },
      {
        "name": "Saving model",
        "time": 136
      },
      {
        "name": "Scoring model",
        "time": 3833
      }
    ]
  },
  "startTime": 1525435433044,
  "endTime": 1525435459165,
  "preprocessingTime": 4861,
  "trainingTime": 21260
}