{
  "state": "FAILED",
  "failure": {
    "errorType": "com.dataiku.common.server.APIError$APIErrorException",
    "message": "colsample_bytree\u003d0.75 is too small that no feature can be included",
    "detailedMessage": "colsample_bytree\u003d0.75 is too small that no feature can be included",
    "stackTraceStr": "com.dataiku.common.server.APIError$APIErrorException: colsample_bytree\u003d0.75 is too small that no feature can be included\n\tat com.dataiku.common.rpc.InternalAPIClient.handleStringResp(InternalAPIClient.java:629)\n\tat com.dataiku.common.rpc.InternalAPIClient.postFormToString(InternalAPIClient.java:435)\n\tat com.dataiku.dip.analysis.coreservices.AnalysisMLKernel.executeCommand(AnalysisMLKernel.java:103)\n\tat com.dataiku.dip.analysis.ml.prediction.PyRegularNoSavePredictionHandler$TrainAdditionalThread.process(PyRegularNoSavePredictionHandler.java:118)\n\tat com.dataiku.dip.analysis.ml.shared.PRNSTrainThread.run(PRNSTrainThread.java:66)\n",
    "stackTrace": [
      {
        "file": "InternalAPIClient.java",
        "line": 629,
        "function": "com.dataiku.common.rpc.InternalAPIClient.handleStringResp"
      },
      {
        "file": "InternalAPIClient.java",
        "line": 435,
        "function": "com.dataiku.common.rpc.InternalAPIClient.postFormToString"
      },
      {
        "file": "AnalysisMLKernel.java",
        "line": 103,
        "function": "com.dataiku.dip.analysis.coreservices.AnalysisMLKernel.executeCommand"
      },
      {
        "file": "PyRegularNoSavePredictionHandler.java",
        "line": 118,
        "function": "com.dataiku.dip.analysis.ml.prediction.PyRegularNoSavePredictionHandler$TrainAdditionalThread.process"
      },
      {
        "file": "PRNSTrainThread.java",
        "line": 66,
        "function": "com.dataiku.dip.analysis.ml.shared.PRNSTrainThread.run"
      }
    ]
  },
  "preSearchDescription": {
    "gridLength": 100,
    "importantParams": [
      {
        "name": "trees",
        "val": "300"
      },
      {
        "name": "max_depth",
        "vals": [
          "1",
          "2",
          "3",
          "5",
          "10"
        ]
      }
    ]
  },
  "modelId": "m1",
  "progress": {
    "top_level_todo": [
      "Saving model",
      "Scoring model"
    ],
    "stack": [
      {
        "name": "Fitting model",
        "target": 0.0,
        "cur": 0.0,
        "important": false,
        "depth": 0,
        "startTimestamp": 0,
        "msSinceStart": 0
      }
    ],
    "top_level_done": [
      {
        "name": "Loading train set",
        "time": 499
      },
      {
        "name": "Loading test set",
        "time": 163
      },
      {
        "name": "Collecting statistics",
        "time": 5
      },
      {
        "name": "Preprocessing train set",
        "time": 419
      },
      {
        "name": "Preprocessing test set",
        "time": 156
      }
    ]
  },
  "startTime": 1493737494940,
  "endTime": 0,
  "preprocessingTime": 0,
  "trainingTime": 0
}