{
    "trainingTime": 300, 
    "state": "DONE", 
    "startTime": 1493902675235, 
    "preprocessingTime": 106, 
    "progress": {
        "top_level_todo": [], 
        "stack": [], 
        "top_level_done": [
            {
                "name": "Loading train set", 
                "time": 10
            }, 
            {
                "name": "Loading test set", 
                "time": 5
            }, 
            {
                "name": "Collecting statistics", 
                "time": 17
            }, 
            {
                "name": "Preprocessing train set", 
                "time": 35
            }, 
            {
                "name": "Preprocessing test set", 
                "time": 38
            }, 
            {
                "name": "Fitting model", 
                "time": 35
            }, 
            {
                "name": "Saving model", 
                "time": 1
            }, 
            {
                "name": "Scoring model", 
                "time": 264
            }
        ]
    }, 
    "endTime": 1493902675641, 
    "modelId": "NA"
}