[
    {
        "parameters": {
            "penalty": "l2", 
            "C": 0.01
        }, 
        "score_time": 30, 
        "test_score": 0.620423256654164, 
        "fit_time": 425, 
        "num_samples": 410, 
        "best_iteration": null, 
        "train_score": 0.808661763504035, 
        "parameter_id": 0, 
        "time": 455, 
        "done_at": 1524752393382, 
        "grid_point_id": "{\"penalty\": \"l2\", \"C\": 0.01}@0"
    }, 
    {
        "parameters": {
            "penalty": "l2", 
            "C": 0.01
        }, 
        "score_time": 63, 
        "test_score": 0.5903931621602801, 
        "fit_time": 492, 
        "num_samples": 408, 
        "best_iteration": null, 
        "train_score": 0.8395730234791331, 
        "parameter_id": 0, 
        "time": 555, 
        "done_at": 1524752393498, 
        "grid_point_id": "{\"penalty\": \"l2\", \"C\": 0.01}@2"
    }, 
    {
        "parameters": {
            "penalty": "l2", 
            "C": 0.01
        }, 
        "score_time": 58, 
        "test_score": 0.5675963956512025, 
        "fit_time": 443, 
        "num_samples": 410, 
        "best_iteration": null, 
        "train_score": 0.8437007724946035, 
        "parameter_id": 0, 
        "time": 501, 
        "done_at": 1524752393432, 
        "grid_point_id": "{\"penalty\": \"l2\", \"C\": 0.01}@1"
    }, 
    {
        "parameters": {
            "penalty": "l2", 
            "C": 0.1
        }, 
        "score_time": 91, 
        "test_score": 0.596654883127255, 
        "fit_time": 968, 
        "num_samples": 410, 
        "best_iteration": null, 
        "train_score": 0.9523817771349694, 
        "parameter_id": 1, 
        "time": 1059, 
        "done_at": 1524752394022, 
        "grid_point_id": "{\"penalty\": \"l2\", \"C\": 0.1}@0"
    }, 
    {
        "parameters": {
            "penalty": "l2", 
            "C": 0.1
        }, 
        "score_time": 52, 
        "test_score": 0.546716861098038, 
        "fit_time": 1157, 
        "num_samples": 410, 
        "best_iteration": null, 
        "train_score": 0.9628436881200182, 
        "parameter_id": 1, 
        "time": 1209, 
        "done_at": 1524752394654, 
        "grid_point_id": "{\"penalty\": \"l2\", \"C\": 0.1}@1"
    }, 
    {
        "parameters": {
            "penalty": "l2", 
            "C": 0.1
        }, 
        "score_time": 47, 
        "test_score": 0.5571033486825971, 
        "fit_time": 1022, 
        "num_samples": 408, 
        "best_iteration": null, 
        "train_score": 0.9624190587311094, 
        "parameter_id": 1, 
        "time": 1069, 
        "done_at": 1524752394564, 
        "grid_point_id": "{\"penalty\": \"l2\", \"C\": 0.1}@2"
    }, 
    {
        "parameters": {
            "penalty": "l2", 
            "C": 1.0
        }, 
        "score_time": 77, 
        "test_score": 0.5645704385877343, 
        "fit_time": 2847, 
        "num_samples": 410, 
        "best_iteration": null, 
        "train_score": 0.999921938906721, 
        "parameter_id": 2, 
        "time": 2924, 
        "done_at": 1524752396577, 
        "grid_point_id": "{\"penalty\": \"l2\", \"C\": 1.0}@0"
    }, 
    {
        "parameters": {
            "penalty": "l2", 
            "C": 1.0
        }, 
        "score_time": 81, 
        "test_score": 0.5348566662863607, 
        "fit_time": 2420, 
        "num_samples": 410, 
        "best_iteration": null, 
        "train_score": 0.9999678345933326, 
        "parameter_id": 2, 
        "time": 2501, 
        "done_at": 1524752396639, 
        "grid_point_id": "{\"penalty\": \"l2\", \"C\": 1.0}@1"
    }, 
    {
        "parameters": {
            "penalty": "l2", 
            "C": 1.0
        }, 
        "score_time": 34, 
        "test_score": 0.5304383168487689, 
        "fit_time": 2353, 
        "num_samples": 408, 
        "best_iteration": null, 
        "train_score": 1.0, 
        "parameter_id": 2, 
        "time": 2387, 
        "done_at": 1524752397013, 
        "grid_point_id": "{\"penalty\": \"l2\", \"C\": 1.0}@2"
    }, 
    {
        "parameters": {
            "penalty": "l2", 
            "C": 10.0
        }, 
        "score_time": 26, 
        "test_score": 0.5508892323526196, 
        "fit_time": 3492, 
        "num_samples": 410, 
        "best_iteration": null, 
        "train_score": 1.0, 
        "parameter_id": 3, 
        "time": 3518, 
        "done_at": 1524752398239, 
        "grid_point_id": "{\"penalty\": \"l2\", \"C\": 10.0}@0"
    }, 
    {
        "parameters": {
            "penalty": "l2", 
            "C": 100.0
        }, 
        "score_time": 28, 
        "test_score": 0.5440416470571456, 
        "fit_time": 3441, 
        "num_samples": 410, 
        "best_iteration": null, 
        "train_score": 1.0, 
        "parameter_id": 4, 
        "time": 3469, 
        "done_at": 1524752400526, 
        "grid_point_id": "{\"penalty\": \"l2\", \"C\": 100.0}@0"
    }, 
    {
        "parameters": {
            "penalty": "l2", 
            "C": 10.0
        }, 
        "score_time": 44, 
        "test_score": 0.5292410640007226, 
        "fit_time": 3638, 
        "num_samples": 410, 
        "best_iteration": null, 
        "train_score": 1.0, 
        "parameter_id": 3, 
        "time": 3682, 
        "done_at": 1524752400329, 
        "grid_point_id": "{\"penalty\": \"l2\", \"C\": 10.0}@1"
    }, 
    {
        "parameters": {
            "penalty": "l2", 
            "C": 10.0
        }, 
        "score_time": 41, 
        "test_score": 0.5233709950379796, 
        "fit_time": 3313, 
        "num_samples": 408, 
        "best_iteration": null, 
        "train_score": 1.0, 
        "parameter_id": 3, 
        "time": 3354, 
        "done_at": 1524752400064, 
        "grid_point_id": "{\"penalty\": \"l2\", \"C\": 10.0}@2"
    }, 
    {
        "parameters": {
            "penalty": "l2", 
            "C": 100.0
        }, 
        "score_time": 25, 
        "test_score": 0.5268365207718307, 
        "fit_time": 2904, 
        "num_samples": 410, 
        "best_iteration": null, 
        "train_score": 1.0, 
        "parameter_id": 4, 
        "time": 2929, 
        "done_at": 1524752401197, 
        "grid_point_id": "{\"penalty\": \"l2\", \"C\": 100.0}@1"
    }, 
    {
        "parameters": {
            "penalty": "l2", 
            "C": 100.0
        }, 
        "score_time": 10, 
        "test_score": 0.5208416967142887, 
        "fit_time": 1552, 
        "num_samples": 408, 
        "best_iteration": null, 
        "train_score": 1.0, 
        "parameter_id": 4, 
        "time": 1562, 
        "done_at": 1524752401656, 
        "grid_point_id": "{\"penalty\": \"l2\", \"C\": 100.0}@2"
    }
]