{
    "gridSize": 5, 
    "nThreads": 4, 
    "metric": "ROC_AUC", 
    "gridPoints": [
        {
            "index": 0, 
            "finishedAt": 1524752393498.0, 
            "score": 0.59280819837670573, 
            "parameters": {
                "penalty": "l2", 
                "C": 0.01
            }, 
            "time": 1511.0
        }, 
        {
            "index": 1, 
            "finishedAt": 1524752394654.0, 
            "score": 0.56685778043162771, 
            "parameters": {
                "penalty": "l2", 
                "C": 0.1
            }, 
            "time": 3337.0
        }, 
        {
            "index": 2, 
            "finishedAt": 1524752397013.0, 
            "score": 0.54330220649332372, 
            "parameters": {
                "penalty": "l2", 
                "C": 1.0
            }, 
            "time": 7812.0
        }, 
        {
            "index": 3, 
            "finishedAt": 1524752400329.0, 
            "score": 0.53450899620719905, 
            "parameters": {
                "penalty": "l2", 
                "C": 10.0
            }, 
            "time": 10554.0
        }, 
        {
            "index": 4, 
            "finishedAt": 1524752401656.0, 
            "score": 0.53057937412149425, 
            "parameters": {
                "penalty": "l2", 
                "C": 100.0
            }, 
            "time": 7960.0
        }
    ], 
    "startedAt": 1524752392865, 
    "nSplits": 3
}