{
    "usedGridSearch": true, 
    "probaAware": true, 
    "gridSize": 5, 
    "modelInputNRows": 1228, 
    "modelInputNCols": 1569, 
    "modelInputMemory": 15413856, 
    "gridCells": [
        {
            "scoreTimeStd": 0.014522013940527979, 
            "scoreTime": 0.050333333333333334, 
            "fitTime": 0.45333333333333331, 
            "score": 0.59280819837670562, 
            "params": {
                "penalty": "l2", 
                "C": 0.01
            }, 
            "fitTimeStd": 0.028311756490114769, 
            "scoreStd": 0.021651151501155003
        }, 
        {
            "scoreTimeStd": 0.019669491322575908, 
            "scoreTime": 0.063333333333333339, 
            "fitTime": 1.0490000000000002, 
            "score": 0.5668408643280699, 
            "params": {
                "penalty": "l2", 
                "C": 0.1
            }, 
            "fitTimeStd": 0.079485847796950643, 
            "scoreStd": 0.02152880880812558
        }, 
        {
            "scoreTimeStd": 0.021275964529643927, 
            "scoreTime": 0.064000000000000001, 
            "fitTime": 2.5399999999999996, 
            "score": 0.54330940250217963, 
            "params": {
                "penalty": "l2", 
                "C": 1.0
            }, 
            "fitTimeStd": 0.2187982327777504, 
            "scoreStd": 0.015159795512112079
        }, 
        {
            "scoreTimeStd": 0.0078740078740118114, 
            "scoreTime": 0.036999999999999998, 
            "fitTime": 3.4809999999999999, 
            "score": 0.5345185565801025, 
            "params": {
                "penalty": "l2", 
                "C": 10.0
            }, 
            "fitTimeStd": 0.13290848982163117, 
            "scoreStd": 0.011834922070944635
        }, 
        {
            "scoreTimeStd": 0.0078740078740118114, 
            "scoreTime": 0.021000000000000001, 
            "fitTime": 2.6323333333333334, 
            "score": 0.53058913767859128, 
            "params": {
                "penalty": "l2", 
                "C": 100.0
            }, 
            "fitTimeStd": 0.79474622085012481, 
            "scoreStd": 0.0098331570848575762
        }
    ], 
    "gridBestScore": 0.59280819837670562, 
    "modelInputIsSparse": false
}